平台,C门店ID,平台ID,最新评分,均值评分,最新店铺分,记录数
京东,C00003,14270458,5.0,5.0,,1
京东,C00005,14305195,3.67,3.67,,1
京东,C00006,14270466,4.27,4.27,,1
京东,C00007,14520831,5.0,5.0,,1
京东,C00008,14262389,4.84,4.84,,1
京东,C00009,14311014,5.0,5.0,,1
京东,C00010,14331983,5.0,5.0,,1
京东,C00011,14745038,4.83,4.83,,1
京东,C00013,14262337,5.0,5.0,,1
京东,C00016,14305203,5.0,5.0,,1
京东,C00021,14311013,4.62,4.62,,1
京东,C00023,14311019,4.0,4.0,,1
京东,C00039,14701062,4.9,4.9,,1
京东,C00046,14262390,4.63,4.63,,1
京东,C00058,14292469,5.0,5.0,,1
京东,C00067,14311017,4.8,4.8,,1
京东,C00081,14723360,4.0,4.0,,1
京东,C00125,14305197,4.0,4.0,,1
京东,C00126,14305199,3.6,3.6,,1
京东,C00127,14723619,4.5,4.5,,1
京东,C00177,15967961,5.0,5.0,,1
京东,C00211,17082657,4.0,4.0,,1
京东,C00227,14331987,4.55,4.55,,1
京东,C00250,14270461,5.0,5.0,,1
京东,C00267,14520832,3.67,3.67,,1
京东,C00281,16189389,5.0,5.0,,1
京东,C00288,16189388,5.0,5.0,,1
京东,C00295,14292467,4.11,4.11,,1
京东,C00321,14270463,5.0,5.0,,1
京东,C00362,16638172,5.0,5.0,,1
京东,C00398,15122792,5.0,5.0,,1
京东,C00401,14270467,5.0,5.0,,1
京东,C00402,14264566,4.27,4.27,,1
京东,C00405,15122752,5.0,5.0,,1
京东,C00407,16189129,5.0,5.0,,1
京东,C00412,14264565,4.45,4.45,,1
京东,C00455,16638140,4.86,4.86,,1
京东,C00456,16383955,4.33,4.33,,1
京东,C00460,16383965,5.0,5.0,,1
京东,C00481,16638165,5.0,5.0,,1
京东,C00492,16391316,4.5,4.5,,1
京东,C00503,16256688,5.0,5.0,,1
京东,C00516,16638088,5.0,5.0,,1
京东,C00560,16256680,5.0,5.0,,1
京东,C00623,16638236,4.6,4.6,,1
京东,C00673,16638164,4.0,4.0,,1
京东,C00700,16384050,4.67,4.67,,1
京东,C00716,16914054,4.75,4.75,,1
京东,C00752,16914056,3.56,3.56,,1
京东,C00828,16383960,3.57,3.57,,1
京东,C00831,16638066,3.5,3.5,,1
京东,C00847,16638060,5.0,5.0,,1
京东,C00871,22816256,4.0,4.0,,1
京东,C00900,15968002,5.0,5.0,,1
京东,C00908,15968035,5.0,5.0,,1
京东,C00925,16257090,4.8,4.8,,1
京东,C00927,17662740,5.0,5.0,,1
京东,C00930,16914071,4.0,4.0,,1
京东,C00952,16384071,3.73,3.73,,1
京东,C00986,16189135,5.0,5.0,,1
京东,C01032,16638026,4.83,4.83,,1
京东,C01055,16256698,4.2,4.2,,1
京东,C01066,15968014,4.4,4.4,,1
京东,C01072,16384024,4.0,4.0,,1
京东,C01073,16638049,4.78,4.78,,1
京东,C01099,16638050,4.0,4.0,,1
京东,C01122,16189131,3.67,3.67,,1
京东,C01139,16638027,5.0,5.0,,1
京东,C01216,17633468,5.0,5.0,,1
京东,C01301,15967989,4.88,4.88,,1
京东,C01373,16638069,4.8,4.8,,1
京东,C01403,16914077,5.0,5.0,,1
京东,C01848,14657072,5.0,5.0,,1
京东,C01851,16638059,3.67,3.67,,1
京东,C01861,17755256,4.0,4.0,,1
京东,C01933,15968019,5.0,5.0,,1
京东,C01936,15905446,5.0,5.0,,1
京东,C01957,15967953,3.67,3.67,,1
京东,C01986,15905476,5.0,5.0,,1
京东,C02003,14700210,4.55,4.55,,1
京东,C02005,16256684,5.0,5.0,,1
京东,C02007,17092253,5.0,5.0,,1
京东,C02011,16389603,4.2,4.2,,1
京东,C02038,15967971,5.0,5.0,,1
京东,C02043,14594542,3.67,3.67,,1
京东,C02046,16638078,4.88,4.88,,1
京东,C02049,15905486,4.36,4.36,,1
京东,C02053,14594547,5.0,5.0,,1
京东,C02075,14309298,5.0,5.0,,1
京东,C02082,15967947,4.25,4.25,,1
京东,C02087,14594557,4.8,4.8,,1
京东,C02095,15967978,5.0,5.0,,1
京东,C02135,14725184,3.6,3.6,,1
京东,C02139,15905477,4.5,4.5,,1
京东,C02180,14657075,4.67,4.67,,1
京东,C02183,15861064,4.73,4.73,,1
京东,C02192,14594560,4.25,4.25,,1
京东,C02203,15905505,3.67,3.67,,1
京东,C02210,14657073,4.74,4.74,,1
京东,C02216,14725167,4.0,4.0,,1
京东,C02218,16638053,5.0,5.0,,1
京东,C02221,15967966,5.0,5.0,,1
京东,C02229,15905474,3.86,3.86,,1
京东,C02231,17082651,4.25,4.25,,1
京东,C02236,15861078,5.0,5.0,,1
京东,C02242,14394343,5.0,5.0,,1
京东,C02247,16384079,4.71,4.71,,1
京东,C02253,14876898,4.08,4.08,,1
京东,C02256,14394341,4.7,4.7,,1
京东,C02266,14823393,4.67,4.67,,1
京东,C02276,16638067,4.9,4.9,,1
京东,C02279,15905463,5.0,5.0,,1
京东,C02299,17146733,4.5,4.5,,1
京东,C02323,16914075,4.94,4.94,,1
京东,C02333,16189109,3.7,3.7,,1
京东,C02386,15967940,4.56,4.56,,1
京东,C02395,14594563,3.5,3.5,,1
京东,C02448,15967964,5.0,5.0,,1
京东,C02456,15905502,4.25,4.25,,1
京东,C02477,16256741,3.67,3.67,,1
京东,C02498,15905495,4.0,4.0,,1
京东,C02513,15122753,3.75,3.75,,1
京东,C02535,16130437,3.56,3.56,,1
京东,C02536,15905497,4.85,4.85,,1
京东,C02539,14725215,3.67,3.67,,1
京东,C02555,15967959,5.0,5.0,,1
京东,C02567,14594559,4.43,4.43,,1
京东,C02583,15905470,5.0,5.0,,1
京东,C02647,14725254,4.24,4.24,,1
京东,C02652,15861074,4.43,4.43,,1
京东,C02668,15968024,4.5,4.5,,1
京东,C02683,16383945,5.0,5.0,,1
京东,C02690,14309306,4.78,4.78,,1
京东,C02712,16019848,3.67,3.67,,1
京东,C02783,14317838,3.57,3.57,,1
京东,C02805,15678871,4.22,4.22,,1
京东,C02807,14876895,4.36,4.36,,1
京东,C02810,15122755,4.33,4.33,,1
京东,C02826,15494836,5.0,5.0,,1
京东,C02842,15967984,3.6,3.6,,1
京东,C02849,14309305,4.91,4.91,,1
京东,C02866,14876896,5.0,5.0,,1
京东,C02872,15905515,4.2,4.2,,1
京东,C02889,14594544,5.0,5.0,,1
京东,C02892,15905993,4.0,4.0,,1
京东,C02919,14594566,5.0,5.0,,1
京东,C02923,14725165,4.6,4.6,,1
京东,C02925,16383967,4.88,4.88,,1
京东,C02936,14725163,4.67,4.67,,1
京东,C02943,15968025,5.0,5.0,,1
京东,C02978,16638100,5.0,5.0,,1
京东,C03013,17592439,5.0,5.0,,1
京东,C03020,17146734,3.5,3.5,,1
京东,C03031,14594551,4.0,4.0,,1
京东,C03033,15122781,3.5,3.5,,1
京东,C03037,17279849,4.0,4.0,,1
京东,C03052,14823729,5.0,5.0,,1
京东,C03099,14876893,4.31,4.31,,1
京东,C03106,15967975,4.56,4.56,,1
京东,C03109,15905426,4.0,4.0,,1
京东,C03121,14594541,4.5,4.5,,1
京东,C03132,16638168,4.33,4.33,,1
京东,C03463,16019921,4.32,4.32,,1
京东,C03467,15967974,5.0,5.0,,1
京东,C03607,14204946,4.33,4.33,,1
京东,C03612,14305196,5.0,5.0,,1
京东,C03630,16638064,5.0,5.0,,1
京东,C03761,14700214,5.0,5.0,,1
京东,C03765,15861066,4.5,4.5,,1
京东,C03818,15967927,4.33,4.33,,1
京东,C03897,14264573,3.9,3.9,,1
京东,C03943,14292466,4.56,4.56,,1
京东,C03951,16914091,5.0,5.0,,1
京东,C03967,14725191,5.0,5.0,,1
京东,C03978,14317837,4.14,4.14,,1
京东,C04067,15968185,4.5,4.5,,1
京东,C04070,15967905,4.32,4.32,,1
京东,C04096,14270457,4.13,4.13,,1
京东,C04110,16383950,5.0,5.0,,1
京东,C04111,16383996,4.0,4.0,,1
京东,C04120,16638143,5.0,5.0,,1
京东,C04123,14394339,4.81,4.81,,1
京东,C04132,16189132,3.83,3.83,,1
京东,C04133,16638148,5.0,5.0,,1
京东,C04169,14594555,3.67,3.67,,1
京东,C04203,15967946,5.0,5.0,,1
京东,C04225,16016520,5.0,5.0,,1
京东,C04246,14264569,3.57,3.57,,1
京东,C04267,16256730,5.0,5.0,,1
京东,C04363,16391140,5.0,5.0,,1
京东,C04390,16638128,3.55,3.55,,1
京东,C04450,15967907,3.6,3.6,,1
京东,C04561,14725166,3.5,3.5,,1
京东,C04616,17604987,4.71,4.71,,1
京东,C04683,14264570,5.0,5.0,,1
京东,C04749,15968042,5.0,5.0,,1
京东,C04865,16384031,4.0,4.0,,1
京东,C04946,16383952,5.0,5.0,,1
京东,C05017,17082652,5.0,5.0,,1
京东,C05047,14264562,5.0,5.0,,1
京东,C05056,15968003,3.75,3.75,,1
京东,C05093,16638230,5.0,5.0,,1
京东,C05106,16170645,4.5,4.5,,1
京东,C05128,16914067,5.0,5.0,,1
京东,C05138,14270468,4.27,4.27,,1
京东,C05140,15905777,5.0,5.0,,1
京东,C05169,14292465,5.0,5.0,,1
京东,C05231,14657070,3.5,3.5,,1
京东,C05237,16256696,4.2,4.2,,1
京东,C05336,15967944,5.0,5.0,,1
京东,C05368,16130460,3.67,3.67,,1
京东,C05402,15905435,5.0,5.0,,1
京东,C05446,15967911,5.0,5.0,,1
京东,C05461,16256678,4.21,4.21,,1
京东,C05477,16383990,3.5,3.5,,1
京东,C05483,15861062,3.75,3.75,,1
京东,C05555,16383959,3.67,3.67,,1
京东,C05703,16130453,4.0,4.0,,1
京东,C05727,16189141,5.0,5.0,,1
京东,C05736,15861057,3.5,3.5,,1
京东,C05780,20200808,4.8,4.8,,1
京东,C05798,15967941,4.0,4.0,,1
京东,C05817,16638124,5.0,5.0,,1
京东,C06008,16384008,5.0,5.0,,1
京东,C06013,16189137,5.0,5.0,,1
京东,C06017,16256693,5.0,5.0,,1
京东,C06037,16383943,5.0,5.0,,1
京东,C06071,17210596,4.13,4.13,,1
京东,C06082,16130468,3.67,3.67,,1
京东,C06117,16130448,3.95,3.95,,1
京东,C06126,15905430,5.0,5.0,,1
京东,C06138,16638136,5.0,5.0,,1
京东,C06228,16189122,5.0,5.0,,1
京东,C06258,15905445,5.0,5.0,,1
京东,C06259,14594565,4.67,4.67,,1
京东,C06352,15905422,5.0,5.0,,1
京东,C06385,15967935,5.0,5.0,,1
京东,C06403,16256710,5.0,5.0,,1
京东,C06423,14331986,5.0,5.0,,1
京东,C06427,15385936,3.6,3.6,,1
京东,C06480,15905481,3.75,3.75,,1
京东,C06558,16638111,5.0,5.0,,1
京东,C06626,15905494,5.0,5.0,,1
京东,C06724,16130439,5.0,5.0,,1
京东,C06734,16257048,5.0,5.0,,1
京东,C06841,15905518,4.0,4.0,,1
京东,C07072,14930734,5.0,5.0,,1
京东,C07119,16384114,4.0,4.0,,1
京东,C07120,14311012,5.0,5.0,,1
京东,C07160,15861086,4.75,4.75,,1
京东,C07162,16638122,4.7,4.7,,1
京东,C07222,16189385,3.5,3.5,,1
京东,C07294,17146731,5.0,5.0,,1
京东,C07303,14594558,4.44,4.44,,1
京东,C07312,16638145,4.5,4.5,,1
京东,C07581,16914082,4.33,4.33,,1
京东,C07582,14543595,5.0,5.0,,1
京东,C07605,23824713,4.9,4.9,,1
京东,C07606,16256743,3.56,3.56,,1
京东,C07642,16638105,5.0,5.0,,1
京东,C07646,14262335,4.56,4.56,,1
京东,C07661,14270470,4.5,4.5,,1
京东,C07760,16256717,5.0,5.0,,1
京东,C07764,17476405,5.0,5.0,,1
京东,C07812,14657078,5.0,5.0,,1
京东,C07813,14264564,5.0,5.0,,1
京东,C07887,17092252,5.0,5.0,,1
京东,C07960,16638036,5.0,5.0,,1
京东,C08045,16384015,3.81,3.81,,1
京东,C08048,16638094,4.0,4.0,,1
京东,C08076,16189133,5.0,5.0,,1
京东,C08122,15968030,3.5,3.5,,1
京东,C08198,14270469,5.0,5.0,,1
京东,C08234,15905421,4.17,4.17,,1
京东,C08311,16638028,4.43,4.43,,1
京东,C08346,16914073,5.0,5.0,,1
京东,C08350,16638133,4.0,4.0,,1
京东,C08374,15200662,4.07,4.07,,1
京东,C08553,16638025,5.0,5.0,,1
京东,C08570,14520834,5.0,5.0,,1
京东,C08571,14262339,5.0,5.0,,1
京东,C08708,15967949,4.0,4.0,,1
京东,C08735,14270472,5.0,5.0,,1
京东,C08796,14305198,3.5,3.5,,1
京东,C08881,16256703,5.0,5.0,,1
京东,C08948,17604989,4.5,4.5,,1
京东,C09039,14305205,4.64,4.64,,1
京东,C09099,16638039,5.0,5.0,,1
京东,C09104,16019775,5.0,5.0,,1
京东,C09146,14594553,5.0,5.0,,1
京东,C09165,16257047,3.67,3.67,,1
京东,C09193,14261048,5.0,5.0,,1
京东,C09208,16256732,5.0,5.0,,1
京东,C09267,16914074,5.0,5.0,,1
京东,C09342,16384022,4.82,4.82,,1
京东,C09375,14270462,4.6,4.6,,1
京东,C09391,15968000,5.0,5.0,,1
京东,C09404,15967914,4.25,4.25,,1
京东,C09431,16638127,3.5,3.5,,1
京东,C09505,16384115,4.86,4.86,,1
京东,C09523,14264568,3.67,3.67,,1
京东,C09547,15905465,4.0,4.0,,1
京东,C09549,16256679,3.75,3.75,,1
京东,C09551,15968011,4.67,4.67,,1
京东,C09566,16638117,4.67,4.67,,1
京东,C09599,14725185,5.0,5.0,,1
京东,C09646,16189142,5.0,5.0,,1
京东,C09673,14261050,4.43,4.43,,1
京东,C09704,16638146,4.0,4.0,,1
京东,C09764,14394599,3.86,3.86,,1
京东,C09919,14594564,4.73,4.73,,1
京东,C10066,14876901,4.86,4.86,,1
京东,C10069,16170850,5.0,5.0,,1
京东,C10074,17633470,4.0,4.0,,1
京东,C10088,14270473,5.0,5.0,,1
京东,C10169,16638034,5.0,5.0,,1
京东,C10177,16638163,3.6,3.6,,1
京东,C10182,16389398,4.0,4.0,,1
京东,C10183,16190050,5.0,5.0,,1
京东,C10218,14264567,5.0,5.0,,1
京东,C10229,14394345,5.0,5.0,,1
京东,C10243,15967925,3.55,3.55,,1
京东,C10283,14657069,5.0,5.0,,1
京东,C10284,14657280,5.0,5.0,,1
京东,C10301,15905507,5.0,5.0,,1
京东,C10316,15968008,5.0,5.0,,1
京东,C10320,14270460,5.0,5.0,,1
京东,C10332,15905464,4.25,4.25,,1
京东,C10337,14948038,5.0,5.0,,1
京东,C10349,15861056,5.0,5.0,,1
京东,C10417,16130471,5.0,5.0,,1
京东,C10427,16638171,5.0,5.0,,1
京东,C10434,15905510,5.0,5.0,,1
京东,C10462,15905506,5.0,5.0,,1
京东,C10499,15905776,5.0,5.0,,1
京东,C10562,15122757,3.56,3.56,,1
京东,C10567,14262338,4.29,4.29,,1
京东,C10583,14264563,4.53,4.53,,1
京东,C10627,14657079,3.5,3.5,,1
京东,C10628,15967932,5.0,5.0,,1
京东,C10630,15967942,5.0,5.0,,1
京东,C10822,16256687,5.0,5.0,,1
京东,C10844,16256677,3.67,3.67,,1
京东,C10897,16256691,5.0,5.0,,1
京东,C10915,14657311,5.0,5.0,,1
京东,C10998,16638080,5.0,5.0,,1
京东,C11006,16383951,5.0,5.0,,1
京东,C11008,14725179,3.93,3.93,,1
京东,C11064,16638131,5.0,5.0,,1
京东,C11106,16257046,5.0,5.0,,1
京东,C11128,19294522,5.0,5.0,,1
京东,C11134,15967929,4.89,4.89,,1
京东,C11141,16384039,3.5,3.5,,1
京东,C11187,16130438,5.0,5.0,,1
京东,C11251,15905480,4.07,4.07,,1
京东,C11259,17146732,5.0,5.0,,1
京东,C11328,15905485,4.33,4.33,,1
京东,C11330,15967909,4.2,4.2,,1
京东,C11343,16256682,3.67,3.67,,1
京东,C11350,16256674,5.0,5.0,,1
京东,C11369,16638044,4.0,4.0,,1
京东,C11397,16019780,5.0,5.0,,1
京东,C11413,17552624,4.75,4.75,,1
京东,C11437,16256690,4.5,4.5,,1
京东,C11441,16256683,5.0,5.0,,1
京东,C11442,16256700,4.0,4.0,,1
京东,C11472,15385831,4.2,4.2,,1
京东,C11560,16018611,3.67,3.67,,1
京东,C11565,16638167,5.0,5.0,,1
京东,C11581,15905478,4.0,4.0,,1
京东,C11596,16189136,4.91,4.91,,1
京东,C11603,15967923,4.53,4.53,,1
京东,C11609,16383979,5.0,5.0,,1
京东,C11620,16638142,5.0,5.0,,1
京东,C11640,16638033,4.75,4.75,,1
京东,C11709,16130440,5.0,5.0,,1
京东,C11745,15968187,5.0,5.0,,1
京东,C11761,16190067,4.0,4.0,,1
京东,C11762,16383978,5.0,5.0,,1
京东,C11770,15967931,5.0,5.0,,1
京东,C11771,16256709,4.48,4.48,,1
京东,C11792,16638119,5.0,5.0,,1
京东,C11810,16189147,5.0,5.0,,1
京东,C11819,16130466,5.0,5.0,,1
京东,C11840,16638085,4.67,4.67,,1
京东,C11889,15967939,4.17,4.17,,1
京东,C11896,17210598,5.0,5.0,,1
京东,C11932,17450642,5.0,5.0,,1
京东,C11938,16638138,4.75,4.75,,1
京东,C11945,16638035,5.0,5.0,,1
京东,C12029,16389610,4.0,4.0,,1
京东,C12033,16384083,4.46,4.46,,1
京东,C12039,15967919,4.33,4.33,,1
京东,C12057,14657198,5.0,5.0,,1
京东,C12078,16638137,4.5,4.5,,1
京东,C12079,15905444,4.88,4.88,,1
京东,C12097,15861080,3.67,3.67,,1
京东,C12119,16189130,5.0,5.0,,1
京东,C12210,16383942,5.0,5.0,,1
京东,C12240,15905503,3.75,3.75,,1
京东,C12251,14270474,5.0,5.0,,1
京东,C12257,16256738,5.0,5.0,,1
京东,C12279,15967957,3.6,3.6,,1
京东,C12377,15967924,4.0,4.0,,1
京东,C12452,17390525,4.0,4.0,,1
京东,C12479,16130457,3.67,3.67,,1
京东,C12488,15967915,5.0,5.0,,1
京东,C12509,17390626,5.0,5.0,,1
京东,C12566,15861059,5.0,5.0,,1
京东,C12575,14262336,5.0,5.0,,1
京东,C12578,15967988,5.0,5.0,,1
京东,C12581,17662742,5.0,5.0,,1
京东,C12587,16638125,3.67,3.67,,1
京东,C12595,15967992,5.0,5.0,,1
京东,C12610,16384038,3.67,3.67,,1
京东,C12613,16189138,3.8,3.8,,1
京东,C12685,14311018,4.2,4.2,,1
京东,C12696,16638099,4.5,4.5,,1
京东,C12709,16638081,3.57,3.57,,1
京东,C12729,17390512,3.67,3.67,,1
京东,C12740,15905473,4.78,4.78,,1
京东,C12767,15967987,5.0,5.0,,1
京东,C12886,16638166,4.33,4.33,,1
京东,C12898,16914080,4.4,4.4,,1
京东,C12908,16130616,3.55,3.55,,1
京东,C12935,17210592,4.11,4.11,,1
京东,C12970,16384045,3.6,3.6,,1
京东,C13019,16189134,5.0,5.0,,1
京东,C13067,16189387,5.0,5.0,,1
京东,C13103,17390535,3.67,3.67,,1
京东,C13117,14520836,4.56,4.56,,1
京东,C13122,14725182,4.0,4.0,,1
京东,C13153,15861055,3.67,3.67,,1
京东,C13175,15173275,5.0,5.0,,1
京东,C13177,14876891,3.83,3.83,,1
京东,C13179,14725180,4.0,4.0,,1
京东,C13241,14725188,5.0,5.0,,1
京东,C13327,17662733,3.67,3.67,,1
京东,C13357,15861110,5.0,5.0,,1
京东,C13362,16130447,4.29,4.29,,1
京东,C13392,14725181,4.0,4.0,,1
京东,C13427,16638161,4.0,4.0,,1
京东,C13430,14394335,3.67,3.67,,1
京东,C13437,17390640,5.0,5.0,,1
京东,C13439,16638106,3.67,3.67,,1
京东,C13447,15807734,5.0,5.0,,1
京东,C13449,16257083,5.0,5.0,,1
京东,C13509,15905484,4.08,4.08,,1
京东,C13516,14725162,5.0,5.0,,1
京东,C13522,16384043,4.0,4.0,,1
京东,C13543,15861073,4.67,4.67,,1
京东,C13586,15967913,5.0,5.0,,1
京东,C13595,16914086,4.8,4.8,,1
京东,C13618,14725301,4.08,4.08,,1
京东,C13622,15968043,5.0,5.0,,1
京东,C13673,15967997,3.5,3.5,,1
京东,C13678,14594574,4.7,4.7,,1
京东,C13693,16638055,5.0,5.0,,1
京东,C13716,17390585,5.0,5.0,,1
京东,C13721,16638091,5.0,5.0,,1
京东,C13745,15905517,4.0,4.0,,1
京东,C13747,16189123,4.6,4.6,,1
京东,C13781,16190095,5.0,5.0,,1
京东,C13786,15905498,4.6,4.6,,1
京东,C13822,15905452,5.0,5.0,,1
京东,C13823,17335900,3.67,3.67,,1
京东,C13826,20492932,5.0,5.0,,1
京东,C13865,15967916,5.0,5.0,,1
京东,C13877,15967948,5.0,5.0,,1
京东,C13893,16914064,5.0,5.0,,1
京东,C13906,14594561,4.25,4.25,,1
京东,C13912,17390514,5.0,5.0,,1
京东,C13913,15385827,5.0,5.0,,1
京东,C13936,16638031,5.0,5.0,,1
京东,C13939,16257044,5.0,5.0,,1
京东,C13951,16914072,4.58,4.58,,1
京东,C13970,15967986,4.0,4.0,,1
京东,C14033,16638169,4.8,4.8,,1
京东,C14039,17450635,4.62,4.62,,1
京东,C14046,14394336,3.89,3.89,,1
京东,C14073,19502195,4.0,4.0,,1
京东,C14117,15967956,3.5,3.5,,1
京东,C14196,16638095,4.9,4.9,,1
京东,C14250,17775709,4.21,4.21,,1
京东,C14264,15967996,4.0,4.0,,1
京东,C14297,15861061,3.5,3.5,,1
京东,C14299,23540939,4.8,4.8,,1
京东,C14307,17552628,5.0,5.0,,1
京东,C14318,16189148,4.83,4.83,,1
京东,C14321,16638093,5.0,5.0,,1
京东,C14345,17552629,4.9,4.9,,1
京东,C14347,16130475,3.5,3.5,,1
京东,C14349,17904388,4.75,4.75,,1
京东,C14368,17279852,3.8,3.8,,1
京东,C14381,17335901,3.86,3.86,,1
京东,C14390,17279853,5.0,5.0,,1
京东,C14409,17450639,4.0,4.0,,1
京东,C14446,17450636,5.0,5.0,,1
京东,C14464,17727227,3.67,3.67,,1
京东,C14485,17727229,4.5,4.5,,1
京东,C14559,19553939,3.63,3.63,,1
京东,C14590,14394333,4.36,4.36,,1
京东,C14603,19811043,4.0,4.0,,1
京东,C14627,19748493,5.0,5.0,,1
京东,C14633,16638038,5.0,5.0,,1
京东,C14709,21492023,4.33,4.33,,1
京东,C14793,22705662,4.5,4.5,,1
京东,C14873,15968022,5.0,5.0,,1
京东,C14905,16914078,4.88,4.88,,1
京东,C14991,15160694,4.5,4.5,,1
京东,C14996,23104604,3.67,3.67,,1
京东,C14999,15905508,4.0,4.0,,1
京东,C15002,23403352,5.0,5.0,,1
京东,C15041,16020071,4.31,4.31,,1
京东,,15861063,5.0,5.0,,1
京东,,15905456,5.0,5.0,,1
京东,,15905525,5.0,5.0,,1
京东,,17210594,5.0,5.0,,1
京东,,14270465,4.93,4.93,,1
京东,,16384042,4.71,4.71,,1
京东,,16130435,4.69,4.69,,1
京东,,16189112,4.63,4.63,,1
京东,,15905442,4.57,4.57,,1
京东,,14725187,4.56,4.56,,1
京东,,15967967,3.95,3.95,,1
京东,,14725193,3.75,3.75,,1
京东,,15968182,3.67,3.67,,1
京东,,16189144,3.67,3.67,,1
京东,,16130451,3.5,3.5,,1
淘宝,C00002,506358037,4.7,4.676666666666667,,30
淘宝,C00003,502522594,4.5,4.533333333333333,,30
淘宝,C00005,931871,4.6,4.586666666666667,,30
淘宝,C00006,506194544,4.5,4.546666666666667,,30
淘宝,C00007,161779863,5.0,3.3333333333333335,,30
淘宝,C00008,2075812230,4.8,4.823333333333333,,30
淘宝,C00009,336568420,0.0,0.0,,30
淘宝,C00010,507607150,0.0,4.246666666666667,,30
淘宝,C00011,1123078851,0.0,2.6666666666666665,,30
淘宝,C00013,336709638,5.0,5.0,,30
淘宝,C00015,506652866,0.0,0.0,,3
淘宝,C00016,507103934,4.9,4.583333333333333,,30
淘宝,C00021,2089556403,4.5,4.503333333333333,,30
淘宝,C00023,336591217,5.0,5.0,,30
淘宝,C00025,1116953177,0.0,1.3333333333333333,,30
淘宝,C00033,1106084220,5.0,1.1666666666666667,,30
淘宝,C00039,931870,4.7,4.663333333333333,,30
淘宝,C00046,162850842,4.2,4.166666666666667,,30
淘宝,C00058,506249986,5.0,4.333333333333333,,30
淘宝,C00067,506638011,5.0,4.833333333333333,,30
淘宝,C00081,1123375989,4.3,4.13,,30
淘宝,C00117,507108745,0.0,0.0,,30
淘宝,C00125,161816936,5.0,2.3333333333333335,,30
淘宝,C00126,301689519,4.8,4.763333333333334,,30
淘宝,C00127,1126046955,5.0,5.0,,30
淘宝,C00147,506178691,0.0,2.5,,30
淘宝,C00148,1348179985,5.0,4.833333333333333,,30
淘宝,C00149,2055227557,0.0,0.0,,12
淘宝,C00149,543099201,0.0,0.0,,30
淘宝,C00162,500732610,4.6,4.4766666666666675,,30
淘宝,C00170,1447398,4.8,4.62,,30
淘宝,C00171,1447432,0.0,0.0,,1
淘宝,C00173,161647570,4.8,4.823333333333333,,30
淘宝,C00177,310145960,0.0,0.0,,30
淘宝,C00182,1447378,3.5,0.7266666666666667,,30
淘宝,C00189,161623473,3.3,3.6966666666666663,,30
淘宝,C00211,1447400,4.0,4.216666666666667,,30
淘宝,C00222,152823992,4.5,4.676666666666667,,30
淘宝,C00227,1447427,3.7,3.8433333333333333,,30
淘宝,C00230,144909683,5.0,1.0,,30
淘宝,C00236,507174500,0.0,0.0,,2
淘宝,C00241,161779861,4.0,4.4,,30
淘宝,C00250,1123078824,4.3,4.54,,30
淘宝,C00258,500822270,4.7,4.716666666666667,,30
淘宝,C00267,144621511,0.0,0.0,,30
淘宝,C00288,1447404,5.0,4.166666666666667,,30
淘宝,C00292,1447399,5.0,5.0,,30
淘宝,C00295,507676766,5.0,5.0,,30
淘宝,C00298,174357098,4.7,4.253333333333333,,30
淘宝,C00310,535560114,0.0,0.0,,30
淘宝,C00312,1447418,2.8,3.53103448275862,,29
淘宝,C00320,513830993,0.0,0.0,,2
淘宝,C00321,1447393,3.8,3.5166666666666666,,30
淘宝,C00330,2238401,5.0,4.953333333333333,,30
淘宝,C00346,1178307326,0.0,0.0,,5
淘宝,C00350,1447420,4.9,4.97,,30
淘宝,C00356,542736188,0.0,0.0,,19
淘宝,C00362,507674720,0.0,0.0,,30
淘宝,C00369,1123085702,4.5,0.15,,30
淘宝,C00379,1123307135,0.0,0.0,,7
淘宝,C00385,157415878,0.0,0.0,,30
淘宝,C00392,509671897,4.5,4.53,,30
淘宝,C00398,2074922859,0.0,0.0,,30
淘宝,C00401,158798691,4.8,4.873333333333333,,30
淘宝,C00402,2046513492,4.1,4.333333333333333,,30
淘宝,C00405,1157897151,5.0,4.666666666666667,,30
淘宝,C00407,303675893,4.8,4.88,,30
淘宝,C00412,161779862,5.0,4.886666666666667,,30
淘宝,C00455,2066641102,4.2,4.373333333333334,,30
淘宝,C00456,508346711,5.0,3.3333333333333335,,30
淘宝,C00460,510063962,0.0,0.0,,8
淘宝,C00461,2061159373,0.0,0.0,,30
淘宝,C00463,517161875,5.0,1.5,,30
淘宝,C00470,503226015,4.1,3.75,,30
淘宝,C00478,161623448,0.0,0.0,,30
淘宝,C00480,1348179882,0.0,0.0,,30
淘宝,C00485,506515589,0.0,0.0,,30
淘宝,C00489,507888241,0.0,0.0,,30
淘宝,C00492,503201099,0.0,0.0,,30
淘宝,C00495,335763220,0.0,0.0,,30
淘宝,C00503,2081680213,0.0,0.0,,30
淘宝,C00512,2098022809,0.0,0.0,,30
淘宝,C00516,161292787,0.0,0.0,,30
淘宝,C00525,1316209506,0.0,0.0,,30
淘宝,C00526,504105229,0.0,0.0,,30
淘宝,C00560,500702688,0.0,0.0,,30
淘宝,C00663,503788788,0.0,0.0,,1
淘宝,C00671,1109390636,0.0,0.0,,30
淘宝,C00682,506090819,4.2,4.623333333333333,,30
淘宝,C00696,1795721,4.7,4.433333333333334,,30
淘宝,C00700,507318754,5.0,5.0,,30
淘宝,C00703,155902355,3.9,4.180000000000001,,30
淘宝,C00707,2097211060,4.9,4.9,,30
淘宝,C00711,503800800,3.0,3.4099999999999997,,30
淘宝,C00712,1925002,4.4,4.523333333333334,,30
淘宝,C00716,500802932,4.4,4.3100000000000005,,30
淘宝,C00726,1167671,5.0,4.723333333333333,,30
淘宝,C00727,501100032,0.0,0.0,,30
淘宝,C00732,164159914,4.0,3.46,,30
淘宝,C00746,337652410,0.0,0.0,,30
淘宝,C00752,520560274,0.0,0.0,,30
淘宝,C00758,510051887,0.0,0.0,,6
淘宝,C00765,503773430,0.0,0.0,,30
淘宝,C00803,1138579834,0.0,0.0,,30
淘宝,C00808,1137966984,0.0,0.0,,30
淘宝,C00828,313597159,4.9,4.923333333333334,,30
淘宝,C00841,161078688,0.0,0.0,,5
淘宝,C00846,161622283,0.0,1.6066666666666667,,30
淘宝,C00871,1127675671,0.0,0.0,,30
淘宝,C00892,508945096,2.9,1.3366666666666667,,30
淘宝,C00893,508825081,5.0,2.8333333333333335,,30
淘宝,C00900,508026556,0.0,0.0,,30
淘宝,C00901,2099118402,0.0,3.5,,30
淘宝,C00908,502168874,0.0,2.5,,30
淘宝,C00925,336667479,0.0,0.0,,9
淘宝,C00927,1795737,4.3,3.756666666666667,,30
淘宝,C00930,1127670145,4.3,4.303333333333333,,30
淘宝,C00952,2130837994,4.6,4.413333333333333,,30
淘宝,C00986,1795726,0.0,0.0,,30
淘宝,C00996,168463116,0.0,0.0,,2
淘宝,C00999,301690045,0.0,0.0,,9
淘宝,C01038,507426915,0.0,0.0,,30
淘宝,C01055,170363346,0.0,0.0,,30
淘宝,C01058,540988292,0.0,0.0,,30
淘宝,C01065,507079575,5.0,5.0,,30
淘宝,C01066,305144990,4.0,3.873333333333333,,30
淘宝,C01072,1112408770,4.0,3.9,,30
淘宝,C01073,2042864264,4.8,4.753333333333333,,30
淘宝,C01075,506139281,0.0,0.0,,8
淘宝,C01078,156949146,4.1,4.066666666666666,,30
淘宝,C01079,526700302,0.0,0.0,,30
淘宝,C01081,301740568,0.0,0.11,,30
淘宝,C01083,1176331,0.0,0.0,,28
淘宝,C01088,167691384,4.7,3.98,,30
淘宝,C01091,501891288,0.0,0.0,,30
淘宝,C01093,836599,4.9,0.8166666666666667,,30
淘宝,C01095,1455706,4.2,4.1033333333333335,,30
淘宝,C01099,500835184,0.0,2.7133333333333334,,30
淘宝,C01100,173437982,0.0,0.0,,1
淘宝,C01102,514916508,0.0,0.0,,27
淘宝,C01121,157715649,4.1,4.173333333333333,,30
淘宝,C01122,153889920,5.0,5.0,,30
淘宝,C01125,1136871,0.0,0.0,,14
淘宝,C01128,1178387293,0.0,2.6366666666666663,,30
淘宝,C01139,173066420,5.0,4.946666666666667,,30
淘宝,C01152,1152378,0.0,4.05,,30
淘宝,C01159,506610547,0.0,2.1333333333333333,,30
淘宝,C01162,1925046,0.0,0.0,,30
淘宝,C01167,1925044,4.7,4.79,,30
淘宝,C01173,144493301,4.6,4.613333333333333,,30
淘宝,C01190,1925039,0.0,0.0,,30
淘宝,C01216,1157805849,4.6,4.680000000000001,,30
淘宝,C01248,171350537,4.8,4.856666666666667,,30
淘宝,C01301,156061138,4.9,4.9,,30
淘宝,C01373,150853014,0.0,0.0,,30
淘宝,C01399,500823869,0.0,0.0,,30
淘宝,C01403,174059262,0.0,0.0,,30
淘宝,C01413,155121019,5.0,4.84,,30
淘宝,C01842,2069300319,5.0,4.666666666666667,,30
淘宝,C01848,504304196,5.0,5.0,,30
淘宝,C01849,2044433093,0.0,0.0,,30
淘宝,C01851,166218290,0.0,0.0,,27
淘宝,C01855,1123365852,0.0,0.0,,30
淘宝,C01927,503768496,0.0,0.0,,5
淘宝,C01933,514265232,5.0,5.0,,30
淘宝,C01936,1132501,5.0,4.166666666666667,,30
淘宝,C01957,500900269,0.0,0.0,,28
淘宝,C01972,158960376,5.0,4.96,,30
淘宝,C01986,501080580,5.0,5.0,,30
淘宝,C01999,1123272396,4.2,4.21,,30
淘宝,C02003,162997569,4.0,4.09,,30
淘宝,C02007,167447744,4.9,4.906666666666667,,30
淘宝,C02011,505796521,0.0,0.0,,30
淘宝,C02012,2128341988,0.0,0.0,,4
淘宝,C02017,144488830,4.8,4.65,,30
淘宝,C02038,2278273,5.0,4.866666666666666,,30
淘宝,C02043,161279764,0.0,0.0,,30
淘宝,C02046,501901698,4.5,4.806666666666667,,30
淘宝,C02049,174073653,4.4,4.416666666666667,,30
淘宝,C02053,353312,5.0,4.993333333333334,,30
淘宝,C02075,171181485,0.0,0.0,,12
淘宝,C02082,1933801,4.3,4.013333333333334,,30
淘宝,C02087,1552394,5.0,4.166666666666667,,30
淘宝,C02093,936147,0.0,0.0,,29
淘宝,C02095,557059,4.9,4.833333333333333,,30
淘宝,C02120,163078615,5.0,4.953333333333333,,30
淘宝,C02135,2132895112,4.8,4.793333333333333,,30
淘宝,C02137,154906138,4.5,4.593333333333334,,30
淘宝,C02139,2327581,4.8,2.7666666666666666,,30
淘宝,C02162,337006587,0.0,0.3333333333333333,,30
淘宝,C02169,520550328,0.0,0.0,,4
淘宝,C02180,427055,0.0,0.0,,28
淘宝,C02183,286002,5.0,4.92,,30
淘宝,C02192,145999434,4.8,4.78,,30
淘宝,C02195,156203734,0.0,0.0,,28
淘宝,C02203,1131389652,4.6,4.73,,30
淘宝,C02210,1379939,4.5,4.2733333333333325,,30
淘宝,C02216,1174761406,0.0,0.0,,30
淘宝,C02218,161623475,0.0,1.0526315789473684,,19
淘宝,C02221,521203898,5.0,5.0,,30
淘宝,C02229,2043368344,3.3,3.7966666666666664,,30
淘宝,C02231,500953618,5.0,4.783333333333333,,30
淘宝,C02232,2019299,0.0,0.0,,22
淘宝,C02236,162850855,5.0,4.886666666666667,,30
淘宝,C02242,2043890415,4.8,4.856666666666667,,30
淘宝,C02243,775863,0.0,0.0,,3
淘宝,C02245,161249786,0.0,0.0,,27
淘宝,C02247,2043961010,3.6,4.166666666666667,,30
淘宝,C02249,171181468,0.0,0.0,,7
淘宝,C02252,2098927671,5.0,4.1466666666666665,,30
淘宝,C02253,1379898,0.0,3.8333333333333335,,30
淘宝,C02256,440222,4.0,4.3,,30
淘宝,C02257,996732,0.0,0.0,,6
淘宝,C02266,367023,0.0,0.3333333333333333,,30
淘宝,C02276,1101956659,0.0,1.3333333333333333,,30
淘宝,C02279,503364048,5.0,4.833333333333333,,30
淘宝,C02288,1409202,4.2,4.113333333333333,,30
淘宝,C02299,144631778,4.7,4.616666666666666,,30
淘宝,C02303,2098974167,0.0,0.0,,30
淘宝,C02323,500953606,4.5,4.5,,30
淘宝,C02329,502273567,0.0,0.0,,5
淘宝,C02333,151638946,0.0,0.0,,18
淘宝,C02341,503080875,5.0,2.5,,30
淘宝,C02342,156896891,0.0,0.0,,2
淘宝,C02349,152215299,0.0,0.0,,4
淘宝,C02370,2089607629,0.0,0.0,,1
淘宝,C02386,151687196,4.8,3.796666666666667,,30
淘宝,C02395,1552403,3.2,3.6533333333333338,,30
淘宝,C02398,743045,4.0,4.193333333333333,,30
淘宝,C02437,156129798,0.0,0.0,,8
淘宝,C02448,376063,5.0,5.0,,30
淘宝,C02456,157137947,0.0,0.0,,30
淘宝,C02458,2042696377,0.0,0.0,,8
淘宝,C02477,2043482892,0.0,0.0,,25
淘宝,C02498,161705010,3.8,3.4766666666666666,,30
淘宝,C02513,452572,4.9,4.9,,30
淘宝,C02515,482573,0.0,0.0,,12
淘宝,C02515,540820291,0.0,0.0,,1
淘宝,C02521,1933800,0.0,0.0,,2
淘宝,C02535,2001250467,0.0,0.0,,30
淘宝,C02536,520580417,4.0,3.7733333333333334,,30
淘宝,C02542,150882725,0.0,0.0,,13
淘宝,C02555,1440523,4.4,4.293333333333334,,30
淘宝,C02567,2043157954,4.6,4.836666666666667,,30
淘宝,C02583,1379890,3.3,3.6566666666666667,,30
淘宝,C02617,501460858,4.9,4.9,,30
淘宝,C02625,1030672,0.0,0.0,,4
淘宝,C02629,500978052,4.8,4.840000000000001,,30
淘宝,C02647,500825106,5.0,4.666666666666667,,30
淘宝,C02652,507412214,0.0,3.8333333333333335,,30
淘宝,C02665,1200296204,4.6,4.613333333333333,,30
淘宝,C02668,157532463,5.0,5.0,,30
淘宝,C02683,1779081,4.3,4.319999999999999,,30
淘宝,C02688,162850829,0.0,0.0,,1
淘宝,C02690,511077246,4.3,4.653333333333333,,30
淘宝,C02712,1220481,0.0,0.0,,30
淘宝,C02739,369838,4.8,4.760000000000001,,30
淘宝,C02769,156231439,0.0,0.0,,28
淘宝,C02783,668514,3.4,1.2066666666666666,,30
淘宝,C02805,1532208,4.6,4.6066666666666665,,30
淘宝,C02807,157817255,4.3,4.306666666666667,,30
淘宝,C02810,166991251,4.3,2.64,,30
淘宝,C02813,155551787,4.3,3.8066666666666666,,30
淘宝,C02826,164160241,0.0,0.8133333333333334,,30
淘宝,C02835,336824342,0.0,0.0,,6
淘宝,C02837,249508,5.0,0.3333333333333333,,30
淘宝,C02842,936092,4.6,4.683333333333334,,30
淘宝,C02849,959347,5.0,4.5,,30
淘宝,C02858,161775691,0.0,0.0,,28
淘宝,C02866,526805253,0.0,0.0,,2
淘宝,C02872,1379876,5.0,4.88,,30
淘宝,C02882,337054449,5.0,5.0,,30
淘宝,C02889,2043173179,0.0,0.0,,30
淘宝,C02892,2043128914,4.8,4.826666666666666,,30
淘宝,C02916,2078232752,4.5,2.2800000000000002,,30
淘宝,C02919,2043173192,4.8,4.86,,30
淘宝,C02923,143754762,4.2,4.253333333333333,,30
淘宝,C02925,500825692,4.5,4.6866666666666665,,30
淘宝,C02933,419014,0.0,3.2666666666666666,,30
淘宝,C02936,1799246,0.0,0.0,,13
淘宝,C02938,156822659,0.0,0.0,,6
淘宝,C02943,155679615,0.0,0.0,,30
淘宝,C02946,918615,0.0,0.0,,6
淘宝,C02978,154890437,0.0,0.0,,14
淘宝,C02997,1308520,0.0,0.0,,14
淘宝,C03003,936133,0.0,0.0,,6
淘宝,C03006,152147694,0.0,4.0,,30
淘宝,C03007,157139409,0.0,0.0,,8
淘宝,C03009,503076093,0.0,0.0,,30
淘宝,C03020,500812512,0.0,0.0,,30
淘宝,C03029,167691366,5.0,5.0,,30
淘宝,C03031,155336799,0.0,0.0,,30
淘宝,C03033,521415247,0.0,0.0,,30
淘宝,C03037,501146452,4.6,4.56,,30
淘宝,C03052,2287448,0.0,0.0,,30
淘宝,C03086,500682408,4.9,4.8133333333333335,,30
淘宝,C03099,157699205,4.9,4.856666666666667,,30
淘宝,C03106,2135150427,4.7,4.75,,30
淘宝,C03109,504037615,4.1,3.1966666666666663,,30
淘宝,C03117,936085,0.0,0.0,,18
淘宝,C03121,1379912,4.9,4.8100000000000005,,30
淘宝,C03126,161867926,0.0,0.0,,4
淘宝,C03132,2043592613,0.0,3.0133333333333336,,30
淘宝,C03173,168034790,5.0,5.0,,30
淘宝,C03188,161851621,0.0,0.0,,30
淘宝,C03234,323966624,5.0,1.6666666666666667,,30
淘宝,C03299,1157696264,0.0,0.0,,30
淘宝,C03407,162646958,0.0,0.0,,3
淘宝,C03463,162850835,4.8,4.8,,30
淘宝,C03467,2043180257,0.0,0.0,,3
淘宝,C03601,500827723,0.0,0.0,,30
淘宝,C03607,303660517,4.6,4.67,,30
淘宝,C03612,500977374,5.0,0.8333333333333334,,30
淘宝,C03626,507289611,4.2,4.8133333333333335,,30
淘宝,C03636,171181474,0.0,0.0,,2
淘宝,C03761,163772046,5.0,5.0,,30
淘宝,C03765,164758720,5.0,4.833333333333333,,30
淘宝,C03773,170672528,3.6,4.233333333333333,,30
淘宝,C03818,162646976,0.0,0.0,,27
淘宝,C03897,166862349,4.6,4.493333333333334,,30
淘宝,C03922,1126074982,5.0,0.8333333333333334,,30
淘宝,C03936,500950286,4.6,4.54,,30
淘宝,C03943,336749317,5.0,4.983333333333333,,30
淘宝,C03947,163220130,0.0,0.0,,30
淘宝,C03951,2124231930,5.0,3.3333333333333335,,30
淘宝,C03962,300118670,3.7,3.783333333333333,,30
淘宝,C03967,2043145728,4.6,4.863333333333333,,30
淘宝,C03978,163078617,5.0,5.0,,30
淘宝,C03999,503473739,3.8,3.8033333333333332,,30
淘宝,C04067,2035612038,4.7,4.716666666666667,,30
淘宝,C04070,500910056,5.0,4.993333333333334,,30
淘宝,C04096,506228171,4.3,4.486666666666666,,30
淘宝,C04101,163220132,0.0,0.0,,10
淘宝,C04110,164172078,0.0,1.0966666666666667,,30
淘宝,C04111,164171748,4.3,4.3,,30
淘宝,C04120,501898078,4.5,4.546666666666667,,30
淘宝,C04123,166991254,4.6,4.546666666666667,,30
淘宝,C04131,173584365,0.0,0.0,,6
淘宝,C04132,166878253,5.0,4.966666666666667,,30
淘宝,C04133,164054375,0.0,0.0,,13
淘宝,C04169,163078612,0.0,0.0,,30
淘宝,C04203,164767753,4.9,4.856666666666667,,30
淘宝,C04225,1197984823,0.0,0.0,,30
淘宝,C04246,1161872084,4.2,4.2,,30
淘宝,C04261,501560392,4.8,4.8,,30
淘宝,C04267,504048890,4.2,4.323333333333333,,30
淘宝,C04296,514680360,0.0,0.0,,6
淘宝,C04345,166878234,0.0,0.0,,15
淘宝,C04363,503240812,0.0,0.0,,30
淘宝,C04378,2062332792,0.0,0.0,,3
淘宝,C04379,164758715,0.0,0.0,,12
淘宝,C04390,164160245,5.0,4.973333333333333,,30
淘宝,C04496,1171050174,0.0,0.0,,4
淘宝,C04502,167236942,2.0,2.2700000000000005,,30
淘宝,C04561,336814290,0.0,3.6300000000000003,,30
淘宝,C04616,528851457,5.0,5.0,,30
淘宝,C04638,168034780,0.0,0.0,,11
淘宝,C04675,1155275185,0.0,0.0,,26
淘宝,C04683,301747488,4.6,4.6,,30
淘宝,C04708,540680040,0.0,0.0,,1
淘宝,C04749,501730931,0.0,2.533333333333333,,30
淘宝,C04755,512872639,0.0,0.0,,20
淘宝,C04775,305193997,0.0,0.0,,30
淘宝,C04917,504708241,0.0,0.0,,3
淘宝,C04926,1127862941,4.2,4.72,,30
淘宝,C04965,500829387,3.4,2.6666666666666665,,30
淘宝,C05017,1112447809,0.0,0.0,,30
淘宝,C05047,172985252,4.7,4.8100000000000005,,30
淘宝,C05056,313401815,5.0,4.916666666666667,,30
淘宝,C05068,2062142854,5.0,5.0,,30
淘宝,C05080,501319008,0.0,0.0,,8
淘宝,C05128,501878978,0.0,0.0,,30
淘宝,C05138,2066883640,4.7,4.773333333333334,,30
淘宝,C05140,502205996,0.0,3.3333333333333335,,30
淘宝,C05155,171046818,0.0,0.0,,12
淘宝,C05160,302446590,5.0,5.0,,30
淘宝,C05201,530375113,0.0,0.0,,30
淘宝,C05227,337653618,0.0,0.0,,30
淘宝,C05231,2001514807,0.0,0.0,,30
淘宝,C05237,172782761,5.0,0.6666666666666666,,30
淘宝,C05268,335771096,0.0,0.0,,21
淘宝,C05312,500915237,0.0,0.0,,30
淘宝,C05331,157024081,0.0,0.0,,17
淘宝,C05336,500915239,4.8,4.863333333333333,,30
淘宝,C05368,336814291,0.0,0.0,,8
淘宝,C05402,171404274,5.0,2.3333333333333335,,30
淘宝,C05410,300113636,0.0,0.0,,3
淘宝,C05419,523021682,4.0,4.433333333333334,,30
淘宝,C05423,2096037177,0.0,0.0,,6
淘宝,C05446,500930073,2.8,2.8233333333333333,,30
淘宝,C05461,300162080,0.0,4.5,,30
淘宝,C05477,2110699569,0.0,0.0,,30
淘宝,C05482,501873345,0.0,0.0,,30
淘宝,C05483,174073629,0.0,0.0,,28
淘宝,C05513,1157770507,0.0,0.0,,18
淘宝,C05523,336957115,0.0,0.0,,8
淘宝,C05533,305176296,0.0,0.0,,30
淘宝,C05555,2000518292,0.0,0.0,,30
淘宝,C05569,172985256,0.0,0.0,,30
淘宝,C05699,1128314585,0.0,0.0,,3
淘宝,C05703,516993411,0.0,0.0,,30
淘宝,C05727,524905424,5.0,5.0,,30
淘宝,C05736,2073253142,4.6,4.71,,30
淘宝,C05748,541777773,0.0,0.0,,30
淘宝,C05780,1302105496,5.0,5.0,,30
淘宝,C05798,300517667,5.0,5.0,,30
淘宝,C05908,501145506,0.0,0.0,,30
淘宝,C05953,171477643,0.0,0.0,,30
淘宝,C05955,300086874,0.0,0.0,,1
淘宝,C06008,300537822,0.0,0.9633333333333333,,30
淘宝,C06013,304891615,5.0,5.0,,30
淘宝,C06017,167535057,3.7,4.1866666666666665,,30
淘宝,C06071,2019431294,0.0,0.0,,30
淘宝,C06082,500701711,0.0,0.0,,30
淘宝,C06087,337622853,0.0,0.0,,28
淘宝,C06117,304955769,4.0,3.6733333333333333,,30
淘宝,C06126,300716291,5.0,5.0,,30
淘宝,C06138,507676785,0.0,0.0,,5
淘宝,C06178,502014088,0.0,0.0,,26
淘宝,C06228,312218838,0.0,2.8333333333333335,,30
淘宝,C06258,522338758,5.0,3.8699999999999997,,30
淘宝,C06259,2074628171,4.4,4.4,,30
淘宝,C06342,304901119,0.0,0.0,,30
淘宝,C06346,336235990,0.0,0.0,,21
淘宝,C06352,335784708,0.0,0.0,,11
淘宝,C06366,304915837,0.0,0.0,,28
淘宝,C06385,500958868,5.0,5.0,,30
淘宝,C06396,304955773,0.0,0.0,,30
淘宝,C06403,304831897,5.0,5.0,,30
淘宝,C06423,2001264255,4.7,4.733333333333333,,30
淘宝,C06427,322277716,3.7,4.196666666666667,,30
淘宝,C06440,300801247,0.0,0.0,,15
淘宝,C06443,2032056684,0.0,0.0,,4
淘宝,C06476,336727643,0.0,0.0,,6
淘宝,C06480,2043503589,4.1,4.1,,23
淘宝,C06558,305119532,4.4,4.9,,30
淘宝,C06642,2036825448,0.0,0.0,,5
淘宝,C06682,502734681,0.0,0.0,,30
淘宝,C06702,500915066,0.0,0.0,,30
淘宝,C06706,502818281,0.0,0.0,,1
淘宝,C06720,323870272,5.0,3.5,,30
淘宝,C06724,336218040,5.0,5.0,,30
淘宝,C06734,502164181,4.2,3.65,,30
淘宝,C06753,524525151,0.0,0.0,,1
淘宝,C06760,1137965609,0.0,0.0,,30
淘宝,C06819,2121230653,0.0,0.0,,30
淘宝,C06841,337642451,0.0,0.0,,30
淘宝,C06847,507497110,0.0,0.0,,5
淘宝,C06857,1110749496,0.0,0.0,,6
淘宝,C06885,506110035,0.0,0.0,,3
淘宝,C06926,1126056508,0.0,0.0,,30
淘宝,C06972,2042671448,0.0,0.0,,30
淘宝,C07072,1105294510,5.0,3.1666666666666665,,30
淘宝,C07095,337692209,0.0,0.0,,10
淘宝,C07119,500652989,5.0,5.0,,30
淘宝,C07120,1108746781,4.5,4.46,,30
淘宝,C07129,2083849749,0.0,0.0,,30
淘宝,C07157,501641101,0.0,1.88,,30
淘宝,C07160,337672395,4.8,4.536666666666666,,30
淘宝,C07162,500950020,4.7,4.7,,30
淘宝,C07165,502910416,5.0,4.946666666666667,,30
淘宝,C07176,337043130,0.0,0.0,,2
淘宝,C07217,171123829,0.0,1.3566666666666667,,30
淘宝,C07222,500957419,0.0,0.0,,30
淘宝,C07235,2043960767,0.0,0.0,,25
淘宝,C07278,501156711,0.0,0.0,,27
淘宝,C07282,500824234,0.0,0.0,,3
淘宝,C07294,503336599,3.7,3.9799999999999995,,30
淘宝,C07303,2043179148,4.8,4.26,,30
淘宝,C07312,2043493243,4.7,4.583333333333333,,30
淘宝,C07382,2042576251,0.0,0.0,,2
淘宝,C07390,2092840802,0.0,0.0,,3
淘宝,C07398,500706686,0.0,0.0,,27
淘宝,C07470,157407063,5.0,4.943333333333333,,30
淘宝,C07493,2124220672,4.9,4.926666666666667,,30
淘宝,C07519,2098579272,0.0,0.0,,5
淘宝,C07581,2042490156,0.0,0.0,,30
淘宝,C07582,500977361,4.9,4.930000000000001,,30
淘宝,C07605,2048869070,3.9,3.9033333333333333,,30
淘宝,C07606,501101291,5.0,0.16666666666666666,,30
淘宝,C07622,501760638,0.0,0.0,,6
淘宝,C07642,2042862083,5.0,5.0,,30
淘宝,C07646,506610612,4.8,4.966666666666667,,30
淘宝,C07661,501405914,4.9,4.9,,30
淘宝,C07662,2059060881,0.0,0.0,,7
淘宝,C07663,501325745,0.0,0.0,,4
淘宝,C07666,2098903976,0.0,0.0,,30
淘宝,C07696,2079483603,0.0,0.0,,10
淘宝,C07736,501141822,0.0,0.0,,2
淘宝,C07737,2043385267,4.8,4.836666666666667,,30
淘宝,C07760,1123375983,4.8,4.739999999999999,,30
淘宝,C07764,501110805,5.0,5.0,,30
淘宝,C07775,2046860528,0.0,0.0,,3
淘宝,C07780,500795296,0.0,0.0,,9
淘宝,C07790,2043605035,5.0,1.1666666666666667,,30
淘宝,C07812,2059022278,5.0,4.943333333333333,,30
淘宝,C07813,506421521,4.9,4.883333333333334,,30
淘宝,C07814,500925300,2.8,3.0366666666666666,,30
淘宝,C07839,500827225,0.0,1.3333333333333333,,30
淘宝,C07841,501705580,0.0,0.0,,1
淘宝,C07879,501410054,0.0,0.0,,27
淘宝,C07887,500590936,4.6,4.643333333333333,,30
淘宝,C07901,500808329,4.6,4.783333333333333,,30
淘宝,C07960,501050741,0.0,0.9,,30
淘宝,C08045,501136594,0.0,1.6133333333333335,,30
淘宝,C08048,502521739,4.2,4.05,,30
淘宝,C08050,522272886,0.0,0.0,,28
淘宝,C08076,501161245,0.0,0.0,,30
淘宝,C08088,501109936,0.0,3.1666666666666665,,30
淘宝,C08100,2059163792,5.0,3.0366666666666666,,30
淘宝,C08122,2121276994,4.3,4.183333333333334,,30
淘宝,C08142,2059163808,0.0,0.0,,19
淘宝,C08146,1296607118,0.0,0.0,,21
淘宝,C08198,501292199,4.5,4.383333333333334,,30
淘宝,C08204,1149286237,0.0,0.0,,30
淘宝,C08234,524920537,0.0,0.0,,14
淘宝,C08242,2062319644,0.0,0.0,,3
淘宝,C08311,2073237998,5.0,2.8333333333333335,,30
淘宝,C08340,501858620,5.0,4.166666666666667,,30
淘宝,C08350,2084894407,0.0,0.0,,22
淘宝,C08368,503758741,5.0,5.0,,30
淘宝,C08374,2080471001,4.4,3.79,,30
淘宝,C08423,501658743,0.0,2.2933333333333334,,30
淘宝,C08451,507951284,0.0,0.0,,7
淘宝,C08504,502169656,0.0,0.0,,30
淘宝,C08553,501901703,0.0,0.0,,30
淘宝,C08570,162212298,5.0,4.993333333333334,,30
淘宝,C08571,2076983289,5.0,4.9766666666666675,,30
淘宝,C08581,502111635,0.0,0.0,,30
淘宝,C08597,502294426,0.0,0.0,,30
淘宝,C08614,502494013,0.0,0.0,,3
淘宝,C08646,502150715,0.0,0.0,,30
淘宝,C08708,502048155,0.0,0.0,,6
淘宝,C08729,1105398288,0.0,0.0,,1
淘宝,C08730,2076296987,0.0,0.0,,5
淘宝,C08735,502488226,4.1,3.8633333333333337,,30
淘宝,C08796,507284737,4.8,4.8,,30
淘宝,C08799,541570015,0.0,0.0,,30
淘宝,C08804,502068213,0.0,0.0,,8
淘宝,C08881,2096040131,4.5,4.71,,30
淘宝,C08895,502252435,0.0,0.0,,30
淘宝,C08948,2096056756,4.6,4.473333333333333,,30
淘宝,C08955,2098522905,4.8,2.716666666666667,,30
淘宝,C09001,2099372127,0.0,0.0,,19
淘宝,C09010,2096672913,5.0,5.0,,30
淘宝,C09023,502729823,5.0,1.5,,30
淘宝,C09039,336685265,4.7,4.626666666666667,,30
淘宝,C09064,508026561,5.0,0.8333333333333334,,30
淘宝,C09076,502780984,0.0,0.0,,5
淘宝,C09099,2136910435,0.0,0.0,,16
淘宝,C09103,535925080,5.0,1.6666666666666667,,30
淘宝,C09104,2086360283,5.0,5.0,,30
淘宝,C09146,2096527305,0.0,0.0,,30
淘宝,C09165,524635573,5.0,4.833333333333333,,30
淘宝,C09193,2097349788,5.0,5.0,,30
淘宝,C09198,506003749,3.8,3.3800000000000003,,30
淘宝,C09208,1250429507,0.0,0.0,,30
淘宝,C09209,509485061,0.0,0.0,,30
淘宝,C09212,503843882,0.0,0.0,,3
淘宝,C09229,504004535,0.0,0.0,,30
淘宝,C09267,503404103,5.0,5.0,,30
淘宝,C09314,504178557,0.0,0.0,,2
淘宝,C09342,2098787345,5.0,5.0,,30
淘宝,C09375,167691391,5.0,4.926666666666667,,30
淘宝,C09391,503786690,0.0,0.0,,30
淘宝,C09394,503992062,5.0,5.0,,30
淘宝,C09402,503753805,0.0,0.0,,27
淘宝,C09403,503886830,3.8,2.0266666666666664,,30
淘宝,C09404,2122331425,3.9,3.4233333333333333,,30
淘宝,C09409,2099367123,0.0,0.0,,6
淘宝,C09431,2099254210,4.6,4.569999999999999,,30
淘宝,C09505,503773824,5.0,5.0,,30
淘宝,C09523,503734096,3.8,4.17,,30
淘宝,C09547,504032649,4.3,4.163333333333333,,30
淘宝,C09549,503970360,0.0,0.0,,30
淘宝,C09551,1335740250,4.2,1.4,,30
淘宝,C09551,504256271,0.0,0.0,,9
淘宝,C09566,1190155200,0.0,0.0,,18
淘宝,C09599,162850851,0.0,0.0,,30
淘宝,C09646,505217329,0.0,0.0,,30
淘宝,C09658,336822700,0.0,0.0,,19
淘宝,C09673,2132958348,4.3,4.36,,30
淘宝,C09693,504972045,0.0,0.0,,11
淘宝,C09704,2126508994,4.2,3.9366666666666665,,30
淘宝,C09707,506114356,4.7,4.096666666666667,,30
淘宝,C09712,504762560,0.0,0.0,,10
淘宝,C09764,2132147391,4.3,4.376666666666667,,30
淘宝,C09784,505846143,0.0,0.0,,1
淘宝,C09800,505243363,0.0,0.0,,9
淘宝,C09867,505580200,0.0,0.0,,30
淘宝,C09897,160269559,4.4,4.673333333333333,,30
淘宝,C09919,2133684950,0.0,2.7666666666666666,,30
淘宝,C10066,1128299982,5.0,4.4399999999999995,,30
淘宝,C10068,506154832,0.0,0.0,,30
淘宝,C10074,2034992986,0.0,0.0,,30
淘宝,C10077,506261053,0.0,0.0,,24
淘宝,C10088,1101847094,4.1,4.166666666666667,,30
淘宝,C10169,1101954814,0.0,0.0,,30
淘宝,C10177,1101769600,3.9,4.003333333333333,,30
淘宝,C10182,1101876950,0.0,0.0,,30
淘宝,C10183,1105412710,0.0,0.31333333333333335,,30
淘宝,C10218,506590916,4.4,4.433333333333334,,30
淘宝,C10229,1108576136,4.8,4.956666666666666,,30
淘宝,C10243,1101934872,4.8,4.8,,30
淘宝,C10270,513748513,0.0,0.0,,12
淘宝,C10277,530490685,0.0,0.0,,1
淘宝,C10283,2075438292,0.0,3.6033333333333335,,30
淘宝,C10301,1110772988,4.0,4.133333333333334,,30
淘宝,C10316,506720955,4.8,4.866666666666666,,30
淘宝,C10320,1108536877,0.0,2.5,,30
淘宝,C10332,1108615610,5.0,5.0,,30
淘宝,C10337,507087365,4.8,4.8,,30
淘宝,C10349,1110043510,0.0,0.0,,29
淘宝,C10356,1149374849,4.9,4.996666666666667,,30
淘宝,C10413,1109380813,0.0,1.6666666666666667,,30
淘宝,C10417,1109724008,0.0,0.0,,29
淘宝,C10434,507085969,0.0,2.646666666666667,,30
淘宝,C10462,336854090,0.0,3.0,,30
淘宝,C10470,507331976,4.0,4.08,,30
淘宝,C10499,501314556,4.3,4.336666666666667,,30
淘宝,C10524,507330449,0.0,0.0,,10
淘宝,C10562,510407042,3.8,4.433333333333334,,30
淘宝,C10567,1116447420,4.6,4.636666666666667,,30
淘宝,C10583,500727547,4.4,4.433333333333334,,30
淘宝,C10627,527035205,5.0,5.0,,30
淘宝,C10628,1180994991,4.4,4.8933333333333335,,30
淘宝,C10630,526830217,0.0,0.0,,30
淘宝,C10646,1172375767,0.0,0.0,,30
淘宝,C10727,1118664165,0.0,0.0,,30
淘宝,C10769,1119837389,0.0,0.0,,5
淘宝,C10770,500953563,0.0,0.0,,28
淘宝,C10777,534045345,0.0,0.0,,14
淘宝,C10783,508055471,4.9,4.926666666666667,,30
淘宝,C10822,524626385,3.0,3.0633333333333335,,30
淘宝,C10844,507620469,4.7,4.33,,30
淘宝,C10885,507733658,0.0,0.0,,30
淘宝,C10887,1123314331,5.0,1.1666666666666667,,30
淘宝,C10897,1138570535,4.4,4.5633333333333335,,30
淘宝,C10915,507687237,5.0,4.783333333333333,,30
淘宝,C10981,1135884571,0.0,0.0,,12
淘宝,C10998,1126701026,4.9,4.946666666666667,,30
淘宝,C11006,1125553962,0.0,0.0,,30
淘宝,C11011,502055407,0.0,0.0,,1
淘宝,C11064,1128135671,5.0,5.0,,29
淘宝,C11077,1135343034,0.0,0.0,,7
淘宝,C11106,1127627513,5.0,5.0,,30
淘宝,C11116,502821924,0.0,0.0,,17
淘宝,C11120,508129045,0.0,0.0,,9
淘宝,C11128,1137960618,0.0,0.0,,30
淘宝,C11134,1144576141,0.0,0.0,,30
淘宝,C11141,1128299987,0.0,0.0,,30
淘宝,C11152,508118209,5.0,5.0,,30
淘宝,C11187,1144177298,0.0,0.0,,30
淘宝,C11217,508291873,0.0,0.0,,25
淘宝,C11251,1137342918,4.1,4.33,,30
淘宝,C11253,509977760,0.0,0.0,,2
淘宝,C11259,1161746337,0.0,0.0,,27
淘宝,C11274,164160240,0.0,0.0,,23
淘宝,C11300,521505544,0.0,0.0,,14
淘宝,C11328,509845079,5.0,4.703333333333333,,30
淘宝,C11330,509797020,0.0,0.0,,30
淘宝,C11343,537081607,4.7,4.67,,30
淘宝,C11350,509109690,0.0,0.0,,17
淘宝,C11369,509217702,0.0,4.0,,30
淘宝,C11397,1197729228,0.0,0.0,,27
淘宝,C11413,1151000510,3.8,3.8,,30
淘宝,C11437,509871558,5.0,4.666666666666667,,30
淘宝,C11441,2131647362,4.3,4.385714285714285,,28
淘宝,C11458,532185441,5.0,5.0,,30
淘宝,C11472,509253404,5.0,5.0,,30
淘宝,C11485,531998682,0.0,0.0,,10
淘宝,C11487,2045886987,0.0,0.0,,3
淘宝,C11498,505563159,5.0,4.333333333333333,,30
淘宝,C11499,522355223,0.0,0.0,,10
淘宝,C11505,510370968,0.0,0.0,,2
淘宝,C11531,509677946,0.0,0.0,,25
淘宝,C11537,1178379695,0.0,0.0,,1
淘宝,C11560,1166569888,5.0,5.0,,30
淘宝,C11565,510466869,0.0,0.0,,17
淘宝,C11572,1163978189,0.0,0.0,,10
淘宝,C11578,1161517348,0.0,0.0,,15
淘宝,C11581,1155340695,4.7,4.793333333333333,,30
淘宝,C11596,510198800,4.5,4.533333333333333,,30
淘宝,C11597,1161717591,0.0,0.0,,5
淘宝,C11608,509999461,0.0,0.0,,10
淘宝,C11640,510170129,4.7,4.616666666666666,,30
淘宝,C11642,539210585,0.0,0.0,,30
淘宝,C11677,510505619,0.0,0.0,,8
淘宝,C11717,513978008,0.0,0.0,,4
淘宝,C11721,2096653992,0.0,0.0,,12
淘宝,C11723,511642542,0.0,0.0,,30
淘宝,C11739,1187652444,0.0,0.0,,30
淘宝,C11745,1157755602,0.0,0.0,,30
淘宝,C11761,1174008076,0.0,0.0,,30
淘宝,C11762,1161815920,4.7,4.6066666666666665,,30
淘宝,C11770,1178168442,5.0,5.0,,30
淘宝,C11771,1161701071,4.1,4.293333333333334,,30
淘宝,C11792,1163850130,5.0,5.0,,30
淘宝,C11810,1161737946,5.0,4.97,,30
淘宝,C11819,519256261,5.0,1.6666666666666667,,30
淘宝,C11840,1157589177,0.0,0.0,,15
淘宝,C11842,532975032,0.0,0.0,,6
淘宝,C11845,1164013698,0.0,0.0,,3
淘宝,C11850,510208691,4.5,4.5,,21
淘宝,C11869,2057156028,5.0,4.5600000000000005,,30
淘宝,C11873,510557424,0.0,0.0,,3
淘宝,C11878,533940349,0.0,0.0,,30
淘宝,C11889,507465707,0.0,0.0,,30
淘宝,C11896,529390306,0.0,0.0,,30
淘宝,C11932,1163974636,4.9,4.86,,30
淘宝,C11945,305198405,4.6,4.646666666666666,,30
淘宝,C12005,511100561,0.0,0.0,,4
淘宝,C12029,1163813638,5.0,4.333333333333333,,30
淘宝,C12033,500677511,4.5,4.46,,30
淘宝,C12039,1163982488,0.0,0.0,,30
淘宝,C12045,1170940330,3.5,3.56,,30
淘宝,C12057,1168578892,3.8,3.7199999999999998,,30
淘宝,C12068,1164013694,0.0,0.0,,28
淘宝,C12072,1171063047,0.0,0.0,,27
淘宝,C12078,509949333,5.0,5.0,,30
淘宝,C12079,524680111,4.0,4.406666666666666,,30
淘宝,C12085,1170850340,0.0,0.0,,30
淘宝,C12086,510804639,5.0,4.966666666666667,,30
淘宝,C12097,511096291,5.0,4.91,,30
淘宝,C12119,512756654,0.0,0.47000000000000003,,30
淘宝,C12133,1170940322,3.9,4.083333333333333,,30
淘宝,C12146,1168481631,0.0,0.0,,5
淘宝,C12193,1172589974,0.0,0.0,,1
淘宝,C12203,1166619867,0.0,0.0,,3
淘宝,C12210,1170897394,0.0,0.0,,30
淘宝,C12211,300663246,0.0,0.0,,3
淘宝,C12215,1172814505,0.0,3.18,,30
淘宝,C12240,2090407233,0.0,0.0,,30
淘宝,C12241,511676958,0.0,0.0,,11
淘宝,C12251,1172414749,0.0,0.0,,30
淘宝,C12257,1168578865,0.0,0.0,,30
淘宝,C12279,1174877075,4.0,4.116666666666666,,30
淘宝,C12302,511825148,0.0,0.0,,30
淘宝,C12377,1172558485,0.0,0.0,,9
淘宝,C12387,1172464131,0.0,0.0,,29
淘宝,C12452,512420317,5.0,4.983333333333333,,30
淘宝,C12479,1180767093,5.0,4.906666666666666,,30
淘宝,C12488,501120468,2.8,2.6666666666666665,,30
淘宝,C12505,512977554,4.6,4.486666666666666,,30
淘宝,C12509,512527673,0.0,0.0,,27
淘宝,C12539,512819213,0.0,0.0,,1
淘宝,C12548,1178303886,0.0,0.0,,5
淘宝,C12566,155849148,5.0,5.0,,30
淘宝,C12575,1178273186,4.4,4.433333333333334,,30
淘宝,C12578,512950527,0.0,0.0,,4
淘宝,C12581,517700828,5.0,5.0,,30
淘宝,C12595,1184698436,4.7,4.6066666666666665,,30
淘宝,C12610,513990187,0.0,0.0,,20
淘宝,C12612,517070052,0.0,0.0,,11
淘宝,C12613,1183390779,0.0,0.0,,30
淘宝,C12617,515086076,0.0,0.0,,10
淘宝,C12658,513504211,0.0,0.5555555555555556,,9
淘宝,C12659,1180892869,0.0,0.0,,4
淘宝,C12677,1188009518,0.0,0.0,,5
淘宝,C12685,172233235,0.0,0.0,,30
淘宝,C12696,157081739,4.0,3.646666666666667,,30
淘宝,C12697,513534791,0.0,0.0,,3
淘宝,C12709,513976446,4.8,4.97,,30
淘宝,C12729,514040109,0.0,0.0,,27
淘宝,C12745,1188224529,0.0,0.0,,12
淘宝,C12767,515150413,0.0,0.0,,29
淘宝,C12886,515046191,5.0,4.173333333333334,,30
淘宝,C12898,1193349681,5.0,4.4399999999999995,,30
淘宝,C12906,1189831381,0.0,0.0,,4
淘宝,C12908,513936890,4.8,3.3333333333333335,,30
淘宝,C12909,515076167,0.0,0.0,,27
淘宝,C12927,2032453170,0.0,0.0,,27
淘宝,C12935,520145018,4.9,4.8966666666666665,,30
淘宝,C12949,514946327,4.4,4.546666666666667,,30
淘宝,C12970,515137101,0.0,0.0,,30
淘宝,C13019,515001072,0.0,0.0,,25
淘宝,C13066,1204199722,0.0,0.0,,2
淘宝,C13067,515385220,0.0,0.0,,30
淘宝,C13068,2062082165,4.4,4.27,,30
淘宝,C13103,514846098,4.4,4.416666666666667,,30
淘宝,C13117,361331,4.8,4.84,,30
淘宝,C13122,672580,3.7,4.183333333333334,,30
淘宝,C13141,503419237,0.0,0.0,,15
淘宝,C13148,514962142,0.0,0.0,,4
淘宝,C13153,518165293,0.0,0.0,,27
淘宝,C13162,516185353,0.0,0.0,,8
淘宝,C13167,520675575,0.0,0.0,,2
淘宝,C13168,517095273,0.0,0.0,,2
淘宝,C13169,517797339,0.0,0.0,,2
淘宝,C13175,518180173,5.0,5.0,,30
淘宝,C13177,517890057,4.2,4.1899999999999995,,30
淘宝,C13179,1198085195,4.5,4.883333333333334,,30
淘宝,C13207,1210339756,0.0,0.0,,25
淘宝,C13219,522938942,0.0,0.0,,28
淘宝,C13225,1101824846,4.8,4.77,,30
淘宝,C13241,517772247,0.0,0.0,,30
淘宝,C13247,1203604786,4.5,4.55,,30
淘宝,C13263,517086449,0.0,0.0,,2
淘宝,C13283,505310792,0.0,0.0,,6
淘宝,C13303,518280937,0.0,0.0,,12
淘宝,C13310,517848422,0.0,0.0,,30
淘宝,C13333,517035908,0.0,0.0,,27
淘宝,C13357,518382375,5.0,5.0,,30
淘宝,C13359,1211504502,0.0,0.0,,3
淘宝,C13362,516942263,4.8,4.596666666666667,,30
淘宝,C13371,2137028420,5.0,5.0,,30
淘宝,C13392,1316324508,4.0,3.0,,30
淘宝,C13423,522265361,0.0,0.0,,21
淘宝,C13427,526705338,0.0,0.6666666666666666,,30
淘宝,C13430,517077820,0.0,0.0,,11
淘宝,C13437,517167469,5.0,4.333333333333333,,30
淘宝,C13439,517172120,5.0,4.9399999999999995,,30
淘宝,C13443,517721568,0.0,0.65,,30
淘宝,C13447,528910337,3.5,3.5933333333333333,,30
淘宝,C13449,2077292205,0.0,0.0,,30
淘宝,C13470,517077998,0.0,0.0,,5
淘宝,C13509,520515939,4.0,4.1466666666666665,,30
淘宝,C13513,541811981,4.7,4.9,,30
淘宝,C13516,1248354934,0.0,0.0,,30
淘宝,C13521,519446024,0.0,0.0,,27
淘宝,C13522,2036835440,0.0,0.0,,30
淘宝,C13543,1176216681,5.0,5.0,,30
淘宝,C13549,517008288,0.0,0.0,,9
淘宝,C13551,520450481,0.0,0.0,,10
淘宝,C13559,516927991,0.0,0.0,,7
淘宝,C13562,520510465,4.1,1.64,,30
淘宝,C13582,2139545343,4.8,4.746666666666667,,30
淘宝,C13586,522317169,0.0,0.0,,30
淘宝,C13590,521520021,3.2,1.8366666666666667,,30
淘宝,C13595,516988224,5.0,5.0,,12
淘宝,C13598,522395517,0.0,0.0,,30
淘宝,C13618,520705068,0.0,3.743333333333333,,30
淘宝,C13622,520545381,0.0,0.0,,3
淘宝,C13627,166878222,5.0,3.1666666666666665,,30
淘宝,C13628,145565976,0.0,0.0,,11
淘宝,C13629,521115932,0.0,0.0,,11
淘宝,C13632,1149145721,3.7,3.7933333333333334,,30
淘宝,C13643,534050308,0.0,0.0,,30
淘宝,C13648,521115935,0.0,0.0,,27
淘宝,C13673,1239701517,5.0,5.0,,30
淘宝,C13678,521145187,5.0,5.0,,30
淘宝,C13713,522232127,0.0,0.0,,4
淘宝,C13716,521470472,5.0,5.0,,30
淘宝,C13721,520600978,0.0,0.0,,18
淘宝,C13745,520555918,4.5,4.416666666666667,,30
淘宝,C13747,521595814,4.9,4.9366666666666665,,30
淘宝,C13765,522255216,0.0,0.0,,1
淘宝,C13781,521145980,0.0,0.0,,30
淘宝,C13786,1249317261,0.0,0.0,,30
淘宝,C13793,523550134,0.0,0.0,,19
淘宝,C13803,522360190,0.0,0.0,,27
淘宝,C13822,522337170,4.9,4.890000000000001,,30
淘宝,C13823,531096193,0.0,0.0,,30
淘宝,C13826,522335220,0.0,0.0,,30
淘宝,C13829,522790090,0.0,0.0,,20
淘宝,C13877,522205204,4.8,4.506666666666666,,30
淘宝,C13893,522265549,4.3,3.7666666666666666,,30
淘宝,C13901,522287165,0.0,0.0,,1
淘宝,C13906,500943648,4.2,1.82,,30
淘宝,C13912,1253901646,0.0,0.0,,30
淘宝,C13913,523675771,4.8,4.67,,30
淘宝,C13936,173007910,4.9,4.88,,30
淘宝,C13939,2044355483,0.0,0.0,,30
淘宝,C13946,509934045,0.0,0.0,,8
淘宝,C13950,540815610,0.0,0.0,,1
淘宝,C13951,2098826484,0.0,1.7933333333333332,,30
淘宝,C13955,1253765316,0.0,0.0,,2
淘宝,C13968,534532806,0.0,1.0,,30
淘宝,C13970,522252269,4.8,4.25,,30
淘宝,C14003,524390087,0.0,0.0,,30
淘宝,C14018,524675144,0.0,0.0,,5
淘宝,C14033,524731442,0.0,0.0,,30
淘宝,C14039,525095784,0.0,1.1166666666666667,,30
淘宝,C14042,504312136,0.0,0.0,,18
淘宝,C14046,524911306,4.4,3.5200000000000005,,30
淘宝,C14057,524735122,0.0,0.0,,9
淘宝,C14063,529359421,0.0,0.0,,24
淘宝,C14073,531355693,0.0,0.0,,30
淘宝,C14113,524896394,0.0,0.0,,27
淘宝,C14117,525375559,0.0,0.0,,5
淘宝,C14117,541766629,4.3,4.443333333333333,,30
淘宝,C14163,524766495,0.0,0.0,,6
淘宝,C14189,526790221,4.9,4.9,,30
淘宝,C14196,525840059,0.0,0.0,,30
淘宝,C14198,526815211,0.0,0.0,,26
淘宝,C14250,1270385568,4.8,4.746666666666667,,30
淘宝,C14264,1274135049,0.0,0.0,,30
淘宝,C14268,527416100,0.0,0.0,,13
淘宝,C14277,528745377,5.0,5.0,,30
淘宝,C14297,525067813,4.7,4.496666666666667,,30
淘宝,C14298,1273560407,4.6,4.626666666666666,,30
淘宝,C14299,527056533,0.0,0.5,,30
淘宝,C14307,529641025,0.0,0.0,,30
淘宝,C14318,1282158196,4.6,4.83,,30
淘宝,C14321,528900349,0.0,0.0,,27
淘宝,C14326,521507703,0.0,0.0,,4
淘宝,C14345,528821227,0.0,0.0,,30
淘宝,C14347,528915360,4.3,3.5233333333333334,,30
淘宝,C14349,1289396847,5.0,5.0,,30
淘宝,C14358,529315253,0.0,0.0,,6
淘宝,C14368,1289429538,0.0,3.606666666666667,,30
淘宝,C14381,528855454,0.0,0.0,,30
淘宝,C14390,1287926537,4.3,4.503333333333333,,30
淘宝,C14409,528831213,0.0,1.48,,25
淘宝,C14433,529860686,0.0,0.0,,2
淘宝,C14446,1289310670,0.0,0.0,,27
淘宝,C14452,1290177331,3.0,3.35,,30
淘宝,C14453,1297799885,0.0,0.0,,26
淘宝,C14463,534565008,0.0,0.0,,28
淘宝,C14464,1290735947,0.0,0.0,,5
淘宝,C14481,540970704,0.0,0.0,,12
淘宝,C14485,1293649504,0.0,0.0,,30
淘宝,C14489,531430112,4.0,0.9333333333333333,,30
淘宝,C14530,530650226,0.0,0.0,,27
淘宝,C14538,506343002,4.4,4.3100000000000005,,30
淘宝,C14543,534295003,0.0,0.0,,30
淘宝,C14546,529971123,0.0,0.0,,23
淘宝,C14559,532670007,4.8,4.806666666666667,,30
淘宝,C14568,531195886,0.0,0.0,,30
淘宝,C14569,532250169,0.0,0.0,,30
淘宝,C14572,2139523061,4.5,4.58,,30
淘宝,C14588,1302704661,0.0,0.0,,18
淘宝,C14590,501131533,4.3,4.316666666666666,,30
淘宝,C14603,533690027,0.0,0.0,,30
淘宝,C14605,534110013,0.0,0.0,,1
淘宝,C14612,1298121351,0.0,0.0,,30
淘宝,C14616,531560937,0.0,0.0,,30
淘宝,C14627,410317,0.0,0.0,,30
淘宝,C14633,305230464,0.0,0.0,,30
淘宝,C14640,1304929196,0.0,0.0,,24
淘宝,C14646,533880370,0.0,0.0,,1
淘宝,C14651,171356070,0.0,0.0,,30
淘宝,C14661,536466974,0.0,0.0,,30
淘宝,C14662,537125025,0.0,0.0,,28
淘宝,C14665,534990236,0.0,0.0,,23
淘宝,C14668,536940485,0.0,0.0,,27
淘宝,C14673,536926930,0.0,0.0,,22
淘宝,C14698,536280021,0.0,0.0,,27
淘宝,C14707,500652596,0.0,0.0,,30
淘宝,C14708,535198158,0.0,0.0,,26
淘宝,C14709,536960445,4.9,4.983333333333333,,30
淘宝,C14720,536495326,0.0,0.0,,11
淘宝,C14725,537055309,0.0,0.0,,30
淘宝,C14731,536975213,4.8,4.73,,30
淘宝,C14737,536495325,0.0,0.0,,5
淘宝,C14739,536506881,0.0,0.0,,4
淘宝,C14742,1312766599,0.0,0.0,,27
淘宝,C14755,537317800,0.0,0.0,,27
淘宝,C14779,538425032,0.0,0.0,,15
淘宝,C14793,538445431,4.9,4.88,,30
淘宝,C14803,538430213,4.7,4.48,,30
淘宝,C14829,1316330100,0.0,0.0,,30
淘宝,C14851,1172616005,4.9,4.863333333333333,,30
淘宝,C14861,540955999,0.0,0.0,,13
淘宝,C14862,540655125,0.0,0.0,,30
淘宝,C14873,2096047929,0.0,0.0,,22
淘宝,C14905,166991264,4.8,4.863333333333333,,30
淘宝,C14906,540951920,4.9,4.8966666666666665,,30
淘宝,C14927,541805425,0.0,0.0,,8
淘宝,C14930,541795907,0.0,0.0,,26
淘宝,C14949,541775787,0.0,0.0,,30
淘宝,C14957,541441951,0.0,0.0,,25
淘宝,C14966,1328120083,0.0,0.0,,19
淘宝,C14978,541586815,0.0,0.0,,27
淘宝,C14990,543746015,5.0,5.0,,30
淘宝,C14991,541566552,4.0,4.22,,30
淘宝,C14996,542855199,0.0,2.8333333333333335,,30
淘宝,C14998,540972624,4.4,4.92,,30
淘宝,C14999,163220140,0.0,0.3333333333333333,,15
淘宝,C15001,541891976,0.0,0.0,,30
淘宝,C15002,1338961689,4.8,4.803333333333333,,30
淘宝,C15009,543460630,4.9,4.866666666666666,,30
淘宝,C15010,1327932407,0.0,0.0,,30
淘宝,C15015,1337825108,4.1,4.373333333333333,,30
淘宝,C15017,543751275,0.0,0.0,,30
淘宝,C15018,542900834,0.0,0.0,,30
淘宝,C15019,541833207,4.8,4.84,,30
淘宝,C15100,1347232906,4.9,4.9,,30
淘宝,C15130,543746824,5.0,1.6666666666666667,,30
淘宝,,1100835718,0.0,0.0,,6
淘宝,,1100900633,0.0,0.0,,2
淘宝,,1101822076,0.0,0.0,,1
淘宝,,1101868518,0.0,0.0,,1
淘宝,,1101874963,0.0,0.0,,8
淘宝,,1101922295,0.0,0.0,,2
淘宝,,1101936985,0.0,0.0,,1
淘宝,,1101944125,0.0,0.0,,1
淘宝,,1102408976,0.0,0.0,,2
淘宝,,1103450430,0.0,0.0,,7
淘宝,,1103451550,0.0,0.0,,1
淘宝,,1103510051,0.0,0.0,,2
淘宝,,1105413182,0.0,0.0,,1
淘宝,,1105413418,0.0,0.0,,1
淘宝,,1108551452,0.0,0.0,,2
淘宝,,1108595908,0.0,0.0,,1
淘宝,,1112297051,0.0,0.0,,1
淘宝,,1112405667,0.0,0.0,,5
淘宝,,1112425462,0.0,0.0,,1
淘宝,,1112440815,0.0,0.0,,1
淘宝,,1112455057,0.0,0.0,,2
淘宝,,1116947854,0.0,0.0,,1
淘宝,,1116985093,0.0,0.0,,1
淘宝,,1118408923,0.0,0.0,,1
淘宝,,1118663556,0.0,0.0,,1
淘宝,,1119789516,0.0,0.0,,2
淘宝,,1123085627,0.0,0.0,,3
淘宝,,1123319324,0.0,0.0,,1
淘宝,,1123333774,0.0,0.0,,2
淘宝,,1123369122,0.0,0.0,,1
淘宝,,1123997216,0.0,0.0,,2
淘宝,,1125559711,0.0,0.0,,2
淘宝,,1126035425,0.0,0.0,,3
淘宝,,1126072206,0.0,0.0,,1
淘宝,,1126214095,0.0,0.0,,1
淘宝,,1126701047,0.0,0.0,,30
淘宝,,1127403280,0.0,0.0,,1
淘宝,,1127705476,0.0,0.0,,2
淘宝,,1127835032,0.0,0.0,,2
淘宝,,1127905629,0.0,0.0,,1
淘宝,,1128316385,0.0,0.0,,1
淘宝,,1129072586,0.0,0.0,,1
淘宝,,1131400111,0.0,0.0,,1
淘宝,,1135223405,0.0,0.0,,3
淘宝,,1135324934,0.0,0.0,,3
淘宝,,1135327420,0.0,0.0,,2
淘宝,,1135334774,0.0,0.0,,2
淘宝,,1135439025,0.0,0.0,,1
淘宝,,1135866603,0.0,0.0,,2
淘宝,,1136501508,0.0,0.0,,3
淘宝,,1137774801,0.0,0.0,,1
淘宝,,1138218018,0.0,0.0,,1
淘宝,,1139750054,0.0,0.0,,4
淘宝,,1144638011,0.0,0.0,,1
淘宝,,1147410009,0.0,0.0,,1
淘宝,,1147495423,0.0,0.0,,5
淘宝,,1149026294,0.0,0.0,,3
淘宝,,1149095381,0.0,0.0,,3
淘宝,,1149116007,0.0,0.0,,1
淘宝,,1151041934,0.0,0.0,,1
淘宝,,1151156462,0.0,0.0,,20
淘宝,,1151223641,0.0,0.0,,1
淘宝,,1151251936,0.0,0.0,,3
淘宝,,1151327107,0.0,0.0,,8
淘宝,,1155319377,0.0,0.0,,1
淘宝,,1155350778,0.0,0.0,,5
淘宝,,1155388834,0.0,0.0,,2
淘宝,,1155440070,0.0,0.0,,1
淘宝,,1155440589,0.0,0.0,,1
淘宝,,1155455096,0.0,0.0,,1
淘宝,,1155459638,0.0,0.0,,3
淘宝,,1155479610,0.0,0.0,,2
淘宝,,1155555203,0.0,0.0,,1
淘宝,,1157615331,0.0,0.0,,1
淘宝,,1157739903,0.0,0.0,,2
淘宝,,1157816150,0.0,0.0,,8
淘宝,,1157832865,0.0,0.0,,4
淘宝,,1157846402,0.0,0.0,,3
淘宝,,1157865060,0.0,0.0,,2
淘宝,,1157916998,0.0,0.0,,1
淘宝,,1161787984,0.0,0.0,,6
淘宝,,1161822180,0.0,0.0,,1
淘宝,,1161906134,0.0,0.0,,1
淘宝,,1163843332,0.0,0.0,,4
淘宝,,1163872508,0.0,0.0,,1
淘宝,,1163916265,0.0,0.0,,4
淘宝,,1163927400,0.0,0.0,,3
淘宝,,1163937070,0.0,0.0,,1
淘宝,,1163948298,0.0,0.0,,3
淘宝,,1163976025,0.0,0.0,,4
淘宝,,1164009456,0.0,0.0,,1
淘宝,,1164012198,0.0,0.0,,9
淘宝,,1166565500,0.0,0.0,,1
淘宝,,1166779948,0.0,0.0,,1
淘宝,,1168484921,0.0,0.0,,3
淘宝,,1168495023,0.0,0.0,,24
淘宝,,1168520024,0.0,0.0,,6
淘宝,,1168673507,0.0,0.0,,2
淘宝,,1168704493,0.0,0.0,,1
淘宝,,1168779672,0.0,0.0,,1
淘宝,,1170801521,0.0,0.0,,3
淘宝,,1170812732,0.0,0.0,,2
淘宝,,1170977748,0.0,0.0,,1
淘宝,,1171056721,0.0,0.0,,2
淘宝,,1172549612,0.0,0.0,,1
淘宝,,1172608768,0.0,0.0,,1
淘宝,,1174746755,0.0,0.0,,4
淘宝,,1174769688,0.0,0.0,,1
淘宝,,1174926883,0.0,0.0,,2
淘宝,,1175044573,0.0,0.0,,2
淘宝,,1177229716,0.0,0.0,,1
淘宝,,1177984173,0.0,0.0,,1
淘宝,,1177997352,0.0,0.0,,1
淘宝,,1178174506,0.0,0.0,,1
淘宝,,1178219264,0.0,0.0,,1
淘宝,,1178398728,0.0,0.0,,2
淘宝,,1183469526,0.0,0.0,,1
淘宝,,1184672367,0.0,0.0,,1
淘宝,,1187611401,0.0,0.0,,1
淘宝,,1189835049,0.0,0.0,,1
淘宝,,1194720521,0.0,0.0,,22
淘宝,,1197865840,0.0,0.0,,1
淘宝,,1197895657,0.0,0.0,,1
淘宝,,1197944692,0.0,0.0,,1
淘宝,,1197981795,0.0,0.0,,2
淘宝,,1197982150,0.0,0.0,,2
淘宝,,1198029929,0.0,0.0,,4
淘宝,,1199244043,0.0,0.0,,2
淘宝,,1208200141,0.0,0.0,,3
淘宝,,1208800714,0.0,0.0,,1
淘宝,,1211465915,0.0,0.0,,1
淘宝,,1234745493,0.0,0.0,,3
淘宝,,1237250325,0.0,0.0,,1
淘宝,,1245672578,0.0,0.0,,1
淘宝,,1249301752,0.0,0.0,,1
淘宝,,1250336854,0.0,0.0,,1
淘宝,,1264788585,0.0,0.0,,2
淘宝,,1267095406,0.0,0.0,,1
淘宝,,1271458498,0.0,0.0,,4
淘宝,,1284593374,0.0,0.0,,3
淘宝,,1310752,0.0,0.0,,2
淘宝,,1379873,0.0,0.0,,4
淘宝,,1398972,0.0,0.0,,1
淘宝,,1407081,0.0,0.0,,4
淘宝,,141740753,0.0,0.0,,4
淘宝,,143285409,0.0,0.0,,2
淘宝,,1442618,0.0,0.0,,1
淘宝,,144337846,0.0,0.0,,2
淘宝,,1447384,0.0,0.0,,1
淘宝,,144960214,0.0,0.0,,1
淘宝,,145107969,0.0,0.0,,2
淘宝,,150058064,0.0,0.0,,2
淘宝,,151004419,0.0,0.0,,5
淘宝,,151638453,0.0,0.0,,2
淘宝,,152167951,0.0,0.0,,2
淘宝,,152309048,0.0,0.0,,4
淘宝,,156257519,0.0,0.0,,1
淘宝,,157186551,0.0,0.0,,30
淘宝,,157638908,0.0,0.0,,4
淘宝,,157797941,0.0,0.0,,7
淘宝,,159257403,0.0,0.0,,2
淘宝,,159737397,0.0,0.0,,3
淘宝,,161252099,0.0,0.0,,1
淘宝,,161264979,0.0,0.0,,1
淘宝,,161280803,0.0,0.0,,3
淘宝,,161314089,0.0,0.0,,1
淘宝,,161408983,0.0,0.0,,1
淘宝,,161705007,0.0,0.0,,3
淘宝,,161752403,0.0,0.0,,1
淘宝,,161792169,0.0,0.0,,1
淘宝,,161858452,0.0,0.0,,1
淘宝,,161867843,0.0,0.0,,5
淘宝,,161872787,0.0,0.0,,1
淘宝,,161891393,0.0,0.0,,6
淘宝,,161891404,0.0,0.0,,1
淘宝,,161891411,0.0,0.0,,4
淘宝,,161891417,0.0,0.0,,1
淘宝,,162646961,0.0,0.0,,1
淘宝,,162646975,0.0,0.0,,2
淘宝,,162850853,0.0,0.0,,1
淘宝,,162850856,0.0,0.0,,1
淘宝,,162957314,0.0,0.0,,1
淘宝,,162957316,0.0,0.0,,3
淘宝,,163032369,0.0,0.0,,5
淘宝,,163032370,0.0,0.0,,3
淘宝,,164160248,0.0,0.0,,1
淘宝,,164594659,0.0,0.0,,2
淘宝,,164758725,0.0,0.0,,1
淘宝,,164767754,0.0,0.0,,1
淘宝,,166347954,0.0,0.0,,2
淘宝,,166878229,0.0,0.0,,1
淘宝,,167236944,0.0,0.0,,3
淘宝,,167541410,0.0,0.0,,1
淘宝,,167705868,0.0,0.0,,4
淘宝,,168036482,0.0,0.0,,3
淘宝,,169775532,0.0,0.0,,1
淘宝,,170909943,0.0,0.0,,1
淘宝,,171030267,0.0,0.0,,1
淘宝,,171046820,0.0,0.0,,1
淘宝,,171048004,0.0,0.0,,1
淘宝,,171174246,0.0,0.0,,1
淘宝,,171181477,0.0,0.0,,2
淘宝,,171404301,0.0,0.0,,1
淘宝,,171404332,0.0,0.0,,1
淘宝,,172424513,0.0,0.0,,2
淘宝,,172985253,0.0,0.0,,1
淘宝,,173147479,0.0,0.0,,1
淘宝,,174073622,0.0,0.0,,1
淘宝,,174073642,0.0,0.0,,5
淘宝,,174074075,0.0,0.0,,6
淘宝,,1807404,0.0,0.0,,5
淘宝,,1810051,0.0,0.0,,3
淘宝,,1848551,0.0,0.0,,1
淘宝,,1925021,0.0,0.0,,1
淘宝,,1992131,0.0,0.0,,1
淘宝,,2001035443,0.0,0.0,,1
淘宝,,2001509509,0.0,0.0,,1
淘宝,,2032043884,0.0,0.0,,1
淘宝,,2032095380,0.0,0.0,,1
淘宝,,2032443352,0.0,0.0,,1
淘宝,,2032761591,0.0,0.0,,3
淘宝,,2032770024,0.0,0.0,,2
淘宝,,2035106780,0.0,0.0,,6
淘宝,,2041087780,0.0,0.0,,1
淘宝,,2042443401,0.0,0.0,,1
淘宝,,2042521240,0.0,0.0,,1
淘宝,,2042528832,0.0,0.0,,1
淘宝,,2042532851,0.0,0.0,,1
淘宝,,2042668408,0.0,0.0,,2
淘宝,,2042668636,0.0,0.0,,6
淘宝,,2042976848,0.0,0.0,,4
淘宝,,2043061269,0.0,0.0,,1
淘宝,,2043492910,0.0,0.0,,1
淘宝,,2043930957,0.0,0.0,,3
淘宝,,2044115759,0.0,0.0,,1
淘宝,,2054343378,0.0,0.0,,2
淘宝,,2057069234,0.0,0.0,,1
淘宝,,2059152418,0.0,0.0,,1
淘宝,,2066971244,0.0,0.0,,5
淘宝,,2069616372,0.0,0.0,,1
淘宝,,2073354036,0.0,0.0,,6
淘宝,,2082640605,0.0,0.0,,4
淘宝,,2084305395,0.0,0.0,,1
淘宝,,2084478113,0.0,0.0,,1
淘宝,,2087420542,0.0,0.0,,5
淘宝,,2089246273,0.0,0.0,,1
淘宝,,2097485793,0.0,0.0,,2
淘宝,,2098242700,0.0,0.0,,2
淘宝,,2099086302,0.0,0.0,,1
淘宝,,2099448463,0.0,0.0,,2
淘宝,,2112524189,0.0,0.0,,1
淘宝,,2120632945,0.0,0.0,,2
淘宝,,2120639455,0.0,0.0,,2
淘宝,,2121230668,0.0,0.0,,1
淘宝,,2123954138,0.0,0.0,,1
淘宝,,2123965297,0.0,0.0,,17
淘宝,,2124337589,0.0,0.0,,1
淘宝,,2124794991,0.0,0.0,,1
淘宝,,2124801817,0.0,0.0,,3
淘宝,,2128127329,0.0,0.0,,3
淘宝,,2128548514,0.0,0.0,,4
淘宝,,2132126604,0.0,0.0,,1
淘宝,,2135150423,0.0,0.0,,1
淘宝,,234832,0.0,0.0,,3
淘宝,,300023691,0.0,0.0,,3
淘宝,,300042062,0.0,0.0,,5
淘宝,,300062048,0.0,0.0,,1
淘宝,,300152040,0.0,0.0,,1
淘宝,,300152044,0.0,0.0,,1
淘宝,,300676557,0.0,0.0,,2
淘宝,,300752880,0.0,0.0,,1
淘宝,,301122650,0.0,0.0,,1
淘宝,,302309432,0.0,0.0,,6
淘宝,,305148443,0.0,0.0,,1
淘宝,,305223046,0.0,0.0,,1
淘宝,,311272450,0.0,0.0,,1
淘宝,,322318671,0.0,0.0,,3
淘宝,,335625596,0.0,0.0,,2
淘宝,,336235697,0.0,0.0,,2
淘宝,,336737561,0.0,0.0,,1
淘宝,,336747488,0.0,0.0,,4
淘宝,,336757352,0.0,0.0,,4
淘宝,,336814293,0.0,0.0,,2
淘宝,,336862981,0.0,0.0,,1
淘宝,,336873858,0.0,0.0,,1
淘宝,,337552827,0.0,0.0,,5
淘宝,,337692205,0.0,0.0,,1
淘宝,,406501,0.0,0.0,,1
淘宝,,500658209,0.0,0.0,,3
淘宝,,500705227,0.0,0.0,,1
淘宝,,500707980,0.0,0.0,,1
淘宝,,500712228,0.0,0.0,,2
淘宝,,500733001,0.0,0.0,,2
淘宝,,500793445,0.0,0.0,,2
淘宝,,500806909,0.0,0.0,,1
淘宝,,500813267,0.0,0.0,,1
淘宝,,500815298,0.0,0.0,,1
淘宝,,500817376,0.0,0.0,,4
淘宝,,500817612,0.0,0.0,,1
淘宝,,500845510,0.0,0.0,,4
淘宝,,500885192,0.0,0.0,,1
淘宝,,500947272,0.0,0.0,,1
淘宝,,500957418,0.0,0.0,,2
淘宝,,500957754,0.0,0.0,,2
淘宝,,500983010,0.0,0.0,,1
淘宝,,500988752,0.0,0.0,,2
淘宝,,501085640,0.0,0.0,,2
淘宝,,501100287,0.0,0.0,,1
淘宝,,501141464,0.0,0.0,,1
淘宝,,501162458,0.0,0.0,,3
淘宝,,501166661,0.0,0.0,,3
淘宝,,501166680,0.0,0.0,,1
淘宝,,501170079,0.0,0.0,,1
淘宝,,501176513,0.0,0.0,,2
淘宝,,501273105,0.0,0.0,,1
淘宝,,501279834,0.0,0.0,,1
淘宝,,501296102,0.0,0.0,,1
淘宝,,501305942,0.0,0.0,,4
淘宝,,501393522,0.0,0.0,,2
淘宝,,501400668,0.0,0.0,,1
淘宝,,501410386,0.0,0.0,,1
淘宝,,501436391,0.0,0.0,,1
淘宝,,501479297,0.0,0.0,,1
淘宝,,501671413,0.0,0.0,,1
淘宝,,501697562,0.0,0.0,,1
淘宝,,501861635,0.0,0.0,,2
淘宝,,501882504,0.0,0.0,,4
淘宝,,501886999,0.0,0.0,,1
淘宝,,502039679,0.0,0.0,,1
淘宝,,502141110,0.0,0.0,,1
淘宝,,502206879,0.0,0.0,,1
淘宝,,502208607,0.0,0.0,,1
淘宝,,502249824,0.0,0.0,,1
淘宝,,502278690,0.0,0.0,,2
淘宝,,502306330,0.0,0.0,,1
淘宝,,502506806,0.0,0.0,,1
淘宝,,502741314,0.0,0.0,,8
淘宝,,502756485,0.0,0.0,,1
淘宝,,502780981,0.0,0.0,,2
淘宝,,502925312,0.0,0.0,,1
淘宝,,503482493,0.0,0.0,,2
淘宝,,503527163,0.0,0.0,,3
淘宝,,503743838,0.0,0.0,,1
淘宝,,503778641,0.0,0.0,,2
淘宝,,503852013,0.0,0.0,,2
淘宝,,503882105,0.0,0.0,,1
淘宝,,503925511,0.0,0.0,,1
淘宝,,503975312,0.0,0.0,,1
淘宝,,504134588,0.0,0.0,,3
淘宝,,504288874,0.0,0.0,,1
淘宝,,504537810,0.0,0.0,,1
淘宝,,505591134,0.0,0.0,,1
淘宝,,505606057,0.0,0.0,,3
淘宝,,505927435,0.0,0.0,,1
淘宝,,506008080,0.0,0.0,,1
淘宝,,506194557,0.0,0.0,,2
淘宝,,506465674,0.0,0.0,,2
淘宝,,506600755,0.0,0.0,,1
淘宝,,506609333,0.0,0.0,,1
淘宝,,506609881,0.0,0.0,,2
淘宝,,506612854,0.0,0.0,,4
淘宝,,506642979,0.0,0.0,,1
淘宝,,507084303,0.0,0.0,,1
淘宝,,507200797,0.0,0.0,,1
淘宝,,507356988,0.0,0.0,,4
淘宝,,507403794,0.0,0.0,,9
淘宝,,507413160,0.0,0.0,,6
淘宝,,507436527,0.0,0.0,,1
淘宝,,507562665,0.0,0.0,,2
淘宝,,507571050,0.0,0.0,,1
淘宝,,507620475,0.0,0.0,,2
淘宝,,507638644,0.0,0.0,,2
淘宝,,507965016,0.0,0.0,,2
淘宝,,507990008,0.0,0.0,,1
淘宝,,508003826,0.0,0.0,,1
淘宝,,508004097,0.0,0.0,,3
淘宝,,508055449,0.0,0.0,,1
淘宝,,508087095,0.0,0.0,,1
淘宝,,508096433,0.0,0.0,,1
淘宝,,508340087,0.0,0.0,,1
淘宝,,508396659,0.0,0.0,,1
淘宝,,508920107,0.0,0.0,,1
淘宝,,509183732,0.0,0.0,,1
淘宝,,509219933,0.0,0.0,,3
淘宝,,509319529,0.0,0.0,,2
淘宝,,509351689,0.0,0.0,,1
淘宝,,509705078,0.0,0.0,,1
淘宝,,509783857,0.0,0.0,,2
淘宝,,509861556,0.0,0.0,,6
淘宝,,509915727,0.0,0.0,,1
淘宝,,509964606,0.0,0.0,,1
淘宝,,510012277,0.0,0.0,,6
淘宝,,510049297,0.0,0.0,,1
淘宝,,510245822,0.0,0.0,,5
淘宝,,510255384,0.0,0.0,,1
淘宝,,510346140,0.0,0.0,,30
淘宝,,510420891,0.0,0.0,,1
淘宝,,510651448,0.0,0.0,,1
淘宝,,510652295,0.0,0.0,,4
淘宝,,510663531,0.0,0.0,,1
淘宝,,510685565,0.0,0.0,,2
淘宝,,510750810,0.0,0.0,,1
淘宝,,510776149,0.0,0.0,,7
淘宝,,510800536,0.0,0.0,,4
淘宝,,510920581,0.0,0.0,,2
淘宝,,511016315,0.0,0.0,,1
淘宝,,511061906,0.0,0.0,,1
淘宝,,511491309,0.0,0.0,,1
淘宝,,511602495,0.0,0.0,,1
淘宝,,511681141,0.0,0.0,,1
淘宝,,511770074,0.0,0.0,,2
淘宝,,511845527,0.0,0.0,,1
淘宝,,511924324,0.0,0.0,,6
淘宝,,511930238,0.0,0.0,,3
淘宝,,512036999,0.0,0.0,,1
淘宝,,512043653,0.0,0.0,,2
淘宝,,512241636,0.0,0.0,,2
淘宝,,512280748,0.0,0.0,,1
淘宝,,512315476,0.0,0.0,,1
淘宝,,512375234,0.0,0.0,,1
淘宝,,512591562,0.0,0.0,,6
淘宝,,512765017,0.0,0.0,,6
淘宝,,513479522,0.0,0.0,,6
淘宝,,513845074,0.0,0.0,,1
淘宝,,513900286,0.0,0.0,,1
淘宝,,514415372,0.0,0.0,,9
淘宝,,514765373,0.0,0.0,,1
淘宝,,515137145,0.0,0.0,,1
淘宝,,515166674,0.0,0.0,,1
淘宝,,516926961,0.0,0.0,,6
淘宝,,516931703,0.0,0.0,,2
淘宝,,516937488,0.0,0.0,,1
淘宝,,516965561,0.0,0.0,,5
淘宝,,517006499,0.0,0.0,,3
淘宝,,517008500,0.0,0.0,,1
淘宝,,517028287,0.0,0.0,,1
淘宝,,517037339,0.0,0.0,,2
淘宝,,517117007,0.0,0.0,,2
淘宝,,517127237,0.0,0.0,,4
淘宝,,517128351,0.0,0.0,,3
淘宝,,517145523,0.0,0.0,,2
淘宝,,517695382,0.0,0.0,,1
淘宝,,517710695,0.0,0.0,,2
淘宝,,517915150,0.0,0.0,,3
淘宝,,517977076,0.0,0.0,,2
淘宝,,518058728,0.0,0.0,,2
淘宝,,518167230,0.0,0.0,,2
淘宝,,518176021,0.0,0.0,,1
淘宝,,518181951,0.0,0.0,,1
淘宝,,518227922,0.0,0.0,,3
淘宝,,519261302,0.0,0.0,,2
淘宝,,519265679,0.0,0.0,,4
淘宝,,520465096,0.0,0.0,,1
淘宝,,520545234,0.0,0.0,,1
淘宝,,520555893,0.0,0.0,,13
淘宝,,520645904,0.0,0.0,,1
淘宝,,520660663,0.0,0.0,,3
淘宝,,520661327,0.0,0.0,,1
淘宝,,520755866,0.0,0.0,,1
淘宝,,521155994,0.0,0.0,,1
淘宝,,522195216,0.0,0.0,,4
淘宝,,522215540,0.0,0.0,,5
淘宝,,522230292,0.0,0.0,,2
淘宝,,522235198,0.0,0.0,,2
淘宝,,522335350,0.0,0.0,,14
淘宝,,522340184,0.0,0.0,,1
淘宝,,522560775,0.0,0.0,,2
淘宝,,523100843,0.0,0.0,,1
淘宝,,523218223,0.0,0.0,,1
淘宝,,524916269,0.0,0.0,,1
淘宝,,525096490,0.0,0.0,,1
淘宝,,525300861,0.0,0.0,,30
淘宝,,525840273,0.0,0.0,,1
淘宝,,526910589,0.0,0.0,,1
淘宝,,527055199,0.0,0.0,,1
淘宝,,528800347,0.0,0.0,,30
淘宝,,528890340,0.0,0.0,,1
淘宝,,528905395,0.0,0.0,,1
淘宝,,528925321,0.0,0.0,,3
淘宝,,529611739,0.0,0.0,,1
淘宝,,529736945,0.0,0.0,,6
淘宝,,530270424,0.0,0.0,,2
淘宝,,536290914,0.0,0.0,,8
淘宝,,541814448,0.0,0.0,,10
淘宝,,541824891,0.0,0.0,,11
淘宝,,542598398,0.0,0.0,,9
淘宝,,543742235,5.0,2.2222222222222223,,9
淘宝,,544306227,0.0,0.0,,12
淘宝,,544575802,0.0,0.0,,24
淘宝,,545090110,0.0,0.0,,4
淘宝,,600955,0.0,0.0,,6
淘宝,,640975,0.0,0.0,,2
淘宝,,725322,0.0,0.0,,1
淘宝,,794963,0.0,0.0,,4
淘宝,,797844,0.0,0.0,,7
淘宝,,813082,0.0,0.0,,3
淘宝,,914754,0.0,0.0,,6
淘宝,,936089,0.0,0.0,,3
淘宝,,936136,0.0,0.0,,1
淘宝,,936141,0.0,0.0,,1
美团,C00002,3632202,4.7,4.6033333333333335,92.0,30
美团,C00003,3632196,4.6,4.5633333333333335,98.0,30
美团,C00005,15765636,4.1,4.316666666666666,97.0,30
美团,C00006,13809789,4.7,4.71,99.0,30
美团,C00007,15933854,4.5,4.5,97.0,30
美团,C00008,16728225,4.7,4.573333333333333,98.0,30
美团,C00009,8557118,4.6,4.3966666666666665,0.0,30
美团,C00010,15933128,4.6,4.6,96.0,30
美团,C00011,15166005,4.5,4.5,98.0,30
美团,C00013,3632197,4.4,4.433333333333334,78.0,30
美团,C00016,15166398,4.5,4.553333333333333,98.0,30
美团,C00021,3632755,4.1,4.22,97.0,30
美团,C00023,3632191,4.0,3.8733333333333335,97.0,30
美团,C00025,3632758,0.0,0.0,87.0,30
美团,C00033,22071092,4.3,4.2733333333333325,93.0,30
美团,C00039,3632759,4.4,4.4,92.0,30
美团,C00046,4653671,4.4,4.123333333333333,98.0,30
美团,C00058,8042314,4.4,4.52,98.0,30
美团,C00067,15932300,4.6,4.683333333333334,98.0,30
美团,C00081,3632192,4.4,4.55,72.0,30
美团,C00117,3632660,0.0,0.0,89.0,30
美团,C00125,15165966,4.6,4.586666666666667,98.0,30
美团,C00126,13860762,4.7,4.623333333333333,98.0,30
美团,C00127,3632757,4.6,4.516666666666667,98.0,30
美团,C00149,3709880,0.0,0.0,0.0,30
美团,C00152,21263224,4.6,4.673333333333333,75.0,30
美团,C00162,17965494,4.1,4.25,98.0,30
美团,C00170,2339346,4.3,4.5233333333333325,77.0,30
美团,C00173,4117735,4.5,4.453333333333333,98.0,30
美团,C00177,27527503,4.5,4.5,79.0,30
美团,C00182,2319521,0.0,0.0,88.0,30
美团,C00189,3709883,4.1,4.1,77.0,30
美团,C00222,2319444,4.5,4.593333333333333,78.0,30
美团,C00227,2319441,4.1,4.323333333333333,77.0,30
美团,C00241,4389516,4.3,4.513333333333334,97.0,30
美团,C00250,15955096,4.4,4.420000000000001,98.0,30
美团,C00258,3800475,4.5,4.55,78.0,30
美团,C00267,2319436,4.8,4.8,78.0,30
美团,C00288,3709881,0.0,0.0,68.0,30
美团,C00292,2319435,4.6,4.66,93.0,30
美团,C00295,20205406,4.6,4.556666666666667,92.0,30
美团,C00298,5475521,4.4,4.453333333333333,77.0,30
美团,C00310,29832805,0.0,0.0,37.0,18
美团,C00312,2319358,0.0,0.0,68.0,30
美团,C00321,202169,4.4,4.489999999999999,77.0,30
美团,C00350,21083636,4.6,4.45,0.0,30
美团,C00369,15985375,0.0,0.0,69.0,30
美团,C00372,3709878,4.5,4.526666666666667,78.0,30
美团,C00385,2318484,0.0,0.0,82.0,29
美团,C00391,18071376,0.0,0.0,69.0,30
美团,C00392,16426288,4.6,4.546666666666667,99.0,30
美团,C00398,16426169,0.0,0.0,69.0,30
美团,C00401,3551521,4.2,4.346666666666667,97.0,30
美团,C00402,16480674,4.6,4.623333333333333,98.0,30
美团,C00405,16426475,4.6,4.506666666666666,99.0,30
美团,C00407,6903798,4.5,4.416666666666667,0.0,30
美团,C00409,4248420,4.4,4.3533333333333335,71.0,30
美团,C00412,5372312,4.5,4.5,78.0,30
美团,C00455,11838514,4.7,4.75,98.0,30
美团,C00456,11838517,4.7,4.666666666666667,98.0,30
美团,C00460,17651442,0.0,0.0,68.0,30
美团,C00461,16212700,4.7,3.29,73.0,30
美团,C00463,1306834,4.7,4.7,98.0,30
美团,C00470,13723993,4.2,4.013333333333333,97.0,30
美团,C00475,1176632,0.0,3.34,89.0,5
美团,C00478,3901238,4.4,4.390000000000001,97.0,30
美团,C00479,10890319,0.0,0.0,69.0,30
美团,C00480,2947443,4.5,4.5,95.0,30
美团,C00481,27467284,4.5,4.413333333333333,99.0,30
美团,C00485,2947442,4.6,4.733333333333333,88.0,30
美团,C00489,4034668,4.5,4.5633333333333335,97.0,30
美团,C00491,9784037,0.0,2.0533333333333332,68.0,30
美团,C00492,2946704,4.7,4.6466666666666665,98.0,30
美团,C00495,9784042,0.0,0.0,68.0,30
美团,C00499,19191303,4.8,4.24,78.0,30
美团,C00503,13899823,0.0,0.0,88.0,30
美团,C00509,23780207,4.7,4.613333333333332,98.0,30
美团,C00512,11838521,0.0,3.8366666666666664,89.0,30
美团,C00516,2712458,0.0,0.0,84.0,30
美团,C00525,30424053,4.4,4.4,95.0,30
美团,C00526,13691178,4.3,3.61,97.0,30
美团,C00560,687708,4.5,4.27,78.0,30
美团,C00671,4164208,4.5,4.443333333333333,0.0,30
美团,C00682,14301976,4.5,4.319999999999999,88.0,30
美团,C00689,3901263,4.7,4.676666666666667,72.0,30
美团,C00690,3901717,4.5,4.63,78.0,30
美团,C00696,2398232,4.3,4.363333333333333,0.0,30
美团,C00700,3901264,4.7,4.6066666666666665,88.0,30
美团,C00703,17401307,4.5,4.453333333333333,87.0,30
美团,C00707,2946727,4.6,4.56,78.0,30
美团,C00708,23689721,0.0,0.0,86.0,30
美团,C00711,13102695,3.9,3.8133333333333335,76.0,30
美团,C00712,1315610,4.4,4.423333333333334,97.0,30
美团,C00713,1182775,3.7,3.8133333333333335,77.0,30
美团,C00716,2946724,4.3,4.133333333333334,77.0,30
美团,C00726,2946722,4.6,4.6066666666666665,78.0,30
美团,C00727,9147156,0.0,0.0,58.0,30
美团,C00729,4357516,4.3,4.366666666666666,86.0,30
美团,C00732,2708372,4.1,4.3100000000000005,77.0,30
美团,C00746,13791264,0.0,0.0,57.0,30
美团,C00749,15017326,4.5,2.417857142857143,98.0,28
美团,C00752,23978060,4.7,4.736666666666666,94.0,30
美团,C00758,17822099,4.8,4.6466666666666665,78.0,30
美团,C00765,2947447,4.5,4.233333333333333,97.0,30
美团,C00766,19323533,3.8,3.8,85.0,30
美团,C00775,5999105,4.7,4.736666666666666,88.0,30
美团,C00780,4163854,4.7,4.683333333333334,78.0,30
美团,C00803,5852976,0.0,0.0,68.0,30
美团,C00808,16772616,0.0,0.0,68.0,30
美团,C00809,21469686,0.0,0.0,69.0,30
美团,C00815,4357515,0.0,0.0,44.0,30
美团,C00820,5551664,4.5,4.426666666666667,92.0,30
美团,C00828,13899902,4.5,4.62,98.0,30
美团,C00831,8697172,4.4,4.666666666666667,87.0,30
美团,C00846,2947449,4.7,4.6466666666666665,88.0,30
美团,C00855,26126595,0.0,0.0,45.0,25
美团,C00871,13130349,0.0,0.0,78.0,30
美团,C00892,3901270,4.8,4.77,98.0,30
美团,C00893,3901269,4.5,4.683333333333334,97.0,30
美团,C00899,3466211,0.0,3.6,68.0,30
美团,C00900,16433517,4.6,1.7699999999999998,98.0,30
美团,C00901,21076531,4.0,4.0,97.0,30
美团,C00908,10663968,4.5,4.5,78.0,30
美团,C00912,3901800,0.0,0.0,63.0,30
美团,C00927,21446991,4.4,4.41,73.0,30
美团,C00930,4449537,4.2,4.06,77.0,30
美团,C00952,13553252,4.3,4.453333333333333,77.0,30
美团,C00959,1205341,4.2,4.34,50.0,30
美团,C00963,3433440,4.0,1.74,75.0,30
美团,C00965,29522025,4.6,3.36,71.0,30
美团,C00981,3901715,0.0,0.0,89.0,30
美团,C00983,2946741,0.0,0.0,38.0,30
美团,C00985,3901266,4.1,4.433333333333334,87.0,30
美团,C00986,1915508,4.4,4.493333333333334,97.0,30
美团,C00988,1713009,0.0,0.0,38.0,30
美团,C00989,30487234,0.0,0.0,76.0,30
美团,C00993,4117898,0.0,0.0,76.0,30
美团,C00996,17296222,0.0,0.0,38.0,30
美团,C00999,2946732,4.5,4.56,57.0,30
美团,C01002,5311765,4.5,4.596666666666667,87.0,30
美团,C01007,24036816,4.5,4.5633333333333335,83.0,30
美团,C01016,2947453,4.6,4.616666666666666,88.0,30
美团,C01018,18122225,0.0,0.0,48.0,30
美团,C01020,20880405,0.0,0.0,50.0,30
美团,C01032,2946738,4.4,4.246666666666667,77.0,30
美团,C01038,2946731,3.9,3.8766666666666665,87.0,30
美团,C01043,2946730,0.0,2.79,38.0,30
美团,C01055,14225507,0.0,0.0,78.0,30
美团,C01056,2946734,4.6,4.506666666666666,98.0,30
美团,C01058,16787170,0.0,0.0,68.0,30
美团,C01065,3026439,0.0,0.0,69.0,30
美团,C01066,3026438,4.5,4.506666666666666,79.0,30
美团,C01072,16445271,4.4,4.373333333333334,78.0,30
美团,C01073,5879886,4.8,4.736666666666666,79.0,30
美团,C01075,14082776,0.0,0.0,40.0,30
美团,C01077,1677882,3.9,4.104347826086957,77.0,23
美团,C01078,3556519,4.3,4.34,78.0,30
美团,C01079,26837005,0.0,2.933333333333333,64.0,30
美团,C01081,19719666,4.3,3.1533333333333333,75.0,30
美团,C01083,1254023,4.4,4.288,66.0,25
美团,C01088,5311764,4.4,4.35,78.0,30
美团,C01091,2353690,4.5,2.85,78.0,30
美团,C01093,1126687,4.0,4.246666666666667,77.0,30
美团,C01095,1816501,4.1,4.22,98.0,30
美团,C01099,1850898,4.5,4.5,78.0,30
美团,C01112,27374281,0.0,0.0,34.0,30
美团,C01121,1376286,4.7,2.8400000000000003,79.0,30
美团,C01122,2634339,4.6,4.626666666666667,94.0,30
美团,C01125,1620832,0.0,0.0,35.0,30
美团,C01128,19440713,4.5,4.28,74.0,30
美团,C01129,6153944,4.5,3.19,78.0,30
美团,C01138,21604548,4.0,3.6166666666666667,87.0,30
美团,C01139,1277982,4.8,4.683333333333334,78.0,30
美团,C01150,3539504,4.6,4.736666666666666,66.0,30
美团,C01152,1073274,0.0,0.0,68.0,30
美团,C01159,1501228,0.0,0.0,85.0,30
美团,C01162,3901703,0.0,0.0,68.0,30
美团,C01167,3026437,4.6,4.6,69.0,30
美团,C01173,3901798,4.3,4.076666666666666,97.0,30
美团,C01190,3213049,3.7,1.1900000000000002,86.0,30
美团,C01199,26126445,3.9,4.026666666666666,60.0,30
美团,C01216,17943928,4.8,4.6866666666666665,78.0,30
美团,C01229,14169806,0.0,0.0,38.0,10
美团,C01248,2989654,4.2,4.3133333333333335,77.0,30
美团,C01301,4851073,4.6,4.546666666666667,92.0,30
美团,C01373,4653665,4.2,4.45,0.0,30
美团,C01399,1485822,4.5,4.3,78.0,30
美团,C01403,2449985,4.8,4.8,99.0,30
美团,C01413,2675962,4.8,4.569999999999999,99.0,30
美团,C01842,19174824,4.3,4.3,91.0,30
美团,C01848,15997147,4.4,4.23,78.0,30
美团,C01849,18196889,4.5,4.406666666666666,99.0,30
美团,C01861,4142305,4.2,4.306666666666667,88.0,30
美团,C01933,1665449,4.6,4.6,99.0,30
美团,C01936,3551454,4.4,4.45,98.0,30
美团,C01957,738835,4.4,4.508,58.0,25
美团,C01972,3432732,4.5,4.343333333333334,99.0,30
美团,C01986,3551524,4.4,4.428,67.0,25
美团,C01999,17966434,4.4,4.571428571428571,97.0,28
美团,C02001,7080227,4.2,4.076923076923077,0.0,13
美团,C02003,14016567,0.0,0.0,88.0,30
美团,C02005,26434437,4.3,3.242857142857143,98.0,28
美团,C02007,5428910,4.6,4.59,0.0,30
美团,C02011,13040350,4.6,4.446666666666667,98.0,30
美团,C02017,4653668,4.2,4.566666666666666,77.0,30
美团,C02038,20832777,4.8,4.713333333333334,99.0,30
美团,C02043,2172028,4.7,4.739999999999999,92.0,30
美团,C02046,10770217,4.7,4.54,99.0,30
美团,C02049,4291338,4.0,4.156666666666667,94.0,30
美团,C02053,870169,4.4,4.456666666666667,98.0,30
美团,C02068,3153188,4.6,4.606896551724137,73.0,29
美团,C02075,3299055,0.0,3.824,38.0,25
美团,C02082,2931451,4.6,4.503333333333333,99.0,30
美团,C02087,1174524,4.8,4.706666666666667,92.0,30
美团,C02120,3567468,4.6,4.56,0.0,30
美团,C02135,13863517,4.4,4.333333333333333,77.0,30
美团,C02137,2614484,4.5,4.376666666666667,97.0,30
美团,C02139,1566576,4.9,4.683333333333334,99.0,30
美团,C02162,4333488,4.6,4.723333333333333,76.0,30
美团,C02180,366226,4.1,4.232,0.0,25
美团,C02183,184295,4.7,4.62,97.0,30
美团,C02192,2931442,4.7,4.7,97.0,30
美团,C02195,2499679,0.0,0.0,58.0,5
美团,C02203,10817151,4.5,4.37,97.0,30
美团,C02210,2861172,4.3,4.21,76.0,30
美团,C02216,2401198,0.0,4.4,68.0,30
美团,C02221,25600090,4.6,4.743333333333334,97.0,30
美团,C02229,1389435,4.4,4.3,97.0,30
美团,C02231,686359,4.5,4.41,78.0,30
美团,C02232,1016735,0.0,0.32,38.0,25
美团,C02236,4770489,4.9,4.8533333333333335,89.0,30
美团,C02242,8841957,4.6,4.6,96.0,30
美团,C02245,3800103,0.0,0.0,37.0,21
美团,C02247,2324876,4.5,4.48,79.0,30
美团,C02252,12840741,4.6,4.636666666666667,98.0,30
美团,C02253,1281149,4.5,4.489999999999999,97.0,30
美团,C02256,492346,4.7,4.693333333333333,93.0,30
美团,C02257,909081,0.0,0.0,43.0,21
美团,C02266,337255,4.6,4.556666666666667,98.0,30
美团,C02276,14497572,4.3,3.6166666666666667,87.0,30
美团,C02279,20055304,4.6,4.6,99.0,30
美团,C02288,1655244,4.3,4.053333333333333,95.0,30
美团,C02299,3709890,4.5,4.5,77.0,30
美团,C02303,3207733,4.4,4.35,96.0,30
美团,C02323,5839058,4.2,4.343333333333334,97.0,30
美团,C02329,10770216,0.0,0.0,37.0,21
美团,C02333,1609551,4.3,4.42,57.0,25
美团,C02341,1103577,4.6,4.69,99.0,30
美团,C02386,2185128,3.9,4.073333333333333,96.0,30
美团,C02395,613522,4.5,4.583333333333333,77.0,30
美团,C02398,646761,4.6,4.4366666666666665,98.0,30
美团,C02448,351225,4.7,4.566666666666666,95.0,30
美团,C02456,13226973,4.6,4.563333333333333,76.0,30
美团,C02477,1841001,0.0,0.0,68.0,30
美团,C02498,4248606,4.6,4.6,97.0,30
美团,C02513,388276,4.5,4.5,97.0,30
美团,C02515,521988,0.0,0.0,30.0,25
美团,C02535,4831399,4.3,4.319999999999999,74.0,30
美团,C02536,26343322,3.3,3.32,96.0,30
美团,C02542,1966397,0.0,0.0,49.0,25
美团,C02555,25198388,4.4,4.569999999999999,94.0,30
美团,C02567,9614039,4.8,4.8,97.0,30
美团,C02583,331484,4.0,3.8133333333333335,77.0,30
美团,C02617,10699571,4.9,4.863333333333333,99.0,30
美团,C02629,1911031,4.6,4.6,74.0,30
美团,C02647,3432145,4.7,4.7,98.0,30
美团,C02652,15428794,4.8,4.8,99.0,30
美团,C02665,19204345,4.7,4.636666666666667,98.0,30
美团,C02668,3362403,4.4,4.316666666666666,98.0,30
美团,C02683,20306568,4.5,4.513333333333334,98.0,30
美团,C02688,4832633,0.0,0.0,37.0,25
美团,C02690,18927120,4.4,4.256666666666667,97.0,30
美团,C02712,405353,4.7,4.623333333333333,91.0,30
美团,C02739,621661,4.5,4.47,98.0,30
美团,C02783,613509,4.1,3.993333333333333,95.0,30
美团,C02805,613513,4.1,4.093333333333333,96.0,30
美团,C02807,3153187,4.3,4.556666666666667,76.0,30
美团,C02810,5806525,4.7,4.6033333333333335,97.0,30
美团,C02813,625074,3.6,3.6266666666666665,74.0,30
美团,C02837,28298073,4.3,4.6033333333333335,89.0,30
美团,C02842,19794949,4.4,4.4766666666666675,98.0,30
美团,C02849,866887,4.4,4.553333333333333,97.0,30
美团,C02858,3952184,0.0,0.0,38.0,6
美团,C02866,17716668,3.9,4.024,72.0,25
美团,C02872,1145459,4.7,4.663333333333333,95.0,30
美团,C02882,10702544,0.0,0.0,65.0,30
美团,C02889,1477574,4.4,4.513333333333334,96.0,30
美团,C02892,624600,4.4,4.346666666666667,96.0,30
美团,C02893,13285416,4.5,4.666666666666667,96.0,30
美团,C02916,13385552,3.9,3.69,95.0,30
美团,C02919,512994,4.6,4.473333333333333,0.0,30
美团,C02923,1722539,4.3,4.473333333333333,78.0,30
美团,C02925,3447741,4.5,4.583333333333333,98.0,30
美团,C02933,410437,4.5,4.5,94.0,30
美团,C02943,625072,4.6,4.7,97.0,30
美团,C02978,1866253,4.2,4.308,46.0,25
美团,C03003,600826,0.0,0.0,42.0,25
美团,C03006,2175995,4.7,4.7,99.0,30
美团,C03009,17732032,4.7,4.739999999999999,88.0,30
美团,C03013,3551448,4.0,3.9066666666666667,0.0,30
美团,C03017,475300,0.0,0.0,40.0,13
美团,C03020,1158330,4.8,4.760000000000001,78.0,30
美团,C03031,613527,4.2,4.2733333333333325,96.0,30
美团,C03033,24558516,4.7,4.663333333333333,77.0,30
美团,C03037,917091,4.5,4.573333333333333,76.0,30
美团,C03052,613603,4.7,4.623333333333333,99.0,30
美团,C03086,5590061,0.0,0.0,64.0,30
美团,C03099,3268359,4.5,4.35,76.0,30
美团,C03106,13987511,4.7,4.766666666666667,96.0,30
美团,C03109,3048102,4.1,4.256666666666667,96.0,30
美团,C03121,613515,4.7,4.743333333333334,98.0,30
美团,C03131,4653681,4.4,4.33,96.0,30
美团,C03132,2121091,4.5,4.180000000000001,0.0,30
美团,C03173,15765859,4.3,4.433333333333334,97.0,30
美团,C03188,11341541,4.7,4.743333333333334,98.0,30
美团,C03234,4596633,0.0,0.0,67.0,30
美团,C03299,18196742,0.0,0.0,88.0,30
美团,C03463,4504926,4.7,4.7,99.0,30
美团,C03600,10686349,4.0,1.8666666666666667,87.0,30
美团,C03601,5713992,0.0,0.0,52.0,30
美团,C03607,10979238,4.4,4.506666666666666,98.0,30
美团,C03612,16174802,0.0,4.236666666666666,89.0,30
美团,C03626,7466934,4.3,4.366666666666666,77.0,30
美团,C03628,26540059,0.0,0.0,50.0,30
美团,C03630,8712402,0.0,0.0,68.0,30
美团,C03738,4438420,0.0,0.0,70.0,30
美团,C03740,20901922,4.6,1.2233333333333332,79.0,30
美团,C03761,5223649,4.4,4.326666666666667,98.0,30
美团,C03765,4596548,4.7,4.6466666666666665,99.0,30
美团,C03773,6578007,0.0,0.0,68.0,30
美团,C03818,17898403,4.4,4.476,58.0,25
美团,C03897,7149293,4.1,4.243333333333333,77.0,30
美团,C03922,16212352,0.0,0.0,87.0,30
美团,C03936,20433220,4.2,4.236000000000001,42.0,25
美团,C03936,9791674,4.7,4.64,99.0,30
美团,C03943,4942047,4.4,4.503333333333333,98.0,30
美团,C03947,5134373,4.9,4.766666666666667,98.0,30
美团,C03951,25374893,4.7,4.7,99.0,30
美团,C03962,7298570,4.6,4.66,99.0,30
美团,C03967,4832630,4.7,4.7,98.0,30
美团,C03978,4832537,4.7,4.75,97.0,30
美团,C03979,7828780,4.1,4.213333333333334,77.0,30
美团,C03991,12315719,3.9,3.11,86.0,30
美团,C03999,5204032,4.4,4.503333333333333,97.0,30
美团,C04067,6206541,4.4,4.53,97.0,30
美团,C04070,5134449,4.0,4.17,74.0,30
美团,C04096,6578013,4.4,4.4366666666666665,77.0,30
美团,C04110,5312243,4.5,4.6,78.0,30
美团,C04111,5373897,4.5,4.433333333333334,98.0,30
美团,C04120,10180134,4.6,0.6133333333333333,78.0,30
美团,C04123,5760976,4.7,4.63,99.0,30
美团,C04131,8464439,0.0,0.0,40.0,15
美团,C04132,5592178,4.6,4.596666666666667,79.0,30
美团,C04133,5373898,4.6,4.592,59.0,25
美团,C04169,5059259,4.1,4.233333333333333,95.0,30
美团,C04203,28312390,4.6,4.363333333333333,79.0,30
美团,C04225,13886370,4.6,4.6,77.0,30
美团,C04246,18338564,4.1,4.096666666666667,97.0,30
美团,C04261,7080229,4.6,4.486666666666666,98.0,30
美团,C04267,13202571,4.5,4.5233333333333325,78.0,30
美团,C04363,12919796,4.8,4.706666666666666,98.0,30
美团,C04390,5312245,4.2,4.173333333333334,77.0,30
美团,C04447,9331192,4.3,4.24,76.0,10
美团,C04450,15248460,4.3,4.066666666666666,98.0,30
美团,C04502,5806429,4.5,4.5,99.0,30
美团,C04561,8185319,4.4,4.336666666666667,92.0,30
美团,C04616,28327994,4.4,4.67,78.0,30
美团,C04638,5999068,0.0,0.0,48.0,25
美团,C04683,6776345,4.3,4.19,98.0,30
美团,C04749,5994354,4.4,4.2,97.0,30
美团,C04763,6578006,4.8,4.776666666666667,79.0,30
美团,C04764,10410586,4.6,4.6,79.0,30
美团,C04775,6716479,0.0,0.0,68.0,30
美团,C04865,6165855,4.6,4.633333333333334,99.0,30
美团,C04902,19358068,0.0,0.0,49.0,30
美团,C04926,6716478,4.8,4.753333333333333,98.0,30
美团,C04946,6120463,0.0,0.0,78.0,23
美团,C05017,8516324,3.9,3.6933333333333334,96.0,30
美团,C05047,6276374,4.4,4.4766666666666675,78.0,30
美团,C05056,6842035,4.4,4.493333333333334,97.0,30
美团,C05093,14016862,0.0,0.0,56.0,30
美团,C05106,6904194,4.8,4.696666666666667,98.0,30
美团,C05128,6776350,4.1,3.8966666666666665,97.0,30
美团,C05138,8914692,4.7,4.69,98.0,30
美团,C05140,26816279,4.7,4.7,79.0,30
美团,C05160,9511532,4.5,4.41,97.0,30
美团,C05227,9784039,0.0,0.7266666666666667,61.0,30
美团,C05231,6716484,4.0,3.9833333333333334,96.0,30
美团,C05237,7880796,4.5,4.376666666666667,97.0,30
美团,C05312,6842037,4.4,0.14666666666666667,77.0,30
美团,C05336,6674953,4.7,3.7366666666666664,99.0,30
美团,C05402,6984701,4.6,4.656666666666666,99.0,30
美团,C05419,25504532,4.7,4.616666666666666,99.0,30
美团,C05446,9117554,4.6,4.6,73.0,30
美团,C05461,7025893,4.4,4.432,88.0,25
美团,C05477,13653715,4.6,4.753333333333333,79.0,30
美团,C05482,5311757,0.0,0.0,69.0,30
美团,C05483,7149163,0.0,2.268,39.0,25
美团,C05533,7467915,4.6,4.7266666666666675,79.0,30
美团,C05555,7810474,4.5,4.46,95.0,30
美团,C05636,8317388,0.0,0.0,58.0,22
美团,C05671,7298566,4.4,4.23,76.0,30
美团,C05703,23741750,4.4,4.4,78.0,30
美团,C05727,26065394,4.6,4.5,99.0,30
美团,C05736,7477504,4.6,4.66,99.0,30
美团,C05780,29539859,4.8,4.76,99.0,30
美团,C05798,7502754,4.6,4.54,95.0,30
美团,C05817,27368303,4.0,4.293333333333334,96.0,30
美团,C05840,7502761,0.0,0.0,57.0,30
美团,C05901,17805681,4.6,4.583333333333333,87.0,30
美团,C05908,10052945,4.5,4.609999999999999,97.0,30
美团,C05953,7717587,0.0,0.0,68.0,30
美团,C05955,26321901,0.0,0.0,40.0,25
美团,C06008,7805907,4.3,4.346666666666667,91.0,30
美团,C06013,7879952,4.1,4.553333333333333,98.0,30
美团,C06017,18433172,4.3,4.413333333333333,88.0,30
美团,C06071,7690707,4.6,0.9233333333333333,79.0,30
美团,C06082,9009268,4.2,4.346666666666667,97.0,30
美团,C06087,8825286,0.0,1.9479999999999997,39.0,25
美团,C06117,8073992,4.5,4.493333333333334,97.0,30
美团,C06126,7814540,4.6,4.546666666666667,98.0,30
美团,C06178,8398338,0.0,3.824,69.0,25
美团,C06258,25863313,4.3,4.18,98.0,30
美团,C06259,8563969,4.1,4.12,76.0,30
美团,C06342,26772372,4.1,4.430000000000001,98.0,30
美团,C06352,8185320,4.4,4.536,58.0,25
美团,C06353,7964709,4.1,4.11,70.0,30
美团,C06366,7980019,0.0,0.0,39.0,25
美团,C06385,8745153,4.6,4.713333333333334,97.0,30
美团,C06396,8113862,4.8,4.703333333333333,95.0,30
美团,C06403,8358043,4.6,4.6,99.0,30
美团,C06423,14016570,4.2,4.023333333333333,77.0,30
美团,C06427,8348101,4.2,3.9566666666666666,95.0,30
美团,C06440,8370812,0.0,0.0,33.0,25
美团,C06459,8578080,4.6,4.6,77.0,30
美团,C06480,8976726,4.3,4.3,94.0,1
美团,C06558,8354708,4.0,4.093333333333333,96.0,30
美团,C06626,31174152,0.0,0.0,66.0,30
美团,C06650,8698962,4.7,4.653333333333333,99.0,30
美团,C06682,12785684,0.0,0.0,68.0,30
美团,C06702,8667166,4.6,4.633333333333334,98.0,30
美团,C06720,9571549,4.3,4.226666666666667,97.0,30
美团,C06724,8471115,0.0,0.0,70.0,30
美团,C06734,8996822,3.9,4.256666666666667,76.0,30
美团,C06753,25986203,0.0,0.0,63.0,30
美团,C06760,8645938,0.0,0.0,68.0,30
美团,C06819,8745379,4.2,3.05,77.0,30
美团,C06841,8641561,4.6,4.58,99.0,30
美团,C06919,9415691,0.0,0.0,89.0,30
美团,C06926,20360959,0.0,0.0,68.0,30
美团,C07072,15932094,4.5,4.5633333333333335,98.0,30
美团,C07095,8773520,0.0,0.0,59.0,10
美团,C07119,8991603,4.1,4.183333333333334,96.0,30
美团,C07120,9176225,4.5,4.5,98.0,30
美团,C07160,8914323,4.5,4.6066666666666665,95.0,30
美团,C07162,9104934,4.5,4.66,95.0,30
美团,C07165,9474804,4.5,4.346666666666667,71.0,30
美团,C07193,24182576,4.1,4.1,97.0,30
美团,C07217,27467282,4.5,4.426666666666667,79.0,30
美团,C07222,9798874,0.0,0.0,88.0,30
美团,C07253,9389179,0.0,0.0,89.0,30
美团,C07278,7149160,0.0,0.0,55.0,4
美团,C07294,10485516,4.5,4.47,78.0,30
美团,C07303,9117553,4.5,4.596666666666666,92.0,30
美团,C07312,9569452,4.9,4.683333333333334,74.0,30
美团,C07334,9621849,4.5,4.483333333333333,77.0,30
美团,C07470,3026431,0.0,0.0,89.0,30
美团,C07493,14283590,3.8,3.7766666666666664,93.0,30
美团,C07581,27978608,0.0,4.073333333333333,89.0,30
美团,C07582,9621947,4.5,4.35,98.0,30
美团,C07605,10052957,4.6,4.546666666666667,98.0,30
美团,C07606,10025474,4.2,4.37,97.0,30
美团,C07642,18282959,4.3,4.203333333333333,97.0,30
美团,C07646,15165753,4.6,4.583333333333333,98.0,30
美团,C07661,3632183,4.7,4.6066666666666665,98.0,30
美团,C07662,11147407,0.0,0.0,40.0,21
美团,C07666,12897407,4.0,4.046666666666666,73.0,30
美团,C07685,27467838,4.6,4.653333333333333,99.0,30
美团,C07737,15996133,4.5,4.5,98.0,30
美团,C07760,10131922,4.5,4.423333333333334,98.0,30
美团,C07764,9589648,4.2,4.283333333333333,98.0,30
美团,C07780,9579176,0.0,0.0,35.0,25
美团,C07790,27189714,4.5,4.5,73.0,30
美团,C07812,9832139,4.3,4.243333333333333,97.0,30
美团,C07813,9693152,4.5,4.543333333333333,98.0,30
美团,C07814,17948098,3.8,4.1,76.0,30
美团,C07839,9621848,4.5,4.5,78.0,30
美团,C07887,9382449,4.5,4.5,99.0,30
美团,C07901,10911956,4.4,4.59,98.0,30
美团,C07923,11024319,0.0,3.4699999999999998,77.0,30
美团,C07960,10046757,4.3,4.383333333333334,98.0,30
美团,C08045,10088996,4.8,4.66,97.0,30
美团,C08048,17805803,0.0,3.6,88.0,30
美团,C08076,10211328,4.3,4.356666666666667,97.0,30
美团,C08088,10117835,3.7,3.89,96.0,30
美团,C08100,10212820,4.3,4.180000000000001,97.0,30
美团,C08101,10209227,4.3,4.233333333333333,58.0,18
美团,C08122,13256987,4.1,4.336666666666667,88.0,30
美团,C08132,14722469,4.5,4.483333333333333,79.0,30
美团,C08142,10211481,0.0,0.0,38.0,14
美团,C08198,18506892,4.6,4.403333333333333,78.0,30
美团,C08204,17401161,4.1,1.3633333333333333,97.0,30
美团,C08234,10257672,0.0,3.196,57.0,25
美团,C08309,17660475,0.0,0.0,78.0,30
美团,C08311,10383223,4.7,4.703333333333333,77.0,30
美团,C08340,12919795,4.5,4.4,0.0,30
美团,C08374,10734164,4.8,4.72,97.0,30
美团,C08423,10770283,4.6,4.636666666666667,77.0,30
美团,C08443,10710419,4.1,4.176666666666667,76.0,30
美团,C08504,11437757,4.5,0.15,98.0,30
美团,C08553,10917066,4.9,4.62,76.0,30
美团,C08570,5429258,4.5,4.463333333333334,98.0,30
美团,C08571,7573852,4.5,4.62,98.0,30
美团,C08581,12393944,4.2,4.066666666666666,78.0,30
美团,C08597,11035464,4.7,4.596666666666667,77.0,30
美团,C08646,11028681,4.3,4.306666666666667,93.0,30
美团,C08708,11154517,4.5,4.653333333333333,78.0,30
美团,C08735,11948784,3.4,3.49,75.0,30
美团,C08796,15281570,4.6,4.543333333333333,98.0,30
美团,C08799,31742023,4.2,4.183333333333334,66.0,30
美团,C08881,13404401,0.0,0.0,88.0,30
美团,C08895,11616645,4.2,2.36,97.0,30
美团,C08948,14282682,4.6,4.746666666666667,98.0,30
美团,C09001,13110756,0.0,0.0,35.0,24
美团,C09010,12111662,4.1,4.01,97.0,30
美团,C09015,11765852,0.0,0.0,40.0,25
美团,C09023,12150133,4.6,4.486666666666666,97.0,30
美团,C09039,13860852,4.4,4.36,98.0,30
美团,C09064,2947445,4.3,4.430000000000001,97.0,30
美团,C09099,14214252,4.5,4.5,98.0,5
美团,C09103,29926983,0.0,0.0,58.0,30
美团,C09104,11485413,4.4,4.596666666666667,98.0,30
美团,C09146,12192708,4.4,4.286666666666666,98.0,30
美团,C09165,26025255,4.5,4.4,98.0,30
美团,C09171,7225403,4.6,4.546666666666667,98.0,30
美团,C09193,23639516,4.5,4.466666666666667,98.0,30
美团,C09198,12366975,4.6,4.556666666666667,74.0,30
美团,C09208,15700996,4.6,4.67,98.0,30
美团,C09209,17401412,4.4,4.503333333333333,95.0,30
美团,C09229,13383568,4.5,2.856666666666667,77.0,30
美团,C09238,12745836,4.5,4.22,0.0,30
美团,C09267,12785680,4.2,3.8133333333333335,97.0,30
美团,C09275,32208702,0.0,3.4466666666666668,61.0,30
美团,C09310,12839898,4.7,4.767857142857143,79.0,28
美团,C09342,13125640,4.7,4.733333333333333,95.0,30
美团,C09375,5947507,4.4,4.386666666666668,77.0,30
美团,C09391,13114411,0.0,0.0,79.0,30
美团,C09394,13858356,4.5,4.5633333333333335,78.0,30
美团,C09402,13041429,0.0,0.0,38.0,25
美团,C09403,13261185,4.8,4.756666666666666,78.0,30
美团,C09404,12897510,4.3,4.4,98.0,30
美团,C09409,13172635,0.0,0.0,32.0,25
美团,C09431,13448520,4.6,4.6,98.0,30
美团,C09505,13041427,4.6,4.46,98.0,30
美团,C09523,13036643,4.7,4.62,78.0,30
美团,C09547,13215959,4.7,4.673333333333333,77.0,30
美团,C09549,13196551,4.1,4.3,97.0,30
美团,C09551,32571367,0.0,1.5166666666666666,69.0,30
美团,C09566,13207652,0.0,0.0,78.0,30
美团,C09599,886128,4.7,4.760000000000001,98.0,30
美团,C09646,13492369,4.7,4.6433333333333335,99.0,30
美团,C09673,13900074,4.3,4.2,98.0,30
美团,C09685,14108869,4.4,4.016666666666667,87.0,30
美团,C09693,13474337,0.0,0.0,38.0,10
美团,C09704,13527977,3.0,2.6233333333333335,71.0,30
美团,C09707,14224210,4.5,4.423333333333334,98.0,30
美团,C09712,13840377,0.0,0.0,39.0,25
美团,C09764,13801066,4.5,4.6,93.0,30
美团,C09784,13876673,0.0,0.0,40.0,25
美团,C09801,13650478,0.0,0.0,40.0,25
美团,C09867,14718863,0.0,0.0,65.0,30
美团,C09919,14021138,4.4,4.4,96.0,30
美团,C10051,16642805,4.0,3.3333333333333335,77.0,30
美团,C10066,14215451,4.5,4.593333333333333,98.0,30
美团,C10068,14309103,0.0,0.0,39.0,30
美团,C10074,8719943,4.5,4.363333333333333,98.0,30
美团,C10096,31408612,0.0,0.0,34.0,30
美团,C10169,14743219,0.0,0.0,49.0,30
美团,C10172,15022640,4.8,4.753333333333333,97.0,30
美团,C10177,14718701,4.6,4.596666666666666,92.0,30
美团,C10182,14719308,4.8,3.533333333333333,99.0,30
美团,C10183,14724712,4.4,4.24,77.0,30
美团,C10218,14765362,4.3,4.3,97.0,30
美团,C10229,15032706,4.8,4.85,98.0,30
美团,C10243,14657749,4.2,4.180000000000001,94.0,30
美团,C10270,15083763,0.0,0.0,39.0,16
美团,C10283,24036060,4.6,4.6,97.0,30
美团,C10284,24036493,4.5,4.56,79.0,30
美团,C10301,15212380,4.7,4.7,98.0,30
美团,C10302,15701688,0.0,0.0,39.0,25
美团,C10316,15014348,4.6,4.503333333333333,98.0,30
美团,C10320,15166269,0.0,0.0,89.0,30
美团,C10332,15044472,4.6,4.566666666666666,97.0,30
美团,C10337,15166221,0.0,0.0,89.0,30
美团,C10356,15104317,4.7,4.73,0.0,30
美团,C10380,15166322,4.8,4.346666666666667,78.0,30
美团,C10417,15027095,4.2,4.248,56.0,25
美团,C10418,19217992,0.0,0.0,47.0,30
美团,C10427,27346646,4.2,4.263999999999999,76.0,25
美团,C10434,15376634,4.4,4.403333333333334,97.0,30
美团,C10442,15407456,4.1,1.913333333333333,77.0,30
美团,C10443,29784319,4.4,2.123333333333333,71.0,30
美团,C10453,15262564,4.7,4.703333333333333,73.0,30
美团,C10462,5294396,4.2,4.319999999999999,98.0,30
美团,C10470,15410018,4.3,4.376666666666667,78.0,30
美团,C10499,10464635,4.5,4.59,96.0,30
美团,C10525,25321386,0.0,0.0,34.0,28
美团,C10562,16431383,4.2,4.163333333333333,78.0,30
美团,C10567,15442268,4.5,4.4366666666666665,98.0,30
美团,C10583,15805116,4.6,4.6,99.0,30
美团,C10585,15809965,0.0,0.0,40.0,25
美团,C10627,19800414,4.4,4.4,96.0,30
美团,C10628,21080114,4.5,4.506666666666666,98.0,30
美团,C10630,19875959,0.0,0.0,89.0,30
美团,C10634,19358022,0.0,0.0,38.0,30
美团,C10646,18478237,0.0,0.7633333333333333,84.0,30
美团,C10726,15702373,4.3,4.29,93.0,30
美团,C10727,15601573,4.2,4.463333333333334,0.0,30
美团,C10769,15625570,0.0,0.0,40.0,25
美团,C10783,16442743,4.6,4.673333333333333,98.0,30
美团,C10822,15983740,4.3,4.223333333333334,77.0,30
美团,C10844,15803970,4.8,4.760000000000001,98.0,30
美团,C10885,16214879,0.0,0.0,87.0,30
美团,C10887,15954961,0.0,0.0,58.0,30
美团,C10897,16800143,4.1,4.17,92.0,30
美团,C10910,16241466,4.7,4.683333333333334,79.0,30
美团,C10915,24036831,4.6,4.66,99.0,30
美团,C10981,16795853,4.1,4.156000000000001,57.0,25
美团,C10998,16228817,4.3,4.1433333333333335,96.0,30
美团,C11006,16433779,4.0,3.9466666666666663,76.0,30
美团,C11040,26972129,0.0,0.0,35.0,25
美团,C11064,16442952,4.6,4.6,94.0,25
美团,C11088,19323732,0.0,0.0,68.0,30
美团,C11106,16442261,4.6,4.546666666666667,88.0,30
美团,C11134,17166293,4.1,4.243333333333333,77.0,30
美团,C11141,16601678,3.5,3.61,77.0,30
美团,C11152,16660145,4.5,4.693333333333333,93.0,30
美团,C11177,16895113,4.2,4.23,77.0,30
美团,C11187,16733848,4.0,4.19,74.0,30
美团,C11204,18454452,4.7,4.733333333333333,99.0,30
美团,C11251,16696642,4.7,4.656000000000001,95.0,25
美团,C11258,17338598,4.5,3.1733333333333333,78.0,30
美团,C11259,18378641,4.5,4.644,58.0,25
美团,C11275,19218689,0.0,0.0,39.0,25
美团,C11280,17127175,4.3,4.406666666666667,95.0,30
美团,C11328,17323134,4.3,4.423333333333333,96.0,30
美团,C11330,17597223,4.4,4.323333333333333,89.0,30
美团,C11343,30233115,4.6,4.6,87.0,30
美团,C11369,17257910,4.2,4.12,69.0,30
美团,C11377,17288846,4.7,4.62,99.0,30
美团,C11397,19088943,0.0,2.0466666666666664,69.0,30
美团,C11413,17369039,3.9,4.156666666666667,96.0,30
美团,C11437,17607180,4.7,4.609999999999999,99.0,30
美团,C11441,13807541,3.9,4.02,76.0,25
美团,C11442,18454652,2.9,3.1766666666666667,95.0,30
美团,C11458,17651461,4.8,4.8,88.0,30
美团,C11472,17334483,4.7,4.6466666666666665,98.0,30
美团,C11498,13712478,4.5,4.413333333333333,97.0,30
美团,C11499,17543868,0.0,0.0,39.0,25
美团,C11542,19717907,0.0,0.0,29.0,25
美团,C11560,17926654,4.6,4.5633333333333335,99.0,30
美团,C11565,18275922,0.0,3.16,40.0,25
美团,C11581,17861855,4.7,4.623333333333333,99.0,30
美团,C11596,17979084,4.4,4.373333333333334,97.0,30
美团,C11603,17887351,4.4,4.326666666666667,0.0,30
美团,C11609,18142410,4.7,4.663333333333333,78.0,30
美团,C11640,17966530,4.5,4.3133333333333335,98.0,30
美团,C11642,20215694,4.7,4.58,98.0,30
美团,C11709,18263568,0.0,3.2633333333333336,65.0,30
美团,C11719,21028412,4.0,4.319999999999999,69.0,30
美团,C11723,29226867,4.6,3.523333333333333,89.0,30
美团,C11739,20369637,4.1,4.11,84.0,30
美团,C11742,18626004,4.2,4.473333333333333,77.0,30
美团,C11743,18444941,4.8,4.833333333333333,98.0,30
美团,C11745,18040143,4.5,4.319999999999999,98.0,30
美团,C11748,18302621,0.0,4.184,50.0,25
美团,C11756,18671212,0.0,0.0,59.0,30
美团,C11761,18454312,4.4,4.4,97.0,30
美团,C11762,18338465,4.7,4.7,98.0,30
美团,C11770,19723679,4.6,4.56,96.0,30
美团,C11771,18381545,4.6,4.513333333333334,88.0,30
美团,C11792,18301342,4.3,4.3533333333333335,97.0,30
美团,C11809,19265129,0.0,0.0,79.0,30
美团,C11810,18313221,4.6,4.3933333333333335,99.0,30
美团,C11819,22078543,4.6,1.5233333333333332,79.0,30
美团,C11840,18276211,4.4,4.404,35.0,25
美团,C11842,28568439,4.4,4.46,78.0,30
美团,C11850,18110397,0.0,0.0,50.0,25
美团,C11856,18625698,4.7,4.766666666666667,88.0,30
美团,C11869,5473916,4.6,4.6,96.0,27
美团,C11873,18480264,4.7,4.256666666666666,97.0,30
美团,C11878,19091599,4.4,4.489999999999999,97.0,30
美团,C11889,18287360,4.3,4.293333333333333,74.0,30
美团,C11896,27976920,4.2,4.316666666666666,98.0,30
美团,C11927,25594301,0.0,0.0,38.0,25
美团,C11932,18493189,4.0,4.029999999999999,96.0,30
美团,C11938,26026256,0.0,0.0,89.0,30
美团,C11945,9784131,4.7,4.626666666666667,72.0,30
美团,C12028,19455979,0.0,0.0,39.0,25
美团,C12029,18671121,4.4,4.263333333333334,77.0,30
美团,C12033,3048101,4.1,4.11,76.0,30
美团,C12039,18635463,4.8,4.783333333333333,99.0,30
美团,C12045,18935340,4.3,4.193333333333333,77.0,30
美团,C12057,21115648,4.4,4.37,98.0,30
美团,C12078,16760578,4.7,4.583333333333333,97.0,30
美团,C12079,25944571,4.6,4.673333333333333,98.0,30
美团,C12085,32999930,4.2,4.35,78.0,30
美团,C12086,18866059,4.5,4.673333333333333,98.0,30
美团,C12097,21634496,4.7,4.616666666666666,90.0,30
美团,C12119,19615058,4.4,4.433333333333334,68.0,30
美团,C12133,18902218,0.0,3.45,68.0,30
美团,C12210,19004357,4.6,4.6,98.0,30
美团,C12215,19100676,4.6,4.6,78.0,30
美团,C12240,10616307,4.8,4.786666666666666,97.0,30
美团,C12241,21490573,0.0,0.0,40.0,9
美团,C12251,19073914,0.0,0.0,66.0,30
美团,C12257,19393063,4.9,1.49,98.0,30
美团,C12279,25831169,4.6,4.483333333333333,86.0,30
美团,C12295,19649309,0.0,3.856666666666667,48.0,30
美团,C12302,19091197,4.5,4.59,0.0,30
美团,C12306,19127496,4.5,4.5,97.0,30
美团,C12377,19156598,0.0,1.452,36.0,25
美团,C12387,19313267,4.6,4.6,72.0,25
美团,C12396,19199032,4.6,4.593333333333334,77.0,30
美团,C12438,19520217,0.0,0.0,58.0,30
美团,C12441,19361685,0.0,0.0,39.0,25
美团,C12452,19429787,4.5,4.41,98.0,30
美团,C12479,19770840,4.3,4.516666666666667,96.0,30
美团,C12488,6776351,4.5,4.5,79.0,30
美团,C12505,21214877,4.7,4.61,78.0,30
美团,C12509,19582934,0.0,0.0,39.0,25
美团,C12548,19674010,0.0,0.0,48.0,25
美团,C12566,2500993,4.8,4.8,79.0,30
美团,C12573,19952630,0.0,0.0,38.0,30
美团,C12575,19706766,4.1,4.0,97.0,30
美团,C12578,25989788,0.0,3.592,40.0,25
美团,C12581,19750467,4.5,3.0133333333333336,79.0,30
美团,C12587,27372943,0.0,0.0,87.0,30
美团,C12589,19875831,4.5,4.42,99.0,30
美团,C12595,20203584,4.5,4.586666666666667,88.0,30
美团,C12610,20046189,0.0,2.24,68.0,25
美团,C12612,20059734,0.0,0.0,47.0,30
美团,C12613,19907843,4.4,4.3966666666666665,77.0,30
美团,C12617,20517715,0.0,0.0,35.0,25
美团,C12655,20624789,4.8,4.07,88.0,30
美团,C12656,20531515,4.3,2.7266666666666666,69.0,30
美团,C12658,20030487,0.0,1.3519999999999999,38.0,25
美团,C12685,6276372,4.3,4.1433333333333335,78.0,30
美团,C12696,3065456,4.6,4.6,97.0,30
美团,C12709,20195829,4.5,4.36,77.0,30
美团,C12729,20121747,4.5,4.524,72.0,25
美团,C12862,21005705,0.0,0.0,62.0,30
美团,C12875,4942833,0.0,0.0,29.0,25
美团,C12878,13202393,4.3,4.2299999999999995,95.0,30
美团,C12886,20465194,4.2,4.526666666666667,98.0,30
美团,C12888,21110410,0.0,0.0,43.0,30
美团,C12898,20583192,3.7,3.8966666666666665,75.0,30
美团,C12906,20549835,4.1,4.1866666666666665,62.0,30
美团,C12908,20216013,4.6,4.793333333333334,75.0,30
美团,C12927,8519091,4.0,3.9160000000000004,64.0,25
美团,C12935,23904650,4.5,4.3566666666666665,96.0,30
美团,C12949,20594550,4.3,4.036666666666666,72.0,30
美团,C12970,20466964,4.1,4.2299999999999995,98.0,30
美团,C13019,20543514,0.0,0.0,35.0,11
美团,C13067,20599676,0.0,0.0,88.0,30
美团,C13068,12850678,4.2,4.220000000000001,97.0,30
美团,C13069,27900251,4.4,4.446666666666667,78.0,30
美团,C13103,20516817,4.6,4.62,99.0,30
美团,C13107,20543447,4.3,4.46,88.0,30
美团,C13117,280339,4.7,4.643333333333333,95.0,30
美团,C13122,613547,4.7,4.58,98.0,30
美团,C13131,21081977,4.2,4.264,47.0,25
美团,C13141,14481871,0.0,0.0,39.0,25
美团,C13148,20888544,0.0,0.0,30.0,25
美团,C13175,21304252,4.8,4.85,99.0,30
美团,C13177,21183925,4.4,4.493333333333334,96.0,30
美团,C13179,21195454,4.6,4.573333333333333,98.0,30
美团,C13199,22074510,0.0,0.0,34.0,25
美团,C13207,21600439,4.4,4.75,98.0,30
美团,C13219,21238235,4.7,4.724,81.0,25
美团,C13220,21584478,4.6,4.593333333333333,78.0,30
美团,C13225,15462308,4.7,4.583333333333333,98.0,30
美团,C13241,21263855,4.7,3.7866666666666666,77.0,30
美团,C13247,21361986,4.7,4.683333333333334,98.0,30
美团,C13270,10939628,4.6,2.7199999999999998,78.0,10
美团,C13310,21349047,0.0,3.3766666666666665,79.0,30
美团,C13327,24085565,4.6,4.373333333333333,98.0,30
美团,C13333,21378916,0.0,1.025,34.0,16
美团,C13357,21446767,4.7,4.7,90.0,30
美团,C13362,22236010,4.6,4.6,96.0,30
美团,C13371,14309192,4.6,4.6,76.0,30
美团,C13392,22104809,4.3,4.416666666666667,95.0,30
美团,C13399,16212964,4.6,4.688,74.0,25
美团,C13401,23810867,4.6,4.623333333333333,78.0,30
美团,C13427,26851551,4.5,4.276666666666667,79.0,30
美团,C13437,22880086,4.9,4.8533333333333335,98.0,30
美团,C13439,21831704,4.7,4.583333333333333,98.0,30
美团,C13443,21801081,0.0,0.0,69.0,30
美团,C13447,27798145,4.5,4.493333333333334,99.0,30
美团,C13449,8996821,4.4,4.466666666666667,69.0,30
美团,C13509,24561596,4.5,4.573333333333333,97.0,30
美团,C13513,22232679,4.7,4.766666666666667,99.0,30
美团,C13516,24883231,4.7,4.596666666666667,79.0,30
美团,C13521,24027266,0.0,0.0,50.0,25
美团,C13522,8005378,4.5,4.583333333333333,95.0,30
美团,C13543,19509040,4.2,4.25,98.0,30
美团,C13559,23779789,0.0,0.0,39.0,25
美团,C13562,24218624,4.3,4.343333333333334,77.0,30
美团,C13582,24223240,4.5,4.5,77.0,30
美团,C13586,25371016,4.1,4.206666666666667,98.0,30
美团,C13595,23929405,4.2,4.36,58.0,30
美团,C13598,25150687,0.0,0.0,89.0,25
美团,C13618,24081836,4.2,4.29,97.0,30
美团,C13627,5592170,4.5,4.293333333333334,98.0,30
美团,C13632,17450172,4.2,4.38,87.0,30
美团,C13643,29564611,4.5,4.4366666666666665,76.0,30
美团,C13673,24396182,4.5,4.503333333333333,74.0,30
美团,C13678,24391368,4.5,4.263333333333334,87.0,30
美团,C13700,25987113,0.0,0.0,48.0,30
美团,C13716,24474151,4.4,4.276666666666667,97.0,30
美团,C13721,24560207,4.3,4.433333333333334,64.0,30
美团,C13745,24714860,4.1,4.203333333333333,96.0,30
美团,C13747,24938784,4.2,4.0,93.0,30
美团,C13757,24750712,4.4,4.488,69.0,25
美团,C13781,24807477,4.3,4.319999999999999,95.0,30
美团,C13786,25656898,4.3,4.206666666666667,97.0,30
美团,C13803,25023533,0.0,0.0,35.0,25
美团,C13821,1037542,0.0,0.0,46.0,30
美团,C13822,25321530,4.7,4.763333333333334,99.0,30
美团,C13823,28189647,4.5,4.446666666666667,69.0,30
美团,C13826,25028217,4.5,4.416666666666667,98.0,30
美团,C13829,25035611,0.0,0.0,37.0,25
美团,C13845,25373292,4.3,4.403333333333333,97.0,30
美团,C13865,25364213,4.4,4.546666666666667,97.0,30
美团,C13877,25023791,4.6,4.493333333333334,98.0,30
美团,C13882,25379857,4.3,4.3,68.0,25
美团,C13893,25183630,4.4,4.343333333333334,73.0,30
美团,C13901,25327655,0.0,0.0,50.0,25
美团,C13906,6501663,4.7,4.7,77.0,30
美团,C13912,25503984,4.7,4.613333333333333,97.0,30
美团,C13913,25577050,4.2,4.276666666666667,98.0,30
美团,C13936,7537002,0.0,1.3666666666666667,67.0,30
美团,C13939,9379351,4.7,4.7,95.0,30
美团,C13951,12792576,0.0,3.676,39.0,25
美团,C13968,29659719,4.4,4.236666666666667,78.0,30
美团,C13970,25576768,4.2,4.2,67.0,30
美团,C14003,25863223,0.0,3.066666666666667,64.0,30
美团,C14018,25985366,0.0,0.0,35.0,25
美团,C14033,26175695,4.3,4.363333333333333,98.0,30
美团,C14039,30908325,4.6,4.486666666666666,63.0,30
美团,C14046,26366126,4.4,4.233333333333333,77.0,30
美团,C14073,29102455,4.5,4.486666666666666,94.0,30
美团,C14075,813533,4.5,4.343333333333334,96.0,30
美团,C14113,26387735,0.0,0.0,43.0,25
美团,C14117,26226064,4.3,4.153333333333333,96.0,30
美团,C14189,26734776,4.3,4.483333333333333,67.0,30
美团,C14196,26370378,4.4,4.316666666666666,98.0,30
美团,C14221,32889589,0.0,0.0,65.0,30
美团,C14250,1244998,4.6,4.636666666666667,98.0,30
美团,C14264,27079714,4.8,4.783333333333333,90.0,30
美团,C14276,27976932,0.0,0.0,41.0,30
美团,C14297,27350232,4.5,4.34,97.0,30
美团,C14298,27218461,4.5,4.34,99.0,30
美团,C14299,27248731,0.0,0.0,62.0,30
美团,C14307,28361345,3.9,3.9866666666666664,77.0,30
美团,C14318,27711946,4.7,4.7,97.0,30
美团,C14321,27798143,0.0,2.8760000000000003,35.0,25
美团,C14345,28189645,4.5,4.596666666666667,98.0,30
美团,C14347,27798154,4.5,4.246666666666667,96.0,30
美团,C14349,28552152,4.7,4.703333333333333,99.0,30
美团,C14358,27798140,0.0,1.36,34.0,25
美团,C14368,28027015,4.7,4.7,99.0,30
美团,C14381,27900231,4.2,4.323333333333333,73.0,30
美团,C14390,28091976,4.4,4.283333333333333,98.0,30
美团,C14409,28189691,4.2,4.28,0.0,25
美团,C14436,28394211,0.0,0.0,37.0,25
美团,C14452,28249970,4.0,4.2733333333333325,96.0,30
美团,C14453,28742718,0.0,0.0,39.0,25
美团,C14464,28404724,0.0,0.0,40.0,25
美团,C14485,28404726,4.4,4.066666666666666,78.0,30
美团,C14489,28879897,4.8,4.883333333333334,99.0,30
美团,C14530,30563911,0.0,0.0,37.0,25
美团,C14538,14513418,0.0,0.6833333333333333,68.0,30
美团,C14546,28838943,0.0,0.0,40.0,25
美团,C14559,29163412,4.5,4.576666666666666,94.0,30
美团,C14568,29310495,4.6,4.65,99.0,30
美团,C14569,29102428,4.2,4.453333333333333,78.0,30
美团,C14571,5473924,0.0,0.0,63.0,25
美团,C14572,24834468,4.1,4.226666666666667,87.0,30
美团,C14588,28933086,0.0,0.0,49.0,30
美团,C14590,9614243,4.7,4.66,77.0,30
美团,C14603,29427387,4.7,4.743333333333334,79.0,30
美团,C14612,29675062,4.7,4.69,96.0,30
美团,C14616,29271374,4.0,1.8666666666666667,75.0,30
美团,C14627,399585,4.6,4.6,78.0,30
美团,C14633,14245649,4.5,4.586666666666667,78.0,30
美团,C14640,31565412,0.0,0.0,27.0,30
美团,C14651,29801200,4.5,3.32,71.0,30
美团,C14661,30036090,4.6,4.636666666666667,99.0,30
美团,C14662,30235494,4.4,4.564,58.0,25
美团,C14668,30232740,0.0,0.0,63.0,25
美团,C14707,9523751,4.4,4.306666666666667,78.0,30
美团,C14709,30406107,4.6,4.6,78.0,30
美团,C14720,30179765,0.0,0.0,37.0,5
美团,C14725,30347033,0.0,0.0,65.0,30
美团,C14731,30347048,4.4,4.19,95.0,30
美团,C14779,30610997,0.0,0.0,72.0,30
美团,C14793,30986849,4.4,4.493333333333334,92.0,30
美团,C14803,30826021,4.6,4.666666666666667,99.0,30
美团,C14820,20574320,4.3,4.376,0.0,25
美团,C14823,17651012,0.0,0.0,58.0,7
美团,C14829,31108028,4.6,4.576666666666666,99.0,30
美团,C14851,19161398,4.4,4.453333333333333,97.0,30
美团,C14861,31882495,0.0,0.0,37.0,25
美团,C14862,31422849,4.3,4.52,96.0,30
美团,C14905,5806434,4.4,4.36,97.0,30
美团,C14906,31977433,4.3,4.383333333333334,98.0,30
美团,C14927,31937398,4.2,4.248,36.0,25
美团,C14930,32107817,0.0,3.0959999999999996,50.0,25
美团,C14949,32061644,4.2,4.1,96.0,30
美团,C14978,32392502,4.3,4.288,58.0,25
美团,C14988,33275100,0.0,0.0,0.0,30
美团,C14990,33358896,4.6,4.656666666666666,99.0,30
美团,C14991,32248280,4.5,4.6,96.0,30
美团,C14996,32721313,4.5,4.579999999999999,96.0,30
美团,C14998,32445247,4.6,4.683333333333334,99.0,30
美团,C14999,5162924,4.2,4.304,48.0,25
美团,C15001,32508356,4.3,4.413333333333333,98.0,30
美团,C15002,32571365,4.5,4.5,98.0,30
美团,C15009,33102213,4.5,4.6466666666666665,96.0,30
美团,C15010,32782314,4.0,4.0,68.0,30
美团,C15015,33363160,4.3,4.386666666666667,95.0,30
美团,C15018,20878676,4.3,4.52,68.0,30
美团,C15019,32957511,4.7,4.7,98.0,30
美团,C15039,33291522,0.0,0.0,47.0,30
美团,C15041,3766460,4.6,4.483333333333333,97.0,30
美团,C15076,24420792,4.3,4.430000000000001,92.0,30
美团,,13207839,0.0,0.0,33.0,25
美团,,13213587,0.0,0.0,39.0,25
美团,,13534399,0.0,0.0,36.0,25
美团,,13807540,0.0,0.0,39.0,25
美团,,14549584,0.0,0.0,42.0,25
美团,,14634679,0.0,0.0,33.0,25
美团,,14737402,0.0,0.0,37.0,25
美团,,14959356,0.0,0.0,33.0,25
美团,,16008250,0.0,0.0,57.0,12
美团,,17191876,0.0,0.0,36.0,25
美团,,17436897,0.0,0.0,39.0,25
美团,,17452258,0.0,0.0,58.0,11
美团,,17624479,0.0,0.0,40.0,25
美团,,18379523,0.0,0.0,39.0,1
美团,,18502669,0.0,0.0,33.0,25
美团,,18535852,0.0,0.0,40.0,25
美团,,18808582,0.0,0.0,38.0,4
美团,,19110283,0.0,0.0,39.0,18
美团,,19760978,0.0,0.0,31.0,25
美团,,19834078,0.0,0.0,38.0,25
美团,,20281704,0.0,0.0,38.0,25
美团,,20517945,0.0,0.0,38.0,25
美团,,21138373,0.0,0.0,35.0,25
美团,,21376468,0.0,0.0,38.0,1
美团,,21665743,0.0,0.0,33.0,25
美团,,21784444,0.0,0.0,34.0,25
美团,,23099381,0.0,0.0,38.0,25
美团,,24333944,0.0,0.0,26.0,25
美团,,24475421,0.0,0.0,47.0,30
美团,,25024186,0.0,0.0,29.0,25
美团,,25522543,0.0,0.0,34.0,25
美团,,25525978,0.0,0.0,50.0,25
美团,,25576271,0.0,0.0,39.0,25
美团,,25594298,0.0,0.0,49.0,7
美团,,25656421,0.0,0.0,35.0,25
美团,,25985071,0.0,0.0,39.0,25
美团,,26386622,0.0,0.0,33.0,25
美团,,27900235,0.0,0.0,36.0,25
美团,,29507937,0.0,0.0,22.0,30
美团,,33013437,0.0,0.0,86.0,4
美团,,33527951,0.0,0.0,80.0,30
美团,,33627123,4.5,4.566666666666666,74.0,30
美团,,33737713,4.6,4.593333333333333,91.0,30
美团,,33738020,0.0,0.0,78.0,22
美团,,33768829,4.8,4.52,92.0,30
美团,,33815916,4.6,4.136666666666667,76.0,30
美团,,33815960,4.7,4.175,96.0,24
美团,,33913090,4.7,1.5333333333333334,96.0,21
美团,,34009025,4.9,4.31764705882353,97.0,17
美团,,3742813,0.0,0.0,40.0,20
美团,,4389520,0.0,0.0,40.0,25
美团,,6578009,0.0,0.0,39.0,25
美团,,7573845,0.0,0.0,36.0,25
美团,,8238146,0.0,0.0,39.0,25
美团,,9511530,0.0,0.0,39.0,1
美团,,9614040,0.0,0.0,39.0,25
