平台,平台ID,门店名称,C门店ID,C门店名称,最新评分,有订单,匹配状态
美团,10025474,煌上煌酱鸭(吉安城南市场店),C07606,吉安城南市场店,4.2,True,✅成功
美团,10046757,煌上煌酱鸭（会昌新天地店）,C07960,赣州会昌新天地店,4.3,True,✅成功
美团,10052945,煌上煌酱鸭（龙华牛栏前店）,C05908,宝安龙华牛栏前店,4.5,True,✅成功
美团,10052957,煌上煌酱鸭(华为湖岸花园店),C07605,东莞华为湖岸花园店,4.6,True,✅成功
美团,10088996,煌上煌酱鸭（龙岗中心城店?卤味?鸭脖?小吃）,C08045,龙岗中心城店,4.8,True,✅成功
美团,10117835,煌上煌酱鸭(昌江广百汇店),C08088,昌江广百汇店,3.7,True,✅成功
美团,10131922,煌上煌酱鸭（天佑路店）,C07760,天佑路店,4.5,True,✅成功
美团,1016735,煌上煌酱鸭(东莞塘厦万科店),C02232,东莞塘厦悦港汇店,0.0,False,✅成功
美团,10180134,煌上煌酱鸭（娄底万豪店）,C04120,娄底万豪店,4.6,True,✅成功
美团,10209227,煌上煌酱鸭（普宁里湖店）,C08101,揭阳普宁里湖店,4.3,False,✅成功
美团,10211328,煌上煌酱鸭（吉安凯旋世纪国光店）,C08076,吉安凯旋世纪国光店,4.3,True,✅成功
美团,10211481,煌上煌酱鸭（东莞高埗挺拇指店）,C08142,东莞高埗挺拇指专卖店,0.0,False,✅成功
美团,10212820,煌上煌酱鸭（九江满庭春店）,C08100,九江满庭春店,4.3,True,✅成功
美团,10257672,煌上煌酱鸭（万润城店）,C08234,惠州博罗龙溪万润城店,0.0,False,✅成功
美团,1037542,煌上煌酱鸭（鄱阳建设路店）,C13821,上饶鄱阳建设路壹店,0.0,False,✅成功
美团,10383223,煌上煌酱鸭（卤味.酒料.新亨店）,C08311,揭阳揭东新亨店,4.7,True,✅成功
美团,10410586,煌上煌（卤味·大连商场店）,C04764,直属大连商场店,4.6,True,✅成功
美团,10464635,煌上煌酱鸭（惠州惠城中信水岸城店）,C10499,惠州惠城中信水岸城店,4.5,True,✅成功
美团,10485516,煌上煌酱鸭（富盛店）,C07294,邵东荷田路店,4.5,True,✅成功
美团,10616307,煌上煌酱鸭（东莞茶山碧桂园店）,C12240,东莞茶山茶兴路店,4.8,True,✅成功
美团,10663968,煌上煌酱鸭（南城盱江北大道店）,C00908,抚南南城县盱江北大道店,4.5,True,✅成功
美团,10686349,煌上煌酱鸭（永新世纪华联店）,C03600,吉安永新世纪华联店,4.0,True,✅成功
美团,10699571,煌上煌酱鸭(鸭脖?卤味?加州城店),C02617,福州福清加洲城店,4.9,True,✅成功
美团,10702544,煌上煌酱鸭（宁德古田鹤塘店）,C02882,宁德古田鹤塘店,0.0,True,✅成功
美团,10710419,煌上煌酱鸭（佳乐家新安店）,C08443,潍坊安丘佳乐家新安店,4.1,True,✅成功
美团,1073274,煌上煌酱鸭（鄱阳东湖大道店）,C01152,上饶鄱阳东湖大道店,0.0,True,✅成功
美团,10734164,煌上煌酱鸭(广州人和地铁店),C08374,广州人和地铁店,4.8,True,✅成功
美团,10770216,煌上煌酱鸭（惠州永旺金山湖店）,C02329,惠州金山湖永旺专卖店,0.0,False,✅成功
美团,10770217,煌上煌酱鸭（惠州新汇城店）,C02046,惠州惠阳新汇城店,4.7,True,✅成功
美团,10770283,煌上煌酱鸭（塘尾新领汇店）,C08423,宝安福永新领汇店,4.6,True,✅成功
美团,10817151,煌上煌酱鸭(塘厦沃尔玛店),C02203,东莞塘厦盈锋广场店,4.5,True,✅成功
美团,10890319,煌上煌酱鸭（崇仁未来城店）,C00479,抚南崇仁未来城,0.0,True,✅成功
美团,10911956,煌上煌酱鸭(赛拉维店),C07901,海口赛拉维店,4.4,True,✅成功
美团,10917066,煌上煌酱鸭（酒料.卤味.锡场店）,C08553,揭阳揭东锡场店,4.9,True,✅成功
美团,10939628,煌上煌酱鸭（宜春万载龙河星城店）,C13270,宜春万载新锦江龙河星城二店,4.6,True,✅成功
美团,10979238,煌上煌酱鸭（直属小蓝中路店）,C03607,直属小蓝中路店,4.4,True,✅成功
美团,11024319,煌上煌酱鸭（天福来购物广场店）,C07923,宜春天福来购物广场店,0.0,True,✅成功
美团,11028681,煌上煌酱鸭（炒饭·小吃·丽江忠义旗见店）,C08646,丽江忠义市场店,4.3,True,✅成功
美团,11035464,煌上煌酱鸭（新一城店）,C08597,汕头龙湖新一城店,4.7,True,✅成功
美团,1103577,煌上煌酱鸭（南后街店·卤味小吃·炒饭）,C02341,泉州德化一店,4.6,True,✅成功
美团,11147407,煌上煌（卤味·五棵松沃尔玛店）,C07662,北京沃尔玛五棵松店,0.0,False,✅成功
美团,11154517,煌上煌酱鸭（日月广场专卖店）,C08708,海口日月广场店,4.5,True,✅成功
美团,1126687,煌上煌酱鸭（寻乌店）,C01093,赣州寻乌,4.0,True,✅成功
美团,11341541,煌上煌酱鸭（宜春奉新鹏泰超市店）,C03188,宜春奉新鹏泰超市店,4.7,True,✅成功
美团,11437757,煌上煌酱鸭（湾里好又多店）,C08504,湾里好又多超市店,4.5,True,✅成功
美团,1145459,煌上煌酱鸭(商业中心店),C02872,东莞樟木头地王店,4.7,True,✅成功
美团,11485413,煌上煌（卤味·长青欧亚店）,C09104,沈阳长青店,4.4,True,✅成功
美团,1158330,煌上煌酱鸭(佛山玉器街店),C03020,佛山玉器街店,4.8,True,✅成功
美团,11616645,煌上煌酱鸭（卤味，酒料.揭阳榕城仙桥店）,C08895,揭阳榕城仙桥店,4.2,True,✅成功
美团,1174524,煌上煌酱鸭（龙岗金龙城百货店）,C02087,龙岗金龙城百货店,4.8,True,✅成功
美团,11765852,煌上煌酱鸭（安康巴山中路店）,C09015,陕西安康巴山中路店,0.0,False,✅成功
美团,1176632,煌上煌酱鸭（贵溪烧箕山店）,C00475,鹰抚贵溪烧箕山店,0.0,False,✅成功
美团,1182775,煌上煌酱鸭（三里街店）,C00713,九江三里街,3.7,False,✅成功
美团,11838514,煌上煌酱鸭（鹰潭正大街店）,C00455,鹰抚鹰潭正大街店,4.7,True,✅成功
美团,11838517,煌上煌酱鸭（梅园大道店）,C00456,鹰抚鹰潭梅园大道店,4.7,True,✅成功
美团,11838521,煌上煌酱鸭（实验小学店）,C00512,鹰抚东乡实验小学店,0.0,True,✅成功
美团,11948784,煌上煌酱鸭（瑶池公寓店）,C08735,象湖瑶池公寓店,3.4,True,✅成功
美团,1205341,煌上煌酱鸭（宜丰盐步中路店）,C00959,宜春宜丰岩步中路店,4.2,False,✅成功
美团,12111662,煌上煌酱鸭（奉新华林广场店）,C09010,宜春奉新华林广场店,4.1,True,✅成功
美团,12150133,煌上煌酱鸭（象湖旺中旺店）,C09023,象湖旺中旺店,4.6,True,✅成功
美团,12192708,煌上煌酱鸭(龙东店·卤味·小吃·下午茶),C09146,龙岗区龙东乐兴店,4.4,True,✅成功
美团,12315719,煌上煌酱鸭（崇仁林业大厦店）,C03991,抚南崇仁林业大厦店,3.9,True,✅成功
美团,12366975,煌上煌酱鸭(汕尾陆河建设西路店),C09198,汕尾陆河建设路店,4.6,True,✅成功
美团,12393944,煌上煌酱鸭（金城超市店）,C08581,玉林金城超市店,4.2,True,✅成功
美团,1244998,煌上煌酱鸭(东莞假日店）,C14250,东莞黄江大道店,4.6,True,✅成功
美团,1254023,煌上煌酱鸭（会昌湘江大道店）,C01083,赣州会昌,4.4,False,✅成功
美团,12745836,煌上煌酱鸭（青山湖大境民强路店）,C09238,青山湖民强路店,4.5,True,✅成功
美团,1277982,煌上煌酱鸭（德兴上海路店）,C01139,上饶德兴上海路店,4.8,True,✅成功
美团,12785680,煌上煌酱鸭（湾里下泽路店）,C09267,湾里下泽路店,4.2,True,✅成功
美团,12785684,煌上煌酱鸭（卤味饭?农民街林桥店）,C06682,宜春农民街林桥店,0.0,True,✅成功
美团,12792576,煌上煌酱鸭（卤味·酒料·商品城店）,C13951,普宁商品城店,0.0,False,✅成功
美团,1281149,煌上煌酱鸭(上域信天生活广场店),C02253,宝安区大王山店,4.5,True,✅成功
美团,12839898,煌上煌（卤味·康氏购物民生广场店）,C09310,哈尔滨康氏购物民生广场店,4.7,False,✅成功
美团,12840741,煌上煌酱鸭（直属长安一号店）,C02252,直属东莞长安锦厦一路店,4.6,True,✅成功
美团,12850678,煌上煌酱鸭（红谷大道华润店）,C13068,红谷滩电子大厦店,4.2,True,✅成功
美团,12897407,煌上煌酱鸭(河源和平宝信店),C07666,河源和平宝信购物广场店,4.0,True,✅成功
美团,12897510,煌上煌酱鸭（上沙万洲百货店）,C09404,东莞长安上沙中南路店,4.3,True,✅成功
美团,12919795,煌上煌酱鸭（东乡龙山路北门桥店）,C08340,鹰抚东乡龙山路北门桥店,4.5,True,✅成功
美团,12919796,煌上煌酱鸭（东乡煌盛天玺店）,C04363,鹰抚东乡煌盛天玺店,4.8,True,✅成功
美团,13036643,煌上煌酱鸭（卤味饭-兴国路店）,C09523,新建兴国路店,4.7,True,✅成功
美团,13040350,煌上煌酱鸭（东乡毛莲山店）,C02011,鹰抚东乡毛莲山店,4.6,True,✅成功
美团,13041427,煌上煌酱鸭（卤味、酒料.渔湖店）,C09505,揭阳渔湖空港店,4.6,True,✅成功
美团,13041429,煌上煌酱鸭（东莞大岭山家家乐店）,C09402,东莞大岭山家家乐专卖店,0.0,False,✅成功
美团,1306834,煌上煌酱鸭（余江十字街店）,C00463,鹰抚余江白塔东路店,4.7,True,✅成功
美团,13102695,煌上煌酱鸭（九江德化路中辉店）,C00711,九江德化路中辉店,3.9,True,✅成功
美团,13110756,煌上煌酱鸭（广州大道圣地店）,C09001,直属广州大道圣地专卖店,0.0,False,✅成功
美团,13114411,煌上煌酱鸭（南城胜利路店）,C09391,抚南南城胜利路店,0.0,True,✅成功
美团,13125640,煌上煌酱鸭（宁明德华店）,C09342,崇左市宁明德华店,4.7,True,✅成功
美团,13130349,煌上煌酱鸭（横峰解放中路店）,C00871,上饶横峰解放中路店,0.0,True,✅成功
美团,1315610,煌上煌酱鸭（九江开发区店）,C00712,九江开发区利江菜场店,4.4,True,✅成功
美团,13172635,煌上煌匠鸭（东方万达百佳汇店）,C09409,东方万达百佳汇专卖店,0.0,False,✅成功
美团,13196551,煌上煌酱鸭（邵阳县振羽广场店）,C09549,邵阳县振羽广场店,4.1,True,✅成功
美团,13202393,煌上煌酱鸭（余江磨仂洲店）,C12878,鹰抚余江磨仂洲第四小学店,4.3,True,✅成功
美团,13202571,煌上煌酱鸭（枣树园店）,C04267,宜春枣树园店,4.5,True,✅成功
美团,13207652,煌上煌酱鸭（炒饭·卤味·小吃·贵阳西南商贸城店）,C09566,贵阳观山湖西南商贸城店,0.0,False,✅成功
美团,13207839,煌上煌酱鸭（梅州兴宁兴东路店）,C09594,梅州兴宁兴东路专卖店,0.0,False,✅成功
美团,13213587,煌上煌酱鸭（玉林万达店）,C08466,玉林万达店,0.0,False,✅成功
美团,13215959,煌上煌酱鸭（惠州人民四路店）,C09547,惠州人民四路店,4.7,True,✅成功
美团,13226973,煌上煌酱鸭（南雄大润发店）,C02456,韶关南雄青云路店,4.6,True,✅成功
美团,13256987,煌上煌酱鸭（金山路店）,C08122,赣州南康佳兴店,4.1,True,✅成功
美团,13261185,煌上煌酱鸭（分宜庄岗岭店）,C09403,新余分宜庄岗岭店,4.8,True,✅成功
美团,13285416,煌上煌酱鸭（汕头和平店）,C02893,汕头和平店,4.5,True,✅成功
美团,13383568,煌上煌（五一超市店）,C09229,黄金埠五一超市店,4.5,True,✅成功
美团,13385552,煌上煌酱鸭（石岩创维店）,C02916,宝安区石岩创维店,3.9,True,✅成功
美团,13404401,煌上煌酱鸭（九龙国体明园中心店）,C08881,九龙国体明园中心店,0.0,True,✅成功
美团,13448520,煌上煌酱鸭（九龙富源花园店）,C09431,九龙湖富源花园店,4.6,True,✅成功
美团,13474337,煌上煌酱鸭（东莞黄江田心广场店）,C09693,东莞黄江田心广场专卖店,0.0,False,✅成功
美团,13492369,煌上煌酱鸭（炒饭·卤味·小吃·双江景丽新城店),C09646,云南临沧双江锦丽新城店,4.7,True,✅成功
美团,13527977,煌上煌酱鸭（兴国五福广场店）,C09704,赣州兴国五福广场店,3.0,True,✅成功
美团,13534399,煌上煌匠鸭（鄂尔多斯王府井店）,C09703,鄂尔多斯太古街店,0.0,False,✅成功
美团,13553252,煌上煌酱鸭（上高银海敖阳南路店）,C00952,宜春上高银海敖阳南路店,4.3,True,✅成功
美团,13650478,煌上煌酱鸭（鸭货卤味·五矿家家悦店）,C09801,山东泰安高新五矿家家悦,0.0,False,✅成功
美团,13653715,煌上煌酱鸭（桂平新天地店）,C05477,桂平新天地店,4.6,True,✅成功
美团,13691178,煌上煌酱鸭（凯翔书香公馆店）,C00526,鹰潭凯翔书香公馆店(怡辰卤菜店),4.3,True,✅成功
美团,13712478,煌上煌（卤味·和平大润发店）,C11498,沈阳和平大润发二店,4.5,True,✅成功
美团,13723993,煌上煌酱鸭（东乡财富广场店）,C00470,鹰抚东乡东信财富广场店,4.2,True,✅成功
美团,1376286,煌上煌酱鸭（河边街逸夫小学店）,C01121,赣州南康河边街店,4.7,True,✅成功
美团,13791264,煌上煌酱鸭（湖北黄梅小池店）,C00746,湖北黄梅小池店,0.0,True,✅成功
美团,13801066,煌上煌酱鸭（直营桥头地铁店）,C09764,直属宝安桥头地铁店,4.5,True,✅成功
美团,13807540,煌上煌酱鸭（新化地下商业街店）,C09502,新化商业街2店,0.0,False,✅成功
美团,13807541,煌上煌酱鸭（冷水江锑都大厦店）,C11441,冷水江锑都大厦店,3.9,True,✅成功
美团,13809789,煌上煌酱鸭（南京东路高新店）,C00006,直属高新,4.7,True,✅成功
美团,13840377,煌上煌酱鸭（樟树机关安置小区店）,C09712,樟树机关安置小区店,0.0,False,✅成功
美团,13858356,煌上煌酱鸭（龙华云锦店）,C09394,萍乡龙华云锦店,4.5,True,✅成功
美团,13860762,煌上煌酱鸭（抚生路店）,C00126,直属抚生路店,4.7,True,✅成功
美团,13860852,煌上煌酱鸭（直属西站大街店）,C09039,直属西站大街店,4.4,True,✅成功
美团,13863517,煌上煌酱鸭（肇庆万达广场店）,C02135,肇庆万达广场店,4.4,True,✅成功
美团,13876673,煌上煌酱鸭（东兴贵州路店）,C09784,广西东兴贵州路店,0.0,False,✅成功
美团,13886370,煌上煌酱鸭(中山古镇镇曹步店),C04225,中山古镇曹步店,4.6,True,✅成功
美团,1389435,煌上煌酱鸭(新圩店),C02229,惠州新圩店,4.4,True,✅成功
美团,13899823,煌上煌酱鸭（卤味饭·抚临路店）,C00503,鹰抚抚临路,0.0,True,✅成功
美团,13899902,煌上煌酱鸭（卤味饭·解放路店）,C00828,上饶信州区解放路店,4.5,True,✅成功
美团,13900074,煌上煌酱鸭（新力琥珀园店）,C09673,九龙新力琥珀园店,4.3,True,✅成功
美团,13987511,煌上煌酱鸭（博罗天虹店）,C03106,惠州博罗天虹店,4.7,True,✅成功
美团,14016567,煌上煌酱鸭（绿地玫瑰城店）,C02003,绿地玫瑰城,0.0,True,✅成功
美团,14016570,煌上煌酱鸭（高新中兴和园店）,C06423,高新中兴和园店,4.2,True,✅成功
美团,14016862,煌上煌酱鸭（恒心超市店）,C05093,鹰抚抚州恒心超市,0.0,True,✅成功
美团,14021138,煌上煌酱鸭（光明大街店）,C09919,宝安光明大街店,4.4,True,✅成功
美团,14082776,煌上煌酱鸭（定南店）,C01075,赣州定南,0.0,False,✅成功
美团,14108869,煌上煌酱鸭（泰和福来客店）,C09685,吉安泰和福来客生活超市店,4.4,True,✅成功
美团,14169806,煌上煌酱鸭（湘东店）,C01229,萍乡湘东,0.0,False,✅成功
美团,14214252,煌上煌酱鸭（贵溪冶金南路店）,C09099,鹰抚贵溪煌上煌冶金南路店,4.5,True,✅成功
美团,14215451,煌上煌酱鸭（企石店）,C10066,东莞企石润升百货店,4.5,True,✅成功
美团,14224210,煌上煌酱鸭（九江花园店）,C09707,九江奥林匹克花园店,4.5,True,✅成功
美团,14225507,煌上煌酱鸭（遂川东路大道店）,C01055,吉安遂川泉江东路大道店,0.0,True,✅成功
美团,14245649,煌上煌酱鸭（贵溪金三角店）,C14633,贵溪金三角店,4.5,True,✅成功
美团,14282682,煌上煌酱鸭(余干东山大街店),C08948,上饶余干东山大街店,4.6,True,✅成功
美团,14283590,煌上煌酱鸭（莲塘澄湖东路店）,C07493,莲塘澄湖东路店,3.8,True,✅成功
美团,14301976,煌上煌酱鸭（樟树时代广场店）,C00682,丰城樟树时代广场店,4.5,True,✅成功
美团,14309103,煌上煌酱鸭（九江德安时代凌飞店）,C10068,九江德安时代凌飞店,0.0,False,✅成功
美团,14309192,煌上煌酱鸭（共青大泽泰时代店）,C13371,九江共青大泽泰步行街店,4.6,True,✅成功
美团,14481871,煌上煌酱鸭(铜锣湾店),C13141,红谷滩区铜锣湾店,0.0,False,✅成功
美团,14497572,煌上煌酱鸭（巴顿海滨大道店）,C02276,惠州惠东黄埠巴顿店,4.3,True,✅成功
美团,14513418,煌上煌酱鸭（乐尚天地店）,C14538,河南郑州乐尚超市店,0.0,True,✅成功
美团,14549584,煌上煌匠鸭（福州罗源闽星专卖店）,C10135,福州罗源闽星专卖店,0.0,False,✅成功
美团,14634679,独椒戏·卤烤猪蹄·烧烤(恒太城店),,,0.0,False,❌未匹配
美团,14657749,煌上煌酱鸭（长安万科店）,C10243,东莞长安万科店,4.2,True,✅成功
美团,14718701,煌上煌酱鸭(赣州金坪西路店),C10177,赣州金坪西路店,4.6,True,✅成功
美团,14718863,煌上煌酱鸭(九江修水凤凰广场店),C09867,九江修水凤凰广场店,0.0,True,✅成功
美团,14719308,煌上煌酱鸭（卤味饭·赣东商城店）,C10182,鹰抚东乡赣东商贸城店,4.8,True,✅成功
美团,14722469,煌上煌匠鸭(吉安新干城南国光店),C08132,吉安新干城南国光店,4.5,True,✅成功
美团,14724712,煌上煌酱鸭（青原国光店）,C10183,吉安青原国光店,4.4,True,✅成功
美团,14737402,煌上煌酱鸭（张家口物美超市沙城店）,C08505,张家口物美超市沙城店,0.0,False,✅成功
美团,14743219,煌上煌酱鸭（上顿渡广场东店）,C10169,鹰抚抚州上顿渡广场东路店,0.0,False,✅成功
美团,14765362,煌上煌酱鸭(旭辉华润店),C10218,南昌新建区旭辉华润,4.3,True,✅成功
美团,1477574,煌上煌酱鸭(顺平店),C02889,龙岗区平湖西路,4.4,True,✅成功
美团,1485822,煌上煌酱鸭（西乡锦湖店）,C01399,西安市场西乡店,4.5,True,✅成功
美团,14959356,煌上煌酱鸭（惠东大岭店）,C02536,惠东大岭店,0.0,False,✅成功
美团,1501228,煌上煌酱鸭（乐平迎宾西路店）,C01159,景德镇乐平迎宾,0.0,False,✅成功
美团,15014348,煌上煌酱鸭（直属中联商城店）,C10316,直属赣州中联商城店,4.6,True,✅成功
美团,15017326,煌上煌酱鸭(九江共青新村店),C00749,九江共青新村店,4.5,True,✅成功
美团,15022640,煌上煌酱鸭（松明大道店）,C10172,宝安松岗松明大道店,4.8,True,✅成功
美团,15027095,煌上煌匠鸭（三亚林旺市场专卖店）,C10417,三亚海棠湾林旺市场店,4.2,False,✅成功
美团,15032706,煌上煌（卤味·四元桥家乐福店）,C10229,北京四元桥家乐福,4.8,True,✅成功
美团,15044472,煌上煌酱鸭（惠州江北佳兆业广场店）,C10332,惠州江北佳兆业广场店,4.6,True,✅成功
美团,15083763,煌上煌酱鸭（长安厦边华大店）,C10270,东莞长安厦边华大专卖店,0.0,False,✅成功
美团,15104317,煌上煌酱鸭（九江湖口联盛店）,C10356,九江湖口联盛店,4.7,True,✅成功
美团,15165753,煌上煌酱鸭（莲塘一中店）,C07646,直属莲塘一中店,4.6,True,✅成功
美团,15165966,煌上煌酱鸭（直青云明珠店）,C00125,直属青云明珠店,4.6,True,✅成功
美团,15166005,煌上煌酱鸭（直属广外店）,C00011,直属广外,4.5,True,✅成功
美团,15166221,煌上煌酱鸭（绳金塔2店）,C10337,直属绳金塔2店,0.0,True,✅成功
美团,15166269,煌上煌酱鸭（直属恒大华府店）,C10320,直属恒大华府店,0.0,True,✅成功
美团,15166322,煌上煌酱鸭（九江奥克斯缔壹城店）,C10380,九江南山公园奥克斯缔壹城店,4.8,True,✅成功
美团,15166398,煌上煌酱鸭（直属京山店）,C00016,直属京山,4.5,True,✅成功
美团,15212380,煌上煌（酱鸭·惠州乌石店）,C10301,惠州乌石店,4.7,True,✅成功
美团,15248460,煌上煌（仙游鲤城店）,C04450,莆田仙游鲤城店,4.3,True,✅成功
美团,15262564,煌上煌酱鸭（恭城天和店）,C10453,恭城天和百货店,4.7,True,✅成功
美团,15281570,煌上煌酱鸭(铁路五村店),C08796,直属铁路五村店,4.6,True,✅成功
美团,15376634,煌上煌酱鸭（望牛墩嘉荣广场店）,C10434,东莞望牛墩嘉荣广场店,4.4,True,✅成功
美团,15407456,煌上煌酱鸭（南剑小区店）,C10442,萍乡南剑小区店,4.1,True,✅成功
美团,15410018,煌上煌酱鸭（兴国红门店）,C10470,赣州兴国红门店,4.3,True,✅成功
美团,15428794,煌上煌酱鸭（仑苍店·卤味小吃·炒饭）,C02652,泉州南安仑苍店,4.8,True,✅成功
美团,15442268,煌上煌酱鸭（世贸天城店）,C10567,直属世贸天城店,4.5,True,✅成功
美团,15462308,煌上煌酱鸭(九江德安联盛快乐城店),C13225,九江德安联盛快乐城,4.7,True,✅成功
美团,15601573,煌上煌酱鸭（炒饭·卤味·小吃·普定凯旋城店),C10727,安顺普定中兴大道凯旋城店,4.2,True,✅成功
美团,15625570,煌上煌酱鸭（防城港乐天店）,C10769,防城港中心区乐天花园店,0.0,False,✅成功
美团,1566576,煌上煌酱鸭(陆丰建设路店),C02139,汕尾陆丰,4.9,True,✅成功
美团,15700996,煌上煌酱鸭（新建城农贸市场店）,C09208,新建城农贸市场店,4.6,True,✅成功
美团,15701688,煌上煌酱鸭（胶州龙湖天街店）,C10302,青岛胶州龙湖天街家家悦店,0.0,False,✅成功
美团,15702373,煌上煌酱鸭（弋阳东华时代广场店）,C10726,上饶弋阳东华时代广场店,4.3,True,✅成功
美团,15765636,煌上煌酱鸭（直属洪都店）,C00005,直属洪都,4.1,True,✅成功
美团,15765859,煌上煌酱鸭（直属盈石广场店）,C03173,直属盈石广场店,4.3,True,✅成功
美团,15803970,煌上煌酱鸭（卤味饭·公园道店）,C10844,上饶公园道店,4.8,True,✅成功
美团,15805116,煌上煌酱鸭（南昌十里桃花店）,C10583,十里桃花,4.6,True,✅成功
美团,15809965,煌上煌酱鸭（卤味·营口万达店）,C10585,营口万达真实惠店,0.0,False,✅成功
美团,15932094,煌上煌酱鸭（直属胜利路2店）,C07072,直属胜利路2店,4.5,True,✅成功
美团,15932300,煌上煌酱鸭（直属苏圃路店）,C00067,直属苏圃路,4.6,True,✅成功
美团,15933128,煌上煌酱鸭（贤士路店）,C00010,直属贤士路,4.6,True,✅成功
美团,15933854,煌上煌酱鸭（二七路店）,C00007,直属二七路,4.5,True,✅成功
美团,15954961,煌上煌酱鸭（九江谢家垅店）,C10887,九江谢家垅店,0.0,True,✅成功
美团,15955096,煌上煌酱鸭（南昌怡兰苑店）,C00250,怡兰苑,4.4,True,✅成功
美团,15983740,煌上煌酱鸭（经开榴云路店）,C10822,经开榴云路店,4.3,True,✅成功
美团,15985375,煌上煌酱鸭（朱家湖店）,C00369,朱家湖,0.0,True,✅成功
美团,15996133,煌上煌酱鸭（菜鲜汇阳光家园店）,C07737,菜鲜汇阳光家园店,4.5,True,✅成功
美团,15997147,煌上煌酱鸭（南昌莱卡店）,C01848,直属南昌莱卡总店,4.4,True,✅成功
美团,16008250,煌上煌匠鸭（宁德华宁店）,C10402,宁德华宁专卖店,0.0,False,✅成功
美团,1609551,煌上煌酱鸭(惠州市天天润广场专卖店),C02333,惠州天天润广场店,4.3,False,✅成功
美团,16174802,煌上煌酱鸭（新建霁亭路店）,C03612,直属霁亭路店,0.0,True,✅成功
美团,1620832,煌上煌酱鸭（赣州龙南店）,C01125,赣州龙南宏昌店,0.0,False,✅成功
美团,16212352,煌上煌酱鸭（新余御天城店）,C03922,新余御天城店,0.0,True,✅成功
美团,16212700,煌上煌酱鸭（龙津南路店）,C00461,鹰抚上顿渡龙津南路店,4.7,True,✅成功
美团,16212964,煌上煌酱鸭（宜春御景店）,C13399,宜春恒大御景店,4.6,True,✅成功
美团,16214879,煌上煌酱鸭（九江陶洼菜场店）,C10885,九江陶洼菜场店,0.0,True,✅成功
美团,16228817,煌上煌酱鸭（惠州大亚湾万达店）,C10998,惠州大亚湾万达店,4.3,True,✅成功
美团,16241466,煌上煌酱鸭（赣州崇义阳明路店）,C10910,赣州崇义阳明路店,4.7,True,✅成功
美团,16426169,煌上煌酱鸭（东方苑店）,C00398,东方苑路店,0.0,True,✅成功
美团,16426288,煌上煌酱鸭（象湖诚义路店）,C00392,象湖城义路店,4.6,True,✅成功
美团,16426475,煌上煌酱鸭（幸福时光店）,C00405,幸福时光,4.6,True,✅成功
美团,16431383,煌上煌酱鸭（卤味·西乡步行街店）,C10562,宝安西乡步行街南门店,4.2,True,✅成功
美团,16433517,煌上煌酱鸭（南城盱江路店）,C00900,抚南南城盱江路店,4.6,True,✅成功
美团,16433779,煌上煌酱鸭（西湖新村店）,C11006,鹰抚抚州西湖新村店,4.0,True,✅成功
美团,16442261,煌上煌酱鸭（卤味饭·阳光府邸店）,C11106,上饶阳光福邸店,4.6,True,✅成功
美团,16442743,煌上煌酱鸭（湾里鹏泰店）,C10783,湾里鹏泰超市店,4.6,True,✅成功
美团,16442952,煌上煌酱鸭（九龙湖安丰花园店）,C11064,九龙湖安丰花园店,4.6,True,✅成功
美团,16445271,煌上煌酱鸭（赣州兴国店）,C01072,赣州兴国,4.4,True,✅成功
美团,16480674,煌上煌酱鸭（大沈桥店）,C00402,大沈桥,4.6,True,✅成功
美团,1655244,煌上煌酱鸭(百花店),C02288,东莞百花店,4.3,True,✅成功
美团,16601678,煌上煌酱鸭（赣县星洲润达宏昌店）,C11141,赣州赣县星洲润达宏昌店,3.5,True,✅成功
美团,16642805,煌上煌（三亚博后店）,C10051,三亚博后店,4.0,True,✅成功
美团,1665449,煌上煌（卤味·岐山路店）,C01933,沈阳岐山路店,4.6,True,✅成功
美团,16660145,煌上煌酱鸭（嘉盛豪园店·卤味小吃·炒饭）,C11152,漳州诏安店,4.5,True,✅成功
美团,16696642,煌上煌酱鸭(南城莱蒙广场店),C11251,东莞南城莱蒙广场店,4.7,True,✅成功
美团,16728225,煌上煌酱鸭（新村店）,C00008,直属新村,4.7,True,✅成功
美团,16733848,煌上煌酱鸭（都匀万达店),C11187,都匀万达店,4.0,True,✅成功
美团,16760578,煌上煌酱鸭（草堂店）,C12078,西安鄠邑草堂二店,4.7,True,✅成功
美团,16772616,煌上煌酱鸭（武宁南门市场店）,C00808,九江武宁南门市场店,0.0,True,✅成功
美团,1677882,煌上煌酱鸭（瑞金八一北店）,C01077,赣州瑞金八一北路店,3.9,True,✅成功
美团,16787170,煌上煌酱鸭（吉水城南店）,C01058,吉安吉水城南店,0.0,True,✅成功
美团,16795853,煌上煌酱鸭（浮梁宝鼎盛世店）,C10981,景德镇浮梁宝鼎盛世店,4.1,False,✅成功
美团,16800143,煌上煌酱鸭（卤味饭·幸福里店）,C10897,上饶弋阳幸福里店,4.1,True,✅成功
美团,16895113,煌上煌酱鸭（凤山店）,C11177,河池凤山县东鹏路店,4.2,True,✅成功
美团,17127175,煌上煌酱鸭（花都大润发店）,C11280,广州花都大润发店,4.3,True,✅成功
美团,1713009,煌上煌酱鸭（泰和国光店）,C00988,吉安泰和,0.0,False,✅成功
美团,17166293,煌上煌（卤味·宽城万达店）,C11134,长春宽城万达广场店,4.1,True,✅成功
美团,17191876,煌上煌酱鸭（尤溪店）,C06012,三明尤溪大润发专卖店,0.0,False,✅成功
美团,1722539,煌上煌酱鸭(振兴店),C02923,清远佛冈振兴店,4.3,True,✅成功
美团,17257910,煌上煌酱鸭（赣州温馨家园店）,C11369,赣州温馨家园店,4.2,True,✅成功
美团,17288846,煌上煌酱鸭（炒饭·卤味·小吃·安顺美食广场店）,C11377,安顺关岭壹号美食广场店,4.7,True,✅成功
美团,17296222,煌上煌酱鸭（吉安城北店）,C00996,吉安城北,0.0,False,✅成功
美团,17323134,煌上煌酱鸭（大岭山杨屋店）,C11328,东莞大岭山杨屋店,4.3,True,✅成功
美团,17334483,煌上煌酱鸭（番禺易发街店）,C11472,广州番禺易发街店,4.7,True,✅成功
美团,17338598,煌上煌酱鸭（贵溪凯翔春天店）,C11258,鹰抚贵溪凯翔春天店,4.5,True,✅成功
美团,17369039,煌上煌酱鸭（卤味?鸭脖.黄江万业店）,C11413,东莞黄江万业店,3.9,True,✅成功
美团,17401161,煌上煌酱鸭（广昌解放路三店）,C08204,抚南广昌解放路三店,4.1,True,✅成功
美团,17401307,煌上煌酱鸭（分宜天工路店）,C00703,新余分宜天工路店,4.5,True,✅成功
美团,17401412,煌上煌酱鸭（南丰凯升广场店）,C09209,抚南南丰凯升广场店,4.4,True,✅成功
美团,17436897,煌上煌酱鸭（炒饭·卤味·小吃·大竹东大街店）,C11448,达州大竹一店,0.0,False,✅成功
美团,17450172,煌上煌酱鸭（宜春宝利裕丰店）,C13632,宜春新宝利超市店,4.2,True,✅成功
美团,17452258,煌上煌酱鸭（上高紫金国际广场店）,C04676,宜春上高紫金国际广场超市,0.0,False,✅成功
美团,17543868,煌上煌酱鸭（三亚马岭店）,C11499,三亚马岭专卖店,0.0,False,✅成功
美团,17597223,煌上煌酱鸭（东凤万科店）,C11330,中山东凤万科店,4.4,True,✅成功
美团,17607180,煌上煌（屏南店）,C11437,宁德屏南总店,4.7,True,✅成功
美团,17624479,煌上煌酱鸭（赣州上犹和平路店）,C11429,赣州上犹和平路店,0.0,False,✅成功
美团,17651012,独椒戏·卤烤猪蹄·烧烤（大仟里店）,C14823,深圳光明大仟里店,0.0,False,✅成功
美团,17651442,煌上煌酱鸭（剪子口店）,C00460,鹰抚剪子口,0.0,True,✅成功
美团,17651461,煌上煌酱鸭（阳光城店）,C11458,鹰抚抚州阳光城,4.8,True,✅成功
美团,17660475,煌上煌酱鸭（抚州大公路菜场店）,C08309,鹰抚抚州大公路菜场店,0.0,True,✅成功
美团,17716668,煌上煌酱鸭（罗湖区泥岗店）,C02866,罗湖泥岗金碧路店,3.9,True,✅成功
美团,17732032,煌上煌酱鸭（宝美店）,C03009,泉州德化二店,4.7,True,✅成功
美团,17805681,煌上煌酱鸭（婺源家润福店）,C05901,上饶婺源家润福商超店,4.6,True,✅成功
美团,17805803,煌上煌酱鸭（婺源平安花园店）,C08048,婺源平安花园小区店,0.0,True,✅成功
美团,17822099,煌上煌酱鸭（东至西湖巷店）,C00758,池州东至西湖巷店,4.8,True,✅成功
美团,17861855,煌上煌（卤味·炒饭·民主广场店）,C11581,直属大连民主广场24小时店,4.7,True,✅成功
美团,17887351,煌上煌酱鸭(石排公园店),C11603,东莞石排公园南路店,4.4,True,✅成功
美团,17898403,煌上煌（卤味·大东龙之梦店）,C03818,沈阳龙之梦店,4.4,False,✅成功
美团,17926654,煌上煌酱鸭（西门人人乐店）,C11560,直属西安西门人人乐店,4.6,True,✅成功
美团,17943928,煌上煌酱鸭（余干德胜大道店）,C01216,上饶余干德胜大道店,4.8,True,✅成功
美团,17948098,煌上煌酱鸭（九江前进东路店）,C07814,九江十里前进东路店,3.8,True,✅成功
美团,17965494,煌上煌酱鸭（南昌西湖店）,C00162,千禧,4.1,True,✅成功
美团,17966434,煌上煌酱鸭（直属紫金城店）,C01999,直属紫金城店,4.4,True,✅成功
美团,17966530,煌上煌酱鸭（卤味饭·瑞日家园店）,C11640,鹰抚抚州瑞日家园,4.5,True,✅成功
美团,17979084,煌上煌酱鸭（赣州公务员小区店）,C11596,直属赣州公务员小区店,4.4,True,✅成功
美团,18040143,煌上煌酱鸭（南城锦绣江南店）,C11745,抚南南城锦绣江南店,4.5,True,✅成功
美团,18071376,煌上煌酱鸭（南昌万达旅游城店）,C00391,万达旅游城店,0.0,True,✅成功
美团,18110397,煌上煌（卤味·长白万象汇店）,C11850,沈阳长白万象汇店,0.0,False,✅成功
美团,18122225,煌上煌酱鸭（兴华路店）,C01018,吉安县兴华路店,0.0,False,✅成功
美团,18142410,煌上煌酱鸭（婺源月华路二中店）,C11609,婺源月华路二中店,4.7,True,✅成功
美团,1816501,煌上煌酱鸭(赣州安远店）,C01095,赣州安远,4.1,True,✅成功
美团,18196742,煌上煌酱鸭（保集店）,C03299,保集店,0.0,True,✅成功
美团,18196889,煌上煌酱鸭（邓埠店）,C01849,邓埠店,4.5,True,✅成功
美团,18263568,煌上煌酱鸭（古镇华丰汇店）,C11709,中山古镇华丰汇店,0.0,True,✅成功
美团,18275922,煌上煌酱鸭（信丰桃江御景店）,C11565,赣州信丰桃江御景店,0.0,False,✅成功
美团,18276211,煌上煌酱鸭（陆丰甲子店）,C11840,汕尾陆丰甲子店,4.4,False,✅成功
美团,18282959,煌上煌酱鸭（义乌城北商业中心店）,C07642,义乌城北商业中心店,4.3,True,✅成功
美团,18287360,煌上煌酱鸭（水口升宝广场店）,C11889,江门开平水口升宝店,4.3,True,✅成功
美团,18301342,煌上煌酱鸭（欣悦湖店）,C11792,新建区欣悦湖店,4.3,True,✅成功
美团,18302621,煌上煌（卤味·呼市步行街店）,C11748,呼市赛罕万达步行街店,0.0,False,✅成功
美团,18313221,煌上煌酱鸭（农科路酒吧街店）,C11810,直属河南郑州农科路店,4.6,True,✅成功
美团,18338465,煌上煌酱鸭（卤味饭·中央花园店）,C11762,直属抚州中央花园店,4.7,True,✅成功
美团,18338564,煌上煌酱鸭（红谷十二庭店）,C04246,红谷十二庭店,4.1,True,✅成功
美团,18378641,煌上煌酱鸭（涟源地下商业街店）,C11259,涟源地下商业街店,4.5,False,✅成功
美团,18379523,煌上煌酱鸭（冷水江锑都大厦2店）,C11812,冷水江地下商业街2店,0.0,False,✅成功
美团,18381545,煌上煌酱鸭（金鹏花园店）,C11771,直属吉安金鹏花园店,4.6,True,✅成功
美团,1841001,煌上煌酱鸭(雁田店),C02477,东莞食客店,0.0,True,✅成功
美团,184295,煌上煌酱鸭（福田区农林店）,C02183,福田区农林,4.7,True,✅成功
美团,18433172,煌上煌酱鸭（宜春国安路店）,C06017,宜春国安路店,4.3,True,✅成功
美团,18444941,煌上煌酱鸭（黎川状元路店）,C11743,抚南黎川状元路店,4.8,True,✅成功
美团,18454312,煌上煌酱鸭（吉安文澜府店）,C11761,吉安文澜府店,4.4,True,✅成功
美团,18454452,煌上煌酱鸭（新祺周东投阳光城店）,C11204,新祺周东投阳光城店,4.7,True,✅成功
美团,18454652,煌上煌酱鸭（九龙湖青原山路店）,C11442,九龙湖青原山路店,2.9,True,✅成功
美团,18478237,煌上煌（酱鸭.萍乡芦溪人民路店）,C10646,萍乡芦溪凌云北路店,0.0,True,✅成功
美团,18480264,煌上煌酱鸭（九江庐山金枫花园店）,C11873,九江庐山市金枫花园店,4.7,True,✅成功
美团,18493189,煌上煌酱鸭（湾里万科璞悦里店）,C11932,湾里万科璞悦里店,4.0,True,✅成功
美团,18502669,煌上煌酱鸭（幸福城店）,C11881,汕尾陆丰洛州东路专卖店,0.0,False,✅成功
美团,18506892,煌上煌酱鸭（奥体天虹店）,C08198,煌上煌奥体天虹店,4.6,True,✅成功
美团,1850898,煌上煌酱鸭（赣州沙河店）,C01099,赣州沙河,4.5,True,✅成功
美团,18535852,煌上煌酱鸭（信丰同益市场店）,C01100,赣州信丰同益市场店,0.0,False,✅成功
美团,18625698,煌上煌酱鸭（高安青城林语店）,C11856,高安青城林语新店,4.7,True,✅成功
美团,18626004,煌上煌酱鸭（萍乡学院店）,C11742,萍乡学院店,4.2,True,✅成功
美团,18635463,煌上煌酱鸭（三明建宁店）,C12039,三明建宁店,4.8,True,✅成功
美团,1866253,煌上煌酱鸭(惠州陈江店),C02978,惠州陈江店,4.2,False,✅成功
美团,18671121,煌上煌酱鸭（宜春万载宏达嘉园店）,C12029,宜春万载宏达嘉园店,4.4,True,✅成功
美团,18671212,煌上煌酱鸭（赣州赣县宏昌超市店）,C11756,赣州赣县宏昌超市店,0.0,True,✅成功
美团,18808582,煌上煌酱鸭（华润桃苑店）,C08937,华润桃苑店,0.0,False,✅成功
美团,18866059,煌上煌酱鸭（莲花路汇金店）,C12086,直属上海闵行莲花路汇金超市店,4.5,True,✅成功
美团,18902218,煌上煌酱鸭（大观天下店）,C12133,鹰抚上顿渡大观天下店,0.0,True,✅成功
美团,18927120,煌上煌酱鸭（坂田百佳华店）,C02690,龙岗区坂田店,4.4,True,✅成功
美团,18935340,煌上煌酱鸭（赣州黄金家园店）,C12045,直属赣州黄金家园店,4.3,True,✅成功
美团,19004357,煌上煌酱鸭（黄山休宁店）,C12210,安徽黄山休宁店,4.6,True,✅成功
美团,19073914,煌上煌酱鸭（凯旋公馆店）,C12251,迎宾大道凯旋公馆店,0.0,True,✅成功
美团,19088943,煌上煌（卤味·宽城万达二店）,C11397,长春宽城万达2店,0.0,True,✅成功
美团,19091197,煌上煌酱鸭（东乡城东鹏泰店）,C12302,鹰抚东乡城东鹏泰店,4.5,True,✅成功
美团,19091599,煌上煌酱鸭（卤味饭·万家隆超市店）,C11878,鹰抚抚州万家隆超市店,4.4,True,✅成功
美团,19100676,煌上煌酱鸭(分宜钤阳西路店),C12215,新余分宜钤阳西路店,4.6,True,✅成功
美团,19110283,煌上煌酱鸭（汕尾陆丰碣石店）,C12237,汕尾陆丰碣石专卖店,0.0,False,✅成功
美团,1911031,煌上煌酱鸭(博罗商业广场店),C02629,惠州万信佳店,4.6,True,✅成功
美团,19127496,煌上煌酱鸭(武宁鳌鱼菜场店),C12306,九江武宁鳌鱼菜场店,4.5,True,✅成功
美团,1915508,煌上煌酱鸭（安福老电影院店）,C00986,吉安安福,4.4,True,✅成功
美团,19156598,煌上煌酱鸭（直属海口国贸路店）,C12377,直属海口国贸路店,0.0,False,✅成功
美团,19161398,煌上煌酱鸭（卤味饭·五洲南路店）,C14851,直属鹰潭五洲南路店,4.4,True,✅成功
美团,19174824,煌上煌酱鸭（云锦路店）,C01842,直属云锦路店,4.3,True,✅成功
美团,19191303,煌上煌酱鸭（上顿渡玉茗豪苑店）,C00499,鹰抚上顿渡玉茗豪苑,4.8,True,✅成功
美团,19199032,煌上煌酱鸭(湖口石塘小区店),C12396,九江湖口石塘小区店,4.6,True,✅成功
美团,19204345,煌上煌酱鸭（热卤，套餐饭，晋安三八路店）,C02665,福州三八路店,4.7,True,✅成功
美团,19217992,煌上煌酱鸭（三亚港华店）,C10418,三亚商品街港华广场店,0.0,True,✅成功
美团,19218689,煌上煌酱鸭（陵水清水湾店）,C11275,陵水清水湾榕城美食节店,0.0,False,✅成功
美团,19265129,煌上煌酱鸭（宜春东湖花苑店）,C11809,宜春东湖花苑店,0.0,True,✅成功
美团,19313267,煌上煌酱鸭（卤肉饭·富洲南路店）,C12387,丰城富洲南路店,4.6,True,✅成功
美团,19323533,煌上煌酱鸭（九江瑞昌铜城大道店）,C00766,九江瑞昌铜城大道店,3.8,True,✅成功
美团,19323732,煌上煌酱鸭（九江瑞昌一中店）,C11088,九江瑞昌一中店,0.0,True,✅成功
美团,19358022,煌上煌酱鸭（九江永修书香门第店）,C10634,九江永修书香门第店,0.0,False,✅成功
美团,19358068,煌上煌酱鸭（九江永修富民店）,C04902,九江永修富民店,0.0,True,✅成功
美团,19361685,煌上煌酱鸭（卤味.酒料.梅陇店）,C12441,汕尾海丰梅陇专卖店,0.0,False,✅成功
美团,19393063,煌上煌酱鸭(卤味饭·鑫城家园店),C12257,上饶弋阳鑫城嘉园店,4.9,True,✅成功
美团,19429787,煌上煌酱鸭(景德镇景城名郡店),C12452,景德镇景城名郡店(译翔丽),4.5,True,✅成功
美团,19440713,煌上煌酱鸭（宁都新城店）,C01128,赣州宁都新城店,4.5,True,✅成功
美团,19455979,煌上煌酱鸭（万载东大路店）,C12028,宜春万载东大路店,0.0,False,✅成功
美团,19509040,煌上煌酱鸭（长沙火车站三店）,C13543,直属长沙火车站三店,4.2,True,✅成功
美团,19520217,煌上煌酱鸭（崇仁新天地店）,C12438,抚南崇仁新天地,0.0,True,✅成功
美团,19582934,煌上煌酱鸭(景德镇方家山日新百货店),C12509,景德镇方家山日新店,0.0,False,✅成功
美团,19615058,煌上煌酱鸭（赣州信丰铂金湾店）,C12119,赣州信丰铂金湾店,4.4,True,✅成功
美团,19649309,煌上煌酱鸭（九江共青温馨家园店）,C12295,九江共青温馨家园店,0.0,False,✅成功
美团,1966397,煌上煌酱鸭（秀峰店）,C02542,福州秀峰店,0.0,False,✅成功
美团,19674010,煌上煌酱鸭（九江柴桑区凯旋春天店）,C12548,九江柴桑区凯旋春天店,0.0,False,✅成功
美团,19706766,煌上煌酱鸭（中海朝阳郡熙岸店）,C12575,直属中海朝阳郡熙岸店,4.1,True,✅成功
美团,19717907,煌上煌酱鸭（揭东霖磐店）,C11542,揭阳揭东霖磐专卖店,0.0,False,✅成功
美团,19719666,煌上煌酱鸭（宁都中山街店）,C01081,赣州宁都解放东路店,4.3,True,✅成功
美团,19723679,煌上煌（卤味·炒饭·北站店）,C11770,直属沈阳北站店,4.6,True,✅成功
美团,19750467,煌上煌酱鸭(东方铭城店),C12581,丰城东方铭城店,4.5,True,✅成功
美团,19760978,煌上煌酱鸭（宁德天茂城市广场店）,C12602,宁德天茂城市广场专卖店,0.0,False,✅成功
美团,19770840,煌上煌酱鸭（沙井万科星城店）,C12479,宝安新桥万科星城店,4.3,True,✅成功
美团,19794949,煌上煌酱鸭（乐海店·卤味小吃·炒饭））,C02842,厦门同安乐海店,4.4,True,✅成功
美团,19800414,煌上煌酱鸭（钟鼓楼店）,C10627,钟鼓楼,4.4,True,✅成功
美团,19834078,煌上煌酱鸭（鸿兴广场店）,C12400,佛冈鸿兴广场专卖店,0.0,False,✅成功
美团,19875831,煌上煌酱鸭(凤凰印象新天地店),C12589,凤凰印象新天地,4.5,True,✅成功
美团,19875959,煌上煌酱鸭（中山路店）,C10630,中山路,0.0,False,✅成功
美团,19907843,煌上煌酱鸭（玉山天街店）,C12613,上饶玉山天街店,4.4,True,✅成功
美团,19952630,煌上煌酱鸭（上饶信江明珠店）,C12573,上饶广信信江明珠店,0.0,False,✅成功
美团,20030487,煌上煌酱鸭（博罗长宁店）,C12658,惠州博罗长宁专卖店,0.0,False,✅成功
美团,20046189,煌上煌酱鸭（赣县梅林古镇店）,C12610,赣州赣县梅林古镇店,0.0,False,✅成功
美团,20055304,煌上煌酱鸭（福清沃尔玛店）,C02279,福州福清沃尔玛店,4.6,True,✅成功
美团,20059734,煌上煌酱鸭（观澜福城天虹店）,C12612,龙华福城天虹美食街店,0.0,False,✅成功
美团,20121747,煌上煌酱鸭(景德镇新天地店),C12729,景德镇新天地店,4.5,False,✅成功
美团,20195829,煌上煌酱鸭（龙城阳光广场店）,C12709,龙岗龙城阳光广场店,4.5,True,✅成功
美团,20203584,煌上煌酱鸭（杭州江晖路地铁店）,C12595,直属杭州江晖路地铁商业街店,4.5,True,✅成功
美团,20205406,煌上煌酱鸭（澄湖左岸店）,C00295,澄湖左岸店,4.6,True,✅成功
美团,20215694,煌上煌酱鸭（吉安恒丰花园店）,C11642,吉安恒丰花园店,4.7,True,✅成功
美团,20216013,煌上煌酱鸭（中山南朗永兴路店）,C12908,中山南朗凯盈店,4.6,True,✅成功
美团,202169,煌上煌酱鸭（叠山路店）,C00321,塘子河,4.4,True,✅成功
美团,20281704,煌上煌酱鸭（梅州五华奥园广场店）,C12915,梅州五华奥园广场专卖店,0.0,False,✅成功
美团,20306568,煌上煌酱鸭（桥下店）,C02683,温州桥下恒大广场店,4.5,True,✅成功
美团,20360959,煌上煌酱鸭（九江城西港店）,C06926,九江城西港店,0.0,True,✅成功
美团,20369637,煌上煌酱鸭（贵溪万和城店）,C11739,鹰抚贵溪万和城店,4.1,True,✅成功
美团,20433220,煌上煌（东海泰禾商城店·卤味小吃·炒饭）,C03936,泉州晋江百捷上悦城店,4.2,False,✅成功
美团,20465194,煌上煌酱鸭（博白锦绣店）,C12886,玉林博白锦绣广场店,4.2,True,✅成功
美团,20466964,煌上煌酱鸭（南宁淡村店）,C12970,南宁淡村农贸市场店,4.1,True,✅成功
美团,20516817,煌上煌酱鸭（景德镇总店）,C13103,景德镇新德园旗舰店（辰译优）,4.6,True,✅成功
美团,20517715,煌上煌酱鸭（赣州龙南博美店）,C12617,赣州龙南博美店,0.0,False,✅成功
美团,20517945,煌上煌酱鸭（醴陵星悦茂店）,C12877,醴陵星茂悦店,0.0,False,✅成功
美团,20531515,煌上煌酱鸭（九江德安宝塔新城店）,C12656,九江德安宝塔新城店,4.3,True,✅成功
美团,20543447,煌上煌酱鸭（宜春润达百货店）,C13107,宜春润达百货店铺,4.3,True,✅成功
美团,20543514,煌上煌酱鸭（龙竹路安东花园店）,C13019,龙竹路安东花园店,0.0,False,✅成功
美团,20549835,煌上煌酱鸭（公明上村店）,C12906,光明区公明上村店,4.1,False,✅成功
美团,20574320,独椒戏·卤烤猪蹄·烧烤（红山6979店）,C14820,独椒戏深圳龙华红山6979,4.3,True,✅成功
美团,20583192,煌上煌酱鸭（东坑万升荟广场店）,C12898,东莞东坑东兴中路店,3.7,True,✅成功
美团,20594550,煌上煌酱鸭（潭头店）,C12949,宝安松岗潭头店,4.3,True,✅成功
美团,20599676,煌上煌酱鸭（艾溪湖农贸市场店）,C13067,艾溪湖农贸市场店,0.0,True,✅成功
美团,20624789,煌上煌酱鸭（宜春凤凰农贸市场店）,C12655,宜春凤凰农贸市场店,4.8,True,✅成功
美团,20832777,煌上煌酱鸭（直属大儒世家国光店?鸭脖?卤味鸭头）,C02038,福州国光店,4.8,True,✅成功
美团,20878676,煌上煌酱鸭（马甲店·卤味小吃·炒饭）,C15018,泉州洛江马甲尾岭店,4.3,True,✅成功
美团,20880405,煌上煌酱鸭（吉安兴桥店）,C01020,吉安兴桥,0.0,False,✅成功
美团,20888544,煌上煌酱鸭(慈利阳光花城店),C13148,慈利县笔架东路店,0.0,False,✅成功
美团,20901922,煌上煌酱鸭（于都大润发店）,C03740,赣州于都大润发店,4.6,True,✅成功
美团,21005705,煌上煌酱鸭（潘州广场专卖店）,C12862,茂名高州潘州广场店,0.0,True,✅成功
美团,21028412,煌上煌酱鸭（武冈店）,C11719,邵阳武冈市新广场2店,4.0,True,✅成功
美团,21076531,煌上煌酱鸭（金溪秀谷大道店）,C00901,抚南金溪绣谷大道店,4.0,True,✅成功
美团,21080114,煌上煌酱鸭（开关厂店）,C10628,开关厂,4.5,True,✅成功
美团,21081977,煌上煌酱鸭（新余一水天城店）,C13131,新余一水天城店,4.2,False,✅成功
美团,21083636,煌上煌酱鸭（平安曼哈顿店）,C00350,平安曼哈顿,4.6,True,✅成功
美团,21110410,煌上煌酱鸭（永修五星生活广场店）,C12888,九江永修五星生活广场店,0.0,False,✅成功
美团,21115648,煌上煌酱鸭（保利中航城店）,C12057,青云谱保利中航城店,4.4,True,✅成功
美团,21138373,煌上煌酱鸭（上杭坪铺店）,C13261,龙岩上杭坪埔专卖店,0.0,False,✅成功
美团,21183925,煌上煌酱鸭（龙华大浪商业中心店）,C13177,龙华大浪商业中心店,4.4,True,✅成功
美团,21195454,煌上煌酱鸭（金色领域广场店）,C13179,佛山南海金色领域店,4.6,True,✅成功
美团,2121091,煌上煌酱鸭(东莞桥头店),C03132,东莞桥头,4.5,True,✅成功
美团,21214877,煌上煌酱鸭（博泰生命树店）,C12505,青云谱博泰生命树店,4.7,True,✅成功
美团,21238235,煌上煌酱鸭（炒饭·卤味·小吃·红街店）,C13219,贵阳观山湖金阳红街店,4.7,False,✅成功
美团,21263224,煌上煌酱鸭（进贤一店）,C00152,进贤１,4.6,True,✅成功
美团,21263855,煌上煌酱鸭（东区市场店）,C13241,佛山乐从东区市场店,4.7,True,✅成功
美团,21304252,煌上煌酱鸭（中山公园龙之梦店）,C13175,直属上海长宁中山公园龙之梦店,4.8,True,✅成功
美团,21349047,煌上煌酱鸭（鹰潭五洲路菜市场店）,C13310,鹰潭五洲路菜市场店,0.0,True,✅成功
美团,21361986,煌上煌酱鸭（新余状元府店）,C13247,新余状元府店,4.7,True,✅成功
美团,21376468,煌上煌（卤味·富民广场店）,C13240,大连富民广场店,0.0,False,✅成功
美团,21378916,煌上煌（海雅缤纷城店）,C13333,直属宝安海雅缤纷城广场专卖店,0.0,False,✅成功
美团,21446767,煌上煌酱鸭（祥芝店·卤味小吃·炒饭）,C13357,泉州石狮祥芝店,4.7,True,✅成功
美团,21446991,煌上煌酱鸭(宜春靖安一店),C00927,宜春靖安新大街店,4.4,True,✅成功
美团,21469686,煌上煌酱鸭（九江都昌大转盘店）,C00809,九江都昌芙蓉路店,0.0,True,✅成功
美团,21490573,煌上煌（卤味·熟食·套餐饭·漳港店）,C12241,福州长乐商行街专卖店,0.0,False,✅成功
美团,21584478,煌上煌酱鸭（九江柴桑区好又多店）,C13220,九江柴桑区好又多超市店,4.6,True,✅成功
美团,21600439,煌上煌（卤味·王府井奥莱店）,C13207,长春欧亚王府井店,4.4,True,✅成功
美团,21604548,煌上煌酱鸭（乐平新平路店）,C01138,景德镇乐平市新平路店,4.0,True,✅成功
美团,21634496,煌上煌酱鸭（永宁店·卤味小吃·炒饭））,C12097,泉州石狮永宁店,4.7,True,✅成功
美团,21665743,煌上煌(鼎联超市店),C13451,福鼎丽景阳光专卖店,0.0,False,✅成功
美团,2172028,煌上煌酱鸭(乐兴店),C02043,龙岗区坪地乐兴店,4.7,True,✅成功
美团,2175995,煌上煌酱鸭（罗源滨海店）,C03006,福州罗源滨海店,4.7,True,✅成功
美团,21784444,煌上煌（海花岛欧堡店）,C10119,海南海花岛欧堡专卖店,0.0,False,✅成功
美团,21801081,煌上煌酱鸭（永丰五交化店）,C13443,吉安永丰龙岗路店,0.0,True,✅成功
美团,21831704,煌上煌酱鸭（北苑之心店）,C13439,义乌北苑之心店,4.7,True,✅成功
美团,2185128,煌上煌酱鸭(东莞清湖头亨达店),C02386,东莞塘厦亨达店,3.9,True,✅成功
美团,22071092,煌上煌酱鸭(系马桩店),C00033,直属系马桩,4.3,True,✅成功
美团,22074510,煌上煌酱鸭（新干商贸街店）,C13199,吉安新干商贸街店,0.0,False,✅成功
美团,22078543,煌上煌酱鸭（文艺路南路华润万家店）,C11819,西安文艺路华润万家店,4.6,True,✅成功
美团,22104809,煌上煌酱鸭（佛山雅居乐花园店）,C13392,佛山乐从雅居乐花园店,4.3,True,✅成功
美团,22232679,煌上煌酱鸭（炒饭·卤味·小吃·喷水池步行街店）,C13513,贵阳云岩喷水池地下步行街店,4.7,True,✅成功
美团,22236010,煌上煌（平湖万达店）,C13362,龙岗平湖万达店,4.6,True,✅成功
美团,22880086,煌上煌酱鸭（景德镇戴家弄店）,C13437,景德镇戴家弄店,4.9,True,✅成功
美团,23099381,煌上煌（永泰冠景店）,C13469,福州永泰冠景天地店,0.0,False,✅成功
美团,2318484,煌上煌酱鸭（世纪风情店）,C00385,世纪风情,0.0,True,✅成功
美团,2319358,煌上煌酱鸭（九里象湖店）,C00312,九里象湖,0.0,True,✅成功
美团,2319435,煌上煌酱鸭（江大南路店）,C00292,江大南路,4.6,True,✅成功
美团,2319436,煌上煌酱鸭（红苗店）,C00267,红苗,4.8,True,✅成功
美团,2319441,煌上煌酱鸭（万科店）,C00227,万科,4.1,True,✅成功
美团,2319444,煌上煌酱鸭（凤凰花园店）,C00222,凤凰花园,4.5,True,✅成功
美团,2319521,煌上煌酱鸭（朝阳店）,C00182,朝阳,0.0,True,✅成功
美团,2324876,煌上煌酱鸭（南宁航洋国际店）,C02247,南宁航洋国际店,4.5,True,✅成功
美团,2339346,煌上煌酱鸭（团结路店）,C00170,团结路,4.3,True,✅成功
美团,2353690,煌上煌酱鸭（金东路店）,C01091,赣州黄金,4.5,True,✅成功
美团,23639516,煌上煌酱鸭（九龙明珠店）,C09193,九龙明珠店,4.5,True,✅成功
美团,23689721,煌上煌酱鸭（九江姚家洼店）,C00708,九江姚家洼,0.0,False,✅成功
美团,23741750,煌上煌酱鸭（炒饭·卤味·小吃·兴义大润发店）,C05703,贵州兴义市兴义商超店,4.4,True,✅成功
美团,23779789,煌上煌酱鸭（九江彭泽龙城菜市场店）,C13559,九江彭泽龙城菜场店,0.0,False,✅成功
美团,23780207,煌上煌酱鸭（鹰抚余江中洲桥东店）,C00509,鹰抚余江中洲桥东店,4.7,True,✅成功
美团,23810867,煌上煌酱鸭（抚南崇仁圆盘店）,C13401,抚南崇仁圆盘店,4.6,True,✅成功
美团,23904650,煌上煌酱鸭（龙华福城店）,C12935,龙华福城桔坑店,4.5,True,✅成功
美团,23929405,煌上煌酱鸭（三亚解放路步行街专卖店）,C13595,三亚解放路步行街店,4.2,False,✅成功
美团,23978060,煌上煌酱鸭（共青甘露店）,C00752,九江共青城甘露,4.7,True,✅成功
美团,2398232,煌上煌酱鸭（新余燕子山店）,C00696,新余燕子山,4.3,True,✅成功
美团,2401198,煌上煌酱鸭（汇利广场店）,C02216,佛山汇利广场店,0.0,True,✅成功
美团,24027266,煌上煌酱鸭（福州平潭吾悦广场店）,C13521,福州平潭吾悦广场店,0.0,False,✅成功
美团,24036060,煌上煌酱鸭（澄湖店）,C10283,澄湖店,4.6,True,✅成功
美团,24036493,煌上煌酱鸭（龚村店）,C10284,龚村店,4.5,True,✅成功
美团,24036816,煌上煌（安福安平店）,C01007,吉安安福安平店,4.5,True,✅成功
美团,24036831,煌上煌酱鸭（江铃臻园店）,C10915,江铃臻园店,4.6,True,✅成功
美团,24081836,煌上煌酱鸭（广州花都太子街店）,C13618,广州花都太子街店,4.2,True,✅成功
美团,24085565,煌上煌酱鸭（宜春安义文峰路平安店）,C13327,南昌安义文峰路平安店,4.6,True,✅成功
美团,24182576,煌上煌酱鸭（抚南宜黄大润发超市店）,C07193,抚南宜黄大润发超市店,4.1,True,✅成功
美团,24218624,煌上煌酱鸭（吉安安福铁井路店）,C13562,吉安安福铁井路店,4.3,True,✅成功
美团,24223240,煌上煌酱鸭（上海路爱购广场店）,C13582,上海路爱购广场,4.5,True,✅成功
美团,24333944,煌上煌酱鸭（宜春上高农贸市场店）,C13710,宜春上高农贸市场店,0.0,False,✅成功
美团,24391368,煌上煌酱鸭（万象汇华润店）,C13678,龙岗布吉万象汇华润店,4.5,True,✅成功
美团,24396182,煌上煌酱鸭（城西银泰店）,C13673,直属杭州城西银泰店,4.5,True,✅成功
美团,24420792,煌上煌酱鸭（赣州万象城金街店）,C15076,直属赣州万象城金街店,4.3,True,✅成功
美团,24474151,煌上煌酱鸭（景德镇十八桥店）,C13716,景德镇十八桥店,4.4,True,✅成功
美团,24475421,煌上煌酱鸭（南平光泽中山路店）,C13722,南平光泽中山路店,0.0,False,✅成功
美团,2449985,煌上煌酱鸭(家福乐店),C01403,西安高陵长庆路店,4.8,True,✅成功
美团,24558516,煌上煌酱鸭（中信龙盛广场店）,C03033,龙岗区中信龙盛广场店,4.7,True,✅成功
美团,24560207,煌上煌酱鸭（武宣大洋城店）,C13721,武宣大洋城店,4.3,True,✅成功
美团,24561596,煌上煌酱鸭（东莞虎门赤岗店）,C13509,东莞虎门赤岗店,4.5,True,✅成功
美团,24714860,煌上煌酱鸭（澄迈洪都购物广场店）,C13745,澄迈洪都购物广场店,4.1,True,✅成功
美团,24750712,煌上煌酱鸭（福田连城新天地店）,C13757,福田连城新天地店,4.4,True,✅成功
美团,24807477,煌上煌酱鸭（吉安城建花园店）,C13781,吉安城建花园店,4.3,True,✅成功
美团,24834468,煌上煌酱鸭（卤味饭·樟树店）,C14572,樟树一店,4.1,True,✅成功
美团,24883231,煌上煌酱鸭（连滩镇建设路店）,C13516,云浮连滩建设路店,4.7,True,✅成功
美团,24938784,煌上煌酱鸭（吉安县城东菜场店）,C13747,吉安县城东菜场店,4.2,True,✅成功
美团,2499679,煌上煌酱鸭(坂田地铁店),C02195,龙岗坂田地铁站店,0.0,False,✅成功
美团,2500993,煌上煌·手撕酱鸭（万家丽店）,C12566,直属长沙万家丽广场店,4.8,True,✅成功
美团,25023533,煌上煌酱鸭（青岛劲松路大润发店）,C13803,青岛劲松路大润发店,0.0,False,✅成功
美团,25023791,煌上煌酱鸭（苏州相城龙湖天街店）,C13877,苏州相城龙湖天街店,4.6,True,✅成功
美团,25024186,煌上煌酱鸭（屯昌文化路店）,C13868,屯昌文化路专卖店,0.0,False,✅成功
美团,25028217,煌上煌酱鸭（万寿宫带子街店）,C13826,直属万寿宫带子街店,4.5,True,✅成功
美团,25035611,煌上煌酱鸭（南山来福士购物广场店）,C13829,南山来福士购物广场专卖店,0.0,False,✅成功
美团,25150687,煌上煌酱鸭（赣州南康爱情海金街店）,C13598,赣州南康爱情海金街店,0.0,True,✅成功
美团,25183630,煌上煌酱鸭（珠海香洲融德店）,C13893,珠海香洲融德店,4.4,True,✅成功
美团,25198388,煌上煌酱鸭（黄龙店·鸭脖·卤味）,C02555,温州黄龙店,4.4,True,✅成功
美团,25321386,煌上煌酱鸭（吉安安福安城北路店）,C10525,吉安安福安城北路店,0.0,False,✅成功
美团,25321530,煌上煌酱鸭（直属合肥步行街店）,C13822,直属合肥步行街店,4.7,True,✅成功
美团,25327655,煌上煌酱鸭（贵港市万达店）,C13901,贵港市万达店,0.0,True,✅成功
美团,25364213,煌上煌酱鸭（珠海横琴宝中路店）,C13865,珠海横琴宝中路店,4.4,True,✅成功
美团,25371016,煌上煌酱鸭（福州南地铁站店）,C13586,福州南站店,4.1,True,✅成功
美团,25373292,煌上煌酱鸭（抚南南城城南店）,C13845,抚南南城城南店,4.3,True,✅成功
美团,25374893,煌上煌酱鸭（吉安遂川国光店）,C03951,吉安遂川国光店,4.7,True,✅成功
美团,25379857,煌上煌酱鸭（萍乡金御天下店）,C13882,萍乡金御天下店,4.3,False,✅成功
美团,25503984,煌上煌酱鸭（吾悦广场店）,C13912,娄底市娄星区吾悦广场旗舰店,4.7,True,✅成功
美团,25504532,煌上煌酱鸭（金沙二店）,C05419,南昌金沙2店,4.7,True,✅成功
美团,25522543,煌上煌（南昌拌粉·水饺·套餐饭·万阳城店）,,,0.0,False,❌未匹配
美团,25525978,煌上煌酱鸭（新罗西山店?卤味小吃?鸭脖）,,,0.0,True,❌未匹配
美团,25576271,煌上煌酱鸭（岳阳市汨罗天恒生活广场店）,C13995,岳阳市汨罗天恒生活广场店,0.0,False,✅成功
美团,25576768,煌上煌酱鸭（珠海香洲印象城店）,C13970,珠海香洲印象城店,4.2,True,✅成功
美团,25577050,煌上煌酱鸭（五角场万达店）,C13913,直属上海杨浦五角场万达店,4.2,True,✅成功
美团,25594298,煌上煌（南昌拌粉·水饺·套餐饭·金色家园店）,,,0.0,False,❌未匹配
美团,25594301,煌上煌（南昌拌粉·水饺·套餐饭·水韵华都店）,C11927,龙岩新罗水韵花都店,0.0,False,✅成功
美团,25600090,煌上煌酱鸭（直属潘桥店?鸭脖?鸭头）,C02221,温州高桐店,4.6,True,✅成功
美团,25656421,煌上煌酱鸭（赣州石城翡翠城专柜店）,C13880,赣州石城翡翠城专柜店,0.0,False,✅成功
美团,25656898,煌上煌酱鸭（惠州51新天地店）,C13786,惠州51新天地店,4.3,True,✅成功
美团,25831169,煌上煌酱鸭（大生里店·卤味.小吃·炒饭）,C12279,厦门思明大生里店,4.6,True,✅成功
美团,25863223,煌上煌酱鸭（九江修水新阳超市店）,C14003,九江修水新阳超市店,0.0,True,✅成功
美团,25863313,煌上煌酱鸭（海口和信广场店）,C06258,海口和信广场店,4.3,True,✅成功
美团,25944571,煌上煌酱鸭（海口龙湖光年店）,C12079,海口龙湖光年店,4.6,True,✅成功
美团,25985071,煌上煌酱鸭（娄底双峰中央龙廷店）,C14037,娄底双峰中央龙廷店,0.0,False,✅成功
美团,25985366,煌上煌酱鸭（长沙龙湖月亮岛天街店）,C14018,长沙望城区龙湖月亮岛天街专卖店,0.0,False,✅成功
美团,25986203,煌上煌酱鸭（新建花果山店）,C06753,南昌新建花果山店,0.0,False,✅成功
美团,25987113,煌上煌酱鸭（吉安县富川路国光店）,C13700,吉安县富川路国光店,0.0,True,✅成功
美团,25989788,煌上煌（卤味·沈阳五中比优特店）,C12578,沈阳五中比优特店,0.0,False,✅成功
美团,26025255,煌上煌酱鸭（南昌融创万达城店）,C09165,南昌融创万达城店,4.5,True,✅成功
美团,26026256,煌上煌酱鸭（九龙湖绿地博览城店）,C11938,九龙湖绿地博览城店,0.0,False,✅成功
美团,26065394,煌上煌酱鸭（德化新街店）,C05727,直属河南郑州德化新街二店,4.6,True,✅成功
美团,26126445,煌上煌,C01199,上饶万年明珠路店,3.9,True,✅成功
美团,26126595,煌上煌酱鸭（上饶灵溪店）,C00855,上饶灵溪,0.0,False,✅成功
美团,2614484,煌上煌酱鸭(东莞大朗巷头店),C02137,东莞大朗巷头,4.5,True,✅成功
美团,26175695,煌上煌酱鸭（万寿宫珠宝街店）,C14033,直属万寿宫珠宝街店,4.3,True,✅成功
美团,26226064,煌上煌(卤味酱鸭),C14117,厦门思明上李店,4.3,True,✅成功
美团,26321901,煌上煌（卤味·大连普兰店万达店）,C05955,大连普兰店万达店,0.0,False,✅成功
美团,26343322,煌上煌酱鸭（惠东大岭店）,C02536,惠东大岭店,3.3,True,✅成功
美团,2634339,煌上煌酱鸭(南康中学店),C01122,赣州南康中学店,4.6,True,✅成功
美团,26366126,煌上煌酱鸭（龙华共和花园店）,C14046,龙华共和花园店,4.4,True,✅成功
美团,26370378,煌上煌酱鸭（中山天虹店）,C14196,直属中山天虹店,4.4,True,✅成功
美团,26386622,煌上煌酱鸭（娄底青树坪店）,C14092,娄底青树坪专卖店,0.0,False,✅成功
美团,26387735,煌上煌酱鸭（济南莱芜信誉楼店）,C14113,济南莱芜信誉楼店,0.0,False,✅成功
美团,26434437,煌上煌酱鸭（翠苑路店）,C02005,红谷滩翠苑路农贸市场店,4.3,True,✅成功
美团,26540059,煌上煌酱鸭（宜春万载新锦江超市店）,C03628,宜春万载新锦江超市店,0.0,False,✅成功
美团,26734776,煌上煌酱鸭（佛山西樵星元汇广场店）,C14189,佛山西樵星元汇广场店,4.3,True,✅成功
美团,2675962,煌上煌酱鸭（城东客运站店）,C01413,直属西安市场城东客运站,4.8,True,✅成功
美团,26772372,煌上煌酱鸭（安远财富广场店）,C06342,赣州安远财富广场店,4.1,True,✅成功
美团,26816279,煌上煌（卤味·抚顺百货店）,C05140,抚顺百货店,4.7,True,✅成功
美团,26837005,煌上煌酱鸭（瑞金宝钢小学店）,C01079,赣州瑞金宝钢小学店,0.0,True,✅成功
美团,26851551,煌上煌酱鸭（鹰抚贸易广场店）,C13427,鹰抚贸易广场店,4.5,True,✅成功
美团,26972129,煌上煌酱鸭（赣州瑞金三中店）,C11040,赣州瑞金三中店,0.0,False,✅成功
美团,27079714,煌上煌酱鸭（卤味饭·怡景苑店）,C14264,上饶弋阳怡景苑店,4.8,True,✅成功
美团,2708372,煌上煌酱鸭（都昌东风大道店）,C00732,九江都昌东风大道店,4.1,True,✅成功
美团,2712458,煌上煌酱鸭（兴鲁坊店),C00516,鹰抚兴鲁坊菜场店,0.0,True,✅成功
美团,27189714,煌上煌酱鸭（新力龙湾店）,C07790,璜垦新力龙湾店,4.5,True,✅成功
美团,27218461,煌上煌酱鸭(宁德霞浦百花新村店),C14298,宁德霞浦百花新村店,4.5,True,✅成功
美团,27248731,煌上煌酱鸭（杭州临安人民广场店）,C14299,杭州临安人民广场店,0.0,True,✅成功
美团,27346646,煌上煌酱鸭(六盘水万达广场店),C10427,六盘水万达广场店,4.2,False,✅成功
美团,27350232,煌上煌酱鸭（万科大都荟店·卤味小吃·炒饭）,C14297,厦门集美北站,4.5,True,✅成功
美团,27368303,煌上煌酱鸭（六盘水锦绣商业广场店）,C05817,贵州省六盘水锦绣商业广场店,4.0,True,✅成功
美团,27372943,煌上煌酱鸭（六盘水万达二店）,C12587,六盘水万达二店,0.0,True,✅成功
美团,27374281,煌上煌酱鸭(赣州南塘镇店),C01112,赣州南塘镇店,0.0,False,✅成功
美团,27467282,煌上煌酱鸭(昌东长胜店),C07217,昌东长胜店,4.5,True,✅成功
美团,27467284,煌上煌酱鸭（鹰抚二纺店）,C00481,鹰抚二纺,4.5,True,✅成功
美团,27467838,煌上煌酱鸭（鹰抚抚州二纺菜场店）,C07685,鹰抚抚州二纺菜场店,4.6,True,✅成功
美团,27527503,煌上煌酱鸭（豫章郡店）,C00177,南昌紫云小区,4.5,True,✅成功
美团,27711946,煌上煌酱鸭（阳光天地店·卤味.小吃·炒饭）,C14318,泉州晋江阳光天地店,4.7,True,✅成功
美团,27798140,煌上煌酱鸭(龙岗坪地创城店),C14358,龙岗坪地创城专卖店,0.0,False,✅成功
美团,27798143,煌上煌酱鸭(海口万达旺佳旺店),C14321,海口万达旺佳旺店,0.0,False,✅成功
美团,27798145,煌上煌酱鸭(义坊路商业街店),C13447,青山湖昌东义坊路商业街店,4.5,True,✅成功
美团,27798154,煌上煌酱鸭（宝龙店·卤味小吃·炒饭）,C14347,泉州安溪宝龙观光夜市店,4.5,True,✅成功
美团,27900231,煌上煌酱鸭(河南郑州祥和居店),C14381,河南郑州祥和居店,4.2,True,✅成功
美团,27900235,煌上煌酱鸭(娄底娄星区汽车站店),C14384,娄底娄星区汽车站店,0.0,False,✅成功
美团,27900251,煌上煌酱鸭(抚州硕丰天成店),C13069,抚州硕丰天成店,4.4,True,✅成功
美团,27976920,煌上煌酱鸭(赣电洪府店),C11896,南昌广州路赣电洪府,4.2,True,✅成功
美团,27976932,煌上煌酱鸭(直属九江庐山风景区店),C14276,直属九江庐山风景区店,0.0,False,✅成功
美团,27978608,煌上煌(砲台镇店),C07581,揭阳揭东炮台店,0.0,True,✅成功
美团,28027015,煌上煌（东莞市厚街汉邦广场店）,C14368,东莞厚街兴隆路店,4.7,True,✅成功
美团,280339,煌上煌酱鸭（五和店·卤味·小吃·下午茶),C13117,龙岗坂田五和南路店,4.7,True,✅成功
美团,28091976,煌上煌酱鸭(苏州科技城星悦里店),C14390,苏州科技城星悦里店,4.4,True,✅成功
美团,28189645,煌上煌酱鸭(卤味·特产礼·象山路店),C14345,直属万寿宫象山路店,4.5,True,✅成功
美团,28189647,煌上煌酱鸭(福州东湖店),C13823,福州东湖店,4.5,True,✅成功
美团,28189691,煌上煌酱鸭(龙岗坂田雪象新村专柜店),C14409,龙岗坂田雪象新村店,4.2,False,✅成功
美团,28249970,煌上煌(鹰抚上顿渡诺贝尔国际店),C14452,鹰抚上顿渡诺贝尔国际店,4.0,True,✅成功
美团,28298073,煌上煌（南昌拌粉·东风路店）,C02837,温州柳市东风路店,4.3,True,✅成功
美团,28312390,煌上煌酱鸭（岳口店·卤味小吃·炒饭）,C04203,厦门同安岳口店,4.6,True,✅成功
美团,28327994,煌上煌酱鸭（德兴金山大道店）,C04616,上饶德兴金山大道店,4.4,True,✅成功
美团,28361345,煌上煌酱鸭（肇庆鼎湖敏敏捷广场店）,C14307,肇庆鼎湖敏敏捷广场店,3.9,True,✅成功
美团,28394211,煌上煌酱鸭(萍乡芦溪中润联华店),C14436,萍乡芦溪中润联华店,0.0,False,✅成功
美团,28404724,煌上煌酱鸭(海口盐灶店),C14464,海口盐灶店,0.0,False,✅成功
美团,28404726,煌上煌酱鸭(珠海斗门招商花园城店),C14485,珠海斗门招商花园城店,4.4,True,✅成功
美团,28552152,煌上煌酱鸭(来福士店),C14349,杭州来福士店,4.7,True,✅成功
美团,28568439,煌上煌酱鸭（联泰桥郡店）,C11842,红谷滩联泰桥郡,4.4,True,✅成功
美团,2861172,煌上煌酱鸭(京基百纳店),C02210,宝安沙井京基店,4.3,True,✅成功
美团,28742718,煌上煌(光明区马田南庄店),C14453,光明区马田南庄合众店,0.0,False,✅成功
美团,28838943,煌上煌酱鸭(山西太原绿地世纪城店),C14546,山西太原绿地世纪城店,0.0,False,✅成功
美团,28879897,煌上煌酱鸭(直属大士院店),C14489,直属大士院店,4.8,True,✅成功
美团,28933086,煌上煌酱鸭(港盛新天地店),C14588,河源港盛新天地店,0.0,False,✅成功
美团,29102428,煌上煌酱鸭(合浦商业中心店),C14569,合浦商业中心店,4.2,True,✅成功
美团,29102455,煌上煌酱鸭(大鹏佳兆业广场店),C14073,大鹏佳兆业广场店,4.5,True,✅成功
美团,29163412,煌上煌酱鸭(宁德万和城店),C14559,宁德万和城店,4.5,True,✅成功
美团,29226867,煌上煌酱鸭（鹰抚抚州开元店）,C11723,鹰抚抚州开元店,4.6,True,✅成功
美团,29271374,煌上煌酱鸭(玉山玉虹中央公园店),C14616,玉山玉虹中央公园,4.0,True,✅成功
美团,29310495,煌上煌酱鸭(八一广场2店),C14568,直属八一广场2店,4.6,True,✅成功
美团,2931442,煌上煌酱鸭（沙井和一店),C02192,宝安区沙井松福路店,4.7,True,✅成功
美团,2931451,煌上煌（卤味熟食·套餐饭·博雅店）,C02082,福州闽侯青口博雅店,4.6,True,✅成功
美团,29427387,煌上煌酱鸭（河池众辉店）,C14603,河池众辉超市店,4.7,True,✅成功
美团,2946704,煌上煌酱鸭（东乡恒安东路店）,C00492,鹰抚东乡恒安东路店,4.7,True,✅成功
美团,2946722,煌上煌酱鸭（修水鹦鹉街店）,C00726,九江修水鹦鹉街店,4.6,True,✅成功
美团,2946724,煌上煌酱鸭（九江永修西一路店）,C00716,九江永修西一路店,4.3,True,✅成功
美团,2946727,煌上煌酱鸭（九江总社店）,C00707,九江大中大店,4.6,True,✅成功
美团,2946730,煌上煌酱鸭（吉安文田专卖店）,C01043,吉安泰和文田,0.0,False,✅成功
美团,2946731,煌上煌酱鸭（文峰中大道店）,C01038,吉安吉水汽车站,3.9,True,✅成功
美团,2946732,煌上煌酱鸭（韶山西路店）,C00999,吉安韶山西路,4.5,False,✅成功
美团,2946734,煌上煌酱鸭（遂川山水国际店）,C01056,吉安遂川泉江友谊广场店,4.6,True,✅成功
美团,2946738,煌上煌酱鸭（吉安美博店）,C01032,吉安美博商城,4.4,True,✅成功
美团,2946741,煌上煌酱鸭（吉安县店）,C00983,吉安县,0.0,False,✅成功
美团,2947442,煌上煌酱鸭（上顿渡新区店）,C00485,鹰抚上顿渡新区,4.6,True,✅成功
美团,2947443,煌上煌酱鸭（余江站前路店）,C00480,鹰抚余江站前路店,4.5,True,✅成功
美团,2947445,煌上煌酱鸭（鹰潭水岸华府店）,C09064,鹰抚鹰潭煌上煌天洁东路店,4.3,True,✅成功
美团,2947447,煌上煌酱鸭（武宁交通路店）,C00765,九江武宁交通路店,4.5,True,✅成功
美团,2947449,煌上煌酱鸭（上饶中山店）,C00846,上饶中山,4.7,True,✅成功
美团,2947453,煌上煌酱鸭（永新三湾广场店）,C01016,吉安永新三湾广场店,4.6,True,✅成功
美团,29507937,煌上煌酱鸭(高安万象店),C12423,高安万象店,0.0,False,✅成功
美团,29522025,煌上煌酱鸭(宜春奉新书院路店),C00965,宜春奉新书院路店,4.6,True,✅成功
美团,29539859,煌上煌酱鸭(珠海金鼎宝龙城店),C05780,珠海金鼎宝龙城店,4.8,True,✅成功
美团,29564611,煌上煌酱鸭(宜春奉新赤岸新樾府店),C13643,宜春奉新赤岸新樾府店,4.5,True,✅成功
美团,29659719,煌上煌酱鸭(福州省体店),C13968,福州省体店,4.4,True,✅成功
美团,29675062,煌上煌酱鸭（万寿宫店）,C14612,直属万寿宫店,4.7,True,✅成功
美团,29784319,煌上煌酱鸭(九江联泰店),C10443,九江联泰店,4.4,True,✅成功
美团,29801200,煌上煌(东乡街心花园农贸市场店),C14651,东乡街心花园农贸市场店,4.5,True,✅成功
美团,29832805,煌上煌(楞上花园店),C00310,楞上花园,0.0,False,✅成功
美团,2989654,煌上煌酱鸭（萍乡洪城店）,C01248,萍乡洪城,4.2,True,✅成功
美团,29926983,煌上煌酱鸭(经开智慧谷店),C09103,煌上煌经开智慧谷店,0.0,True,✅成功
美团,30036090,煌上煌酱鸭(直属八一馆店),C14661,直属八一馆店,4.6,True,✅成功
美团,30179765,煌上煌酱鸭(赣州锦辉店),C14720,赣州锦辉店,0.0,False,✅成功
美团,30232740,煌上煌酱鸭(玉林市金港湾广场店),C14668,玉林金港湾广场店,0.0,True,✅成功
美团,30233115,煌上煌酱鸭(赣州南康时代新城店),C11343,赣州南康时代新城店,4.6,True,✅成功
美团,30235494,煌上煌酱鸭(虎门怀丰商业广场店),C14662,虎门怀丰商业广场店,4.4,False,✅成功
美团,3026431,煌上煌酱鸭（江纺东门农贸市场店),C07470,江纺东门农贸市场店,0.0,True,✅成功
美团,3026437,煌上煌酱鸭（景德镇海慧店）,C01167,景德镇海慧,4.6,True,✅成功
美团,3026438,煌上煌酱鸭（赣州厚德路店）,C01066,赣州厚德路,4.5,True,✅成功
美团,3026439,煌上煌酱鸭（赣州东门店）,C01065,赣州东门,0.0,True,✅成功
美团,30347033,煌上煌酱鸭(上饶玉山汇金广场店),C14725,上饶玉山汇金广场店,0.0,True,✅成功
美团,30347048,煌上煌酱鸭(托斯卡纳二期店),C14731,福州三盛托斯卡纳二期店,4.4,True,✅成功
美团,30406107,煌上煌酱鸭(龙岗横岗塘坑地铁店),C14709,龙岗横岗塘坑地铁店,4.6,True,✅成功
美团,30424053,煌上煌酱鸭(鹰抚抚州白金瀚宫店),C00525,鹰抚抚州白金瀚宫店,4.4,True,✅成功
美团,3048101,煌上煌酱鸭（东莞凤岗祥新中路店）,C12033,东莞祥新中路店,4.1,True,✅成功
美团,3048102,煌上煌酱鸭(东莞塘厦田心金正和店),C03109,东莞塘厦田心店,4.1,True,✅成功
美团,30487234,煌上煌酱鸭(吉安万安店),C00989,吉安万安,0.0,True,✅成功
美团,30563911,煌上煌酱鸭(东莞道滘万集荟店),C14530,东莞道滘万集荟店,0.0,False,✅成功
美团,30610997,煌上煌酱鸭(宜春大洪御湖城店),C14779,宜春大洪御湖城店,0.0,True,✅成功
美团,3065456,煌上煌酱鸭(南海百货玉律店),C12696,光明玉律南海百货店,4.6,True,✅成功
美团,30826021,煌上煌酱鸭(铁道学院天虹店),C14803,长沙铁道学院天虹冬影店,4.6,True,✅成功
美团,30908325,煌上煌酱鸭(昌江古城店),C14039,景德镇昌江古城店,4.6,True,✅成功
美团,30986849,煌上煌热卤(地铁万科店),C14793,直属地铁万科广场店,4.4,True,✅成功
美团,31108028,煌上煌酱鸭(贵阳清镇吾悦广场专柜二店),C14829,贵阳清镇吾悦广场二店,4.6,True,✅成功
美团,31174152,煌上煌酱鸭(汕尾陆河岁宝店),C06626,汕尾陆河岁宝店,0.0,True,✅成功
美团,31408612,煌上煌酱鸭(吉安天虹店),C10096,吉安天虹店,0.0,False,✅成功
美团,31422849,煌上煌酱鸭(贵州毕节沃尔玛店),C14862,贵州毕节沃尔玛店,4.3,True,✅成功
美团,3153187,煌上煌酱鸭（新洲店）,C02807,福田新洲七街店,4.3,True,✅成功
美团,3153188,煌上煌酱鸭（中山三乡大润发专卖店）,C02068,中山三乡缤纷汇店,4.6,True,✅成功
美团,31565412,煌上煌酱鸭(象湖河下农贸市场店),C14640,象湖河下农贸市场店,0.0,False,✅成功
美团,31742023,煌上煌酱鸭(龙江花园店),C08799,龙江花园百分百超市店,4.2,True,✅成功
美团,31882495,煌上煌酱鸭(朝阳农贸市场店),C14861,南昌朝阳农贸市场,0.0,False,✅成功
美团,31937398,煌上煌酱鸭(南平新润发店),C14927,福建南平光泽新润发店,4.2,False,✅成功
美团,31977433,煌上煌热卤(子固路店),C14906,直属子固路店,4.3,True,✅成功
美团,32061644,煌上煌酱鸭(珠海香洲景和店),C14949,珠海香洲景和店,4.2,True,✅成功
美团,3207733,煌上煌酱鸭(福来佳购物广场店),C02303,东莞寮步横坑店,4.4,True,✅成功
美团,32107817,煌上煌酱鸭(武夷山福喜合超市店),C14930,福建南平武夷山福喜合超市,0.0,False,✅成功
美团,3213049,煌上煌酱鸭（景德镇浮梁店）,C01190,景德镇浮梁,3.7,True,✅成功
美团,32208702,煌上煌酱鸭(湖城馨苑店),C09275,上饶鄱阳湖城馨苑店,0.0,True,✅成功
美团,32248280,煌上煌(四海公园店),C14991,南山蛇口工业七路店,4.5,True,✅成功
美团,32392502,煌上煌酱鸭(福州闽投大厦店),C14978,福州闽投大厦店,4.3,False,✅成功
美团,32445247,煌上煌酱鸭(温州瑞安林贾路店),C14998,温州瑞安林贾路店,4.6,True,✅成功
美团,32508356,煌上煌酱鸭(白云地下商场店),C15001,直属贵阳白云中心地下商场店,4.3,True,✅成功
美团,32571365,煌上煌热卤(印象城店),C15002,直属印象城店,4.5,True,✅成功
美团,32571367,煌上煌（卤味·沈北万达店）,C09551,沈阳沈北万达比优特店,0.0,True,✅成功
美团,3268359,煌上煌手撕酱鸭(卤味·小吃·创业花园店）,C03099,宝安龙华创业花园店,4.5,True,✅成功
美团,32721313,煌上煌酱鸭(龙华观澜章阁店),C14996,龙华观澜章阁店,4.5,True,✅成功
美团,32782314,煌上煌(珠海青茂口岸店),C15010,珠海青茂口岸店,4.0,True,✅成功
美团,32889589,煌上煌酱鸭(临泉大润发店),C14221,安徽阜阳宝龙广场二店,0.0,True,✅成功
美团,32957511,煌上煌热卤(南山益田假日广场店),C15019,直属南山益田假日广场店,4.7,True,✅成功
美团,3299055,煌上煌酱鸭(福田新世界百货店),C02075,福田新世界百货专卖店,0.0,False,✅成功
美团,32999930,煌上煌酱鸭(抚州利兹堡店),C12085,鹰抚抚州利兹堡店,4.2,True,✅成功
美团,33013437,煌上煌酱鸭(新洪城店),C00356,南昌象湖大洲集贸市场,0.0,True,✅成功
美团,33102213,煌上煌热卤(南山科兴科学园店),C15009,直属南山科兴科学园店,4.5,True,✅成功
美团,331484,煌上煌酱鸭（东莞长盛广场店）,C02583,东莞长盛广场,4.0,True,✅成功
美团,33275100,煌上煌酱鸭(彭子江花园店),C14988,南昌火车站彭子江花园店,0.0,False,✅成功
美团,33291522,煌上煌酱鸭(贵溪天虹店),C15039,鹰潭市贵溪天虹店,0.0,True,✅成功
美团,33358896,煌上煌酱鸭(陇南蓝天莲湖广场店),C14990,甘肃陇南蓝天莲湖广场店,4.6,True,✅成功
美团,33363160,煌上煌酱鸭(五缘湾店),C15015,厦门湖里厦忠玺悦美宜佳,4.3,True,✅成功
美团,33527951,煌上煌酱鸭(南山前海卓悦店),C15017,南山前海卓悦美宜佳店,0.0,True,✅成功
美团,3362403,煌上煌（石狮沃尔玛店）,C02668,泉州石狮沃尔玛店,4.4,True,✅成功
美团,33627123,煌上煌酱鸭(鹰抚抚州清华门店),C15133,鹰抚抚州清华门店,4.5,True,✅成功
美团,337255,煌上煌酱鸭（东区店）,C02266,广州沧联店,4.6,True,✅成功
美团,33737713,煌上煌酱鸭(赣州兴国翡翠广场店),,,4.6,True,❌未匹配
美团,33738020,煌上煌酱鸭(余江金怡广场店),,,0.0,True,❌未匹配
美团,33768829,煌上煌酱鸭(莲西店),,,4.8,True,❌未匹配
美团,33815916,煌上煌手撕酱鸭(阳光城店),,,4.6,True,❌未匹配
美团,33815960,煌上煌酱鸭(宝安上南美联购物中心店),,,4.7,True,❌未匹配
美团,33913090,煌上煌酱鸭(上饶亿豪星城店),,,4.7,True,❌未匹配
美团,34009025,煌上煌酱鸭(濮阳五一路店),,,4.9,True,❌未匹配
美团,3432145,煌上煌酱鸭(肇庆大旺广场店),C02647,肇庆大旺广场店,4.7,True,✅成功
美团,3432732,煌上煌（卤味·炒饭·北一路万达店）,C01972,沈阳北一路万达店,4.5,True,✅成功
美团,3433440,煌上煌酱鸭（安义恒茂店）,C00963,南昌安义恒茂区店,4.0,True,✅成功
美团,3447741,煌上煌酱鸭(横沥瑞康店),C02925,东莞横沥瑞康店,4.5,True,✅成功
美团,3466211,煌上煌酱鸭（乐安长征路店）,C00899,抚南乐安长征路店,0.0,True,✅成功
美团,351225,煌上煌酱鸭（塘下店）,C02448,温州塘川北街店,4.7,True,✅成功
美团,3539504,煌上煌酱鸭（祁门1店）,C01150,黄山祁门店,4.6,True,✅成功
美团,3551448,煌上煌酱鸭（龙岗天虹店）,C03013,龙岗区天虹,4.0,True,✅成功
美团,3551454,煌上煌（卤味·炒饭·光荣街店）,C01936,直属沈阳光荣店,4.4,True,✅成功
美团,3551521,煌上煌酱鸭（江岸汇景店）,C00401,江岸汇景,4.2,True,✅成功
美团,3551524,煌上煌（卤味·炒饭·东财沃尔玛超市店）,C01986,直属大连东财沃尔玛店,4.4,True,✅成功
美团,3556519,煌上煌酱鸭（石城店）,C01078,赣州石城,4.3,True,✅成功
美团,3567468,煌上煌酱鸭（海富路店·卤味小吃·炒饭）,C02120,厦门海沧店,4.6,True,✅成功
美团,3632183,煌上煌酱鸭（三店西路店）,C07661,三店西路店,4.7,True,✅成功
美团,3632191,煌上煌酱鸭（新建２店）,C00023,直属新建２,4.0,True,✅成功
美团,3632192,煌上煌酱鸭（聚源市场店）,C00081,直属聚源市场店,4.4,True,✅成功
美团,3632196,煌上煌酱鸭（直属东湖店）,C00003,直属东湖,4.6,True,✅成功
美团,3632197,煌上煌酱鸭（羊子巷店）,C00013,直属羊子巷,4.4,True,✅成功
美团,3632202,煌上煌酱鸭（绳金塔总社店）,C00002,直属总社,4.7,True,✅成功
美团,3632660,煌上煌酱鸭（洪都2店）,C00117,直属洪都2店,0.0,True,✅成功
美团,3632755,煌上煌酱鸭（上海路店）,C00021,直属上海路,4.1,True,✅成功
美团,3632757,煌上煌酱鸭（直属米罗二店）,C00127,直属新建米罗2店,4.6,True,✅成功
美团,3632758,煌上煌酱鸭（直属新建3店）,C00025,直属新建３,0.0,True,✅成功
美团,3632759,煌上煌酱鸭（直属红谷滩二店）,C00039,直属红谷滩2,4.4,True,✅成功
美团,366226,煌上煌酱鸭（宝安区西乡白金店）,C02180,宝安区西乡白金,4.1,False,✅成功
美团,3709878,煌上煌酱鸭(云居路店）,C00372,云居路,4.5,True,✅成功
美团,3709880,煌上煌酱鸭（向塘店）,C00149,向塘１,0.0,True,✅成功
美团,3709881,煌上煌酱鸭（青湖二店）,C00288,青湖2,0.0,True,✅成功
美团,3709883,煌上煌酱鸭（朝农店）,C00189,朝农,4.1,True,✅成功
美团,3709890,煌上煌酱鸭（龙华大浪店）,C02299,宝安龙华江南店,4.5,True,✅成功
美团,3742813,煌上煌酱鸭（镇巴一店）,C01400,西安市场镇巴一店,0.0,False,✅成功
美团,3766460,煌上煌酱鸭（仓山万达金街店）,C15041,直属福州仓山万达店,4.6,True,✅成功
美团,3800103,煌上煌酱鸭（南山大新地铁店）,C02245,南山大新地铁专卖店,0.0,False,✅成功
美团,3800475,煌上煌酱鸭（卤味饭?双港店）,C00258,双港,4.5,True,✅成功
美团,388276,煌上煌酱鸭(罗湖区向西店),C02513,罗湖区向西,4.5,True,✅成功
美团,3901238,煌上煌酱鸭（时代广场店）,C00478,鹰抚时代广场,4.4,True,✅成功
美团,3901263,煌上煌酱鸭（新余胜利路店）,C00689,新余胜利路,4.7,True,✅成功
美团,3901264,煌上煌酱鸭（新余火车站）,C00700,新余火车站,4.7,True,✅成功
美团,3901266,煌上煌酱鸭（吉安新干店）,C00985,吉安新干,4.1,True,✅成功
美团,3901269,煌上煌酱鸭（南丰店）,C00893,抚南南丰交通路店,4.5,True,✅成功
美团,3901270,煌上煌酱鸭（广昌店）,C00892,抚南广昌解放路店,4.8,True,✅成功
美团,3901703,煌上煌酱鸭（婺源超市店）,C01162,上饶婺源婺码超市店,0.0,True,✅成功
美团,3901715,煌上煌酱鸭（二中店),C00981,吉安二中店,0.0,True,✅成功
美团,3901717,煌上煌酱鸭（赣新路口店）,C00690,新余赣新路口,4.5,True,✅成功
美团,3901798,煌上煌酱鸭（景德镇浙江路店）,C01173,景德镇浙江路,4.3,True,✅成功
美团,3901800,煌上煌酱鸭（崇仁胜利路店）,C00912,抚南崇仁胜利路,0.0,True,✅成功
美团,3952184,煌上煌酱鸭（桥头大润发店）,C02858,东莞桥头大和百货专卖店,0.0,False,✅成功
美团,399585,煌上煌（福田福星路店）,C14627,直属福田福星路店,4.6,True,✅成功
美团,4034668,煌上煌酱鸭（莲花路店）,C00489,鹰抚莲花路,4.5,True,✅成功
美团,405353,煌上煌酱鸭(珠海夏湾店),C02712,珠海夏湾店,4.7,True,✅成功
美团,410437,煌上煌（假日店·卤味.熟食·手撕酱鸭）,C02933,厦门假日商城店,4.5,True,✅成功
美团,4117735,煌上煌酱鸭（下罗店）,C00173,下罗,4.5,True,✅成功
美团,4117898,煌上煌酱鸭（吉安永新店）,C00993,吉安永新,0.0,True,✅成功
美团,4142305,煌上煌酱鸭（九江瑞昌大润发店）,C01861,九江瑞昌叶波大润发店,4.2,True,✅成功
美团,4163854,煌上煌酱鸭（九江永修湖东店）,C00780,九江永修湖东店,4.7,True,✅成功
美团,4164208,煌上煌酱鸭（樟树小香港店）,C00671,丰城樟树小香港,4.5,True,✅成功
美团,4248420,煌上煌酱鸭（创新一路）,C00409,创新一路店,4.4,True,✅成功
美团,4248606,煌上煌酱鸭（港惠路口店）,C02498,惠州港惠路口店,4.6,True,✅成功
美团,4291338,煌上煌酱鸭（东莞长安大润发店）,C02049,东莞长安振安中路店,4.0,True,✅成功
美团,4333488,煌上煌酱鸭（太平步行街店）,C02162,广州王成店,4.6,True,✅成功
美团,4357515,煌上煌酱鸭（湖口盛源城店）,C00815,九江湖口盛源城店,0.0,False,✅成功
美团,4357516,煌上煌酱鸭（湖口鄱湖大市场店）,C00729,九江湖口大市场店,4.3,True,✅成功
美团,4389516,煌上煌酱鸭（长麦路店）,C00241,长麦路,4.3,True,✅成功
美团,4389520,煌上煌酱鸭（鸭脖?卤味?泉州惠安大润发店）,C03363,泉州惠安世纪大道专卖店,0.0,False,✅成功
美团,4438420,煌上煌酱鸭（镇巴二店）,C03738,西安市场巴县河滨路店,0.0,True,✅成功
美团,4449537,煌上煌酱鸭（万载1店）,C00930,宜春万载,4.2,True,✅成功
美团,4504926,煌上煌酱鸭（惠州时尚公园店）,C03463,惠州时尚公园店,4.7,True,✅成功
美团,4596548,煌上煌酱鸭（长沙市乔庄店）,C03765,长沙芙蓉乔庄店,4.7,True,✅成功
美团,4596633,煌上煌酱鸭（新余上亿广场店）,C03234,新余暨阳店,0.0,True,✅成功
美团,4653665,煌上煌酱鸭（阎良一店）,C01373,西安市场闫良一店,4.2,True,✅成功
美团,4653668,煌上煌酱鸭（萍乡光丰铁桥店）,C02017,萍乡光丰铁桥店,4.2,True,✅成功
美团,4653671,煌上煌酱鸭（新建店）,C00046,直属新建总店,4.4,True,✅成功
美团,4653681,煌上煌酱鸭（东莞大岭山店）,C03131,东莞大岭山,4.4,True,✅成功
美团,475300,煌上煌手撕酱鸭(泛海店),C03017,南山区依山伴云店,0.0,False,✅成功
美团,4770489,煌上煌(卤味熟食?套餐饭?洪山桥店),C02236,福州金牛店,4.9,True,✅成功
美团,4831399,煌上煌酱鸭(江门中环广场店),C02535,江门中环广场店,4.3,True,✅成功
美团,4832537,煌上煌酱鸭（流塘店）,C03978,宝安区流塘店,4.7,True,✅成功
美团,4832630,煌上煌酱鸭（清远英德店）,C03967,清远英德食娱广场店,4.7,True,✅成功
美团,4832633,煌上煌酱鸭（水贝店）,C02688,河源老隆店,0.0,False,✅成功
美团,4851073,煌上煌酱鸭（广场店）,C01301,杭州千岛湖新安南路店,4.6,True,✅成功
美团,492346,煌上煌酱鸭(罗湖区笋岗店),C02256,罗湖区笋岗店,4.7,True,✅成功
美团,4942047,煌上煌酱鸭（金沙店）,C03943,南昌金沙店,4.4,True,✅成功
美团,4942833,煌上煌（惠州惠东大润发店）,C12875,惠州华侨城大道专卖店,0.0,False,✅成功
美团,5059259,煌上煌手撕酱鸭（卤味·鸭脖·桂芳园店),C04169,龙岗布吉桂芬园店,4.1,True,✅成功
美团,512994,煌上煌手撕酱鸭(三联店),C02919,龙岗区三联村,4.6,True,✅成功
美团,5134373,煌上煌酱鸭(佛山大沥步行街店),C03947,佛山大沥步行街店,4.9,True,✅成功
美团,5134449,煌上煌(中山火炬沃尔玛店),C04070,中山火炬沃尔玛店,4.0,True,✅成功
美团,5162924,煌上煌（卤味·炒饭·南市场店）,C14999,沈阳十一纬路光辉店,4.2,False,✅成功
美团,5204032,煌上煌酱鸭（九江青年路湖滨店）,C03999,九江青年路湖滨店,4.4,True,✅成功
美团,521988,煌上煌酱鸭（南山区四海公园店）,C02515,南山区四海公园店,0.0,False,✅成功
美团,5223649,煌上煌酱鸭（直属世纪万象城店）,C03761,直属世纪万象城店,4.4,True,✅成功
美团,5294396,煌上煌酱鸭(厚街大汇广场店),C10462,东莞厚街大汇店,4.2,True,✅成功
美团,5311757,煌上煌酱鸭（娄底肖成卤食店春园店）,C05482,娄底步行街2店,0.0,True,✅成功
美团,5311764,煌上煌酱鸭（大余店）,C01088,赣州大余,4.4,True,✅成功
美团,5311765,煌上煌酱鸭（峡江店）,C01002,吉安峡江,4.5,True,✅成功
美团,5312243,煌上煌酱鸭（涟钢沃尔玛店）,C04110,娄底连钢沃尔玛店,4.5,True,✅成功
美团,5312245,煌上煌酱鸭(东莞洪梅万和店),C04390,东莞洪梅万和店,4.2,True,✅成功
美团,5372312,煌上煌酱鸭（力高君御店）,C00412,力高君御店,4.5,True,✅成功
美团,5373897,煌上煌酱鸭（娄底步行街店）,C04111,娄底步行街店,4.5,True,✅成功
美团,5373898,煌上煌酱鸭（娄底湘阳街店）,C04133,娄底湘阳街店,4.6,False,✅成功
美团,5428910,煌上煌酱鸭（东方红2店）,C02007,东方红2店,4.6,True,✅成功
美团,5429258,煌上煌酱鸭（建设西路店）,C08570,直属建设西路店,4.5,True,✅成功
美团,5473916,煌上煌酱鸭（直属江大天虹店）,C11869,直属江大天虹店,4.6,True,✅成功
美团,5473924,煌上煌酱鸭（漯河世纪风店）,C14571,河南漯河世纪风超市店,0.0,False,✅成功
美团,5475521,煌上煌酱鸭（进贤新城店）,C00298,进贤新城,4.4,True,✅成功
美团,5551664,煌上煌酱鸭（九江修水金秋湖畔店）,C00820,九江修水金秋湖畔店,4.5,True,✅成功
美团,5590061,煌上煌酱鸭（天一城店）,C03086,东莞樟木头西城路店,0.0,True,✅成功
美团,5592170,煌上煌（柳市现代广场专卖店）,C13627,温州柳市现代广场旗舰店,4.5,True,✅成功
美团,5592178,煌上煌酱鸭（南康国光店）,C04132,赣州南康国光店,4.6,True,✅成功
美团,5713992,煌上煌酱鸭（吉安阳明商城店）,C03601,吉安阳明商城店,0.0,True,✅成功
美团,5760976,煌上煌酱鸭（南山新华园店）,C04123,南山区新华园店,4.7,True,✅成功
美团,5806429,煌上煌酱鸭（新城吾悦店）,C04502,泉州晋江新城吾悦店,4.5,True,✅成功
美团,5806434,煌上煌酱鸭(广州天河车陂店),C14905,直属广州天河车陂地铁店,4.4,True,✅成功
美团,5806525,煌上煌酱鸭(福田水围店),C02810,福田水围店,4.7,True,✅成功
美团,5839058,煌上煌酱鸭(百盛佳店),C02323,东莞大岭山百盛佳店,4.2,True,✅成功
美团,5852976,煌上煌酱鸭（九江修水赣北城店）,C00803,九江修水赣北城店,0.0,True,✅成功
美团,5879886,煌上煌酱鸭（广场店）,C01073,赣州信丰,4.8,True,✅成功
美团,5947507,煌上煌酱鸭（新力方店）,C09375,新力方商超店,4.4,True,✅成功
美团,5994354,煌上煌酱鸭（丰城金马步行街店）,C04749,丰城金马步行街店,4.4,True,✅成功
美团,5999068,煌上煌酱鸭（梅州平远喜多多店）,C04638,梅州平远喜多多店,0.0,False,✅成功
美团,5999105,煌上煌酱鸭(九江湖口金沙湾店),C00775,九江湖口金沙湾超市,4.7,True,✅成功
美团,600826,煌上煌酱鸭（福州长乐步行街店）,C03003,福州长乐步行街店,0.0,False,✅成功
美团,6120463,煌上煌酱鸭（上饶玉山汽车站店）,C04946,上饶玉山汽车站店,0.0,True,✅成功
美团,613509,煌上煌酱鸭(宝安区翻身路店),C02783,宝安区翻身路,4.1,True,✅成功
美团,613513,煌上煌酱鸭(宝安区固戍地铁店),C02805,宝安区固戍地铁店,4.1,True,✅成功
美团,613515,煌上煌酱鸭(观澜天虹格兰郡店),C03121,宝安区观兰格兰郡,4.7,True,✅成功
美团,613522,煌上煌酱鸭(龙华大润发店),C02395,宝安区龙华爱华店,4.5,True,✅成功
美团,613527,煌上煌手撕酱鸭(宝安区塘下涌店),C03031,宝安区塘下涌,4.2,True,✅成功
美团,613547,煌上煌酱鸭（佛山桂城凤凰荟店）,C13122,佛山南海桂城万达广场店,4.7,True,✅成功
美团,613603,煌上煌酱鸭(黄埔港湾路大沙地店),C03052,广州黄埔港湾路店,4.7,True,✅成功
美团,6153944,煌上煌酱鸭（于都二中店）,C01129,赣州于都马子口市场店,4.5,True,✅成功
美团,6165855,煌上煌酱鸭（世贸广场店）,C04865,钦州世贸广场店,4.6,True,✅成功
美团,6206541,煌上煌酱鸭（永辉店·卤味小吃·炒饭）,C04067,厦门同安永辉店,4.4,True,✅成功
美团,621661,煌上煌酱鸭（泉安中路店·卤味小吃·炒饭）,C02739,泉州晋江泉安中路店,4.5,True,✅成功
美团,624600,煌上煌酱鸭(惠州东平店),C02892,惠州惠汕路店,4.4,True,✅成功
美团,625072,煌上煌酱鸭（粤东沿江东岸店）,C02943,粤东沿江东岸店,4.6,True,✅成功
美团,625074,煌上煌酱鸭（龙川壹号店）,C02813,粤东龙川壹号店,3.6,True,✅成功
美团,6276372,煌上煌酱鸭（梦时代店）,C12685,直属梦时代广场店,4.3,True,✅成功
美团,6276374,煌上煌酱鸭（福州路店）,C05047,福州路店,4.4,True,✅成功
美团,646761,煌上煌手撕酱鸭(南岭荔枝花园店),C02398,龙岗南岭荔枝花园店,4.6,True,✅成功
美团,6501663,煌上煌手撕酱鸭(坪山沙博店),C13906,龙岗坪山沙壆店,4.7,True,✅成功
美团,6578006,煌上煌（卤味·罗斯福店）,C04763,大连罗斯福店,4.8,True,✅成功
美团,6578007,煌上煌酱鸭（西湖万达店）,C03773,西湖万达店,0.0,True,✅成功
美团,6578009,煌上煌酱鸭(河源龙川培英店),C05072,河源龙川培英专卖店,0.0,False,✅成功
美团,6578013,煌上煌酱鸭（高新区新城吾悦广场店）,C04096,新城吾悦广场店,4.4,True,✅成功
美团,6674953,煌上煌（卤味·盛京大奥莱店）,C05336,沈阳盛京大奥莱店,4.7,True,✅成功
美团,6716478,煌上煌酱鸭（新余劳动北路店）,C04926,新余劳动北路店,4.8,True,✅成功
美团,6716479,煌上煌酱鸭(五一路店）,C04775,新余太平洋广场店,0.0,True,✅成功
美团,6716484,煌上煌(宝安区华盛路店),C05231,宝安区华盛路店,4.0,True,✅成功
美团,6776345,煌上煌手撕酱鸭（湾上明珠店）,C04683,湾上明珠店,4.3,True,✅成功
美团,6776350,煌上煌酱鸭（娄底涟源芙蓉广场店）,C05128,涟源芙蓉广场店,4.1,True,✅成功
美团,6776351,煌上煌（卤味·大连庄河万达店）,C12488,大连庄河万达店,4.5,True,✅成功
美团,6842035,煌上煌酱鸭（卤味饭·梦湖店）,C05056,鹰抚抚州梦湖店,4.4,True,✅成功
美团,6842037,煌上煌（卤味·沈阳新民富源店）,C05312,沈阳新民富源店,4.4,True,✅成功
美团,686359,煌上煌酱鸭（领尚店）,C02231,东莞大岭山领尚店,4.5,True,✅成功
美团,687708,煌上煌酱鸭(雪松路店),C00560,河南驻马店雪松路店,4.5,True,✅成功
美团,6903798,煌上煌酱鸭（名门世家店）,C00407,名门世家,4.5,True,✅成功
美团,6904194,煌上煌酱鸭（金域华府店）,C05106,金域华府店,4.8,True,✅成功
美团,6984701,煌上煌（卤味·炒饭·太原街店）,C05402,直属沈阳太原街店,4.6,True,✅成功
美团,7025893,煌上煌酱鸭（石岩上屋大道店）,C05461,宝安石岩豪迈店,4.4,False,✅成功
美团,7080227,煌上煌酱鸭（香溢滨江店）,C02001,香溢滨江店,4.2,True,✅成功
美团,7080229,煌上煌酱鸭（地中海阳光店）,C04261,地中海阳光店,4.6,True,✅成功
美团,7149160,煌上煌酱鸭（炒饭·卤味·小吃·福州街店）,C07278,直属贵阳观山湖福州街店,0.0,False,✅成功
美团,7149163,煌上煌酱鸭(海珠鹭江店）,C05483,广州海珠鹭江店,0.0,False,✅成功
美团,7149293,煌上煌酱鸭（万达星城店）,C03897,万达星城店,4.1,True,✅成功
美团,7225403,煌上煌酱鸭（银河城店）,C09171,莲塘银河大道店,4.6,True,✅成功
美团,7298566,煌上煌（衡阳常宁中银时代广场店）,C05671,衡阳常宁中银时代广场店,4.4,True,✅成功
美团,7298570,煌上煌酱鸭（盛世华庭店）,C03962,盛世华庭店,4.6,True,✅成功
美团,738835,煌上煌（卤味·沈阳松山店）,C01957,沈阳松山店,4.4,False,✅成功
美团,7466934,煌上煌酱鸭（新余人民医院店）,C03626,新余人民医院店,4.3,True,✅成功
美团,7467915,煌上煌酱鸭（磁灶冠超市店）,C05533,泉州磁灶冠超市店,4.6,True,✅成功
美团,7477504,煌上煌酱鸭（紫云阁店）,C05736,长沙星沙泉塘店,4.6,True,✅成功
美团,7502754,煌上煌酱鸭(远洋城店),C05798,中山远洋城店,4.6,True,✅成功
美团,7502761,煌上煌（卤味·唐山百货八方店）,C05840,唐山百货八方店,0.0,True,✅成功
美团,7537002,煌上煌酱鸭（华润万象城店）,C13936,赣州新华润万象城店,0.0,True,✅成功
美团,7573845,煌上煌酱鸭（河池豚豚生鲜超市店）,C05440,柳州河池广百汇专卖店,0.0,False,✅成功
美团,7573852,煌上煌酱鸭（直属迎宾店）,C08571,直属迎宾店,4.5,True,✅成功
美团,7690707,煌上煌酱鸭（延安中古楼店）,C06071,西安市场延安二道街中鼓楼店,4.6,True,✅成功
美团,7717587,煌上煌酱鸭（一百生鲜超市店）,C05953,宜春袁山东路一百生鲜店,0.0,True,✅成功
美团,7805907,煌上煌酱鸭（黄岛融创茂店）,C06008,青岛黄岛融创茂购物广场,4.3,True,✅成功
美团,7810474,煌上煌酱鸭（桂平广佰汇店）,C05555,广西桂平广百汇店,4.5,True,✅成功
美团,7814540,煌上煌（福州树汤店）,C06126,福州树汤路店,4.6,True,✅成功
美团,7828780,煌上煌酱鸭（鄱阳永新农贸市场店）,C03979,上饶鄱阳永新农贸市场店,4.1,True,✅成功
美团,7879952,煌上煌酱鸭（高新阳门外贸学院店）,C06013,高新阳门外贸学院店,4.1,True,✅成功
美团,7880796,煌上煌酱鸭（沃华W广场店）,C05237,沃华广场店,4.5,True,✅成功
美团,7964709,煌上煌酱鸭(珠海明珠北路店),C06353,珠海明珠北路店,4.1,True,✅成功
美团,7980019,煌上煌酱鸭(三亚胜利旺豪店),C06366,三亚胜利旺豪店,0.0,False,✅成功
美团,8005378,煌上煌酱鸭（桂林文化宫店）,C13522,直属桂林文化宫店,4.5,True,✅成功
美团,8042314,煌上煌酱鸭（直属北京西路店）,C00058,直属北京西路,4.4,True,✅成功
美团,8073992,煌上煌酱鸭（塘尾地铁站店）,C06117,宝安塘尾地铁店,4.5,True,✅成功
美团,8113862,煌上煌酱鸭(琼海博鳌店),C06396,琼海博鳌店,4.8,True,✅成功
美团,813533,煌上煌（鸭脖?卤味?温州上塘店）,C14075,温州上塘店,4.5,True,✅成功
美团,8185319,煌上煌酱鸭(沙涌北店),C04561,广州白云沙涌北店,4.4,True,✅成功
美团,8185320,煌上煌酱鸭（秋长新世界店）,C06352,惠州惠阳新世界店,4.4,False,✅成功
美团,8238146,煌上煌酱鸭(河源坚基沃尔玛店),C06388,河源尖基沃尔玛专卖店,0.0,False,✅成功
美团,8317388,煌上煌（卤味·通辽万达店）,C05636,通辽万达店,0.0,True,✅成功
美团,8348101,煌上煌酱鸭（翔龙天地店）,C06427,东莞翔龙天地广场店,4.2,True,✅成功
美团,8354708,煌上煌酱鸭（义乌苏溪店）,C06558,义乌苏溪店,4.0,True,✅成功
美团,8358043,煌上煌酱鸭（邵阳友阿国际广场店）,C06403,邵阳友阿国际广场店,4.6,True,✅成功
美团,8370812,煌上煌酱鸭(彩虹缤纷城店),C06440,宝安福永白石店,0.0,False,✅成功
美团,8398338,煌上煌（卤味·炒饭·中央红学府路店）,C06178,直属哈尔滨哈尔信学府路店,0.0,False,✅成功
美团,8464439,煌上煌（卤味·四平万达店）,C04131,四平万达店,0.0,False,✅成功
美团,8471115,煌上煌酱鸭（炒饭·卤味·小吃·都匀剑江北路店）,C06724,都匀剑江北路店,0.0,True,✅成功
美团,8516324,煌上煌酱鸭（硕果时代店）,C05017,鹰抚抚州硕果时代店,3.9,True,✅成功
美团,8519091,煌上煌酱鸭（鸭货.卤味·高新万达店）,C12927,济南历下区万达广场店,4.0,False,✅成功
美团,8557118,煌上煌酱鸭（董家窑店）,C00009,直属董家窑,4.6,True,✅成功
美团,8563969,煌上煌酱鸭（沙井共和店）,C06259,宝安沙井共和店,4.1,True,✅成功
美团,8578080,煌上煌酱鸭（京东天虹店）,C06459,京东天虹店,4.6,True,✅成功
美团,8641561,煌上煌酱鸭(琼海东风路店),C06841,琼海东风路店,4.6,True,✅成功
美团,8645938,煌上煌酱鸭（九江武宁东阳店）,C06760,九江武宁东阳店,0.0,True,✅成功
美团,8667166,煌上煌酱鸭(中山坦洲壹加壹店),C06702,中山坦洲壹加壹店,4.6,True,✅成功
美团,866887,煌上煌(华为荔园店·卤味·下午茶）,C02849,龙岗区坂田荔园店,4.4,True,✅成功
美团,8697172,煌上煌酱鸭（上饶铅山店）,C00831,上饶铅山,4.4,True,✅成功
美团,8698962,煌上煌酱鸭（经开天虹店）,C06650,经开天虹小罗食品店,4.7,True,✅成功
美团,870169,煌上煌酱鸭(横岗信义锦绣花园店),C02053,龙岗区横岗锦秀花园,4.4,True,✅成功
美团,8712402,煌上煌酱鸭（曾巩大道福泰店）,C03630,鹰抚抚州曾巩大道福泰店,0.0,True,✅成功
美团,8719943,煌上煌酱鸭（五星街店）,C10074,直属柳州五星街美食广场店,4.5,True,✅成功
美团,8745153,煌上煌（卤味·炒饭·大连金州柏都荟店）,C06385,直属大连金州柏都荟店,4.6,True,✅成功
美团,8745379,煌上煌酱鸭（赣州福安店）,C06819,赣州福安店,4.2,True,✅成功
美团,8773520,煌上煌酱鸭(三亚海花路店),C07095,三亚海花路专卖店,0.0,False,✅成功
美团,8825286,煌上煌酱鸭（海口远大购物中心专卖店分店）,C06087,海口远大购物中心店,0.0,False,✅成功
美团,8841957,煌上煌酱鸭(福田华强北中航路店),C02242,福田华强北中航路店,4.6,True,✅成功
美团,886128,煌上煌酱鸭(佛山天佑城1店),C09599,佛山乐从天佑城1店,4.7,True,✅成功
美团,8914323,煌上煌酱鸭（禹州大学城店·卤味·熟食）,C07160,厦门同安禹州大学城店,4.5,True,✅成功
美团,8914692,煌上煌酱鸭（八一广场店）,C05138,直属八一广场店,4.7,True,✅成功
美团,8976726,煌上煌酱鸭（陆丰生福店）,C06480,汕尾陆丰生福百货店,4.3,False,✅成功
美团,8991603,煌上煌酱鸭(谢岗润升店),C07119,谢岗润生振兴路店,4.1,True,✅成功
美团,8996821,煌上煌酱鸭（宜春张家山菜场店）,C13449,宜春新张家山店,4.4,True,✅成功
美团,8996822,煌上煌酱鸭（宜春比一比超市店）,C06734,宜春比一比超市店,3.9,True,✅成功
美团,9009268,煌上煌酱鸭(海口望海国际店),C06082,海口望海国际店,4.2,True,✅成功
美团,909081,煌上煌酱鸭(罗湖东门1店),C02257,罗湖东门1店,0.0,False,✅成功
美团,9104934,煌上煌酱鸭（炒饭·卤味·小吃·安顺德胜花园店）,C07162,安顺市德胜花园店,4.5,True,✅成功
美团,9117553,煌上煌酱鸭（罗湖水库新村店）,C07303,罗湖水库新村店,4.5,True,✅成功
美团,9117554,煌上煌酱鸭(兴华中路店),C05446,中山东凤兴华中路店,4.6,True,✅成功
美团,9147156,煌上煌酱鸭（九江修水宁红市场店）,C00727,九江修水宁红市场店,0.0,False,✅成功
美团,917091,煌上煌酱鸭(珠海香洲总站店),C03037,珠海香洲总站店,4.5,True,✅成功
美团,9176225,煌上煌酱鸭（直属洪都邮政店）,C07120,直属洪都邮政店,4.5,True,✅成功
美团,9331192,煌上煌酱鸭（新余天伦城店）,C04447,新余天伦城店,4.3,True,✅成功
美团,9379351,煌上煌酱鸭（全州步行街店）,C13939,桂林全州步行街1店,4.7,True,✅成功
美团,9382449,煌上煌酱鸭（南宁安吉万达店）,C07887,直属南宁安吉万达2号门广场店,4.5,True,✅成功
美团,9389179,煌上煌酱鸭（鸭货·卤味·李村乐客城店）,C07253,青岛李沧乐客城,0.0,True,✅成功
美团,9415691,煌上煌酱鸭（鸭货·卤味·即墨大润发店）,C06919,青岛即墨大润发店,0.0,True,✅成功
美团,9474804,煌上煌酱鸭（进贤军湖路店）,C07165,进贤军湖路店,4.5,True,✅成功
美团,9511530,煌上煌酱鸭（大润发东安店）,C05052,牡丹江大润发东安店,0.0,False,✅成功
美团,9511532,煌上煌酱鸭（卤味·中央红新东方店）,C05160,哈尔滨中央红新东方店,4.5,True,✅成功
美团,9523751,煌上煌酱鸭（华润叠山路店）,C14707,南昌东湖区叠山路店,4.4,True,✅成功
美团,9569452,煌上煌酱鸭(卤味·酒料·棉湖店),C07312,揭阳揭西棉湖店,4.9,True,✅成功
美团,9571549,煌上煌酱鸭（国博九龙店）,C06720,国博九龙店,4.3,True,✅成功
美团,9579176,煌上煌酱鸭（海口绿地广场专卖店）,C07780,海口绿地广场店,0.0,False,✅成功
美团,9589648,煌上煌酱鸭（炒饭·小吃·昆明沃尔玛集大店）,C07764,昆明沃尔玛集大店,4.2,True,✅成功
美团,9614039,煌上煌手撕酱鸭（卤味·鸭脖·盐田广富店),C02567,盐田广富店,4.8,True,✅成功
美团,9614040,煌上煌酱鸭(河源龙川腾天购物公园店),C07856,河源龙川腾天购物公园专卖店,0.0,False,✅成功
美团,9614243,煌上煌酱鸭(宝安公明金安路店),C14590,直属宝安金安路店,4.7,True,✅成功
美团,9621848,煌上煌酱鸭（中海朝阳郡店）,C07839,中海朝阳郡店,4.5,True,✅成功
美团,9621849,煌上煌酱鸭（华润滨江店）,C07334,华润滨江店,4.5,True,✅成功
美团,9621947,煌上煌酱鸭（国防科技园农贸市场店）,C07582,国防科技园农贸市场店,4.5,True,✅成功
美团,9693152,煌上煌酱鸭（卤味饭.绿地悦公馆店）,C07813,绿地悦公馆,4.5,True,✅成功
美团,9784037,煌上煌酱鸭（贵溪广场店）,C00491,鹰抚贵溪广场店,0.0,True,✅成功
美团,9784039,煌上煌酱鸭（贵溪城南汽车站店）,C05227,贵溪城南汽车站店,0.0,True,✅成功
美团,9784042,煌上煌酱鸭（贵溪北大街店）,C00495,鹰抚贵溪北大街店,0.0,True,✅成功
美团,9784131,煌上煌酱鸭（印象城金街店）,C11945,鹰抚贵溪印象城金街店,4.7,True,✅成功
美团,9791674,煌上煌酱鸭（百捷上悦城店·卤味小吃·炒饭）,C03936,泉州晋江百捷上悦城店,4.7,True,✅成功
美团,9798874,煌上煌酱鸭(滨江首府店),C07222,吉安青原滨江首府店,0.0,True,✅成功
美团,9832139,煌上煌酱鸭（象湖新力金沙湾店）,C07812,直属象湖新力金沙湾店,4.3,True,✅成功
淘宝,1030672,煌上煌酱鸭(福田区下沙店),C02625,福田区下沙,0.0,False,✅成功
淘宝,1100835718,煌上煌酱鸭(直属海口海甸城专卖店),C10109,直属海口海甸城专卖店,0.0,False,✅成功
淘宝,1100900633,煌上煌酱鸭(南宁万达茂店),C14680,直属南宁万达茂专卖店 ,0.0,False,✅成功
淘宝,1101769600,煌上煌酱鸭(赣州金坪西路店),C10177,赣州金坪西路店,3.9,True,✅成功
淘宝,1101822076,煌上煌酱鸭(樟树邹家山菜场店),C10058,丰城樟树邹家山菜场店,0.0,False,✅成功
淘宝,1101824846,煌上煌酱鸭(德安联盛快乐城店),C13225,九江德安联盛快乐城,4.8,True,✅成功
淘宝,1101847094,煌上煌酱鸭(华宇尚城店),C10088,华宇尚城店,4.1,True,✅成功
淘宝,1101868518,煌上煌酱鸭(海口长流专卖店),C08718,海口长流专卖店,0.0,False,✅成功
淘宝,1101874963,煌上煌酱鸭(东园店),C12422,泉州台商东园专卖,0.0,False,✅成功
淘宝,1101876950,煌上煌匠鸭(鹰抚东乡赣东商城店),C10182,鹰抚东乡赣东商贸城店,0.0,True,✅成功
淘宝,1101922295,煌上煌酱鸭(西安交大常春藤花园店),C10249,直属西安交大常春藤花园店,0.0,False,✅成功
淘宝,1101934872,煌上煌匠鸭(长安万科店),C10243,东莞长安万科店,4.8,True,✅成功
淘宝,1101936985,煌上煌酱鸭(鹰抚抚州凤凰城店),C04752,鹰抚抚州凤凰城店,0.0,False,✅成功
淘宝,1101944125,煌上煌(直属长沙梅溪湖步步高店),C10092,直属长沙梅溪湖步步高店,0.0,False,✅成功
淘宝,1101954814,煌上煌酱鸭(抚州上顿渡广场东路店),C10169,鹰抚抚州上顿渡广场东路店,0.0,True,✅成功
淘宝,1101956659,煌上煌酱鸭(惠州惠东黄埠巴顿店),C02276,惠州惠东黄埠巴顿店,0.0,True,✅成功
淘宝,1102408976,煌上煌酱鸭(宝安松岗兆禾里专卖店),C09545,宝安松岗兆禾里专卖店,0.0,False,✅成功
淘宝,1103450430,煌上煌酱鸭(厦门集美锦园专卖店),C10988,厦门集美锦园专卖店,0.0,False,✅成功
淘宝,1103451550,煌上煌酱鸭(乐清汇丰路店),,,0.0,False,❌未匹配
淘宝,1103510051,煌上煌酱鸭(鸭脖卤味温州龙霞店),C10300,温州龙霞路专卖店,0.0,False,✅成功
淘宝,1105294510,煌上煌酱鸭(直属胜利路二店),C07072,直属胜利路2店,5.0,True,✅成功
淘宝,1105398288,煌上煌酱鸭(江门大融城专卖店),C08729,江门大融城专卖店,0.0,False,✅成功
淘宝,1105412710,煌上煌酱鸭(吉安青原国光店),C10183,吉安青原国光店,0.0,True,✅成功
淘宝,1105413182,煌上煌酱鸭(惠东大岭专卖店),,,0.0,False,❌未匹配
淘宝,1105413418,煌上煌·卤味(沈阳皇姑大润发店),C13440,沈阳昆山西路店,0.0,False,✅成功
淘宝,1106084220,煌上煌酱鸭(直属系马桩店),C00033,直属系马桩,5.0,True,✅成功
淘宝,1108536877,煌上煌酱鸭(直属恒大华府店),C10320,直属恒大华府店,0.0,True,✅成功
淘宝,1108551452,煌上煌酱鸭(丰城建设路店),C00623,丰城市建设路店,0.0,False,✅成功
淘宝,1108576136,煌上煌·卤味(四元桥家乐福店),C10229,北京四元桥家乐福,4.8,True,✅成功
淘宝,1108595908,煌上煌酱鸭(直属广场东路店),C00019,直属广场东路,0.0,False,✅成功
淘宝,1108615610,煌上煌酱鸭(惠州江北佳兆业广场专卖店),C10332,惠州江北佳兆业广场店,5.0,True,✅成功
淘宝,1108746781,煌上煌酱鸭(直属洪都邮政店),C07120,直属洪都邮政店,4.5,True,✅成功
淘宝,1109380813,煌上煌酱鸭(湾里城建广场店),C10413,湾里城建广场店,0.0,True,✅成功
淘宝,1109390636,煌上煌酱鸭(樟树小香港店),C00671,丰城樟树小香港,0.0,True,✅成功
淘宝,1109724008,煌上煌酱鸭(三亚林旺店),C10417,三亚海棠湾林旺市场店,0.0,False,✅成功
淘宝,1110043510,煌上煌酱鸭(长沙喜盈门店),C10349,长沙雨花区喜盈门店,0.0,False,✅成功
淘宝,1110749496,煌上煌酱鸭(珠海金湾华发商都店),C06857,珠海金湾华发商都专卖店,0.0,False,✅成功
淘宝,1110772988,煌上煌酱鸭(惠州乌石专卖店),C10301,惠州乌石店,4.0,True,✅成功
淘宝,1112297051,煌上煌酱鸭(九江仪表厂店),C10602,九江仪表厂店,0.0,False,✅成功
淘宝,1112405667,煌上煌酱鸭(天安云谷店),C13633,龙岗坂田江南时代广场专卖店,0.0,False,✅成功
淘宝,1112408770,煌上煌酱鸭(赣州兴国店),C01072,赣州兴国,4.0,True,✅成功
淘宝,1112425462,煌上煌酱鸭(直属厦门围里专卖店),C11651,厦门围里专卖店,0.0,False,✅成功
淘宝,1112440815,煌上煌酱鸭(万科红店),C02348,龙岗布吉万科红专卖店,0.0,False,✅成功
淘宝,1112447809,煌上煌·酱鸭(鹰抚硕果时代店),C05017,鹰抚抚州硕果时代店,0.0,True,✅成功
淘宝,1112455057,煌上煌酱鸭(景德镇华润万家店),C10564,景德镇华润万家店,0.0,False,✅成功
淘宝,1116447420,煌上煌酱鸭(直属世茂天城店),C10567,直属世贸天城店,4.6,True,✅成功
淘宝,1116947854,煌上煌酱鸭(赣州中海店),C10509,赣州中海店,0.0,False,✅成功
淘宝,1116953177,煌上煌酱鸭(直属新建三店),C00025,直属新建３,0.0,True,✅成功
淘宝,1116985093,煌上煌酱鸭(兰州王府井华联店),C09872,甘肃兰州王府井华联店,0.0,False,✅成功
淘宝,1118408923,煌上煌酱鸭(宝安石岩东海百货专卖店),C10586,宝安石岩东海百货专卖店,0.0,False,✅成功
淘宝,1118663556,煌上煌酱鸭(上塘荟店),C10735,宝安民治上塘荟专卖店,0.0,False,✅成功
淘宝,1118664165,煌上煌酱鸭(安顺普定凯旋城店),C10727,安顺普定中兴大道凯旋城店,0.0,True,✅成功
淘宝,1119789516,煌上煌酱鸭(胶州龙湖天街店),C10302,青岛胶州龙湖天街家家悦店,0.0,False,✅成功
淘宝,1119837389,煌上煌酱鸭(防城港乐天商业街专卖店),C10769,防城港中心区乐天花园店,0.0,False,✅成功
淘宝,1123078824,煌上煌酱鸭(怡兰苑店),C00250,怡兰苑,4.3,True,✅成功
淘宝,1123078851,煌上煌酱鸭(直属广外店),C00011,直属广外,0.0,True,✅成功
淘宝,1123085627,煌上煌酱鸭(榕门路滕王阁店),C07558,榕门路店,0.0,False,✅成功
淘宝,1123085702,煌上煌酱鸭(朱家湖店),C00369,朱家湖,4.5,True,✅成功
淘宝,1123272396,煌上煌酱鸭(直属紫金城店),C01999,直属紫金城店,4.2,True,✅成功
淘宝,1123307135,煌上煌酱鸭(深农市场二店),C00379,深龙市场2店,0.0,False,✅成功
淘宝,1123314331,煌上煌酱鸭(九江谢家垅店),C10887,九江谢家垅店,5.0,True,✅成功
淘宝,1123319324,煌上煌酱鸭(吉安城北世纪华联店),C04873,吉安城北世纪华联店,0.0,False,✅成功
淘宝,1123333774,煌上煌酱鸭(滨江帝景店),C10311,三亚崖城裕民路专卖店,0.0,False,✅成功
淘宝,1123365852,煌上煌酱鸭(黄溪菜场店),C01855,黄溪菜场店,0.0,True,✅成功
淘宝,1123369122,煌上煌酱鸭(宁德华宁专卖店),C10402,宁德华宁专卖店,0.0,False,✅成功
淘宝,1123375983,煌上煌酱鸭(天佑路店),C07760,天佑路店,4.8,True,✅成功
淘宝,1123375989,煌上煌酱鸭(直属聚源市场店),C00081,直属聚源市场店,4.3,True,✅成功
淘宝,1123997216,煌上煌酱鸭(中山东升同昌路专卖店),C10890,中山东升同昌路专卖店,0.0,False,✅成功
淘宝,1125553962,煌上煌酱鸭(抚州西湖新村店),C11006,鹰抚抚州西湖新村店,0.0,True,✅成功
淘宝,1125559711,煌上煌·卤味(沈阳三隆世纪购物中心店),C04468,沈阳三隆世纪购物中心店,0.0,False,✅成功
淘宝,1126035425,煌上煌酱鸭(九江金鹏城店),C10924,九江金鹏城店,0.0,False,✅成功
淘宝,1126046955,煌上煌酱鸭(直属米罗二店),C00127,直属新建米罗2店,5.0,True,✅成功
淘宝,1126056508,煌上煌酱鸭(九江城西港店),C06926,九江城西港店,0.0,True,✅成功
淘宝,1126072206,煌上煌酱鸭(安顺普定富强路专卖二店),C10905,安顺普定富强路专卖二店,0.0,False,✅成功
淘宝,1126074982,煌上煌匠鸭(新余御天城店),C03922,新余御天城店,5.0,True,✅成功
淘宝,1126214095,煌上煌酱鸭(九江万达广场店),C10716,九江万达广场店,0.0,False,✅成功
淘宝,1126701026,煌上煌酱鸭(惠州大亚湾万达专卖店),C10998,惠州大亚湾万达店,4.9,True,✅成功
淘宝,1126701047,煌上煌酱鸭(赣州崇义阳明路店),C10910,赣州崇义阳明路店,0.0,True,✅成功
淘宝,1127403280,煌上煌酱鸭(江苏徐州金阳家园店),C07283,江苏徐卅市金阳家园店,0.0,False,✅成功
淘宝,1127627513,煌上煌酱鸭(上饶阳光福邸店),C11106,上饶阳光福邸店,5.0,True,✅成功
淘宝,1127670145,煌上煌匠鸭(宜春万载店),C00930,宜春万载,4.3,True,✅成功
淘宝,1127675671,煌上煌酱鸭(横峰解放中路店),C00871,上饶横峰解放中路店,0.0,True,✅成功
淘宝,1127705476,煌上煌酱鸭(赣州国际时代广场店),C11192,赣州国际时代广场店,0.0,False,✅成功
淘宝,1127835032,煌上煌酱鸭(东莞市横沥嘉荣店),C03040,东莞横沥中山店,0.0,False,✅成功
淘宝,1127862941,煌上煌匠鸭(新余劳动北路店),C04926,新余劳动北路店,4.2,True,✅成功
淘宝,1127905629,煌上煌酱鸭(宝安观澜兴万达专卖店),C02147,宝安观澜兴万达专卖店,0.0,False,✅成功
淘宝,1128135671,煌上煌酱鸭(九龙湖安丰花园店),C11064,九龙湖安丰花园店,5.0,True,✅成功
淘宝,1128299982,煌上煌酱鸭(东莞企石润升百货专卖店),C10066,东莞企石润升百货店,5.0,True,✅成功
淘宝,1128299987,煌上煌酱鸭(赣县星洲润达宏昌店),C11141,赣州赣县星洲润达宏昌店,0.0,True,✅成功
淘宝,1128314585,煌上煌匠鸭(鹰抚鹰潭大观园店),C05699,鹰抚鹰潭大观园店（怡辰卤菜一分店）,0.0,False,✅成功
淘宝,1128316385,煌上煌酱鸭(阳江新达城时代广场店),C11036,阳江江城新达城专卖店,0.0,False,✅成功
淘宝,1129072586,煌上煌酱鸭(珠海香洲棕榈假日店),C11239,珠海香洲棕榈假日专卖店,0.0,False,✅成功
淘宝,1131389652,煌上煌酱鸭(塘厦盈锋广场店),C02203,东莞塘厦盈锋广场店,4.6,True,✅成功
淘宝,1131400111,煌上煌酱鸭(常平联邦法国花园店),C11148,东莞常平联邦花园专卖店,0.0,False,✅成功
淘宝,1132501,煌上煌酱鸭(光荣街店),C01936,直属沈阳光荣店,5.0,True,✅成功
淘宝,1135223405,煌上煌酱鸭(中海国际店),C11218,直属青岛李沧中海国际店,0.0,False,✅成功
淘宝,1135324934,煌上煌酱鸭(福海路店),C11241,直属上海嘉定福海路店,0.0,False,✅成功
淘宝,1135327420,煌上煌酱鸭(高安幸福超市店),C11205,高安幸福超市店,0.0,False,✅成功
淘宝,1135334774,煌上煌酱鸭(三亚荔枝沟店),C11124,三亚荔枝沟专卖店,0.0,False,✅成功
淘宝,1135343034,煌上煌酱鸭(广州白云太和金铂广场店),C11077,广州白云太和金箔广场专卖店,0.0,False,✅成功
淘宝,1135439025,煌上煌酱鸭(宜春帝泊湾店),C11224,宜春帝泊湾店,0.0,False,✅成功
淘宝,1135866603,煌上煌(寮步万润店),C11201,东莞寮步万润专卖店,0.0,False,✅成功
淘宝,1135884571,煌上煌(宝鼎盛世店),C10981,景德镇浮梁宝鼎盛世店,0.0,False,✅成功
淘宝,1136501508,煌上煌酱鸭(广州天河元岗直街专卖店),C10992,广州天河元岗直街专卖店,0.0,False,✅成功
淘宝,1136871,煌上煌酱鸭(赣州龙南店),C01125,赣州龙南宏昌店,0.0,False,✅成功
淘宝,1137342918,煌上煌酱鸭(南城莱蒙广场专卖店),C11251,东莞南城莱蒙广场店,4.1,True,✅成功
淘宝,1137774801,煌上煌酱鸭(吉安望族名家店),C11271,吉安望族名家店,0.0,False,✅成功
淘宝,1137960618,煌上煌酱鸭(九江语林菜场店),C11128,九江林语菜场店,0.0,False,✅成功
淘宝,1137965609,煌上煌酱鸭(武宁东阳店),C06760,九江武宁东阳店,0.0,True,✅成功
淘宝,1137966984,煌上煌酱鸭(九江武宁南门市场店),C00808,九江武宁南门市场店,0.0,True,✅成功
淘宝,1138218018,煌上煌酱鸭(吉安县世纪华联店),C01868,吉安县世纪华联店,0.0,False,✅成功
淘宝,1138570535,煌上煌(弋阳幸福里店),C10897,上饶弋阳幸福里店,4.4,True,✅成功
淘宝,1138579834,煌上煌酱鸭(九江修水赣北城店),C00803,九江修水赣北城店,0.0,True,✅成功
淘宝,1139750054,煌上煌酱鸭(绍兴上虞东街店),C11315,绍兴上虞东街店,0.0,False,✅成功
淘宝,1144177298,煌上煌酱鸭(都匀万达店),C11187,都匀万达店,0.0,True,✅成功
淘宝,1144576141,煌上煌·卤味(宽城万达店),C11134,长春宽城万达广场店,0.0,True,✅成功
淘宝,1144638011,煌上煌酱鸭(宜兴宜北店),C11471,江苏无锡宜兴宜北店,0.0,False,✅成功
淘宝,1147410009,煌上煌酱鸭(郑坂店),C04897,厦门翔安郑坂专卖店,0.0,False,✅成功
淘宝,1147495423,煌上煌酱鸭(赣州南康时代新城店),,,0.0,False,❌未匹配
淘宝,1149026294,煌上煌酱鸭(兴中广场专卖店),,,0.0,False,❌未匹配
淘宝,1149095381,煌上煌酱鸭(普宁广达店),C11378,普宁广达广场专卖店,0.0,False,✅成功
淘宝,1149116007,煌上煌酱鸭(鹰抚海瑞公馆店),C11333,鹰抚抚州海瑞公馆店,0.0,False,✅成功
淘宝,1149145721,煌上煌酱鸭(宜春宝利裕丰店),C13632,宜春新宝利超市店,3.7,True,✅成功
淘宝,1149286237,煌上煌酱鸭(抚南广昌解放路三店),C08204,抚南广昌解放路三店,0.0,True,✅成功
淘宝,1149374849,煌上煌酱鸭(九江湖口联盛店),C10356,九江湖口联盛店,4.9,True,✅成功
淘宝,1151000510,煌上煌酱鸭（黄江万业店）(东莞黄江万业店),C11413,东莞黄江万业店,3.8,True,✅成功
淘宝,1151041934,煌上煌酱鸭(松山沃尔玛店),C11550,赤峰松山沃尔玛店,0.0,False,✅成功
淘宝,1151156462,煌上煌酱鸭(如东三元店),C11506,江苏省如东三元店,0.0,False,✅成功
淘宝,1151223641,煌上煌酱鸭(福州宝龙广场门口店),,,0.0,False,❌未匹配
淘宝,1151251936,煌上煌酱鸭(启东店),C11546,启东申港城店,0.0,False,✅成功
淘宝,1151327107,煌上煌酱鸭(盐城大丰吾悦店（6号门）),C11507,大丰吾悦店,0.0,False,✅成功
淘宝,1152378,煌上煌酱鸭(鄱阳东湖大道店),C01152,上饶鄱阳东湖大道店,0.0,True,✅成功
淘宝,1155275185,煌上煌酱鸭(南昌玺园店),C04675,玺园店,0.0,False,✅成功
淘宝,1155319377,煌上煌酱鸭(盘州合力超市店),C11321,贵州盘州合力超市红果店,0.0,False,✅成功
淘宝,1155340695,煌上煌酱鸭(中山路民主广场店),C11581,直属大连民主广场24小时店,4.7,True,✅成功
淘宝,1155350778,煌上煌酱鸭(集美大学店),,,0.0,False,❌未匹配
淘宝,1155388834,煌上煌酱鸭(红岭中路店),C11605,福田红岭中路专卖店,0.0,False,✅成功
淘宝,1155440070,煌上煌(赣州上犹和平路店),C11429,赣州上犹和平路店,0.0,False,✅成功
淘宝,1155440589,煌上煌酱鸭(大竹旗舰一店),C11448,达州大竹一店,0.0,False,✅成功
淘宝,1155455096,煌上煌(玉山悦府金街店),C11419,玉山悦府金街店,0.0,False,✅成功
淘宝,1155459638,煌上煌酱鸭(东三岔店),C11611,西安临潼东三岔店,0.0,False,✅成功
淘宝,1155479610,煌上煌酱鸭(阳光城店),C12508,海口鹏晖福联顺专卖店,0.0,False,✅成功
淘宝,1155555203,煌上煌酱鸭(白石洲一街店),C11510,南山白石洲一街专卖店,0.0,False,✅成功
淘宝,1157589177,煌上煌酱鸭(海滨路店),C11840,汕尾陆丰甲子店,0.0,False,✅成功
淘宝,1157615331,煌上煌酱鸭(陆丰碣石店),C11663,荔浦滨江路店,0.0,False,✅成功
淘宝,1157696264,煌上煌酱鸭(保集店),C03299,保集店,0.0,True,✅成功
淘宝,1157739903,煌上煌酱鸭(长沙龙湖天街店),C11555,直属长沙芙蓉区龙湖天街店,0.0,False,✅成功
淘宝,1157755602,煌上煌酱鸭(抚南南城锦绣江南店),C11745,抚南南城锦绣江南店,0.0,True,✅成功
淘宝,1157770507,煌上煌酱鸭(莲塘澄湖店),C05513,华润澄湖店,0.0,False,✅成功
淘宝,1157805849,煌上煌酱鸭(余干德胜大道店),C01216,上饶余干德胜大道店,4.6,True,✅成功
淘宝,1157816150,煌上煌酱鸭(直属上饶广信区广场店),C11775,直属上饶广信区广场店,0.0,False,✅成功
淘宝,1157832865,煌上煌(宜春上东国际店),C11781,直属宜春上东国际店,0.0,False,✅成功
淘宝,1157846402,煌上煌(温州瓯北店),C11808,温州瓯北店,0.0,False,✅成功
淘宝,1157865060,煌上煌酱鸭(防城港德城店),C11616,防城港德诚市场店,0.0,False,✅成功
淘宝,1157897151,煌上煌酱鸭(幸福时光店),C00405,幸福时光,5.0,True,✅成功
淘宝,1157916998,煌上煌酱鸭(吾悦家家悦负一楼店),C09228,济宁任城吾悦家家悦,0.0,False,✅成功
淘宝,1161517348,煌上煌酱鸭(嘉怡路店),C11578,直属嘉怡路店,0.0,False,✅成功
淘宝,1161701071,煌上煌酱鸭(直属吉安金鹏花园店),C11771,直属吉安金鹏花园店,4.1,True,✅成功
淘宝,1161717591,煌上煌(旭辉国际广场店),C11597,直属长沙雨花区旭辉国际店,0.0,False,✅成功
淘宝,1161737946,煌上煌酱鸭(直属农科路酒吧街店),C11810,直属河南郑州农科路店,5.0,True,✅成功
淘宝,1161746337,煌上煌酱鸭(涟源地下商业街店),C11259,涟源地下商业街店,0.0,False,✅成功
淘宝,1161787984,煌上煌酱鸭(太平门直街店),C11715,直属杭州太平门直街店,0.0,False,✅成功
淘宝,1161815920,煌上煌酱鸭(直属抚州中央花园店),C11762,直属抚州中央花园店,4.7,True,✅成功
淘宝,1161822180,煌上煌酱鸭(台州温岭东辉店),,,0.0,False,❌未匹配
淘宝,1161872084,煌上煌酱鸭(红谷十二庭店),C04246,红谷十二庭店,4.2,True,✅成功
淘宝,1161906134,煌上煌酱鸭·鸭脖·卤味(大同万达店),C07507,大同永辉万达店,0.0,False,✅成功
淘宝,1163813638,煌上煌(宜春万载宏达嘉园店),C12029,宜春万载宏达嘉园店,5.0,True,✅成功
淘宝,1163843332,煌上煌酱鸭(杭州杨家春晓店),C12050,杭州杨家春晓店,0.0,False,✅成功
淘宝,1163850130,煌上煌酱鸭(欣悦湖店),C11792,新建区欣悦湖店,5.0,True,✅成功
淘宝,1163872508,煌上煌酱鸭(N次方公园店),C11195,光明N次方公园专卖店,0.0,False,✅成功
淘宝,1163916265,煌上煌酱鸭(赤尾地铁站店),C11829,福田赤尾地铁站专卖店,0.0,False,✅成功
淘宝,1163927400,煌上煌酱鸭(汇置尚都店),C11957,沈阳汇置尚都店,0.0,False,✅成功
淘宝,1163937070,煌上煌酱鸭(草场坡翡翠明珠店),C11826,直属西安草场坡翡翠明珠店,0.0,False,✅成功
淘宝,1163948298,煌上煌酱鸭(君华时代店),C11960,龙岗君华时代专卖店,0.0,False,✅成功
淘宝,1163974636,煌上煌酱鸭(万科璞悦里店),C11932,湾里万科璞悦里店,4.9,True,✅成功
淘宝,1163976025,煌上煌酱鸭(石鼓英才路店),C11820,东莞石鼓英才路专卖店,0.0,False,✅成功
淘宝,1163978189,煌上煌酱鸭(上海黄浦新世界店),C11572,上海黄浦新世界店,0.0,False,✅成功
淘宝,1163982488,煌上煌酱鸭(三明建宁店),C12039,三明建宁店,0.0,True,✅成功
淘宝,1164009456,煌上煌酱鸭(盐城上冈店),C11773,盐城上冈店,0.0,False,✅成功
淘宝,1164012198,煌上煌(卤味熟食•套餐饭•万达店),C12035,厦门集美万达专卖店,0.0,False,✅成功
淘宝,1164013694,煌上煌酱鸭(华漕U天地店),C12068,直属上海闵行华漕u天地店,0.0,False,✅成功
淘宝,1164013698,煌上煌(德兴银城南路店),C11845,上饶德兴银城南路店,0.0,False,✅成功
淘宝,1166565500,煌上煌酱鸭(佛山罗村合丰店),C11900,佛山罗村合丰专卖店,0.0,False,✅成功
淘宝,1166569888,煌上煌(西门人人乐店),C11560,直属西安西门人人乐店,5.0,True,✅成功
淘宝,1166619867,煌上煌酱鸭(福州南广场店),C12203,福州南广场店,0.0,False,✅成功
淘宝,1166779948,煌上煌酱鸭(莆田秀屿万达店),C11988,莆田秀屿万达专卖店,0.0,False,✅成功
淘宝,1167671,煌上煌酱鸭(修水余家店),C00726,九江修水鹦鹉街店,5.0,True,✅成功
淘宝,1168481631,煌上煌酱鸭(珠港新城店),C12146,汕头珠港新城专卖店,0.0,False,✅成功
淘宝,1168484921,煌上煌酱鸭(新动力广场店),C12048,佛山三水新动力广场专卖店,0.0,False,✅成功
淘宝,1168495023,煌上煌(吉安鑫瑞城市花园店),C07994,吉安县新瑞城市花园店,0.0,False,✅成功
淘宝,1168520024,煌上煌酱鸭(赣州东方红广场店),C12013,直属赣州东方红广场店,0.0,False,✅成功
淘宝,1168578865,煌上煌(鑫城家园店),C12257,上饶弋阳鑫城嘉园店,0.0,True,✅成功
淘宝,1168578892,煌上煌酱鸭(保利中航城店),C12057,青云谱保利中航城店,3.8,True,✅成功
淘宝,1168673507,煌上煌酱鸭(杭州三坝地铁商业街店),C12018,杭州三坝地铁商业街店,0.0,False,✅成功
淘宝,1168704493,煌上煌酱鸭(南通永嘉天地店),C11323,福州南通永嘉天地专卖店,0.0,False,✅成功
淘宝,1168779672,煌上煌酱鸭(龙港西城路店),C12208,温州龙港西城路专卖店,0.0,False,✅成功
淘宝,1170801521,煌上煌·卤味(江南甲第店),C12262,沈阳江南甲第店,0.0,False,✅成功
淘宝,1170812732,煌上煌酱鸭(三新店),C12041,惠州博罗信鸿专卖店,0.0,False,✅成功
淘宝,1170850340,煌上煌(抚州利兹堡店),C12085,鹰抚抚州利兹堡店,0.0,True,✅成功
淘宝,1170897394,煌上煌酱鸭(休宁店),C12210,安徽黄山休宁店,0.0,True,✅成功
淘宝,1170940322,煌上煌(鹰抚上顿渡大观天下店),C12133,鹰抚上顿渡大观天下店,3.9,True,✅成功
淘宝,1170940330,煌上煌酱鸭(黄金家园店),C12045,直属赣州黄金家园店,3.5,True,✅成功
淘宝,1170977748,煌上煌酱鸭(览秀城店),C12012,直属长沙岳麓区览秀城店,0.0,False,✅成功
淘宝,1171050174,煌上煌·卤味(沈阳地王店),C04496,沈阳地王专卖店,0.0,False,✅成功
淘宝,1171056721,煌上煌酱鸭(直属横一条店),C12150,直属北京丰台横一条店,0.0,False,✅成功
淘宝,1171063047,煌上煌酱鸭(钦州世贸广场店),C12072,惠州惠城龙丰专卖店,0.0,False,✅成功
淘宝,1172375767,煌上煌酱鸭,C10646,萍乡芦溪凌云北路店,0.0,True,✅成功
淘宝,1172414749,煌上煌酱鸭(南昌凯旋公馆店),C12251,迎宾大道凯旋公馆店,0.0,True,✅成功
淘宝,1172464131,煌上煌酱鸭(富洲南路店),C12387,丰城富洲南路店,0.0,True,✅成功
淘宝,1172549612,煌上煌酱鸭(宜春鹏泰一店),C12268,宜春鹏泰超市一店,0.0,False,✅成功
淘宝,1172558485,煌上煌酱鸭(直属海口国贸路专卖店),C13991,海口国贸路专卖店,0.0,False,✅成功
淘宝,1172589974,煌上煌酱鸭(碧头地铁店),C12193,宝安松岗碧头地铁站专卖店,0.0,False,✅成功
淘宝,1172608768,煌上煌酱鸭(乐昌大润发店),C12206,韶关乐昌大润发专卖店,0.0,False,✅成功
淘宝,1172616005,煌上煌酱鸭(五洲南路店),C14851,直属鹰潭五洲南路店,4.9,True,✅成功
淘宝,1172814505,煌上煌酱鸭(分宜钤阳西路店),C12215,新余分宜钤阳西路店,0.0,True,✅成功
淘宝,1174008076,煌上煌酱鸭(吉安文澜府店),C11761,吉安文澜府店,0.0,True,✅成功
淘宝,1174746755,煌上煌酱鸭(高新万达金街店),C12355,直属大连高新万达金街店,0.0,False,✅成功
淘宝,1174761406,煌上煌酱鸭(汇利广场店),C02216,佛山汇利广场店,0.0,True,✅成功
淘宝,1174769688,煌上煌卤味·小吃·盖饭(天台新城店),C12436,台州天台新城专卖店,0.0,False,✅成功
淘宝,1174877075,煌上煌酱鸭(厦门思明大生里店),C12279,厦门思明大生里店,4.0,True,✅成功
淘宝,1174926883,煌上煌·卤味(苏家屯大润发店),C12140,沈阳枫杨路店,0.0,False,✅成功
淘宝,1175044573,煌上煌酱鸭(鸿兴广场店),C12400,佛冈鸿兴广场专卖店,0.0,False,✅成功
淘宝,1176216681,煌上煌酱鸭(长沙火车站三店),C13543,直属长沙火车站三店,5.0,True,✅成功
淘宝,1176331,煌上煌酱鸭(湘江大道店),C01083,赣州会昌,0.0,False,✅成功
淘宝,1177229716,煌上煌酱鸭(闵行华光店),,,0.0,False,❌未匹配
淘宝,1177984173,煌上煌酱鸭(杭州转塘奥莱金街店),C12586,杭州转塘奥莱金街店,0.0,False,✅成功
淘宝,1177997352,煌上煌酱鸭(花都永利商业广场店),C12412,广州花都永利广场专卖店,0.0,False,✅成功
淘宝,1178168442,煌上煌(北站一店),C11770,直属沈阳北站店,5.0,True,✅成功
淘宝,1178174506,煌上煌酱鸭(南海万达店),C12446,佛山南海万达专卖店,0.0,False,✅成功
淘宝,1178219264,煌上煌酱鸭(泗泾大润发店),C12283,上海松江泗泾大润发店,0.0,False,✅成功
淘宝,1178273186,煌上煌酱鸭(中海朝阳郡熙岸店),C12575,直属中海朝阳郡熙岸店,4.4,True,✅成功
淘宝,1178303886,煌上煌酱鸭(九江凯旋春天店),C12548,九江柴桑区凯旋春天店,0.0,False,✅成功
淘宝,1178307326,煌上煌酱鸭(南昌阳光家园店),C00346,阳光家园,0.0,False,✅成功
淘宝,1178379695,煌上煌酱鸭(大旺益万家店),C11537,肇庆大旺益万家专卖店,0.0,False,✅成功
淘宝,1178387293,煌上煌酱鸭(胜利西路店),C01128,赣州宁都新城店,0.0,True,✅成功
淘宝,1178398728,煌上煌酱鸭(杭州富阳万达店),C12560,杭州富阳万达店,0.0,False,✅成功
淘宝,1180767093,煌上煌酱鸭(万科星城店),C12479,宝安新桥万科星城店,5.0,True,✅成功
淘宝,1180892869,煌上煌酱鸭(容桂天佑城华润万家店),C12659,佛山容桂天佑城华润专卖店,0.0,False,✅成功
淘宝,1180994991,煌上煌酱鸭(开关厂店),C10628,开关厂,4.4,True,✅成功
淘宝,1183390779,煌上煌酱鸭(玉山天街店),C12613,上饶玉山天街店,0.0,True,✅成功
淘宝,1183469526,煌上煌酱鸭·鸭脖卤味·简餐(万科蓝山店),C12592,直属山西太原万科蓝山店,0.0,False,✅成功
淘宝,1184672367,煌上煌·卤味(和平中海店),C12702,沈阳和平中海店,0.0,False,✅成功
淘宝,1184698436,煌上煌酱鸭(杭州江晖路地铁店),C12595,直属杭州江晖路地铁商业街店,4.7,True,✅成功
淘宝,1187611401,煌上煌酱鸭(西梆子店),C12341,直属西安西梆子市街迎春店,0.0,False,✅成功
淘宝,1187652444,煌上煌(贵溪万和城店),C11739,鹰抚贵溪万和城店,0.0,True,✅成功
淘宝,1188009518,煌上煌酱鸭(石路天虹店),C12677,苏州石路天虹店,0.0,False,✅成功
淘宝,1188224529,煌上煌酱鸭(大石万民城店),C12745,广州番禺大石万民城专卖店,0.0,False,✅成功
淘宝,1189831381,煌上煌酱鸭(公明上村店),C12906,光明区公明上村店,0.0,False,✅成功
淘宝,1189835049,煌上煌酱鸭(宁波江北万达店),C13021,宁波江北万达店,0.0,False,✅成功
淘宝,1190155200,煌上煌酱鸭(西南商贸城店),C09566,贵阳观山湖西南商贸城店,0.0,False,✅成功
淘宝,1193349681,煌上煌酱鸭(东坑万升荟广场店),C12898,东莞东坑东兴中路店,5.0,True,✅成功
淘宝,1194720521,煌上煌酱鸭(凤凰印象新天地店),,,0.0,True,❌未匹配
淘宝,1197729228,煌上煌·卤味(宽城万达二店),C11397,长春宽城万达2店,0.0,False,✅成功
淘宝,1197865840,煌上煌酱鸭(习水一店),C12376,遵义习水西城体育馆店,0.0,False,✅成功
淘宝,1197895657,煌上煌(合肥正大广场店),C13189,安徽正大广场店,0.0,False,✅成功
淘宝,1197944692,煌上煌酱鸭(东阳江北之芯店),C11135,金华东阳江北之芯店,0.0,False,✅成功
淘宝,1197981795,煌上煌酱鸭(赣州瑞金三中店),,,0.0,False,❌未匹配
淘宝,1197982150,煌上煌酱鸭(粮仓店),C13272,惠州园洲东江粮仓专卖店,0.0,False,✅成功
淘宝,1197984823,煌上煌(古镇曹步店),C04225,中山古镇曹步店,0.0,True,✅成功
淘宝,1198029929,煌上煌酱鸭(九江柴桑区好又多店),C13220,九江柴桑区好又多超市店,0.0,False,✅成功
淘宝,1198085195,煌上煌酱鸭(金色领域广场店),C13179,佛山南海金色领域店,4.5,True,✅成功
淘宝,1199244043,煌上煌酱鸭(长兴大润发店),C13170,湖州长兴大润发店,0.0,False,✅成功
淘宝,1200296204,煌上煌酱鸭(东泰禾华庆花园店),C02665,福州三八路店,4.6,True,✅成功
淘宝,1203604786,煌上煌酱鸭(新余状元府店),C13247,新余状元府店,4.5,True,✅成功
淘宝,1204199722,煌上煌酱鸭(横琴口岸店),C13066,珠海横琴口岸专卖店,0.0,False,✅成功
淘宝,1208200141,煌上煌酱鸭(太平洋森活店),C13295,上海战区杨浦区五角场太平洋森活店,0.0,False,✅成功
淘宝,1208800714,煌上煌(坂田新围仔店),C13409,龙岗坂田新围仔专卖店,0.0,False,✅成功
淘宝,1210339756,煌上煌·卤味(王府井奥莱店),C13207,长春欧亚王府井店,0.0,False,✅成功
淘宝,1211465915,煌上煌酱鸭(长安福海路店),C13486,东莞长安福海路专卖店,0.0,False,✅成功
淘宝,1211504502,煌上煌酱鸭(金铂天地店),C13359,广州金沙洲金铂广场专卖店,0.0,False,✅成功
淘宝,1220481,煌上煌酱鸭(夏湾店),C02712,珠海夏湾店,0.0,True,✅成功
淘宝,1234745493,煌上煌酱鸭(广州龙归万民广场店),C13647,广州龙归万民广场专卖店,0.0,False,✅成功
淘宝,1237250325,煌上煌酱鸭(广州增城新塘翡翠绿洲店),C13635,广州增城新塘翡翠绿洲专卖店,0.0,False,✅成功
淘宝,1239701517,煌上煌酱鸭(直属杭州城西银泰店),C13673,直属杭州城西银泰店,5.0,True,✅成功
淘宝,1245672578,煌上煌酱鸭(九江东至城南店),C13770,九江东至团结农贸市场店,0.0,False,✅成功
淘宝,1248354934,煌上煌酱鸭(云浮连滩镇建设路店),C13516,云浮连滩建设路店,0.0,True,✅成功
淘宝,1249301752,煌上煌酱鸭(长沙雨花区星城天地店),C13926,长沙雨花区星城天地专卖店,0.0,False,✅成功
淘宝,1249317261,煌上煌酱鸭(惠州51新天地店),C13786,惠州51新天地店,0.0,True,✅成功
淘宝,1250336854,煌上煌酱鸭(中山大涌旗山路店),C13863,中山大涌旗山路专卖店,0.0,False,✅成功
淘宝,1250429507,煌上煌酱鸭(新建城农贸市场店),C09208,新建城农贸市场店,0.0,True,✅成功
淘宝,1253765316,煌上煌酱鸭(宁波宁海桃源广场店),C13955,宁波宁海桃源广场店,0.0,False,✅成功
淘宝,1253901646,煌上煌酱鸭(娄底吾悦广场店),C13912,娄底市娄星区吾悦广场旗舰店,0.0,True,✅成功
淘宝,1264788585,煌上煌酱鸭(桐乡高新南苑店),C14083,桐乡高新南苑店,0.0,False,✅成功
淘宝,1267095406,煌上煌酱鸭(广州江高家宜多广场专卖店),C13312,广州江高家宜多广场专卖店,0.0,False,✅成功
淘宝,1270385568,煌上煌酱鸭(东莞黄江大道专卖店),C14250,东莞黄江大道店,4.8,True,✅成功
淘宝,1271458498,煌上煌酱鸭(上饶余干一中店),C12067,上饶余干一中店,0.0,False,✅成功
淘宝,1273560407,煌上煌酱鸭(宁德霞浦百花新村店),C14298,宁德霞浦百花新村店,4.6,True,✅成功
淘宝,1274135049,煌上煌酱鸭(上饶弋阳怡景苑店),C14264,上饶弋阳怡景苑店,0.0,True,✅成功
淘宝,1282158196,煌上煌酱鸭(晋江阳光天地店),C14318,泉州晋江阳光天地店,4.6,True,✅成功
淘宝,1284593374,煌上煌酱鸭(南康鸿泰安置点店),C14302,南康鸿泰安置点店,0.0,False,✅成功
淘宝,1287926537,煌上煌酱鸭(苏州科技城星悦里店),C14390,苏州科技城星悦里店,4.3,True,✅成功
淘宝,1289310670,煌上煌(直属西溪龙湖天街店),C14446,直属杭州西溪龙湖天街,0.0,False,✅成功
淘宝,1289396847,煌上煌酱鸭(来福士店),C14349,杭州来福士店,5.0,True,✅成功
淘宝,1289429538,煌上煌酱鸭(东莞厚街汉邦广场店),C14368,东莞厚街兴隆路店,0.0,True,✅成功
淘宝,1290177331,煌上煌酱鸭(鹰抚上顿渡诺贝尔国际店),C14452,鹰抚上顿渡诺贝尔国际店,3.0,True,✅成功
淘宝,1290735947,煌上煌酱鸭(海口盐灶专卖店),C14464,海口盐灶店,0.0,False,✅成功
淘宝,1293649504,煌上煌酱鸭(珠海斗门招商花园城专卖店),C14485,珠海斗门招商花园城店,0.0,True,✅成功
淘宝,1296607118,煌上煌酱鸭(进贤好友多超市店),C08146,进贤好友多超市店,0.0,False,✅成功
淘宝,1297799885,煌上煌(马田南庄合众专卖店),C14453,光明区马田南庄合众店,0.0,False,✅成功
淘宝,1298121351,煌上煌酱鸭(直属万寿宫店),C14612,直属万寿宫店,0.0,True,✅成功
淘宝,1302105496,煌上煌酱鸭(珠海金鼎宝龙城专卖店),C05780,珠海金鼎宝龙城店,5.0,True,✅成功
淘宝,1302704661,煌上煌酱鸭(河源港盛新天地专卖店),C14588,河源港盛新天地店,0.0,False,✅成功
淘宝,1304929196,煌上煌酱鸭(象湖河下农贸市场店),C14640,象湖河下农贸市场店,0.0,False,✅成功
淘宝,1308520,煌上煌酱鸭(金沙摩尔店),C02997,龙岗区金沙摩尔店,0.0,False,✅成功
淘宝,1310752,煌上煌酱鸭(福田区竹子林店),C02828,福田区竹子林,0.0,False,✅成功
淘宝,1312766599,煌上煌酱鸭(岳阳平江长寿店),C14742,岳阳平江长寿店,0.0,False,✅成功
淘宝,1316209506,煌上煌酱鸭(鹰抚抚州白金瀚宫店),C00525,鹰抚抚州白金瀚宫店,0.0,True,✅成功
淘宝,1316324508,煌上煌酱鸭(佛山乐从雅居乐花园店),C13392,佛山乐从雅居乐花园店,4.0,True,✅成功
淘宝,1316330100,煌上煌酱鸭(清镇吾悦广场二店),C14829,贵阳清镇吾悦广场二店,0.0,True,✅成功
淘宝,1327932407,煌上煌酱鸭(珠海青茂口岸店),C15010,珠海青茂口岸店,0.0,True,✅成功
淘宝,1328120083,煌上煌酱鸭(太原七彩生活店),,,0.0,False,❌未匹配
淘宝,1335740250,煌上煌·卤味(沈北万达店),C09551,沈阳沈北万达比优特店,4.2,True,✅成功
淘宝,1337825108,煌上煌酱鸭(厦门湖里厦忠玺悦店),C15015,厦门湖里厦忠玺悦美宜佳,4.1,True,✅成功
淘宝,1338961689,煌上煌热卤(印象城店),C15002,直属印象城店,4.8,True,✅成功
淘宝,1347232906,煌上煌酱鸭(山西河津华兴路店),C15100,山西河津华兴路店,4.9,True,✅成功
淘宝,1348179882,煌上煌酱鸭(鹰抚余江站前路店),C00480,鹰抚余江站前路店,0.0,True,✅成功
淘宝,1348179985,煌上煌酱鸭(莲西店),C00148,莲西,5.0,True,✅成功
淘宝,1379873,煌上煌酱鸭(石排利丰店),C02478,东莞利丰店,0.0,False,✅成功
淘宝,1379876,煌上煌酱鸭(商业中心店),C02872,东莞樟木头地王店,5.0,True,✅成功
淘宝,1379890,煌上煌酱鸭(东莞长盛广场店),C02583,东莞长盛广场,3.3,True,✅成功
淘宝,1379898,煌上煌酱鸭(公明大润发店),C02253,宝安区大王山店,0.0,True,✅成功
淘宝,1379912,煌上煌酱鸭(宝安区观兰格兰郡店),C03121,宝安区观兰格兰郡,4.9,True,✅成功
淘宝,1379939,煌上煌酱鸭(宝安沙井京基店),C02210,宝安沙井京基店,4.5,True,✅成功
淘宝,1398972,煌上煌手撕酱鸭(卤味鸭脖沙井万丰村口店),C02785,宝安区大洋,0.0,False,✅成功
淘宝,1407081,煌上煌酱鸭(温州潘桥店),,,0.0,False,❌未匹配
淘宝,1409202,煌上煌酱鸭(东莞百花店),C02288,东莞百花店,4.2,True,✅成功
淘宝,141740753,煌上煌酱鸭(万科魅力之城店),C09521,沈阳依云北郡四期店,0.0,False,✅成功
淘宝,143285409,煌上煌酱鸭(大新城店),C02066,惠州大润汇店,0.0,False,✅成功
淘宝,143754762,煌上煌酱鸭(振兴中路),C02923,清远佛冈振兴店,4.2,True,✅成功
淘宝,1440523,煌上煌酱鸭(温州黄龙店),C02555,温州黄龙店,4.4,True,✅成功
淘宝,1442618,煌上煌酱鸭(泰和经四路店),C01049,吉安泰和经四路店,0.0,False,✅成功
淘宝,144337846,煌上煌酱鸭(和信广场店),C02335,佛山嘉荣和信广场专卖店,0.0,False,✅成功
淘宝,144488830,煌上煌酱鸭(萍乡光丰铁桥店),C02017,萍乡光丰铁桥店,4.8,True,✅成功
淘宝,144493301,煌上煌酱鸭(景德镇浙江路店),C01173,景德镇浙江路,4.6,True,✅成功
淘宝,144621511,煌上煌酱鸭(红苗店),C00267,红苗,0.0,True,✅成功
淘宝,144631778,煌上煌酱鸭(龙华大浪店),C02299,宝安龙华江南店,4.7,True,✅成功
淘宝,1447378,煌上煌酱鸭(朝阳店),C00182,朝阳,3.5,True,✅成功
淘宝,1447384,煌上煌酱鸭(龙王庙店),C00136,龙王庙,0.0,False,✅成功
淘宝,1447393,煌上煌酱鸭（叠山路店）,C00321,塘子河,3.8,True,✅成功
淘宝,1447398,煌上煌酱鸭(团结路店),C00170,团结路,4.8,True,✅成功
淘宝,1447399,煌上煌酱鸭(江大南路店),C00292,江大南路,5.0,True,✅成功
淘宝,1447400,煌上煌酱鸭(青山路口店),C00211,青山路口,4.0,True,✅成功
淘宝,1447404,煌上煌酱鸭(青湖2店),C00288,青湖2,5.0,True,✅成功
淘宝,1447418,煌上煌酱鸭(九里象湖店),C00312,九里象湖,2.8,True,✅成功
淘宝,1447420,煌上煌酱鸭(平安曼哈顿店),C00350,平安曼哈顿,4.9,True,✅成功
淘宝,1447427,煌上煌酱鸭(万科店),C00227,万科,3.7,True,✅成功
淘宝,1447432,煌上煌酱鸭(火炬广场店),C00171,火炬广场,0.0,False,✅成功
淘宝,144909683,煌上煌酱鸭(湾里店),C00230,南昌湾里井冈山农贸市场店,5.0,True,✅成功
淘宝,144960214,煌上煌酱鸭(台州玉环店),C02309,台州玉环店,0.0,False,✅成功
淘宝,145107969,煌上煌酱鸭(温州郭溪塘下店),C02117,温州郭溪塘下店,0.0,False,✅成功
淘宝,145565976,煌上煌酱鸭(岗厦店),C13628,福田岗厦村东一坊专卖店,0.0,False,✅成功
淘宝,1455706,煌上煌酱鸭(安远县店),C01095,赣州安远,4.2,True,✅成功
淘宝,145999434,煌上煌酱鸭(沙井和一店),C02192,宝安区沙井松福路店,4.8,True,✅成功
淘宝,150058064,煌上煌酱鸭(石岩罗租店),C02122,宝安石岩罗租专卖店,0.0,False,✅成功
淘宝,150853014,煌上煌酱鸭(西安阎良一店),C01373,西安市场闫良一店,0.0,True,✅成功
淘宝,150882725,煌上煌酱鸭(秀峰店),C02542,福州秀峰店,0.0,False,✅成功
淘宝,151004419,煌上煌酱鸭(卤味鸭脖虎门万达店),C02289,东莞虎门万达广场店,0.0,False,✅成功
淘宝,151638453,煌上煌酱鸭(惠州比亚迪店),C03083,惠州比亚迪专卖店,0.0,False,✅成功
淘宝,151638946,煌上煌酱鸭(惠州天天润广场专卖店),C02333,惠州天天润广场店,0.0,False,✅成功
淘宝,151687196,煌上煌酱鸭(东莞塘厦亨达店),C02386,东莞塘厦亨达店,4.8,True,✅成功
淘宝,152147694,煌上煌酱鸭(罗源世纪金源购物中心店),C03006,福州罗源滨海店,0.0,True,✅成功
淘宝,152167951,煌上煌酱鸭(广州合成店),C02433,广州合成店,0.0,False,✅成功
淘宝,152215299,煌上煌酱鸭(佛山南庄店),C02349,佛山南庄,0.0,False,✅成功
淘宝,152309048,煌上煌酱鸭·鸭脖·卤味(泉州晋江夜市街专卖店),C10403,泉州晋江夜市街专卖店,0.0,False,✅成功
淘宝,152823992,煌上煌酱鸭(凤凰花园店),C00222,凤凰花园,4.5,True,✅成功
淘宝,1532208,煌上煌酱鸭(宝安区固戍地铁店),C02805,宝安区固戍地铁店,4.6,True,✅成功
淘宝,153889920,煌上煌酱鸭(南康中学店),C01122,赣州南康中学店,5.0,True,✅成功
淘宝,154890437,煌上煌酱鸭(惠州陈江店),C02978,惠州陈江店,0.0,False,✅成功
淘宝,154906138,煌上煌酱鸭(巷头店),C02137,东莞大朗巷头,4.5,True,✅成功
淘宝,155121019,煌上煌酱鸭(西安城东客运站店),C01413,直属西安市场城东客运站,5.0,True,✅成功
淘宝,1552394,煌上煌酱鸭(龙岗金龙城百货店),C02087,龙岗金龙城百货店,5.0,True,✅成功
淘宝,1552403,煌上煌酱鸭(宝安区龙华大润发店),C02395,宝安区龙华爱华店,3.2,True,✅成功
淘宝,155336799,煌上煌酱鸭(宝安区塘下涌店),C03031,宝安区塘下涌,0.0,True,✅成功
淘宝,155551787,煌上煌酱鸭(龙川壹号店),C02813,粤东龙川壹号店,4.3,True,✅成功
淘宝,155679615,煌上煌酱鸭(沿江路店),C02943,粤东沿江东岸店,0.0,True,✅成功
淘宝,155849148,煌上煌酱鸭(长沙万家丽店),C12566,直属长沙万家丽广场店,5.0,True,✅成功
淘宝,155902355,煌上煌酱鸭(分宜天工路店),C00703,新余分宜天工路店,3.9,True,✅成功
淘宝,156061138,煌上煌酱鸭(杭州广场店),C01301,杭州千岛湖新安南路店,4.9,True,✅成功
淘宝,156129798,煌上煌酱鸭(白芒村店),C02437,宝安石岩白芒店,0.0,False,✅成功
淘宝,156203734,煌上煌匠鸭(坂田地铁店),C02195,龙岗坂田地铁站店,0.0,False,✅成功
淘宝,156231439,煌上煌酱鸭(两英),C02769,汕头两英龙岭路店,0.0,False,✅成功
淘宝,156257519,煌上煌酱鸭(珠海横琴店),C03001,珠海横琴专卖店,0.0,False,✅成功
淘宝,156822659,煌上煌酱鸭(松岗华润店),C02938,宝安松岗华润专卖店,0.0,False,✅成功
淘宝,156896891,煌上煌酱鸭(泉州晋江英林店),C02342,泉州晋江英林店,0.0,False,✅成功
淘宝,156949146,煌上煌酱鸭(赣州东华南路店),C01078,赣州石城,4.1,True,✅成功
淘宝,157024081,煌上煌酱鸭·鸭脖·卤味(福清环球店),C05331,福州福清街心专卖店,0.0,False,✅成功
淘宝,157081739,煌上煌酱鸭(南海百货玉律店),C12696,光明玉律南海百货店,4.0,True,✅成功
淘宝,157137947,煌上煌酱鸭(大润发店),C02456,韶关南雄青云路店,0.0,True,✅成功
淘宝,157139409,煌上煌酱鸭(城东店),C03007,宁德古田林盛店,0.0,False,✅成功
淘宝,157186551,煌上煌酱鸭(吉安美博店),C01032,吉安美博商城,0.0,False,✅成功
淘宝,157407063,煌上煌酱鸭(江纺东门农贸市场店),C07470,江纺东门农贸市场店,5.0,True,✅成功
淘宝,157415878,煌上煌酱鸭(世纪风情店),C00385,世纪风情,0.0,True,✅成功
淘宝,157532463,煌上煌酱鸭(泉州石狮沃尔玛店),C02668,泉州石狮沃尔玛店,5.0,True,✅成功
淘宝,157638908,煌上煌酱鸭(宝安西乡黄田店),C02961,宝安西乡黄田专卖店,0.0,False,✅成功
淘宝,157699205,煌上煌酱鸭·卤味·鸭脖·小吃(创业花园专卖店),C03099,宝安龙华创业花园店,4.9,True,✅成功
淘宝,157715649,煌上煌酱鸭(河边街逸夫小学店）,C01121,赣州南康河边街店,4.1,True,✅成功
淘宝,157797941,煌上煌酱鸭(珠海金鼎店),C03036,珠海金鼎店,0.0,False,✅成功
淘宝,157817255,煌上煌酱鸭(福田新洲七街店),C02807,福田新洲七街店,4.3,True,✅成功
淘宝,158798691,煌上煌酱鸭(江岸汇景店),C00401,江岸汇景,4.8,True,✅成功
淘宝,158960376,煌上煌酱鸭(北一路万达店),C01972,沈阳北一路万达店,5.0,True,✅成功
淘宝,159257403,煌上煌酱鸭（上塘店）,C02322,宝安上塘地铁专卖店,0.0,False,✅成功
淘宝,159737397,煌上煌酱鸭(乐平东门店),C01212,景德镇乐平东门店,0.0,False,✅成功
淘宝,160269559,煌上煌酱鸭·鸭脖·卤味(仓山万达广场店),C15041,直属福州仓山万达店,4.4,True,✅成功
淘宝,161078688,煌上煌酱鸭(上饶五三店),C00841,上饶五三,0.0,False,✅成功
淘宝,161249786,煌上煌酱鸭(南山大新地铁店),C02245,南山大新地铁专卖店,0.0,False,✅成功
淘宝,161252099,煌上煌酱鸭(宝安和平中心店),C02996,宝安和平中心专卖店,0.0,False,✅成功
淘宝,161264979,煌上煌酱鸭(都会广场店),C02057,东莞万江广场店,0.0,False,✅成功
淘宝,161279764,煌上煌酱鸭(坪地乐兴店),C02043,龙岗区坪地乐兴店,0.0,True,✅成功
淘宝,161280803,煌上煌酱鸭(卤味鸭脖虎门赤岗店),C05591,东莞虎门万业专卖店,0.0,False,✅成功
淘宝,161292787,煌上煌酱鸭(鹰抚兴鲁坊店),C00516,鹰抚兴鲁坊菜场店,0.0,True,✅成功
淘宝,161314089,煌上煌酱鸭(溪美店),,,0.0,False,❌未匹配
淘宝,161408983,煌上煌酱鸭(中央名城店),C07025,宁德古田中央名城专卖店,0.0,False,✅成功
淘宝,161622283,煌上煌酱鸭(上饶中山店),C00846,上饶中山,0.0,True,✅成功
淘宝,161623448,煌上煌酱鸭(鹰抚时代广场店),C00478,鹰抚时代广场,0.0,True,✅成功
淘宝,161623473,煌上煌酱鸭(朝农店),C00189,朝农,3.3,True,✅成功
淘宝,161623475,煌上煌酱鸭(石龙仔专卖店•鸭脖•卤味),C02218,宝安石岩石龙仔店,0.0,False,✅成功
淘宝,161647570,煌上煌酱鸭(卤味饭下罗店),C00173,下罗,4.8,True,✅成功
淘宝,161705007,煌上煌酱鸭(泉州新天沃尔玛店),C05536,泉州鲤城新天广场专卖店,0.0,False,✅成功
淘宝,161705010,煌上煌酱鸭(惠州港惠路口专卖店),C02498,惠州港惠路口店,3.8,True,✅成功
淘宝,161752403,煌上煌酱鸭(鸭脖•卤味•泉州惠安大润发店),C03363,泉州惠安世纪大道专卖店,0.0,False,✅成功
淘宝,161775691,煌上煌酱鸭(东莞桥头大和百货专卖店),C02858,东莞桥头大和百货专卖店,0.0,False,✅成功
淘宝,161779861,煌上煌酱鸭(长麦路店),C00241,长麦路,4.0,True,✅成功
淘宝,161779862,煌上煌酱鸭(力高君御店),C00412,力高君御店,5.0,True,✅成功
淘宝,161779863,煌上煌酱鸭(直属二七路店),C00007,直属二七路,5.0,True,✅成功
淘宝,161792169,煌上煌酱鸭(太和店),,,0.0,False,❌未匹配
淘宝,161816936,煌上煌酱鸭(直属青云明珠店),C00125,直属青云明珠店,5.0,True,✅成功
淘宝,161851621,煌上煌酱鸭(鹏泰超市店),C03188,宜春奉新鹏泰超市店,0.0,True,✅成功
淘宝,161858452,煌上煌酱鸭(珠海明珠天虹专卖店),C02941,珠海明珠天虹专卖店,0.0,False,✅成功
淘宝,161867843,煌上煌酱鸭(寮步下岭贝店),C02479,东莞寮步下岭贝店,0.0,False,✅成功
淘宝,161867926,煌上煌(惠州东站店),C03126,福田梅林卓悦汇专卖店,0.0,False,✅成功
淘宝,161872787,煌上煌酱鸭(新建万家发超市店),C03610,新建鹏泰店,0.0,False,✅成功
淘宝,161891393,煌上煌酱鸭(泉州晋江永和店),C09903,泉州永和专卖店,0.0,False,✅成功
淘宝,161891404,煌上煌酱鸭(宝安民治塘水围店),C02397,宝安民治塘水围专卖店,0.0,False,✅成功
淘宝,161891411,煌上煌酱鸭(宝安石岩星城店),C03057,宝安石岩星城专卖店,0.0,False,✅成功
淘宝,161891417,煌上煌酱鸭(东莞厚街万达店),C02233,东莞厚街万达专卖店,0.0,False,✅成功
淘宝,162212298,煌上煌酱鸭(直属建设西路店),C08570,直属建设西路店,5.0,True,✅成功
淘宝,162646958,煌上煌酱鸭·鸭脖·卤味(厦门同安环城南路店),C03407,厦门同安环城南路店,0.0,False,✅成功
淘宝,162646961,煌上煌酱鸭·鸭脖·卤味(泉州世纪大润发店),C03791,泉州晋江长兴路专卖店,0.0,False,✅成功
淘宝,162646975,煌上煌·卤味(沈河大润发店),C03843,沈阳沈河大润发店,0.0,False,✅成功
淘宝,162646976,煌上煌·卤味(大东龙之梦店),C03818,沈阳龙之梦店,0.0,False,✅成功
淘宝,162850829,煌上煌酱鸭(老隆店),C02688,河源老隆店,0.0,False,✅成功
淘宝,162850835,煌上煌酱鸭(惠州时尚公园专卖店),C03463,惠州时尚公园店,4.8,True,✅成功
淘宝,162850842,煌上煌酱鸭(直属新建总店),C00046,直属新建总店,4.2,True,✅成功
淘宝,162850851,煌上煌酱鸭(佛山乐从天佑城一店),C09599,佛山乐从天佑城1店,0.0,True,✅成功
淘宝,162850853,煌上煌酱鸭(新南站一店),C10127,直属温州新南站专卖店,0.0,False,✅成功
淘宝,162850855,煌上煌酱鸭(洪山桥店),C02236,福州金牛店,5.0,True,✅成功
淘宝,162850856,煌上煌酱鸭(惠州大润发专卖店),C03726,惠州开城大道专卖店,0.0,False,✅成功
淘宝,162957314,煌上煌·卤味(大连旅顺沃尔玛店),C04051,大连旅顺沃尔玛店,0.0,False,✅成功
淘宝,162957316,煌上煌酱鸭·鸭脖·卤味(福州金源店),C13239,福州世纪金源店,0.0,False,✅成功
淘宝,162997569,煌上煌酱鸭(绿地玫瑰城店),C02003,绿地玫瑰城,4.0,True,✅成功
淘宝,163032369,煌上煌酱鸭(福州连江万家店),C04062,福州连江万家专卖店,0.0,False,✅成功
淘宝,163032370,煌上煌酱鸭(温州恒隆广场店),C04077,温州恒隆广场专卖店,0.0,False,✅成功
淘宝,163078612,煌上煌酱鸭(布吉桂芳园店),C04169,龙岗布吉桂芬园店,0.0,True,✅成功
淘宝,163078615,煌上煌酱鸭(厦门海沧海富店),C02120,厦门海沧店,5.0,True,✅成功
淘宝,163078617,煌上煌酱鸭(宝安区流塘专卖店),C03978,宝安区流塘店,5.0,True,✅成功
淘宝,163220130,煌上煌酱鸭(佛山大沥步行街店),C03947,佛山大沥步行街店,0.0,True,✅成功
淘宝,163220132,煌上煌酱鸭(广州嘉禾丰兴商业广场店),C04101,广州嘉禾丰兴商业广场专卖店,0.0,False,✅成功
淘宝,163220140,煌上煌酱鸭(南市场店),C14999,沈阳十一纬路光辉店,0.0,False,✅成功
淘宝,163772046,煌上煌酱鸭(直属新建世纪万象城店),C03761,直属世纪万象城店,5.0,True,✅成功
淘宝,164054375,煌上煌酱鸭(娄底湘阳街店),C04133,娄底湘阳街店,0.0,False,✅成功
淘宝,164159914,煌上煌酱鸭(九江都昌东风大道店),C00732,九江都昌东风大道店,4.0,True,✅成功
淘宝,164160240,煌上煌酱鸭(广州海珠中大专卖店),C11274,广州海珠中大市场专卖店,0.0,False,✅成功
淘宝,164160241,煌上煌酱鸭(广州白云雄洲城路专卖店),C02826,广州白云雄洲城店,0.0,True,✅成功
淘宝,164160245,煌上煌酱鸭(东莞洪梅万和专卖店),C04390,东莞洪梅万和店,5.0,True,✅成功
淘宝,164160248,煌上煌酱鸭(景田沃尔玛专卖店),C04045,福田景田沃尔玛专卖店,0.0,False,✅成功
淘宝,164171748,煌上煌酱鸭(娄底步行街店),C04111,娄底步行街店,4.3,True,✅成功
淘宝,164172078,煌上煌酱鸭(涟钢沃尔玛店),C04110,娄底连钢沃尔玛店,0.0,True,✅成功
淘宝,164594659,煌上煌酱鸭(大鹏华润店),C02380,龙岗大鹏华润专卖店,0.0,False,✅成功
淘宝,164758715,煌上煌酱鸭(泉州万达店),C04379,泉州浦西万达专卖店,0.0,False,✅成功
淘宝,164758720,煌上煌酱鸭(长沙乔庄店),C03765,长沙芙蓉乔庄店,5.0,True,✅成功
淘宝,164758725,煌上煌·卤味(碧桂园银河城店),C09622,沈阳碧桂园银河城店,0.0,False,✅成功
淘宝,164767753,煌上煌酱鸭(厦门同安岳口专卖店),C04203,厦门同安岳口店,4.9,True,✅成功
淘宝,164767754,煌上煌酱鸭(石岩老街专卖店),C04367,宝安石岩老街专卖店,0.0,False,✅成功
淘宝,166218290,煌上煌酱鸭(璜垦二店),C01851,璜垦二店,0.0,False,✅成功
淘宝,166347954,煌上煌酱鸭(佛山大良大润发店),C04328,佛山大良专卖店,0.0,False,✅成功
淘宝,166862349,煌上煌酱鸭(万达星城店),C03897,万达星城店,4.6,True,✅成功
淘宝,166878222,煌上煌酱鸭(温州柳市现代广场专卖店),C13627,温州柳市现代广场旗舰店,5.0,True,✅成功
淘宝,166878229,煌上煌酱鸭(桥头东海百货店),C03821,宝安福永桥和专卖店,0.0,False,✅成功
淘宝,166878234,煌上煌酱鸭(龙岗布吉慢城专卖店),C04345,龙岗布吉慢城专卖店,0.0,False,✅成功
淘宝,166878253,煌上煌酱鸭(赣州南康国光店),C04132,赣州南康国光店,5.0,True,✅成功
淘宝,166991251,煌上煌酱鸭(福田水围店),C02810,福田水围店,4.3,True,✅成功
淘宝,166991254,煌上煌酱鸭(南山区新华园店),C04123,南山区新华园店,4.6,True,✅成功
淘宝,166991264,煌上煌酱鸭(广州天河车陂店),C14905,直属广州天河车陂地铁店,4.8,True,✅成功
淘宝,167236942,煌上煌酱鸭(泉州晋江新城吾悦店),C04502,泉州晋江新城吾悦店,2.0,True,✅成功
淘宝,167236944,煌上煌酱鸭(南平解放路店),C04000,南平解放路专卖店,0.0,False,✅成功
淘宝,167447744,煌上煌酱鸭(东方红2店),C02007,东方红2店,4.9,True,✅成功
淘宝,167535057,煌上煌酱鸭(宜春国安路店),C06017,宜春国安路店,3.7,True,✅成功
淘宝,167541410,煌上煌酱鸭(古镇利和店),C04519,中山古镇利和广场专卖店,0.0,False,✅成功
淘宝,167691366,煌上煌(鲤中店),C04450,莆田仙游鲤城店,5.0,True,✅成功
淘宝,167691384,煌上煌酱鸭(赣州大余店),C01088,赣州大余,4.7,True,✅成功
淘宝,167691391,煌上煌酱鸭(新力方店),C09375,新力方商超店,5.0,True,✅成功
淘宝,167705868,煌上煌酱鸭(煌黄冠云轩店),C04740,宁德华悦超市专卖店,0.0,False,✅成功
淘宝,168034780,煌上煌酱鸭(梅州平远喜多多店),C04638,梅州平远喜多多店,0.0,False,✅成功
淘宝,168034790,煌上煌酱鸭(直属盈石广场店),C03173,直属盈石广场店,5.0,True,✅成功
淘宝,168036482,煌上煌酱鸭(九江沙河泉塘小区店),C05059,九江沙河泉塘小区店,0.0,False,✅成功
淘宝,168463116,煌上煌酱鸭(吉安城北店),C00996,吉安城北,0.0,False,✅成功
淘宝,169775532,煌上煌酱鸭(景德镇梨树园店),,,0.0,False,❌未匹配
淘宝,170363346,煌上煌酱鸭(遂川东路大道店),C01055,吉安遂川泉江东路大道店,0.0,True,✅成功
淘宝,170672528,煌上煌酱鸭(西湖万达店),C03773,西湖万达店,3.6,True,✅成功
淘宝,170909943,煌上煌酱鸭·鸭脖·卤味(万阳城大润发店),C05308,龙岩新罗龙岩大道专卖店,0.0,False,✅成功
淘宝,171030267,煌上煌酱鸭·小吃(茂名高州金港湾专卖店),C05357,茂名高州金港湾专卖店,0.0,False,✅成功
淘宝,171046818,煌上煌酱鸭(惠州新三新店),C05155,惠州新三新专卖店,0.0,False,✅成功
淘宝,171046820,煌上煌酱鸭(河源龙川培英店),C05072,河源龙川培英专卖店,0.0,False,✅成功
淘宝,171048004,煌上煌酱鸭(芙蓉南路天虹店),C04633,长沙芙蓉南路天虹冬影店,0.0,False,✅成功
淘宝,171123829,煌上煌酱鸭(昌东长胜店),C07217,昌东长胜店,0.0,True,✅成功
淘宝,171174246,煌上煌酱鸭·鸭脖·卤味(金山洪湾店),C05302,福州洪湾路专卖店,0.0,False,✅成功
淘宝,171181468,煌上煌酱鸭(漳州东山西埔店),C02249,漳州东山西埔店,0.0,False,✅成功
淘宝,171181474,煌上煌(宁乡天虹店),C03636,长沙宁乡天虹店,0.0,False,✅成功
淘宝,171181477,煌上煌酱鸭(珠海南屏店),C02551,珠海南屏,0.0,False,✅成功
淘宝,171181485,煌上煌酱鸭(新世界百货店),C02075,福田新世界百货专卖店,0.0,False,✅成功
淘宝,171350537,煌上煌酱鸭(萍乡洪城店),C01248,萍乡洪城,4.8,True,✅成功
淘宝,171356070,煌上煌酱鸭(鹰抚东乡街心花园店),C14651,东乡街心花园农贸市场店,0.0,True,✅成功
淘宝,171404274,煌上煌酱鸭(太原街店),C05402,直属沈阳太原街店,5.0,True,✅成功
淘宝,171404301,煌上煌酱鸭（沈阳黄河大街新隆嘉店）,C05016,沈阳黄河大街新隆嘉,0.0,False,✅成功
淘宝,171404332,煌上煌酱鸭（长沙八方小区沃尔玛店）,C05387,长沙八方小区沃尔玛店,0.0,False,✅成功
淘宝,171477643,煌上煌酱鸭(宜春袁山东路一百生鲜店),C05953,宜春袁山东路一百生鲜店,0.0,True,✅成功
淘宝,172233235,煌上煌酱鸭(直属梦时代店),C12685,直属梦时代广场店,0.0,True,✅成功
淘宝,172424513,煌上煌酱鸭·鸭脖·卤味(漳州云霄店),C02843,漳州云霄店,0.0,False,✅成功
淘宝,172782761,煌上煌酱鸭(沃华W广场店),C05237,沃华广场店,5.0,True,✅成功
淘宝,172985252,煌上煌酱鸭(福州路店),C05047,福州路店,4.7,True,✅成功
淘宝,172985253,煌上煌酱鸭(南昌红岭花园店),C07075,红岭花园二店,0.0,False,✅成功
淘宝,172985256,煌上煌酱鸭(站西花园农贸市场店),C05569,站西盛世广场店,0.0,True,✅成功
淘宝,173007910,煌上煌酱鸭(赣州华润万象城店),C13936,赣州新华润万象城店,4.9,True,✅成功
淘宝,173066420,煌上煌酱鸭(德兴上海路店),C01139,上饶德兴上海路店,5.0,True,✅成功
淘宝,173147479,煌上煌酱鸭(大连庄河华联店),C05843,大连庄河华联店,0.0,False,✅成功
淘宝,173437982,煌上煌酱鸭(赣州信丰同益市场店),C01100,赣州信丰同益市场店,0.0,False,✅成功
淘宝,173584365,煌上煌·卤味(四平万达店),C04131,四平万达店,0.0,False,✅成功
淘宝,174059262,煌上煌酱鸭(高陵长庆店),C01403,西安高陵长庆路店,0.0,True,✅成功
淘宝,174073622,煌上煌酱鸭（龙岗尚峰花园店）,C05403,龙岗尚峰花园专卖店,0.0,False,✅成功
淘宝,174073629,煌上煌酱鸭（广州海珠鹭江店）,C05483,广州海珠鹭江店,0.0,False,✅成功
淘宝,174073642,煌上煌酱鸭(宝安石岩石景花园店),C02328,宝安石岩石景花园店,0.0,False,✅成功
淘宝,174073653,煌上煌酱鸭(长安大润发店),C02049,东莞长安振安中路店,4.4,True,✅成功
淘宝,174074075,煌上煌酱鸭（安顺万绿城购物中心店）,C05457,贵阳安顺万绿城购物中心店,0.0,False,✅成功
淘宝,174357098,煌上煌酱鸭(进贤新城店),C00298,进贤新城,4.7,True,✅成功
淘宝,1779081,煌上煌酱鸭(温州桥下恒达广场店),C02683,温州桥下恒大广场店,4.3,True,✅成功
淘宝,1795721,煌上煌酱鸭(新余燕子山店),C00696,新余燕子山,4.7,True,✅成功
淘宝,1795726,煌上煌酱鸭(安福老电影院店),C00986,吉安安福,0.0,True,✅成功
淘宝,1795737,煌上煌酱鸭(宜春靖安一店),C00927,宜春靖安新大街店,4.3,True,✅成功
淘宝,1799246,煌上煌酱鸭(广州钟落潭店),C02936,广州钟落潭,0.0,False,✅成功
淘宝,1807404,煌上煌酱鸭(盐田区丽景花园店),C03063,盐田区丽景花园,0.0,False,✅成功
淘宝,1810051,煌上煌酱鸭(福田区景田店),C03032,福田区景田,0.0,False,✅成功
淘宝,1848551,煌上煌酱鸭（龙岗富源店）,C02829,龙岗富源店,0.0,False,✅成功
淘宝,1925002,煌上煌酱鸭(九江开发区店),C00712,九江开发区利江菜场店,4.4,True,✅成功
淘宝,1925021,煌上煌酱鸭(九江修水良塘店),C00786,九江修水良塘,0.0,False,✅成功
淘宝,1925039,煌上煌酱鸭(景德镇浮梁店),C01190,景德镇浮梁,0.0,True,✅成功
淘宝,1925044,煌上煌酱鸭(景德镇海慧店),C01167,景德镇海慧,4.7,True,✅成功
淘宝,1925046,煌上煌酱鸭(婺码超市店),C01162,上饶婺源婺码超市店,0.0,False,✅成功
淘宝,1933800,煌上煌酱鸭(福州闽侯荆溪店),C02521,福州闽侯荆溪店,0.0,False,✅成功
淘宝,1933801,煌上煌·卤味熟食·套餐饭(博雅店),C02082,福州闽侯青口博雅店,4.3,True,✅成功
淘宝,1992131,煌上煌酱鸭(宁波华业街店),C01306,杭州宁波环城北路店,0.0,False,✅成功
淘宝,2000518292,煌上煌酱鸭(桂平广佰汇店),C05555,广西桂平广百汇店,0.0,True,✅成功
淘宝,2001035443,煌上煌酱鸭(茂名茂南为民路店),C04258,茂名茂南为民路专卖店,0.0,False,✅成功
淘宝,2001250467,煌上煌酱鸭(中环广场店),C02535,江门中环广场店,0.0,True,✅成功
淘宝,2001264255,煌上煌酱鸭(中兴和园店),C06423,高新中兴和园店,4.7,True,✅成功
淘宝,2001509509,煌上煌酱鸭(机场万达广场店),C05191,大连机场万达店,0.0,False,✅成功
淘宝,2001514807,煌上煌酱鸭(华盛店),C05231,宝安区华盛路店,0.0,True,✅成功
淘宝,2019299,煌上煌酱鸭(万科广场店),C02232,东莞塘厦悦港汇店,0.0,False,✅成功
淘宝,2019431294,煌上煌酱鸭(中鼓楼店),C06071,西安市场延安二道街中鼓楼店,0.0,True,✅成功
淘宝,2032043884,煌上煌酱鸭(鸭货.卤味·金鼎购物中心店),C05989,山东聊城东昌府金鼎店,0.0,False,✅成功
淘宝,2032056684,煌上煌酱鸭(振华购物中心店),C06443,聊城东昌府振华开发区店,0.0,False,✅成功
淘宝,2032095380,煌上煌酱鸭(金柱大学城店),C06357,聊城东昌府亿沣建设路店,0.0,False,✅成功
淘宝,2032443352,煌上煌酱鸭(杭州萧山融创店),C07065,杭州萧山创融店,0.0,False,✅成功
淘宝,2032453170,煌上煌酱鸭(高新万达店),C12927,济南历下区万达广场店,0.0,False,✅成功
淘宝,2032761591,煌上煌酱鸭(赣州大学城店),C03579,赣州大学城世纪华联店,0.0,False,✅成功
淘宝,2032770024,煌上煌酱鸭(坚基店),C06388,河源尖基沃尔玛专卖店,0.0,False,✅成功
淘宝,2034992986,煌上煌酱鸭(柳州五星店),C10074,直属柳州五星街美食广场店,0.0,True,✅成功
淘宝,2035106780,煌上煌酱鸭(青山湖万达店),C05169,永辉超市青山湖万达店,0.0,False,✅成功
淘宝,2035612038,煌上煌酱鸭(厦门同安永辉店),C04067,厦门同安永辉店,4.7,True,✅成功
淘宝,2036825448,煌上煌酱鸭(省博店),C06642,济南历下省博大润发店,0.0,False,✅成功
淘宝,2036835440,煌上煌酱鸭(桂林文化宫店),C13522,直属桂林文化宫店,0.0,True,✅成功
淘宝,2041087780,煌上煌酱鸭(西固华联店),C07433,甘肃兰州西固华联店,0.0,False,✅成功
淘宝,2042443401,煌上煌酱鸭(西固中街店),C07422,甘肃兰州西固中街店,0.0,False,✅成功
淘宝,2042490156,煌上煌酱鸭(砲台店),C07581,揭阳揭东炮台店,0.0,True,✅成功
淘宝,2042521240,煌上煌酱鸭(万家和店),C07636,宝安福永万家和专卖店,0.0,False,✅成功
淘宝,2042528832,煌上煌酱鸭(义乌益公山店),C08984,义乌益公山店,0.0,False,✅成功
淘宝,2042532851,煌上煌酱鸭(和瑞广场店),C07524,济南历下和瑞广场,0.0,False,✅成功
淘宝,2042576251,煌上煌酱鸭(揭阳榕城卢前路店),C07382,揭阳榕城卢前路专卖店,0.0,False,✅成功
淘宝,2042668408,煌上煌酱鸭(爱之城店),C06363,河南鹤壁爱之城店,0.0,False,✅成功
淘宝,2042668636,煌上煌酱鸭(鹤壁万达店),C06563,河南鹤壁万达店,0.0,False,✅成功
淘宝,2042671448,煌上煌酱鸭·卤味鸭脖(金威店),C06972,山西长治金威东街店,0.0,True,✅成功
淘宝,2042696377,煌上煌酱鸭(惠州三栋店),C02458,东莞清溪,0.0,False,✅成功
淘宝,2042862083,煌上煌酱鸭(义乌城北苏杭情店),C07642,义乌城北商业中心店,5.0,True,✅成功
淘宝,2042864264,煌上煌酱鸭(赣州陈毅广场店),C01073,赣州信丰,4.8,True,✅成功
淘宝,2042976848,煌上煌酱鸭(珠海吉连市场店),C02187,珠海吉莲市场,0.0,False,✅成功
淘宝,2043061269,煌上煌酱鸭(蓬莱利群商厦店),C10175,烟台蓬莱北关路利群商厦店,0.0,False,✅成功
淘宝,2043128914,煌上煌酱鸭(惠州东平店),C02892,惠州惠汕路店,4.8,True,✅成功
淘宝,2043145728,煌上煌酱鸭(清远英德食娱广场专卖店),C03967,清远英德食娱广场店,4.6,True,✅成功
淘宝,2043157954,煌上煌酱鸭(广富百货店),C02567,盐田广富店,4.6,True,✅成功
淘宝,2043173179,煌上煌酱鸭(龙岗区平湖西路店),C02889,龙岗区平湖西路,0.0,True,✅成功
淘宝,2043173192,煌上煌酱鸭(龙岗区三联村店),C02919,龙岗区三联村,4.8,True,✅成功
淘宝,2043179148,煌上煌酱鸭(罗湖水库新村店),C07303,罗湖水库新村店,4.8,True,✅成功
淘宝,2043180257,煌上煌酱鸭(安富街店),C03467,珠海安富街专卖店,0.0,False,✅成功
淘宝,2043368344,煌上煌酱鸭(惠州新圩店),C02229,惠州新圩店,3.3,True,✅成功
淘宝,2043385267,煌上煌酱鸭(菜鲜汇阳光家园店),C07737,菜鲜汇阳光家园店,4.8,True,✅成功
淘宝,2043482892,煌上煌酱鸭(凤岗雁田店),C02477,东莞食客店,0.0,True,✅成功
淘宝,2043492910,煌上煌酱鸭(东莞寮步欧尚专卖店),C05256,东莞寮步欧尚专卖店,0.0,False,✅成功
淘宝,2043493243,煌上煌酱鸭(揭阳揭西棉湖专卖店),C07312,揭阳揭西棉湖店,4.7,True,✅成功
淘宝,2043503589,煌上煌酱鸭(陆丰生福店),C06480,汕尾陆丰生福百货店,4.1,False,✅成功
淘宝,2043592613,煌上煌酱鸭鸭脖卤味(东莞桥头店),C03132,东莞桥头,0.0,True,✅成功
淘宝,2043605035,煌上煌酱鸭(龙湾小区店),C07790,璜垦新力龙湾店,5.0,True,✅成功
淘宝,2043890415,煌上煌酱鸭(福田华强北中航路店),C02242,福田华强北中航路店,4.8,True,✅成功
淘宝,2043930957,煌上煌酱鸭(烟台龙口家家悦四店),C07665,烟台龙口家家悦四店,0.0,False,✅成功
淘宝,2043960767,煌上煌酱鸭(烟台开发区万达店),C07235,烟台开发区万达（烟台港银商贸有限公司）,0.0,False,✅成功
淘宝,2043961010,煌上煌酱鸭(会展航洋城店),C02247,南宁航洋国际店,3.6,True,✅成功
淘宝,2044115759,煌上煌酱鸭(东方万福隆店),C07621,东方万福隆专卖店,0.0,False,✅成功
淘宝,2044355483,煌上煌酱鸭(桂林全州店),C13939,桂林全州步行街1店,0.0,True,✅成功
淘宝,2044433093,煌上煌酱鸭(邓埠店),C01849,邓埠店,0.0,True,✅成功
淘宝,2045886987,煌上煌酱鸭(天津中北永旺店),C11487,天津中北永旺店,0.0,False,✅成功
淘宝,2046513492,煌上煌酱鸭(大沈桥店),C00402,大沈桥,4.1,True,✅成功
淘宝,2046860528,煌上煌酱鸭(烟台龙口南山博商店),C07775,烟台龙口南山博商超市,0.0,False,✅成功
淘宝,2048869070,煌上煌酱鸭(华为湖岸花园店),C07605,东莞华为湖岸花园店,3.9,True,✅成功
淘宝,2054343378,煌上煌(北京沃尔玛宣武门店),C07592,北京沃尔玛宣武门店,0.0,False,✅成功
淘宝,2055227557,煌上煌酱鸭(向塘1店),,,0.0,False,❌未匹配
淘宝,2057069234,煌上煌酱鸭(大连瓦房店新玛特旺角店),C04887,大连瓦房店新玛特旺角店,0.0,False,✅成功
淘宝,2057156028,煌上煌酱鸭(直属江大天虹店),C11869,直属江大天虹店,5.0,True,✅成功
淘宝,2059022278,煌上煌酱鸭(直属象湖新力金沙湾店),C07812,直属象湖新力金沙湾店,5.0,True,✅成功
淘宝,2059060881,煌上煌·卤味(五棵松沃尔玛店),C07662,北京沃尔玛五棵松店,0.0,False,✅成功
淘宝,2059152418,煌上煌酱鸭(海城大润发店),C07402,海城大润发店,0.0,False,✅成功
淘宝,2059163792,煌上煌酱鸭(九江满庭春店),C08100,九江满庭春店,5.0,True,✅成功
淘宝,2059163808,煌上煌(东莞高埗挺拇指店),C08142,东莞高埗挺拇指专卖店,0.0,False,✅成功
淘宝,2061159373,煌上煌酱鸭(龙津南路店),C00461,鹰抚上顿渡龙津南路店,0.0,True,✅成功
淘宝,2062082165,煌上煌酱鸭(红谷大道华润店),C13068,红谷滩电子大厦店,4.4,True,✅成功
淘宝,2062142854,煌上煌酱鸭(大连商场店),C05068,直属大连青泥洼新玛特店,5.0,True,✅成功
淘宝,2062319644,煌上煌酱鸭(青岛黄岛家佳源店),C08242,青岛黄岛家佳源,0.0,False,✅成功
淘宝,2062332792,煌上煌酱鸭(合肥中环城店),C04378,安徽合肥中环城店,0.0,False,✅成功
淘宝,2066641102,煌上煌酱鸭(鹰潭正大街店),C00455,鹰抚鹰潭正大街店,4.2,True,✅成功
淘宝,2066883640,煌上煌酱鸭(直属八一广场店),C05138,直属八一广场店,4.7,True,✅成功
淘宝,2066971244,煌上煌酱鸭(杭州凤起路地铁站店),C13262,杭州凤起路地铁商业街店,0.0,False,✅成功
淘宝,2069300319,煌上煌酱鸭(云锦路店),C01842,直属云锦路店,5.0,True,✅成功
淘宝,2069616372,煌上煌酱鸭(南京溧水大润发店),C08332,江苏南京溧水大润发店,0.0,False,✅成功
淘宝,2073237998,煌上煌酱鸭(揭阳揭东新亨专卖店),C08311,揭阳揭东新亨店,5.0,True,✅成功
淘宝,2073253142,煌上煌酱鸭(紫云阁店),C05736,长沙星沙泉塘店,4.6,True,✅成功
淘宝,2073354036,煌上煌酱鸭((崂山大润发店)),C10395,青岛崂山大润发,0.0,False,✅成功
淘宝,2074628171,煌上煌酱鸭(宝安沙井共和专卖店),C06259,宝安沙井共和店,4.4,True,✅成功
淘宝,2074922859,煌上煌酱鸭(东方苑店),C00398,东方苑路店,0.0,True,✅成功
淘宝,2075438292,煌上煌酱鸭(澄湖店),C10283,澄湖店,0.0,True,✅成功
淘宝,2075812230,煌上煌酱鸭(直属新村专卖店),C00008,直属新村,4.8,True,✅成功
淘宝,2076296987,煌上煌匠鸭(镇平万德隆店),C08730,河南镇平万德隆店,0.0,False,✅成功
淘宝,2076983289,煌上煌酱鸭(直属迎宾店),C08571,直属迎宾店,5.0,True,✅成功
淘宝,2077292205,煌上煌酱鸭(宜春张家山菜场店),C13449,宜春新张家山店,0.0,True,✅成功
淘宝,2078232752,煌上煌酱鸭(石岩创维店),C02916,宝安区石岩创维店,4.5,True,✅成功
淘宝,2079483603,煌上煌酱鸭(合美MALL店),C07696,青岛黄岛合美Mall,0.0,False,✅成功
淘宝,2080471001,煌上煌酱鸭(广州人和地铁专卖店),C08374,广州人和地铁店,4.4,True,✅成功
淘宝,2081680213,煌上煌酱鸭(抚临路店),C00503,鹰抚抚临路,0.0,True,✅成功
淘宝,2082640605,煌上煌酱鸭(荣成大润发),C08711,威海荣成大润发,0.0,False,✅成功
淘宝,2083849749,煌上煌酱鸭(红角洲二店),C07129,红角洲二店,0.0,True,✅成功
淘宝,2084305395,煌上煌(新余高能广场店),C00692,新余高能广场店,0.0,False,✅成功
淘宝,2084478113,煌上煌匠鸭(宝应大润发店),C08452,江苏宝应大润发店,0.0,False,✅成功
淘宝,2084894407,煌上煌酱鸭(新建凌波农贸市场店),C08350,新建凌波农贸市场店,0.0,True,✅成功
淘宝,2086360283,煌上煌酱鸭(沈阳长青欧亚店),C09104,沈阳长青店,5.0,True,✅成功
淘宝,2087420542,煌上煌酱鸭(上海昆山欧尚店),C10980,上海昆山欧尚白马泾路店,0.0,False,✅成功
淘宝,2089246273,煌上煌酱鸭(福州闽侯万家广场店),C05121,福州万家广场专卖店,0.0,False,✅成功
淘宝,2089556403,煌上煌酱鸭(直属上海路店),C00021,直属上海路,4.5,True,✅成功
淘宝,2089607629,煌上煌酱鸭(大亚湾店),C02370,东莞东方,0.0,False,✅成功
淘宝,2090407233,煌上煌酱鸭(东莞茶山碧桂园专卖店),C12240,东莞茶山茶兴路店,0.0,True,✅成功
淘宝,2092840802,煌上煌酱鸭(英州店),C07390,陵水英州市场西门专卖店,0.0,False,✅成功
淘宝,2096037177,煌上煌(珠海南屏十二村店),C05423,珠海南屏十二村专卖店,0.0,False,✅成功
淘宝,2096040131,煌上煌酱鸭((九龙国体明园中心店)),C08881,九龙国体明园中心店,4.5,True,✅成功
淘宝,2096047929,煌上煌酱鸭(上海嘉定中信泰富万达店),C14873, 直属上海嘉定中信泰富万达广场店,0.0,False,✅成功
淘宝,2096056756,煌上煌酱鸭(余干东山大街店),C08948,上饶余干东山大街店,4.6,True,✅成功
淘宝,2096527305,煌上煌酱鸭(龙东乐兴店),C09146,龙岗区龙东乐兴店,0.0,True,✅成功
淘宝,2096653992,煌上煌酱鸭(上海新田360广场店),C11721,上海新田360广场店,0.0,False,✅成功
淘宝,2096672913,煌上煌酱鸭(华林广场店),C09010,宜春奉新华林广场店,5.0,True,✅成功
淘宝,2097211060,煌上煌酱鸭(九江大中大店),C00707,九江大中大店,4.9,True,✅成功
淘宝,2097349788,煌上煌酱鸭(九龙明珠店),C09193,九龙明珠店,5.0,True,✅成功
淘宝,2097485793,煌上煌酱鸭(上海金山万达永辉店),C09214,上海金山万达永辉店,0.0,False,✅成功
淘宝,2098022809,煌上煌酱鸭(抚州实验小学店),C00512,鹰抚东乡实验小学店,0.0,True,✅成功
淘宝,2098242700,煌上煌酱鸭(宝安区西乡盐田店),C09291,宝安西乡盐田专卖店,0.0,False,✅成功
淘宝,2098522905,煌上煌酱鸭(湾里漫和城店),C08955,湾里漫和城店,4.8,True,✅成功
淘宝,2098579272,煌上煌酱鸭(广州萝岗万达金街专卖店),C07519,广州萝岗万达金街专卖店,0.0,False,✅成功
淘宝,2098787345,煌上煌酱鸭(宁明德华店),C09342,崇左市宁明德华店,5.0,True,✅成功
淘宝,2098826484,煌上煌酱鸭(普宁商品城店),C13951,普宁商品城店,0.0,False,✅成功
淘宝,2098903976,煌上煌酱鸭(宝信店),C07666,河源和平宝信购物广场店,0.0,True,✅成功
淘宝,2098927671,煌上煌酱鸭(长安锦厦一路店),C02252,直属东莞长安锦厦一路店,5.0,True,✅成功
淘宝,2098974167,煌上煌酱鸭专卖店,C02303,东莞寮步横坑店,0.0,True,✅成功
淘宝,2099086302,煌上煌酱鸭(高陵马家湾店),C04731,西安高陵马家湾好又多店,0.0,False,✅成功
淘宝,2099118402,煌上煌酱鸭(金溪秀谷大道店),C00901,抚南金溪绣谷大道店,0.0,True,✅成功
淘宝,2099254210,煌上煌酱鸭(九龙湖富源花园店),C09431,九龙湖富源花园店,4.6,True,✅成功
淘宝,2099367123,煌上煌(东方万达百佳汇店),C09409,东方万达百佳汇专卖店,0.0,False,✅成功
淘宝,2099372127,煌上煌酱鸭(广州大道圣地店),C09001,直属广州大道圣地专卖店,0.0,False,✅成功
淘宝,2099448463,煌上煌酱鸭(九江金凤路南湖店),C00710,九江金凤路南湖店,0.0,False,✅成功
淘宝,2110699569,煌上煌酱鸭(桂平新天地店),C05477,桂平新天地店,0.0,True,✅成功
淘宝,2112524189,煌上煌酱鸭(宝安区后瑞店),C09585,宝安福永后瑞地铁专卖店,0.0,False,✅成功
淘宝,2120632945,煌上煌酱鸭(下万店),C00305,下万,0.0,False,✅成功
淘宝,2120639455,煌上煌匠鸭(宝安公明楼村新村店),C09595,宝安公明楼村新村专卖店,0.0,False,✅成功
淘宝,2121230653,煌上煌酱鸭(福安小区店),C06819,赣州福安店,0.0,False,✅成功
淘宝,2121230668,煌上煌匠鸭(卤味酒料鮀中路店),C09203,汕头金平鮀中路专卖店,0.0,False,✅成功
淘宝,2121276994,煌上煌匠鸭(金山路店),C08122,赣州南康佳兴店,4.3,True,✅成功
淘宝,2122331425,煌上煌酱鸭.卤味.小吃(万洲百货店),C09404,东莞长安上沙中南路店,3.9,True,✅成功
淘宝,2123954138,煌上煌·卤味(欧亚春城店),C04976,长春欧亚春城店,0.0,False,✅成功
淘宝,2123965297,煌上煌酱鸭(青山湖民强路店),C09238,青山湖民强路店,0.0,False,✅成功
淘宝,2124220672,煌上煌酱鸭(澄湖东路店),C07493,莲塘澄湖东路店,4.9,True,✅成功
淘宝,2124231930,煌上煌酱鸭(吉安遂川国光店),C03951,吉安遂川国光店,5.0,True,✅成功
淘宝,2124337589,煌上煌酱鸭(弋阳恒盛广场店),C09413,上饶弋阳世纪华联一店,0.0,False,✅成功
淘宝,2124794991,煌上煌酱鸭(新悦茂店),C12936,新化星悦茂店,0.0,False,✅成功
淘宝,2124801817,煌上煌酱鸭(四会吾悦广场专卖店),C09477,肇庆四会吾悦广场专卖店,0.0,False,✅成功
淘宝,2126508994,煌上煌酱鸭(五福广场店),C09704,赣州兴国五福广场店,4.2,True,✅成功
淘宝,2128127329,煌上煌酱鸭(直属地铁万科店),C12682,直属地铁万科店,0.0,False,✅成功
淘宝,2128341988,煌上煌酱鸭(抚州万象店),C02012,鹰抚抚州万象店,0.0,False,✅成功
淘宝,2128548514,煌上煌酱鸭(苏州相城中环百汇店),C09837,江苏苏州相城百汇广场店,0.0,False,✅成功
淘宝,2130837994,煌上煌酱鸭(宜春上高银海敖阳南路店),C00952,宜春上高银海敖阳南路店,4.6,True,✅成功
淘宝,2131647362,煌上煌酱鸭（锑都大厦店）,C11441,冷水江锑都大厦店,4.3,True,✅成功
淘宝,2132126604,煌上煌酱鸭(福清万达永辉专卖店),C09811,福州福清万达永辉专卖店,0.0,False,✅成功
淘宝,2132147391,煌上煌酱鸭(福海桥头地铁店),C09764,直属宝安桥头地铁店,4.3,True,✅成功
淘宝,2132895112,煌上煌酱鸭(万达广场店),C02135,肇庆万达广场店,4.8,True,✅成功
淘宝,2132958348,煌上煌酱鸭(新力琥珀园专卖店),C09673,九龙新力琥珀园店,4.3,True,✅成功
淘宝,2133684950,煌上煌酱鸭(光明大街店),C09919,宝安光明大街店,0.0,True,✅成功
淘宝,2135150423,煌上煌酱鸭(贵阳兰州路店),C09938,直属贵阳观山湖兰州路专卖店,0.0,False,✅成功
淘宝,2135150427,煌上煌酱鸭(博罗天虹店),C03106,惠州博罗天虹店,4.7,True,✅成功
淘宝,2136910435,煌上煌酱鸭(贵溪冶金南路店),C09099,鹰抚贵溪煌上煌冶金南路店,0.0,True,✅成功
淘宝,2137028420,煌上煌酱鸭(共青大泽泰时代店),C13371,九江共青大泽泰步行街店,5.0,True,✅成功
淘宝,2139523061,煌上煌酱鸭(樟树一店),C14572,樟树一店,4.5,True,✅成功
淘宝,2139545343,煌上煌酱鸭(上海路爱购广场店),C13582,上海路爱购广场,4.8,True,✅成功
淘宝,2238401,煌上煌酱鸭(岔道口东路店),C00330,岔道口东路,5.0,True,✅成功
淘宝,2278273,煌上煌酱鸭·鸭脖·卤味(直属大儒世家国光店),C02038,福州国光店,5.0,True,✅成功
淘宝,2287448,煌上煌酱鸭(黄埔港湾路大沙地店),C03052,广州黄埔港湾路店,0.0,True,✅成功
淘宝,2327581,煌上煌酱鸭(建设路专卖店),C02139,汕尾陆丰,4.8,True,✅成功
淘宝,234832,煌上煌酱鸭(长安星港城店),C02661,东莞长安星港城店,0.0,False,✅成功
淘宝,249508,煌上煌酱鸭(东风路店),C02837,温州柳市东风路店,5.0,True,✅成功
淘宝,286002,煌上煌酱鸭(福田区农林店),C02183,福田区农林,5.0,True,✅成功
淘宝,300023691,煌上煌酱鸭(杭州崇贤上亿广场2店),C06062,杭州上亿广场2店,0.0,False,✅成功
淘宝,300042062,煌上煌酱鸭（直属福州达道路店）,C14088,福州达道店,0.0,False,✅成功
淘宝,300062048,煌上煌酱鸭·鸭脖·卤味(龙岩万达店),C05959,龙岩万达专卖店,0.0,False,✅成功
淘宝,300086874,煌上煌·卤味(大连普兰店万达店),C05955,大连普兰店万达店,0.0,False,✅成功
淘宝,300113636,煌上煌酱鸭·鸭脖卤味(直属北京万达西铁营店),C05410,直属北京万达西铁营店,0.0,False,✅成功
淘宝,300118670,煌上煌酱鸭(南昌盛世华庭店),C03962,盛世华庭店,3.7,True,✅成功
淘宝,300152040,煌上煌酱鸭(泉州南安永辉店),C05087,泉州南安永辉专卖店,0.0,False,✅成功
淘宝,300152044,煌上煌酱鸭（登良地铁店）,C05713,南山登良地铁站,0.0,False,✅成功
淘宝,300162080,煌上煌酱鸭(石岩上屋大道店),C05461,宝安石岩豪迈店,0.0,False,✅成功
淘宝,300517667,煌上煌酱鸭（中山远洋城店）,C05798,中山远洋城店,5.0,True,✅成功
淘宝,300537822,煌上煌酱鸭(黄岛融创茂店),C06008,青岛黄岛融创茂购物广场,0.0,True,✅成功
淘宝,300663246,煌上煌酱鸭(广州番禺荔园风情街专卖店),C12211,广州番禺风情街专卖店,0.0,False,✅成功
淘宝,300676557,煌上煌酱鸭(尤溪店),C06012,三明尤溪大润发专卖店,0.0,False,✅成功
淘宝,300716291,煌上煌酱鸭（福州树汤路店）,C06126,福州树汤路店,5.0,True,✅成功
淘宝,300752880,煌上煌(广州萝岗香雪地铁专卖店),C06257,广州萝岗香雪地铁专卖店,0.0,False,✅成功
淘宝,300801247,煌上煌酱鸭(福永白石厦店),C06440,宝安福永白石店,0.0,False,✅成功
淘宝,301122650,煌上煌酱鸭(贵阳小河转盘店),C12292,直属贵阳花溪龙湾万达亭子专卖店,0.0,False,✅成功
淘宝,301689519,煌上煌酱鸭(直属抚生路店),C00126,直属抚生路店,4.8,True,✅成功
淘宝,301690045,煌上煌酱鸭(韶山西路店),C00999,吉安韶山西路,0.0,False,✅成功
淘宝,301740568,煌上煌酱鸭(中山街店),C01081,赣州宁都解放东路店,0.0,True,✅成功
淘宝,301747488,煌上煌酱鸭(湾上明珠店),C04683,湾上明珠店,4.6,True,✅成功
淘宝,302309432,煌上煌·卤味(大连开发区万达店),C05552,大连开发区万达店,0.0,False,✅成功
淘宝,302446590,煌上煌·卤味(中央红新东方店),C05160,哈尔滨中央红新东方店,5.0,True,✅成功
淘宝,303660517,煌上煌酱鸭(小蓝中路集团总部店),C03607,直属小蓝中路店,4.6,True,✅成功
淘宝,303675893,煌上煌酱鸭(名门世家店),C00407,名门世家,4.8,True,✅成功
淘宝,304831897,煌上煌酱鸭(友阿店),C06403,邵阳友阿国际广场店,5.0,True,✅成功
淘宝,304891615,煌上煌酱鸭(外语外贸店),C06013,高新阳门外贸学院店,5.0,True,✅成功
淘宝,304901119,煌上煌酱鸭(财富广场店),C06342,赣州安远财富广场店,0.0,True,✅成功
淘宝,304915837,煌上煌酱鸭(三亚胜利旺豪店),C06366,三亚胜利旺豪店,0.0,False,✅成功
淘宝,304955769,煌上煌酱鸭(宝安塘尾地铁店),C06117,宝安塘尾地铁店,4.0,True,✅成功
淘宝,304955773,煌上煌酱鸭(琼海博鳌镇海滨路店),C06396,琼海博鳌店,0.0,True,✅成功
淘宝,305119532,煌上煌酱鸭(义乌苏溪店),C06558,义乌苏溪店,4.4,True,✅成功
淘宝,305144990,煌上煌酱鸭(赣州厚德路店),C01066,赣州厚德路,4.0,True,✅成功
淘宝,305148443,煌上煌酱鸭(佛堂店),C06660,义乌佛山古镇店,0.0,False,✅成功
淘宝,305176296,煌上煌酱鸭(磁灶冠超市店),C05533,泉州磁灶冠超市店,0.0,True,✅成功
淘宝,305193997,煌上煌酱鸭(五一路店),C04775,新余太平洋广场店,0.0,False,✅成功
淘宝,305198405,煌上煌酱鸭(印象城店),C11945,鹰抚贵溪印象城金街店,4.6,True,✅成功
淘宝,305223046,煌上煌酱鸭(中央星城店),C03193,赣州中央星城店,0.0,False,✅成功
淘宝,305230464,煌上煌酱鸭(金三角店),C14633,贵溪金三角店,0.0,True,✅成功
淘宝,310145960,煌上煌酱鸭(豫章郡店),C00177,南昌紫云小区,0.0,True,✅成功
淘宝,311272450,煌上煌酱鸭(琅西专卖店),C07151,直属南宁琅西专卖店,0.0,False,✅成功
淘宝,312218838,煌上煌酱鸭(新力钰珑湾店),C06228,璜垦新力钰珑湾,0.0,True,✅成功
淘宝,313401815,煌上煌酱鸭((鹰抚抚州梦湖店)),C05056,鹰抚抚州梦湖店,5.0,True,✅成功
淘宝,313597159,煌上煌酱鸭(上饶信州区解放路店),C00828,上饶信州区解放路店,4.9,True,✅成功
淘宝,322277716,煌上煌酱鸭(翔龙天地专卖店),C06427,东莞翔龙天地广场店,3.7,True,✅成功
淘宝,322318671,煌上煌酱鸭(中央红中央大街店),C06581,直属哈尔滨中央红中央大街店,0.0,False,✅成功
淘宝,323870272,煌上煌酱鸭(国博九龙店),C06720,国博九龙店,5.0,True,✅成功
淘宝,323966624,煌上煌酱鸭(新余上亿广场店),C03234,新余暨阳店,5.0,True,✅成功
淘宝,335625596,煌上煌酱鸭(新村新玛特店),C06707,大庆新村新玛特店,0.0,False,✅成功
淘宝,335763220,煌上煌酱鸭(贵溪北门店),C00495,鹰抚贵溪北大街店,0.0,True,✅成功
淘宝,335771096,煌上煌酱鸭(中骏店世界城店),C05268,泉州中骏世界城专卖店,0.0,False,✅成功
淘宝,335784708,煌上煌酱鸭(秋长新世界店),C06352,惠州惠阳新世界店,0.0,False,✅成功
淘宝,336218040,煌上煌酱鸭(都匀剑江北路店),C06724,都匀剑江北路店,5.0,True,✅成功
淘宝,336235697,煌上煌酱鸭(赤峰维多利广场店),C06906,赤峰维多利广场店,0.0,False,✅成功
淘宝,336235990,煌上煌(宝安观澜百佳华领域广场店),C06346,宝安观澜领域广场店,0.0,False,✅成功
淘宝,336568420,煌上煌酱鸭(直属董家窑店),C00009,直属董家窑,0.0,True,✅成功
淘宝,336591217,煌上煌酱鸭(直属新建二店),C00023,直属新建２,5.0,True,✅成功
淘宝,336667479,煌上煌酱鸭(宜春商城店),C00925,宜春商城,0.0,False,✅成功
淘宝,336685265,煌上煌酱鸭(直属西站大街店),C09039,直属西站大街店,4.7,True,✅成功
淘宝,336709638,煌上煌酱鸭(直属羊子巷店),C00013,直属羊子巷,5.0,True,✅成功
淘宝,336727643,煌上煌酱鸭(东莞东坑四季广场店),C06476,东莞东坑四季广场店,0.0,False,✅成功
淘宝,336737561,煌上煌(天博店),C06160,莆田仙游天博专卖店,0.0,False,✅成功
淘宝,336747488,煌上煌酱鸭（龙岗南联海航城专卖店）,C04455,龙岗南联海航城专卖店,0.0,False,✅成功
淘宝,336749317,煌上煌酱鸭(金沙店),C03943,南昌金沙店,5.0,True,✅成功
淘宝,336757352,煌上煌酱鸭（海口海垦路店）,C05990,海口海垦路专卖店,0.0,False,✅成功
淘宝,336814290,煌上煌酱鸭(广州白云沙涌北店),C04561,广州白云沙涌北店,0.0,True,✅成功
淘宝,336814291,煌上煌酱鸭(广州天河珠村专卖店),C05368,广州天河朱村专卖店,0.0,False,✅成功
淘宝,336814293,煌上煌酱鸭（湛江鼎盛广场店）,C05831,湛江鼎盛广场专卖店,0.0,False,✅成功
淘宝,336822700,煌上煌酱鸭（四公里青龙路店）,C09658,直属重庆南岸四公里青龙路店,0.0,False,✅成功
淘宝,336824342,煌上煌酱鸭(榴苑路店),C02835,佛山华远,0.0,False,✅成功
淘宝,336854090,煌上煌酱鸭(下汴大汇店),C10462,东莞厚街大汇店,0.0,True,✅成功
淘宝,336862981,煌上煌酱鸭(宜黄新农贸市场店),C00909,抚南宜黄花园小区店,0.0,False,✅成功
淘宝,336873858,煌上煌酱鸭(佛山顺德北滘跃进路店),C13585,佛山北滘新英佳广场专卖店,0.0,False,✅成功
淘宝,336957115,煌上煌酱鸭(直属广州人和鹤龙六路店),C05523,直属广州人和鹤龙六路专卖店,0.0,False,✅成功
淘宝,337006587,煌上煌酱鸭(广州王成店),C02162,广州王成店,0.0,True,✅成功
淘宝,337043130,煌上煌酱鸭(塔山西路店),C07176,安顺市塔山西路店,0.0,False,✅成功
淘宝,337054449,煌上煌酱鸭(鹤塘店),C02882,宁德古田鹤塘店,5.0,True,✅成功
淘宝,337552827,煌上煌酱鸭(章阁店),C07347,宝安观澜富士康北门店,0.0,False,✅成功
淘宝,337622853,煌上煌酱鸭(海口远大购物中心店),C06087,海口远大购物中心店,0.0,False,✅成功
淘宝,337642451,煌上煌酱鸭(琼海东风路店),C06841,琼海东风路店,0.0,True,✅成功
淘宝,337652410,煌上煌酱鸭(黄梅小池店),C00746,湖北黄梅小池店,0.0,True,✅成功
淘宝,337653618,煌上煌酱鸭(贵溪城南汽车站店),C05227,贵溪城南汽车站店,0.0,True,✅成功
淘宝,337672395,煌上煌酱鸭（禹州大学城店·卤味小吃·炒饭）(厦门同安禹州大学城店),C07160,厦门同安禹州大学城店,4.8,True,✅成功
淘宝,337692205,煌上煌酱鸭(安顺体育路店),C06413,安顺西秀区体育路店,0.0,False,✅成功
淘宝,337692209,煌上煌酱鸭(三亚海花路店),C07095,三亚海花路专卖店,0.0,False,✅成功
淘宝,353312,煌上煌酱鸭(龙岗区横岗锦秀花园店),C02053,龙岗区横岗锦秀花园,5.0,True,✅成功
淘宝,361331,煌上煌酱鸭·卤味·小吃·鸭脖(五和店),C13117,龙岗坂田五和南路店,4.8,True,✅成功
淘宝,367023,煌上煌酱鸭(东区店),C02266,广州沧联店,0.0,True,✅成功
淘宝,369838,煌上煌酱鸭(泉州晋江泉安中路店),C02739,泉州晋江泉安中路店,4.8,True,✅成功
淘宝,376063,煌上煌酱鸭,C02448,温州塘川北街店,5.0,True,✅成功
淘宝,406501,煌上煌酱鸭(贵港万达店),C02898,东莞绿荷居店,0.0,False,✅成功
淘宝,410317,煌上煌酱鸭(福星路店),C14627,直属福田福星路店,0.0,True,✅成功
淘宝,419014,煌上煌酱鸭·鸭脖·卤味(假日店),C02933,厦门假日商城店,0.0,True,✅成功
淘宝,427055,煌上煌酱鸭(宝安区西乡白金店),C02180,宝安区西乡白金,0.0,False,✅成功
淘宝,440222,煌上煌酱鸭(罗湖区笋岗店),C02256,罗湖区笋岗店,4.0,True,✅成功
淘宝,452572,煌上煌酱鸭(向西路店),C02513,罗湖区向西,4.9,True,✅成功
淘宝,482573,煌上煌酱鸭(南山区四海公园店),,,0.0,False,❌未匹配
淘宝,500590936,煌上煌酱鸭(安吉万达专卖店),C07887,直属南宁安吉万达2号门广场店,4.6,True,✅成功
淘宝,500652596,煌上煌酱鸭(叠山华润店),C14707,南昌东湖区叠山路店,0.0,True,✅成功
淘宝,500652989,煌上煌酱鸭(谢岗润升店),C07119,谢岗润生振兴路店,5.0,True,✅成功
淘宝,500658209,煌上煌酱鸭(郑州航海路丹尼斯店),C06085,河南郑州航海路丹尼斯店,0.0,False,✅成功
淘宝,500677511,煌上煌酱鸭(东莞凤岗祥新中路店),C12033,东莞祥新中路店,4.5,True,✅成功
淘宝,500682408,煌上煌酱鸭(樟木头天一城店),C03086,东莞樟木头西城路店,4.9,True,✅成功
淘宝,500701711,煌上煌酱鸭(海口望海国际店),C06082,海口望海国际店,0.0,True,✅成功
淘宝,500702688,煌上煌酱鸭(雪松路店),C00560,河南驻马店雪松路店,0.0,True,✅成功
淘宝,500705227,煌上煌酱鸭三亚胜利旺豪店)(煌上煌酱鸭三亚胜利旺豪店),C06969,三亚丹州旺豪专卖店,0.0,False,✅成功
淘宝,500706686,煌上煌酱鸭(海口凤翔东店),C07398,海口凤翔东路专卖店,0.0,False,✅成功
淘宝,500707980,煌上煌(清远顺盈昌大昌专卖店),C03735,清远顺盈昌大昌专卖店,0.0,False,✅成功
淘宝,500712228,煌上煌酱鸭(同安梧侣大店),C02781,厦门同安梧侣专卖店,0.0,False,✅成功
淘宝,500727547,煌上煌酱鸭(十里桃花店),C10583,十里桃花,4.4,True,✅成功
淘宝,500732610,煌上煌酱鸭(南昌西湖店),C00162,千禧,4.6,True,✅成功
淘宝,500733001,煌上煌酱鸭(翁源建国一路店),C11226,韶关翁源建国一路专卖店,0.0,False,✅成功
淘宝,500793445,煌上煌酱鸭(锦城百花里鹏泰超市店),C07441,澄迈永佳超市专卖店,0.0,False,✅成功
淘宝,500795296,煌上煌酱鸭(绿地广场专卖店),C07780,海口绿地广场店,0.0,False,✅成功
淘宝,500802932,煌上煌酱鸭(永修西一路店),C00716,九江永修西一路店,4.4,True,✅成功
淘宝,500806909,煌上煌酱鸭(扬州江都大润发店),C07570,江苏扬州江都大润发店,0.0,False,✅成功
淘宝,500808329,煌上煌酱鸭(赛拉维专卖店),C07901,海口赛拉维店,4.6,True,✅成功
淘宝,500812512,煌上煌酱鸭(佛山玉器街店),C03020,佛山玉器街店,0.0,True,✅成功
淘宝,500813267,煌上煌酱鸭(溧阳大润发店),C07571,江苏溧阳大润发店,0.0,False,✅成功
淘宝,500815298,煌上煌酱鸭(海口和信广场店),,,0.0,False,❌未匹配
淘宝,500817376,煌上煌酱鸭(中山富业广场店),C07285,直属中山富业广场专卖店,0.0,False,✅成功
淘宝,500817612,煌上煌酱鸭(宁波海港城店),C07912,宁波海港城2店,0.0,False,✅成功
淘宝,500822270,煌上煌酱鸭·卤味饭(双港店),C00258,双港,4.7,True,✅成功
淘宝,500823869,煌上煌酱鸭(西乡锦湖店),C01399,西安市场西乡店,0.0,True,✅成功
淘宝,500824234,煌上煌酱鸭(佛山三水大塘广场店),C07282,广州石井万家广场专卖店,0.0,False,✅成功
淘宝,500825106,煌上煌酱鸭(肇庆大旺广场店),C02647,肇庆大旺广场店,5.0,True,✅成功
淘宝,500825692,煌上煌酱鸭(横沥瑞康店),C02925,东莞横沥瑞康店,4.5,True,✅成功
淘宝,500827225,煌上煌酱鸭(中海朝阳郡店),C07839,中海朝阳郡店,0.0,True,✅成功
淘宝,500827723,煌上煌酱鸭(吉安阳明商城店),C03601,吉安阳明商城店,0.0,False,✅成功
淘宝,500829387,煌上煌酱鸭(九江大树下店),C04965,九江大树下店,3.4,True,✅成功
淘宝,500835184,煌上煌酱鸭(赣州沙河店),C01099,赣州沙河,0.0,True,✅成功
淘宝,500845510,煌上煌酱鸭(九江柴桑店),C00819,九江柴桑店,0.0,False,✅成功
淘宝,500885192,煌上煌酱鸭(阜新顺吉店),C03619,阜新顺吉店,0.0,False,✅成功
淘宝,500900269,煌上煌·卤味(沈阳松山店),C01957,沈阳松山店,0.0,False,✅成功
淘宝,500910056,煌上煌酱鸭(中山火炬沃尔玛专卖店),C04070,中山火炬沃尔玛店,5.0,True,✅成功
淘宝,500915066,煌上煌酱鸭(中山坦洲壹加壹专卖店),C06702,中山坦洲壹加壹店,0.0,True,✅成功
淘宝,500915237,煌上煌·卤味(沈阳新民富源店),C05312,沈阳新民富源店,0.0,True,✅成功
淘宝,500915239,煌上煌·卤味(盛京大奥莱店),C05336,沈阳盛京大奥莱店,4.8,True,✅成功
淘宝,500925300,煌上煌酱鸭(九江十里前进东路店),C11662,直属九江十里前进东路店,2.8,True,✅成功
淘宝,500930073,煌上煌酱鸭(兴华中路店),C05446,中山东凤兴华中路店,2.8,True,✅成功
淘宝,500943648,煌上煌酱鸭(坪山沙博专卖店),C13906,龙岗坪山沙壆店,4.2,True,✅成功
淘宝,500947272,煌上煌酱鸭(红星巷店),C07973,甘肃兰州红星华联店,0.0,False,✅成功
淘宝,500950020,煌上煌酱鸭(安顺德胜花园店),C07162,安顺市德胜花园店,4.7,True,✅成功
淘宝,500950286,煌上煌酱鸭(晋江百捷上悦城专卖店),C03936,泉州晋江百捷上悦城店,4.6,True,✅成功
淘宝,500953563,煌上煌酱鸭(惠州三环天虹专卖店),C10770,惠州瑞峰广场天虹专卖店,0.0,False,✅成功
淘宝,500953606,煌上煌酱鸭(百盛佳店),C02323,东莞大岭山百盛佳店,4.5,True,✅成功
淘宝,500953618,煌上煌酱鸭(大岭山领尚店),C02231,东莞大岭山领尚店,5.0,True,✅成功
淘宝,500957418,煌上煌酱鸭(万安开发路店),C06713,吉安万安开发路店,0.0,False,✅成功
淘宝,500957419,煌上煌酱鸭(青原滨江首府店),C07222,吉安青原滨江首府店,0.0,True,✅成功
淘宝,500957754,煌上煌酱鸭(天津华润万家友谊路店),C06964,天津华润万家友谊路店,0.0,False,✅成功
淘宝,500958868,煌上煌酱鸭(大连金州柏都荟店),C12361,大连金州瑞栢中心店,5.0,True,✅成功
淘宝,500977361,煌上煌酱鸭(国防科技园店),C07582,国防科技园农贸市场店,4.9,True,✅成功
淘宝,500977374,煌上煌酱鸭(直属霁亭路店),C03612,直属霁亭路店,5.0,True,✅成功
淘宝,500978052,煌上煌酱鸭(博罗商业广场店),C02629,惠州万信佳店,4.8,True,✅成功
淘宝,500983010,煌上煌酱鸭(河源龙川腾天购物公园店),C07856,河源龙川腾天购物公园专卖店,0.0,False,✅成功
淘宝,500988752,煌上煌酱鸭(龙岗欧景花园专卖店),C07656,龙岗欧景花园专卖店,0.0,False,✅成功
淘宝,501050741,煌上煌酱鸭(赣州会昌新天地店),C07960,赣州会昌新天地店,0.0,True,✅成功
淘宝,501080580,煌上煌酱鸭(东财沃尔玛超市店),C01986,直属大连东财沃尔玛店,5.0,True,✅成功
淘宝,501085640,煌上煌酱鸭(大连东特沃尔玛店),C05506,直属大连东特沃尔玛店,0.0,False,✅成功
淘宝,501100032,煌上煌酱鸭(九江修水宁红市场店),C00727,九江修水宁红市场店,0.0,False,✅成功
淘宝,501100287,煌上煌酱鸭(祥和店),C01900,沈阳祥和店,0.0,False,✅成功
淘宝,501101291,煌上煌酱鸭(吉安城南市场店),C07606,吉安城南市场店,5.0,True,✅成功
淘宝,501109936,煌上煌酱鸭(昌江广百汇专卖店),C08088,昌江广百汇店,0.0,True,✅成功
淘宝,501110805,煌上煌酱鸭(昆明沃尔玛集大店),C07764,昆明沃尔玛集大店,5.0,True,✅成功
淘宝,501120468,煌上煌·卤味(大连庄河万达店),C12488,大连庄河万达店,2.8,True,✅成功
淘宝,501131533,煌上煌酱鸭(深圳金安路店),C14590,直属宝安金安路店,4.3,True,✅成功
淘宝,501136594,煌上煌酱鸭(龙岗中心城专卖店),C08045,龙岗中心城店,0.0,True,✅成功
淘宝,501141464,煌上煌酱鸭(人和地铁C店),C06179,广州人和地铁C专卖店,0.0,False,✅成功
淘宝,501141822,煌上煌酱鸭(安顺新天地时代名苑店),C07736,贵州安顺新天地时代名苑店,0.0,False,✅成功
淘宝,501145506,煌上煌酱鸭(龙华牛栏前店),C05908,宝安龙华牛栏前店,0.0,True,✅成功
淘宝,501146452,煌上煌酱鸭(珠海香洲总站店),C03037,珠海香洲总站店,4.6,True,✅成功
淘宝,501156711,煌上煌酱鸭(贵阳观山湖福州街店),C07278,直属贵阳观山湖福州街店,0.0,False,✅成功
淘宝,501161245,煌上煌酱鸭(吉安凯旋世纪国光店),C08076,吉安凯旋世纪国光店,0.0,True,✅成功
淘宝,501162458,煌上煌酱鸭(海口美德广场店),C08160,海口美德广场专卖店,0.0,False,✅成功
淘宝,501166661,煌上煌酱鸭(贵阳花溪贵筑路店),C09364,直属贵阳贵筑路专卖店,0.0,False,✅成功
淘宝,501166680,煌上煌酱鸭(清镇福强路店),C07227,贵阳市清镇富强路店,0.0,False,✅成功
淘宝,501170079,煌上煌酱鸭(毕节威宁路店),C07788,毕节威宁路店,0.0,False,✅成功
淘宝,501176513,煌上煌酱鸭(金地花园店·卤味小吃),C05785,凯里友庄路金地花园店,0.0,False,✅成功
淘宝,501273105,煌上煌酱鸭(龙溪万润城专卖店),,,0.0,False,❌未匹配
淘宝,501279834,煌上煌酱鸭(朝阳大润发店),C07647,朝阳市大润发朝阳店,0.0,False,✅成功
淘宝,501292199,煌上煌酱鸭(奥体天虹店),C08198,煌上煌奥体天虹店,4.5,True,✅成功
淘宝,501296102,煌上煌酱鸭(东门人人乐店),C08185,直属西安东门人人乐店,0.0,False,✅成功
淘宝,501305942,煌上煌酱鸭(上海中原欧尚店),C08604,直属上海杨浦欧尚中原店,0.0,False,✅成功
淘宝,501314556,煌上煌酱鸭(中信水岸城),C10499,惠州惠城中信水岸城店,4.3,True,✅成功
淘宝,501319008,煌上煌酱鸭(宝安公明塘尾专卖店),C05080,宝安公明塘尾专卖店,0.0,False,✅成功
淘宝,501325745,煌上煌酱鸭(晋江五里店),C07663,泉州晋江万业汇专卖店,0.0,False,✅成功
淘宝,501393522,煌上煌酱鸭(万科松湖传奇专卖店),C07397,东莞寮步万科松湖专卖店,0.0,False,✅成功
淘宝,501400668,煌上煌(大岭山沃尔玛店),C05107,东莞大岭山领尚沃尔玛专卖店,0.0,False,✅成功
淘宝,501405914,煌上煌酱鸭(三店西路店),C07661,三店西路店,4.9,True,✅成功
淘宝,501410054,煌上煌酱鸭(漯河世纪风店),C07879,河南漯河人民路丹尼斯店,0.0,False,✅成功
淘宝,501410386,煌上煌酱鸭(龙华新围村店),C04664,宝安龙华新围村专卖店,0.0,False,✅成功
淘宝,501436391,煌上煌(鸭脖•卤味•南平万达店),C02163,南平万达专卖店,0.0,False,✅成功
淘宝,501460858,煌上煌酱鸭·鸭脖·卤味(福清加州城店),C02617,福州福清加洲城店,4.9,True,✅成功
淘宝,501479297,煌上煌酱鸭(高新万达专卖店),C08437,直属桂林高新万达直营店,0.0,False,✅成功
淘宝,501560392,煌上煌酱鸭(地中海阳光店),C04261,地中海阳光店,4.8,True,✅成功
淘宝,501641101,煌上煌酱鸭(长征广场店),C07157,赣州于都长征广场店,0.0,True,✅成功
淘宝,501658743,煌上煌酱鸭(塘尾新领汇专卖店),C08423,宝安福永新领汇店,0.0,True,✅成功
淘宝,501671413,煌上煌酱鸭(鸭脖.康和城店),C04801,南宁武鸣康和城专卖店,0.0,False,✅成功
淘宝,501697562,煌上煌酱鸭(龙湖天街店),C08480,济南历下龙湖天街,0.0,False,✅成功
淘宝,501705580,煌上煌·卤味(容辰广场店),C07841,张家口永辉容辰广场店,0.0,False,✅成功
淘宝,501730931,煌上煌酱鸭(丰城金马步行街店),C04749,丰城金马步行街店,0.0,True,✅成功
淘宝,501760638,煌上煌酱鸭(宝安福永和平市场店),C07622,宝安和平市场专卖店,0.0,False,✅成功
淘宝,501858620,煌上煌酱鸭(龙山路北门桥店),C08340,鹰抚东乡龙山路北门桥店,5.0,True,✅成功
淘宝,501861635,煌上煌·卤味(欧亚卖场店),C05450,长春欧亚卖场专柜店,0.0,False,✅成功
淘宝,501873345,煌上煌酱鸭(娄底步行街2店),C05482,娄底步行街2店,0.0,True,✅成功
淘宝,501878978,煌上煌酱鸭(娄底涟源芙蓉广场店),C05128,涟源芙蓉广场店,0.0,True,✅成功
淘宝,501882504,煌上煌酱鸭(海口万达百佳汇专卖店),C06998,海口万达百佳汇专卖店,0.0,False,✅成功
淘宝,501886999,煌上煌酱鸭(东莞东城星河城专卖店),C03569,东莞东城星河城嘉荣专卖店,0.0,False,✅成功
淘宝,501891288,煌上煌酱鸭(赣州金东路店),C01091,赣州黄金,0.0,True,✅成功
淘宝,501898078,煌上煌酱鸭(娄底万豪店),C04120,娄底万豪店,4.5,True,✅成功
淘宝,501901698,煌上煌酱鸭(惠州新汇城专卖店),C02046,惠州惠阳新汇城店,4.5,True,✅成功
淘宝,501901703,煌上煌酱鸭(揭阳揭东锡场专卖店),C08553,揭阳揭东锡场店,0.0,True,✅成功
淘宝,502014088,煌上煌酱鸭(中央红学府路店),C06178,直属哈尔滨哈尔信学府路店,0.0,False,✅成功
淘宝,502039679,煌上煌酱鸭(荣昌东邦店),C13571,重庆荣昌东邦店,0.0,False,✅成功
淘宝,502048155,煌上煌酱鸭(海口日月广场店),C08708,海口日月广场店,0.0,False,✅成功
淘宝,502055407,煌上煌酱鸭(宝安区沙井后亭天源隆专卖店),C11011,宝安沙井后亭天源隆专卖店,0.0,False,✅成功
淘宝,502068213,煌上煌酱鸭(卤味熟食•套餐饭•三坊七巷店),C08804,直属福州三坊七巷专卖店,0.0,False,✅成功
淘宝,502111635,煌上煌酱鸭(金城中心专卖店),C08581,玉林金城超市店,0.0,True,✅成功
淘宝,502141110,煌上煌酱鸭(桂林万象城沃尔码店),C08453,桂林万象城沃尔玛专卖店,0.0,False,✅成功
淘宝,502150715,煌上煌酱鸭(丽江忠义店),C08646,丽江忠义市场店,0.0,True,✅成功
淘宝,502164181,煌上煌酱鸭(宜春比一比超市店),C06734,宜春比一比超市店,4.2,True,✅成功
淘宝,502168874,煌上煌酱鸭(抚南南城盱江北大道店),C00908,抚南南城县盱江北大道店,0.0,True,✅成功
淘宝,502169656,煌上煌酱鸭(湾里好又多超市店),C08504,湾里好又多超市店,0.0,True,✅成功
淘宝,502205996,煌上煌·卤味(抚顺百货店),C05140,抚顺百货店,0.0,True,✅成功
淘宝,502206879,煌上煌·卤味(抚顺万达比优特店),C01977,抚顺万达比优特店,0.0,False,✅成功
淘宝,502208607,煌上煌酱鸭(新化友阿沃尔玛店),C08846,新化友阿沃尔玛店,0.0,False,✅成功
淘宝,502249824,煌上煌酱鸭(水口鹏泰店),C08705,江门开平水口鹏泰专卖店,0.0,False,✅成功
淘宝,502252435,煌上煌酱鸭(揭阳榕城仙桥专卖店),C08895,揭阳榕城仙桥店,0.0,True,✅成功
淘宝,502273567,煌上煌酱鸭(惠州金山湖永旺店),C02329,惠州金山湖永旺专卖店,0.0,False,✅成功
淘宝,502278690,煌上煌酱鸭(鳌江银泰店),C11929,温州鳌江店,0.0,False,✅成功
淘宝,502294426,煌上煌匠鸭(汕头龙湖新一城店),C08597,汕头龙湖新一城店,0.0,True,✅成功
淘宝,502306330,煌上煌酱鸭(佛山里水信和广场店),C08953,佛山里水信和专卖店,0.0,False,✅成功
淘宝,502488226,煌上煌酱鸭(象湖瑶池公寓店),C08735,象湖瑶池公寓店,4.1,True,✅成功
淘宝,502494013,煌上煌酱鸭(烟台龙口博商购物广场二店),C08614,烟台龙口博商购物广场二店,0.0,False,✅成功
淘宝,502506806,煌上煌·卤味(中粮广场店),C04186,沈阳中粮广场店,0.0,False,✅成功
淘宝,502521739,煌上煌酱鸭(婺源平安花园小区店),C08048,婺源平安花园小区店,4.2,True,✅成功
淘宝,502522594,煌上煌酱鸭(直属东湖店),C00003,直属东湖,4.5,True,✅成功
淘宝,502729823,煌上煌酱鸭(象湖旺中旺店),C09023,象湖旺中旺店,5.0,True,✅成功
淘宝,502734681,煌上煌匠鸭(林桥店),C06682,宜春农民街林桥店,0.0,True,✅成功
淘宝,502741314,煌上煌酱鸭(杭州萧山宝龙店),C05001,直属杭州萧山宝龙店,0.0,False,✅成功
淘宝,502756485,煌上煌(肇庆大旺金海岸店),,,0.0,False,❌未匹配
淘宝,502780981,煌上煌(广州从化府前路店),C02225,广州从化府前路专卖店,0.0,False,✅成功
淘宝,502780984,煌上煌(光明白花店),C09076,宝安光明白花专卖店,0.0,False,✅成功
淘宝,502818281,煌上煌·卤味(天津梅江永旺店),C06706,天津梅江永旺店,0.0,False,✅成功
淘宝,502821924,煌上煌·卤味(迅驰广场店),C11116,长春迅驰广场店,0.0,False,✅成功
淘宝,502910416,煌上煌酱鸭(进贤军湖路店),C07165,进贤军湖路店,5.0,True,✅成功
淘宝,502925312,煌上煌酱鸭(宁德周宁永辉店),C08740,宁德周宁永辉专卖店,0.0,False,✅成功
淘宝,503076093,煌上煌酱鸭((泉州德化二店)),C03009,泉州德化二店,0.0,True,✅成功
淘宝,503080875,煌上煌酱鸭((泉州德化一店)),C02341,泉州德化一店,5.0,True,✅成功
淘宝,503201099,煌上煌酱鸭(恒安东路店),C00492,鹰抚东乡恒安东路店,0.0,True,✅成功
淘宝,503226015,煌上煌酱鸭(东信财富广场店),C00470,鹰抚东乡东信财富广场店,4.1,True,✅成功
淘宝,503240812,煌上煌酱鸭(煌盛天玺店),C04363,鹰抚东乡煌盛天玺店,0.0,True,✅成功
淘宝,503336599,煌上煌酱鸭(富盛店),C07294,邵东荷田路店,3.7,True,✅成功
淘宝,503364048,煌上煌酱鸭·鸭脖·卤味(福清沃尔玛店),C02279,福州福清沃尔玛店,5.0,True,✅成功
淘宝,503404103,煌上煌酱鸭(湾里下泽路店),C09267,湾里下泽路店,5.0,True,✅成功
淘宝,503419237,煌上煌酱鸭(铜锣湾店),C13141,红谷滩区铜锣湾店,0.0,False,✅成功
淘宝,503473739,煌上煌酱鸭(九江青年路湖滨店),C03999,九江青年路湖滨店,3.8,True,✅成功
淘宝,503482493,煌上煌酱鸭(宁德运生专卖店),C09025,宁德运生专卖店,0.0,False,✅成功
淘宝,503527163,煌上煌酱鸭(鄱阳白天鹅店),C09340,上饶鄱阳白天鹅店,0.0,False,✅成功
淘宝,503734096,煌上煌酱鸭(新建兴国路店),C09523,新建兴国路店,3.8,True,✅成功
淘宝,503743838,煌上煌酱鸭(上海诺亚新天地店),C09392,直属上海宝山诺亚新天地广场店,0.0,False,✅成功
淘宝,503753805,煌上煌(大岭山家家乐购物广场店),C09402,东莞大岭山家家乐专卖店,0.0,False,✅成功
淘宝,503758741,煌上煌酱鸭(九龙湖菜园街农贸市场店),C08368,九龙湖菜园街农贸市场店,5.0,True,✅成功
淘宝,503768496,煌上煌酱鸭(北行店),C01927,直属沈阳北行店,0.0,False,✅成功
淘宝,503773430,煌上煌酱鸭(武宁交通路店),C00765,九江武宁交通路店,0.0,True,✅成功
淘宝,503773824,煌上煌(揭阳渔湖空港店),C09505,揭阳渔湖空港店,5.0,True,✅成功
淘宝,503778641,煌上煌酱鸭(苏州金鹰广场店),C09319,苏州虎丘区金鹰国际广场店,0.0,False,✅成功
淘宝,503786690,煌上煌酱鸭(南城胜利路店),C09391,抚南南城胜利路店,0.0,True,✅成功
淘宝,503788788,煌上煌酱鸭(樟树江南华城店),C00663,丰城樟树江南华城店,0.0,False,✅成功
淘宝,503800800,煌上煌酱鸭(九江德化路中辉店),C00711,九江德化路中辉店,3.0,True,✅成功
淘宝,503843882,煌上煌酱鸭(青岛崂山金鼎利群店),C09212,青岛崂山金鼎利群,0.0,False,✅成功
淘宝,503852013,煌上煌酱鸭(魏家庄万达店),C09563,济南市中魏家庄万达,0.0,False,✅成功
淘宝,503882105,煌上煌酱鸭(青岛金水路维客店),C09586,青岛李沧金水路维客,0.0,False,✅成功
淘宝,503886830,煌上煌酱鸭(新余分宜庄岗岭店),C09403,新余分宜庄岗岭店,3.8,True,✅成功
淘宝,503925511,煌上煌匠鸭(宁都鹏泰店),C09354,赣州宁都鹏泰店,0.0,False,✅成功
淘宝,503970360,煌上煌(邵阳县振羽广场店),C09549,邵阳县振羽广场店,0.0,True,✅成功
淘宝,503975312,煌上煌酱鸭(苏州星塘欧尚店),C09517,江苏苏州工业园区星塘欧尚店,0.0,False,✅成功
淘宝,503992062,煌上煌酱鸭(萍乡龙华云锦店),C09394,萍乡龙华云锦店,5.0,True,✅成功
淘宝,504004535,煌上煌(五一超市店),C09229,黄金埠五一超市店,0.0,False,✅成功
淘宝,504032649,煌上煌酱鸭(惠州人民四路店),C09547,惠州人民四路店,4.3,True,✅成功
淘宝,504037615,煌上煌酱鸭(东莞塘厦田心店),C03109,东莞塘厦田心店,4.1,True,✅成功
淘宝,504048890,煌上煌酱鸭(宜春枣树园店),C04267,宜春枣树园店,4.2,True,✅成功
淘宝,504105229,煌上煌酱鸭(鹰潭凯翔书香公馆店),C00526,鹰潭凯翔书香公馆店(怡辰卤菜店),0.0,True,✅成功
淘宝,504134588,煌上煌酱鸭(烟台莱山万象汇店),C09430,烟台莱山万象汇,0.0,False,✅成功
淘宝,504178557,煌上煌酱鸭(芝罘南尧新都汇店),C09314,烟台芝罘南尧新都汇店,0.0,False,✅成功
淘宝,504256271,煌上煌·卤味(沈北万达比优特店),,,0.0,False,❌未匹配
淘宝,504288874,煌上煌酱鸭(饶平店),C11710,潮州饶平专卖店,0.0,False,✅成功
淘宝,504304196,煌上煌酱鸭(直属莱卡小镇总店),C01848,直属南昌莱卡总店,5.0,True,✅成功
淘宝,504312136,煌上煌酱鸭(鹿都国际广场店),C14042,直属上海松江鹿都广场店,0.0,False,✅成功
淘宝,504537810,煌上煌·卤味(赤峰松山万达店),C08268,赤峰松山万达店,0.0,False,✅成功
淘宝,504708241,煌上煌酱鸭摩天活力城店(摩天活力城大润发店),C04917,长春摩天活力城大润发店,0.0,False,✅成功
淘宝,504762560,煌上煌酱鸭(樟树机关安置小区店),C09712,樟树机关安置小区店,0.0,False,✅成功
淘宝,504972045,煌上煌(东莞黄江田心广场专卖店),C09693,东莞黄江田心广场专卖店,0.0,False,✅成功
淘宝,505217329,煌上煌(双江锦丽新城店),C09646,云南临沧双江锦丽新城店,0.0,True,✅成功
淘宝,505243363,煌上煌匠鸭(卤味熟食•套餐饭•杏北店),C09800,厦门集美国贸天悦专卖店,0.0,False,✅成功
淘宝,505310792,煌上煌酱鸭·鸭货鸭脖(长治金威超市店),C13283,山西长治商贸广场店,0.0,False,✅成功
淘宝,505563159,煌上煌·卤味(沈阳和平大润发店),C11498,沈阳和平大润发二店,5.0,True,✅成功
淘宝,505580200,煌上煌匠鸭(九江修水凤凰广场店),C09867,九江修水凤凰广场店,0.0,True,✅成功
淘宝,505591134,煌上煌酱鸭(赤峰维多利万悦城店),C07742,赤峰维多利万悦城店,0.0,False,✅成功
淘宝,505606057,煌上煌匠鸭(读者大道店),C09880,甘肃兰州读者大道店,0.0,False,✅成功
淘宝,505796521,煌上煌酱鸭(毛莲山店),C02011,鹰抚东乡毛莲山店,0.0,True,✅成功
淘宝,505846143,煌上煌酱鸭(广西东兴贵州路店),C09784,广西东兴贵州路店,0.0,False,✅成功
淘宝,505927435,煌上煌酱鸭(鹰抚东乡金峰路店),C05233,鹰抚东乡金峰路店,0.0,False,✅成功
淘宝,506003749,煌上煌酱鸭(汕尾陆河建设路专卖店),C09198,汕尾陆河建设路店,3.8,True,✅成功
淘宝,506008080,煌上煌酱鸭(广州白云江夏西路专卖店),C04931,广州白云江夏西路专卖店,0.0,False,✅成功
淘宝,506090819,煌上煌酱鸭(樟树时代广场店),C00682,丰城樟树时代广场店,4.2,True,✅成功
淘宝,506110035,煌上煌(套餐饭鸭脖卤味财富广场店),C06885,宁德财富广场专卖店,0.0,False,✅成功
淘宝,506114356,煌上煌酱鸭(九江奥林匹克花园店),C09707,九江奥林匹克花园店,4.7,True,✅成功
淘宝,506139281,煌上煌酱鸭(赣州定南店),C01075,赣州定南,0.0,False,✅成功
淘宝,506154832,煌上煌酱鸭(九江德安时代凌飞店),C10068,九江德安时代凌飞店,0.0,False,✅成功
淘宝,506178691,煌上煌酱鸭(莲塘二店),C00147,莲塘2,0.0,True,✅成功
淘宝,506194544,煌上煌酱鸭(南京东路直属高新专卖店),C00006,直属高新,4.5,True,✅成功
淘宝,506194557,煌上煌酱鸭(恒大御景店),C04710,恒大御景店,0.0,False,✅成功
淘宝,506228171,煌上煌酱鸭(高新新城吾悦广场店),C04096,新城吾悦广场店,4.3,True,✅成功
淘宝,506249986,煌上煌酱鸭(直属北京西路店),C00058,直属北京西路,5.0,True,✅成功
淘宝,506261053,煌上煌酱鸭(东莞虎门大宁宁馨路专卖店),C10077,东莞虎门大宁宁馨路专卖店,0.0,False,✅成功
淘宝,506343002,煌上煌酱鸭(河南郑州乐尚天地店),C14538,河南郑州乐尚超市店,4.4,True,✅成功
淘宝,506358037,煌上煌酱鸭(直属绳金塔总社店),C00002,直属总社,4.7,True,✅成功
淘宝,506421521,煌上煌酱鸭(卤味饭绿地悦公馆店),C07813,绿地悦公馆,4.9,True,✅成功
淘宝,506465674,煌上煌匠鸭(天朗大兴郡翰苑店),C10250,直属西安天朗翰苑店,0.0,False,✅成功
淘宝,506515589,煌上煌酱鸭(鹰抚上顿渡新区店),C00485,鹰抚上顿渡新区,0.0,True,✅成功
淘宝,506590916,煌上煌酱鸭(旭辉华润店),C10218,南昌新建区旭辉华润,4.4,True,✅成功
淘宝,506600755,煌上煌酱鸭(赣州鸿泰花园店),C10232,赣州三百山路店,0.0,False,✅成功
淘宝,506609333,煌上煌酱鸭(青岛重庆南路利群店),C11385,青岛市北重庆南路利群店,0.0,False,✅成功
淘宝,506609881,煌上煌酱鸭(龙岗平湖上木古专卖店),C10298,龙岗平湖上木古专卖店,0.0,False,✅成功
淘宝,506610547,煌上煌酱鸭(景德镇乐平迎宾店),C01159,景德镇乐平迎宾,0.0,True,✅成功
淘宝,506610612,煌上煌酱鸭(直属莲塘一中店),C07646,直属莲塘一中店,4.8,True,✅成功
淘宝,506612854,煌上煌酱鸭(中山古镇曹三市场店),C02056,中山古镇曹三市场店,0.0,False,✅成功
淘宝,506638011,煌上煌酱鸭(直属苏圃路店),C00067,直属苏圃路,5.0,True,✅成功
淘宝,506642979,煌上煌酱鸭(九江瑞昌大润发店),C01861,九江瑞昌叶波大润发店,0.0,False,✅成功
淘宝,506652866,煌上煌酱鸭(直属子固路店),C00015,直属子固路,0.0,False,✅成功
淘宝,506720955,煌上煌酱鸭(直属中联商城店),C10316,直属赣州中联商城店,4.8,True,✅成功
淘宝,507079575,煌上煌酱鸭(赣州东门店),C01065,赣州东门,5.0,True,✅成功
淘宝,507084303,煌上煌酱鸭(赣州城市家园店),C01126,赣州城市家园店,0.0,False,✅成功
淘宝,507085969,煌上煌酱鸭(东莞望牛墩嘉荣专卖店),C10434,东莞望牛墩嘉荣广场店,0.0,True,✅成功
淘宝,507087365,煌上煌酱鸭(直属绳金塔二店),C10337,直属绳金塔2店,4.8,True,✅成功
淘宝,507103934,煌上煌酱鸭(直属京山店),C00016,直属京山,4.9,True,✅成功
淘宝,507108745,煌上煌酱鸭(直属洪都二店),C00117,直属洪都2店,0.0,True,✅成功
淘宝,507174500,煌上煌酱鸭(恒达花园店),C00236,恒达花园,0.0,False,✅成功
淘宝,507200797,煌上煌酱鸭(分宜商城菜场店),C00698,新余分宜菜场,0.0,False,✅成功
淘宝,507284737,煌上煌酱鸭(直属铁路五村专卖店),C08796,直属铁路五村店,4.8,True,✅成功
淘宝,507289611,煌上煌酱鸭(新余人民医院店),C03626,新余人民医院店,4.2,True,✅成功
淘宝,507318754,煌上煌酱鸭(新余火车站店),C00700,新余火车站,5.0,True,✅成功
淘宝,507330449,煌上煌酱鸭(九江双语小学店),C10524,九江双语小学店,0.0,False,✅成功
淘宝,507331976,煌上煌(赣州兴国红门店),C10470,赣州兴国红门店,4.0,True,✅成功
淘宝,507356988,煌上煌酱鸭(解放路店),C10749,直属上饶步行街店,0.0,False,✅成功
淘宝,507403794,烤鸭坊(百万补贴临沧临翔路店),C10440,云南临沧临翔路店,0.0,False,✅成功
淘宝,507412214,煌上煌酱鸭(泉州南安仑苍店),C02652,泉州南安仑苍店,0.0,True,✅成功
淘宝,507413160,煌上煌酱鸭(望城坡玉兰路店),C11740,直属长沙岳麓区玉兰路店,0.0,False,✅成功
淘宝,507426915,煌上煌酱鸭(吉安吉水罗云店),C01038,吉安吉水汽车站,0.0,True,✅成功
淘宝,507436527,煌上煌酱鸭(皇姑万象汇店),C10406,沈阳皇姑万象汇店,0.0,False,✅成功
淘宝,507465707,煌上煌酱鸭(江门开平水口升宝广场专卖店),C11889,江门开平水口升宝店,0.0,True,✅成功
淘宝,507497110,煌上煌酱鸭(芝罘大悦城店),C06847,烟台芝罘大悦城,0.0,False,✅成功
淘宝,507562665,煌上煌酱鸭(抚南资溪滨江新城店),C10871,抚南资溪滨江新城店,0.0,False,✅成功
淘宝,507571050,煌上煌酱鸭(墅溪路保利合光店),C10720,墅溪路保利合光店,0.0,False,✅成功
淘宝,507607150,煌上煌酱鸭(直属贤士路店),C00010,直属贤士路,0.0,True,✅成功
淘宝,507620469,煌上煌酱鸭(上饶公园道店),C10844,上饶公园道店,4.7,True,✅成功
淘宝,507620475,煌上煌酱鸭(韶关翁源龙湖广场专卖店),C10816,韶关翁源龙湖广场专卖店,0.0,False,✅成功
淘宝,507638644,煌上煌酱鸭(珠海三灶鹏泰专卖店),C11588,珠海三灶唐人街专卖店,0.0,False,✅成功
淘宝,507674720,煌上煌酱鸭(红谷新城店),C00362,红谷新城,0.0,True,✅成功
淘宝,507676766,煌上煌酱鸭(澄湖左岸店),C00295,澄湖左岸店,5.0,True,✅成功
淘宝,507676785,煌上煌酱鸭(新建吾悦广场店),C06138,新建新城吾悦广场店,0.0,False,✅成功
淘宝,507687237,煌上煌酱鸭(江铃臻园店),C10915,江铃臻园店,5.0,True,✅成功
淘宝,507733658,煌上煌酱鸭(陶洼菜场店),C10885,九江陶洼菜场店,0.0,True,✅成功
淘宝,507888241,煌上煌酱鸭(鹰抚莲花路店),C00489,鹰抚莲花路,0.0,True,✅成功
淘宝,507951284,煌上煌酱鸭(海口金棕榈专卖店),C11125,海口金棕榈专卖店,0.0,False,✅成功
淘宝,507965016,煌上煌酱鸭(婺源家润福店),C05901,上饶婺源家润福商超店,0.0,False,✅成功
淘宝,507990008,煌上煌酱鸭(赣州新南康南水店),C11012,赣州新南康南水店,0.0,False,✅成功
淘宝,508003826,煌上煌酱鸭(九江彭泽联盛店),C10746,九江彭泽联盛店,0.0,False,✅成功
淘宝,508004097,煌上煌酱鸭(香溢花城店),C03182,香域花城店,0.0,False,✅成功
淘宝,508026556,煌上煌酱鸭(抚南南城盱江路店),C00900,抚南南城盱江路店,0.0,True,✅成功
淘宝,508026561,煌上煌酱鸭(鹰抚鹰潭天洁东路店),C09064,鹰抚鹰潭煌上煌天洁东路店,5.0,True,✅成功
淘宝,508055449,煌上煌酱鸭(金华东阳江北之芯店),,,0.0,False,❌未匹配
淘宝,508055471,煌上煌酱鸭(湾里鹏泰超市店),C10783,湾里鹏泰超市店,4.9,True,✅成功
淘宝,508087095,煌上煌酱鸭(东莞东坑喜悦里店),C10827,东莞东坑喜悦里专卖店,0.0,False,✅成功
淘宝,508096433,煌上煌酱鸭(南平建阳建发广场专卖店),C11175,南平建阳建发广场专卖店,0.0,False,✅成功
淘宝,508118209,煌上煌酱鸭(漳州诏安专卖店),C11152,漳州诏安店,5.0,True,✅成功
淘宝,508129045,煌上煌酱鸭(平江万达店),C11120,苏州平江万达店,0.0,False,✅成功
淘宝,508291873,煌上煌·卤味(红旗街万达三楼店),C11217,长春红旗万达广场2店,0.0,False,✅成功
淘宝,508340087,煌上煌酱鸭(王顶堤店),C06803,天津华润万家王顶堤店新店,0.0,False,✅成功
淘宝,508346711,煌上煌(鹰抚鹰潭梅园大道店),C00456,鹰抚鹰潭梅园大道店,5.0,True,✅成功
淘宝,508396659,煌上煌(抚南乐安长征路店),C00899,抚南乐安长征路店,0.0,False,✅成功
淘宝,508825081,煌上煌酱鸭(抚南南丰交通路店),C00893,抚南南丰交通路店,5.0,True,✅成功
淘宝,508920107,煌上煌酱鸭(瑞金时代广场店),C11105,赣州瑞金时代广场店,0.0,False,✅成功
淘宝,508945096,煌上煌酱鸭(抚南广昌解放路店),C00892,抚南广昌解放路店,2.9,True,✅成功
淘宝,509109690,煌上煌酱鸭(上饶以伟路店),C11350,上饶以伟店,0.0,False,✅成功
淘宝,509183732,煌上煌(台州天台商业街店),C11426,台州天台店,0.0,False,✅成功
淘宝,509217702,煌上煌酱鸭(赣州温馨家园店),C11369,赣州温馨家园店,0.0,True,✅成功
淘宝,509219933,煌上煌酱鸭(合水口店),C11325,光明区合水口地铁专卖店,0.0,False,✅成功
淘宝,509253404,煌上煌酱鸭(市桥易发街店),C11472,广州番禺易发街店,5.0,True,✅成功
淘宝,509319529,煌上煌酱鸭(宜春鼓楼路(宜春鼓楼路店),C11387,宜春鼓楼路店,0.0,False,✅成功
淘宝,509351689,煌上煌(东莞绿岛花园店),C10326,东莞华为绿岛花园专卖店,0.0,False,✅成功
淘宝,509485061,煌上煌酱鸭(抚南南丰凯升广场店),C09209,抚南南丰凯升广场店,0.0,True,✅成功
淘宝,509671897,煌上煌酱鸭(象湖诚义路店),C00392,象湖城义路店,4.5,True,✅成功
淘宝,509677946,煌上煌(卤味熟食•套餐饭•灌口店),C11531,厦门集美灌口专卖店,0.0,False,✅成功
淘宝,509705078,煌上煌酱鸭(宜春高安瑞阳店),C11465,高安瑞阳店,0.0,False,✅成功
淘宝,509783857,煌上煌酱鸭(花园路店),C11643,直属济南历下花园路街店,0.0,False,✅成功
淘宝,509797020,煌上煌酱鸭(东凤万科店),C11330,中山东凤万科店,0.0,True,✅成功
淘宝,509845079,煌上煌酱鸭(大岭山杨屋专卖店),C11328,东莞大岭山杨屋店,5.0,True,✅成功
淘宝,509861556,煌上煌酱鸭(集美五月花店),C11497,厦门集美五月花专卖店,0.0,False,✅成功
淘宝,509871558,煌上煌(宁德屏南总店),C11437,宁德屏南总店,5.0,True,✅成功
淘宝,509915727,煌上煌酱鸭(江西煌上煌酱鸭),C10891,直属重庆渝北鸳鸯店,0.0,False,✅成功
淘宝,509934045,煌上煌酱鸭(宏伊广场店),C13946,上海黄浦南京东路宏伊广场店,0.0,False,✅成功
淘宝,509949333,煌上煌酱鸭（炒饭•鸭脖•卤菜）草堂店(草堂店),C12078,西安鄠邑草堂二店,5.0,True,✅成功
淘宝,509964606,煌上煌酱鸭(西乡共乐店),C13201,宝安西乡共乐智慧城专卖店,0.0,False,✅成功
淘宝,509977760,煌上煌酱鸭,C11253,贵阳清镇吾悦广场店,0.0,False,✅成功
淘宝,509999461,煌上煌酱鸭(九江庐山帝景御园店),C11608,九江庐山市南康大道帝景御园店,0.0,False,✅成功
淘宝,510012277,煌上煌(信州胜利路店),C11492,上饶信州区胜利路店,0.0,False,✅成功
淘宝,510049297,煌上煌酱鸭(赣州龙南宏昌城店),C11619,赣州龙南宏昌城店,0.0,False,✅成功
淘宝,510051887,煌上煌酱鸭(东至西湖巷店),C00758,池州东至西湖巷店,0.0,False,✅成功
淘宝,510063962,煌上煌酱鸭(抚州剪子口店),C00460,鹰抚剪子口,0.0,True,✅成功
淘宝,510170129,煌上煌酱鸭(抚州瑞日家园店),C11640,鹰抚抚州瑞日家园,4.7,True,✅成功
淘宝,510198800,煌上煌酱鸭(直属赣州公务员小区店),C11596,直属赣州公务员小区店,4.5,True,✅成功
淘宝,510208691,煌上煌·卤味(长白万象汇店),C11850,沈阳长白万象汇店,4.5,False,✅成功
淘宝,510245822,煌上煌酱鸭(上海浦东森兰花园城店),C13949,上海浦东新区森兰广场店,0.0,False,✅成功
淘宝,510255384,煌上煌酱鸭(白水井店),C11701,中山石岐白水井专卖店,0.0,False,✅成功
淘宝,510346140,煌上煌酱鸭(古镇华丰汇店),C11709,中山古镇华丰汇店,0.0,False,✅成功
淘宝,510370968,煌上煌酱鸭(南区悦来天虹店),C11505,中山南区悦来天虹专卖店,0.0,False,✅成功
淘宝,510407042,煌上煌酱鸭(卤味·凉菜·西乡步行街店),C10562,宝安西乡步行街南门店,3.8,True,✅成功
淘宝,510420891,煌上煌酱鸭(新琚农贸市场店),C11757,九龙湖新琚农贸市场店,0.0,False,✅成功
淘宝,510466869,煌上煌酱鸭(信丰桃江御景店),C11565,赣州信丰桃江御景店,0.0,False,✅成功
淘宝,510505619,煌上煌酱鸭(永安公寓一楼粤海路店),C11677,南山区粤海路专卖店,0.0,False,✅成功
淘宝,510557424,煌上煌酱鸭(九江庐山金枫花园店),C11873,九江庐山市金枫花园店,0.0,False,✅成功
淘宝,510651448,煌上煌酱鸭(上海嘉定鹤槎路店),,,0.0,False,❌未匹配
淘宝,510652295,煌上煌酱鸭(杭州景芳地铁商业街店),C11813,直属杭州景芳地铁商业街店,0.0,False,✅成功
淘宝,510663531,煌上煌酱鸭(鸭货卤味·新东方店),C11909,聊城东昌府区新东方广场街店,0.0,False,✅成功
淘宝,510685565,煌上煌酱鸭(容桂天佑城店),C11832,佛山容桂天佑城1店,0.0,False,✅成功
淘宝,510750810,煌上煌酱鸭(南广场店),C11943,黑山宽广路店,0.0,False,✅成功
淘宝,510776149,煌上煌酱鸭(石排公园店),,,0.0,False,❌未匹配
淘宝,510800536,煌上煌酱鸭(杭州东方郡店),C11066,杭州滨江欣盛东方郡店,0.0,False,✅成功
淘宝,510804639,煌上煌酱鸭(莲花路汇金店),C12086,直属上海闵行莲花路汇金超市店,5.0,True,✅成功
淘宝,510920581,煌上煌酱鸭(泉州石狮泰禾广场店),C11910,泉州石狮泰禾广场专卖店,0.0,False,✅成功
淘宝,511016315,煌上煌酱鸭(平高广场店),C12106,上海松江平高广场店,0.0,False,✅成功
淘宝,511061906,煌上煌酱鸭(淘乐店),C12139,沈阳淘乐店,0.0,False,✅成功
淘宝,511077246,煌上煌(坂田百佳华店),C02690,龙岗区坂田店,4.3,True,✅成功
淘宝,511096291,煌上煌酱鸭(永宁店),C12097,泉州石狮永宁店,5.0,True,✅成功
淘宝,511100561,煌上煌酱鸭(石龙金沙湾店),C12005,东莞石龙金沙湾广场专卖店,0.0,False,✅成功
淘宝,511491309,煌上煌酱鸭(松江万达广场店),,,0.0,False,❌未匹配
淘宝,511602495,煌上煌酱鸭(观邸超市店),,,0.0,False,❌未匹配
淘宝,511642542,煌上煌酱鸭(鹰抚抚州开元店),C11723,鹰抚抚州开元店,0.0,True,✅成功
淘宝,511676958,煌上煌酱鸭(长乐漳港商行街专卖店),C12241,福州长乐商行街专卖店,0.0,False,✅成功
淘宝,511681141,煌上煌酱鸭(南宁江南万达店),C12225,南宁江南万达店,0.0,False,✅成功
淘宝,511770074,煌上煌酱鸭·卤味·小吃·简餐·粥品(经园路太原总店),C12160,直属山西太原经园路店,0.0,False,✅成功
淘宝,511825148,煌上煌酱鸭(东乡城东鹏泰店),C12302,鹰抚东乡城东鹏泰店,0.0,True,✅成功
淘宝,511845527,煌上煌·卤味(星摩尔比优特店),C12111,沈阳星摩尔比优特店,0.0,False,✅成功
淘宝,511924324,煌上煌酱鸭(柳林路店),C12273,直属河南郑州柳林路店,0.0,False,✅成功
淘宝,511930238,煌上煌酱鸭(南商路店),C11936,南山区南商路专卖店,0.0,False,✅成功
淘宝,512036999,煌上煌酱鸭(岳麓区含浦店),C11978,直属长沙岳麓区含浦店,0.0,False,✅成功
淘宝,512043653,煌上煌酱鸭(凯旋公馆店),C12388,丰城凯旋公馆店,0.0,False,✅成功
淘宝,512241636,煌上煌酱鸭(鹏辉福联顺店),,,0.0,False,❌未匹配
淘宝,512280748,煌上煌酱鸭(万和城二店),C12333,直属河南郑州万和城2店,0.0,False,✅成功
淘宝,512315476,煌上煌(文峰商业步行街店),C12115,都匀民主路步行街店,0.0,False,✅成功
淘宝,512375234,煌上煌酱鸭(厚街中心店),C12459,东莞厚街中心大道专卖店,0.0,False,✅成功
淘宝,512420317,煌上煌酱鸭(景德镇景城名郡店),C12452,景德镇景城名郡店(译翔丽),5.0,True,✅成功
淘宝,512527673,煌上煌酱鸭(方家山日新百货店),C12509,景德镇方家山日新店,0.0,False,✅成功
淘宝,512591562,煌上煌酱鸭(义乌工人北路店),C12561,义乌工人北路店,0.0,False,✅成功
淘宝,512756654,煌上煌酱鸭(赣州信丰铂金湾店),C12119,赣州信丰铂金湾店,0.0,True,✅成功
淘宝,512765017,煌上煌酱鸭(中环城商业街店),C12482,直属合肥中环城商业街店,0.0,False,✅成功
淘宝,512819213,煌上煌酱鸭(龙岗中心城万科广场店),C12539,龙岗中心城万科广场专卖店,0.0,False,✅成功
淘宝,512872639,煌上煌·卤味(天富惠商场门店),C04755,长春天富惠店,0.0,False,✅成功
淘宝,512950527,煌上煌·卤味(五中比优特店),C12578,沈阳五中比优特店,0.0,False,✅成功
淘宝,512977554,煌上煌酱鸭(博泰生命树店),C12505,青云谱博泰生命树店,4.6,True,✅成功
淘宝,513479522,煌上煌酱鸭(招商花园城店),C12672,上海浦东曹路招商花园城店,0.0,False,✅成功
淘宝,513504211,煌上煌酱鸭(博罗长宁镇店),C12658,惠州博罗长宁专卖店,0.0,False,✅成功
淘宝,513534791,煌上煌·卤味(于洪广场鑫旺店),C12697,沈阳于洪广场鑫旺店,0.0,False,✅成功
淘宝,513748513,煌上煌(华大店),C10270,东莞长安厦边华大专卖店,0.0,False,✅成功
淘宝,513830993,煌上煌(北沥农贸市场店),C00320,北沥农民公寓店,0.0,False,✅成功
淘宝,513845074,煌上煌酱鸭(大源店),C02360,广州大源,0.0,False,✅成功
淘宝,513900286,煌上煌酱鸭(丰城直属煌盛龙光里店),C12751,丰城直属煌盛龙光里店,0.0,False,✅成功
淘宝,513936890,煌上煌酱鸭(中山南朗永兴路店),C12908,中山南朗凯盈店,4.8,True,✅成功
淘宝,513976446,煌上煌酱鸭(阳光广场店),C12709,龙岗龙城阳光广场店,4.8,True,✅成功
淘宝,513978008,煌上煌酱鸭(新塘现代城市花园店),C11717,广州新塘现代城市花园专卖店,0.0,False,✅成功
淘宝,513990187,煌上煌(赣县梅林古镇店),C12610,赣州赣县梅林古镇店,0.0,False,✅成功
淘宝,514040109,煌上煌酱鸭(景德镇新天地店),C12729,景德镇新天地店,0.0,False,✅成功
淘宝,514265232,煌上煌酱鸭(岐山路店),,,5.0,True,❌未匹配
淘宝,514415372,煌上煌酱鸭(合肥国购广场购物中心店),C12497,直属合肥国购广场购物中心店,0.0,False,✅成功
淘宝,514680360,煌上煌酱鸭(西塔专卖店),C04296,直属沈阳西塔店,0.0,False,✅成功
淘宝,514765373,煌上煌酱鸭(临泉店),C11450,安徽临泉店,0.0,False,✅成功
淘宝,514846098,煌上煌酱鸭(景德镇新德园店),C13103,景德镇新德园旗舰店（辰译优）,4.4,True,✅成功
淘宝,514916508,煌上煌酱鸭(赣州南康唐江镇店),C01102,赣州南康唐江镇,0.0,False,✅成功
淘宝,514946327,煌上煌酱鸭(谭头店),C12949,宝安松岗潭头店,4.4,True,✅成功
淘宝,514962142,煌上煌酱鸭(慈利阳光花城店),C13148,慈利县笔架东路店,0.0,False,✅成功
淘宝,515001072,煌上煌酱鸭(龙竹路安东花园店),C13019,龙竹路安东花园店,0.0,False,✅成功
淘宝,515046191,煌上煌酱鸭(博白锦绣广场店),C12886,玉林博白锦绣广场店,5.0,True,✅成功
淘宝,515076167,煌上煌酱鸭(东方城市广场店),C12909,新化通程广场店,0.0,False,✅成功
淘宝,515086076,煌上煌酱鸭(赣州龙南博美店),C12617,赣州龙南博美店,0.0,False,✅成功
淘宝,515137101,煌上煌酱鸭(淡村店),C12970,南宁淡村农贸市场店,0.0,True,✅成功
淘宝,515137145,煌上煌酱鸭(卤味烧烤德思勤店),C13173,长沙洞井路店,0.0,False,✅成功
淘宝,515150413,煌上煌酱鸭(东海泰禾天街店),C12767,泉州东海泰禾天街店,0.0,False,✅成功
淘宝,515166674,煌上煌酱鸭(昆山华润万家店),C12568,昆山市华润万家店,0.0,False,✅成功
淘宝,515385220,煌上煌酱鸭(艾溪湖农贸市场店),C13067,艾溪湖农贸市场店,0.0,True,✅成功
淘宝,516185353,煌上煌酱鸭(马甲店),C13162,泉州洛江区马甲店,0.0,False,✅成功
淘宝,516926961,煌上煌酱鸭(贵溪广场店),C00491,鹰抚贵溪广场店,0.0,False,✅成功
淘宝,516927991,煌上煌酱鸭(九江彭泽龙城菜场店),C13559,九江彭泽龙城菜场店,0.0,False,✅成功
淘宝,516931703,煌上煌(安徽国购广场店),C13193,安徽国购广场店,0.0,False,✅成功
淘宝,516937488,煌上煌(龙华民治大道店),C13473,龙华民治大道专卖店,0.0,False,✅成功
淘宝,516942263,煌上煌(平湖万达店),C13362,龙岗平湖万达店,4.8,True,✅成功
淘宝,516965561,煌上煌酱鸭(金地龙城店),C12570,龙岗中心金地龙城专卖店,0.0,False,✅成功
淘宝,516988224,煌上煌酱鸭(三亚解放路步行街专卖店),C13595,三亚解放路步行街店,5.0,False,✅成功
淘宝,516993411,煌上煌酱鸭(贵州兴义市兴义商超店),C05703,贵州兴义市兴义商超店,0.0,True,✅成功
淘宝,517006499,煌上煌酱鸭(双湖广场店),C13315,江苏省苏州双湖广场店,0.0,False,✅成功
淘宝,517008288,煌上煌酱鸭(万达店),C13549,南宁青秀万达店,0.0,False,✅成功
淘宝,517008500,煌上煌酱鸭(卤味·莲花店),C13601,厦门思明莲花南路专卖店,0.0,False,✅成功
淘宝,517028287,煌上煌酱鸭(龙岗布吉新乐路专卖店),C13536,龙岗布吉新乐路专卖店,0.0,False,✅成功
淘宝,517035908,煌上煌(海雅缤纷城店),C13333,直属宝安海雅缤纷城广场专卖店,0.0,False,✅成功
淘宝,517037339,煌上煌(坪地宜城广场店),C13441,龙岗坪地宜城广场专卖店,0.0,False,✅成功
淘宝,517070052,煌上煌酱鸭(福城天虹店),C12612,龙华福城天虹美食街店,0.0,False,✅成功
淘宝,517077820,煌上煌酱鸭(长楹天街店),C13430,直属北京朝阳常营美食街店,0.0,False,✅成功
淘宝,517077998,煌上煌酱鸭（霞美星城新天地店）,C13470,泉州南安星城新天地店,0.0,False,✅成功
淘宝,517086449,煌上煌(西丽366大街店),C13263,南山西丽366大街专卖店,0.0,False,✅成功
淘宝,517095273,煌上煌·卤味(皇姑万象汇店),C13168,沈阳皇姑万象汇融合店,0.0,False,✅成功
淘宝,517117007,煌上煌(得丰榕湾汇店),C13649,宝安西乡得丰榕湾汇专卖店,0.0,False,✅成功
淘宝,517127237,煌上煌酱鸭(川沙现代广场店),C13135,上海战区浦东川沙现代广场店,0.0,False,✅成功
淘宝,517128351,煌上煌酱鸭(直属南山保利广场专卖店),C13523,直属南山保利广场专卖店,0.0,False,✅成功
淘宝,517145523,煌上煌·卤味(奥体万达店),C13178,沈阳浑南奥体万达店,0.0,False,✅成功
淘宝,517161875,煌上煌酱鸭(余江白塔东路店),C00463,鹰抚余江白塔东路店,5.0,True,✅成功
淘宝,517167469,煌上煌酱鸭(景德镇戴家弄店),C13437,景德镇戴家弄店,5.0,True,✅成功
淘宝,517172120,煌上煌酱鸭(北苑之心店),C13439,义乌北苑之心店,5.0,True,✅成功
淘宝,517695382,煌上煌酱鸭(钱江路地铁站店),C13243,杭州钱江路地铁站店,0.0,False,✅成功
淘宝,517700828,煌上煌酱鸭(丰城东方铭城店),C12581,丰城东方铭城店,5.0,True,✅成功
淘宝,517710695,煌上煌酱鸭(览秀城店),C13343,直属青岛城阳金茂览秀城店,0.0,False,✅成功
淘宝,517721568,煌上煌酱鸭(永丰五交化店),C13443,吉安永丰龙岗路店,0.0,True,✅成功
淘宝,517772247,煌上煌酱鸭(东区市场店),C13241,佛山乐从东区市场店,0.0,True,✅成功
淘宝,517797339,煌上煌酱鸭(大雁塔乐游东路店),C13169,西安大雁塔乐游东路店,0.0,False,✅成功
淘宝,517848422,煌上煌酱鸭(鹰潭五洲路菜市场店),C13310,鹰潭五洲路菜市场店,0.0,False,✅成功
淘宝,517890057,煌上煌酱鸭(大浪商业中心店),C13177,龙华大浪商业中心店,4.2,True,✅成功
淘宝,517915150,煌上煌酱鸭(新昌万达广场店),C13326,绍兴新昌万达广场店,0.0,False,✅成功
淘宝,517977076,煌上煌酱鸭(富民广场店),C13240,大连富民广场店,0.0,False,✅成功
淘宝,518058728,煌上煌(红山6979店),C13279,龙华红山6979专卖店,0.0,False,✅成功
淘宝,518165293,煌上煌酱鸭(天虹二店),C13153,宁乡天虹二店,0.0,False,✅成功
淘宝,518167230,煌上煌·卤味(小北一西路店),C13457,沈阳小北一西路店,0.0,False,✅成功
淘宝,518176021,煌上煌酱鸭(盐城大有境店),C13313,江苏省盐城大有境店,0.0,False,✅成功
淘宝,518180173,煌上煌酱鸭(中山公园龙之梦店),C13175,直属上海长宁中山公园龙之梦店,5.0,True,✅成功
淘宝,518181951,煌上煌(温州黎明西路店),C14050,温州黎明西路专卖店,0.0,False,✅成功
淘宝,518227922,煌上煌酱鸭(中唐盛境店),C13605,义乌市苏溪镇中唐盛境店,0.0,False,✅成功
淘宝,518280937,煌上煌(厦门同安潘涂店),C13303,厦门同安潘涂店,0.0,False,✅成功
淘宝,518382375,煌上煌酱鸭(祥芝店),C13357,泉州石狮祥芝店,5.0,True,✅成功
淘宝,519256261,煌上煌酱鸭(文艺路南路华润万家店),C11819,西安文艺路华润万家店,5.0,True,✅成功
淘宝,519261302,煌上煌酱鸭(万达店),C13611,义乌楼下村中心广场店,0.0,False,✅成功
淘宝,519265679,煌上煌(直属南山龙海家园店),C14286,直属南山龙海家园专卖店,0.0,False,✅成功
淘宝,519446024,煌上煌酱鸭(福州平潭吾悦广场店),C13521,福州平潭吾悦广场店,0.0,False,✅成功
淘宝,520145018,煌上煌酱鸭(龙华福城桔坑店),C12935,龙华福城桔坑店,4.9,True,✅成功
淘宝,520450481,煌上煌酱鸭(苏州园区苏州中心店),C13551,苏州园区苏州中心店,0.0,False,✅成功
淘宝,520465096,煌上煌酱鸭(苏州青剑湖龙湖店),C13579,苏州青剑湖龙湖店,0.0,False,✅成功
淘宝,520510465,煌上煌酱鸭(吉安安福铁井路店),C13562,吉安安福铁井路店,4.1,True,✅成功
淘宝,520515939,煌上煌酱鸭(东莞虎门赤岗店),C13509,东莞虎门赤岗店,4.0,True,✅成功
淘宝,520545234,煌上煌酱鸭(九江彭泽联盛超市店),C13685,九江彭泽联盛超市店,0.0,False,✅成功
淘宝,520545381,煌上煌酱鸭(吉安县幸福家园店),C13622,吉安县幸福家园店,0.0,False,✅成功
淘宝,520550328,煌上煌酱鸭(东莞大朗远大广场专卖店),C02169,东莞大朗远大广场专卖店,0.0,False,✅成功
淘宝,520555893,煌上煌酱鸭(枫泾枫阳路店),C13746,上海金山枫泾枫阳路店,0.0,False,✅成功
淘宝,520555918,煌上煌酱鸭(澄迈洪都购物广场店),C13745,澄迈洪都购物广场店,4.5,True,✅成功
淘宝,520560274,煌上煌酱鸭(九江共青城甘露店),C00752,九江共青城甘露,0.0,True,✅成功
淘宝,520580417,煌上煌酱鸭(惠东大岭店),C02536,惠东大岭店,4.0,True,✅成功
淘宝,520600978,煌上煌酱鸭(武宣大洋城店),C13721,武宣大洋城店,0.0,True,✅成功
淘宝,520645904,煌上煌酱鸭(南平光泽中山路店),,,0.0,False,❌未匹配
淘宝,520660663,煌上煌酱鸭(景德镇梨树园店),C05203,景德镇梨树园店,0.0,False,✅成功
淘宝,520661327,煌上煌酱鸭(赣州信丰国光店),C13742,赣州信丰国光专卖店,0.0,False,✅成功
淘宝,520675575,煌上煌酱鸭(直属昆明环城南路店),C13167,直属昆明环城南路店,0.0,False,✅成功
淘宝,520705068,煌上煌酱鸭(广州花都太子街店),C13618,广州花都太子街店,0.0,True,✅成功
淘宝,520755866,煌上煌酱鸭(吉安遂川天际华庭店),C13630,吉安遂川天际华庭店,0.0,False,✅成功
淘宝,521115932,煌上煌酱鸭(惠州潼湖店),C13629,惠州潼湖专卖店,0.0,False,✅成功
淘宝,521115935,煌上煌酱鸭(直属长沙市雨花区凯德广场店),C13648,直属长沙市雨花区凯德广场店,0.0,False,✅成功
淘宝,521145187,煌上煌酱鸭(龙岗布吉万象汇华润店),C13678,龙岗布吉万象汇华润店,5.0,True,✅成功
淘宝,521145980,煌上煌酱鸭(吉安城建花园店),C13781,吉安城建花园店,0.0,True,✅成功
淘宝,521155994,煌上煌酱鸭(湖里寨上店),C13872,厦门湖里寨上专卖店,0.0,False,✅成功
淘宝,521203898,煌上煌酱鸭(潘桥直营店),C02221,温州高桐店,5.0,True,✅成功
淘宝,521415247,煌上煌酱鸭(龙盛广场店),C03033,龙岗区中信龙盛广场店,0.0,True,✅成功
淘宝,521470472,煌上煌酱鸭(景德镇十八桥店),C13716,景德镇十八桥店,5.0,True,✅成功
淘宝,521505544,煌上煌酱鸭(直属新南站店),C11300,温州新南站一店,0.0,False,✅成功
淘宝,521507703,煌上煌酱鸭(直属东方店),C14326,温州数安港店,0.0,False,✅成功
淘宝,521520021,煌上煌酱鸭(万象城金街店),C15076,直属赣州万象城金街店,3.2,True,✅成功
淘宝,521595814,煌上煌酱鸭(吉安县城东菜场店),C13747,吉安县城东菜场店,4.9,True,✅成功
淘宝,522195216,煌上煌酱鸭(苏州金鹰奥特莱斯店),C13743,苏州金鹰奥特莱斯店,0.0,False,✅成功
淘宝,522205204,煌上煌酱鸭(苏州相城龙湖天街店),C13877,苏州相城龙湖天街店,4.8,True,✅成功
淘宝,522215540,煌上煌酱鸭(长沙芙蓉南路天虹商场店),C13915,长沙芙蓉南路天虹商场店,0.0,False,✅成功
淘宝,522230292,煌上煌酱鸭(景德镇珠山店),C13739,景德镇珠山大道店,0.0,False,✅成功
淘宝,522232127,煌上煌酱鸭(宝安新安勤诚达沃尔玛店),C13713,宝安新安勤诚达沃尔玛专卖店,0.0,False,✅成功
淘宝,522235198,煌上煌酱鸭(钱江世纪城地铁商业街店),C13825,杭州钱江世纪城地铁商业街店,0.0,False,✅成功
淘宝,522252269,煌上煌酱鸭(珠海香洲印象城店),C13970,珠海香洲印象城店,4.8,True,✅成功
淘宝,522255216,煌上煌酱鸭(中山坦洲十四村三乐店),C13765,中山坦洲十四村三乐专卖店,0.0,False,✅成功
淘宝,522265361,煌上煌酱鸭(象湖银亿农贸市场店),C13423,象湖银亿农贸市场,0.0,False,✅成功
淘宝,522265549,煌上煌酱鸭(珠海香洲融德店),C13893,珠海香洲融德店,4.3,True,✅成功
淘宝,522272886,煌上煌酱鸭(莲塘府前东路店),C08050,莲塘府前东路店,0.0,False,✅成功
淘宝,522287165,煌上煌酱鸭(贵港市万达店),C13901,贵港市万达店,0.0,False,✅成功
淘宝,522317169,煌上煌酱鸭(福州南站店),C13586,福州南站店,0.0,True,✅成功
淘宝,522335220,煌上煌酱鸭(直属万寿宫带子街店),C13826,直属万寿宫带子街店,0.0,True,✅成功
淘宝,522335350,煌上煌酱鸭(永兴店),C13929,永兴专卖店,0.0,False,✅成功
淘宝,522337170,煌上煌酱鸭(直属合肥步行街店),C13822,直属合肥步行街店,4.9,True,✅成功
淘宝,522338758,煌上煌酱鸭(海口和信广场店),C06258,海口和信广场店,5.0,True,✅成功
淘宝,522340184,煌上煌酱鸭(东莞高埗万和广场店),C13717,东莞高埗万和广场专卖店,0.0,False,✅成功
淘宝,522355223,煌上煌酱鸭(三亚马岭店),C11499,三亚马岭专卖店,0.0,False,✅成功
淘宝,522360190,煌上煌酱鸭(青岛劲松路大润发店),C13803,青岛劲松路大润发店,0.0,False,✅成功
淘宝,522395517,煌上煌酱鸭(赣州南康爱情海金街店),C13598,赣州南康爱情海金街店,0.0,True,✅成功
淘宝,522560775,煌上煌酱鸭(萍乡金御天下店),C13882,萍乡金御天下店,0.0,False,✅成功
淘宝,522790090,煌上煌酱鸭(南山来福士购物广场店),C13829,南山来福士购物广场专卖店,0.0,False,✅成功
淘宝,522938942,煌上煌酱鸭(贵阳金阳红街店),C13219,贵阳观山湖金阳红街店,0.0,False,✅成功
淘宝,523021682,煌上煌酱鸭(南昌金沙2店),C05419,南昌金沙2店,4.0,True,✅成功
淘宝,523100843,煌上煌酱鸭（南山珠光店）,C13712,南山西丽珠光华润专卖店,0.0,False,✅成功
淘宝,523218223,煌上煌酱鸭(烟台开发区万行商街店),C13959,烟台开发区万行商街店,0.0,False,✅成功
淘宝,523550134,煌上煌酱鸭(龙岗南湾宇宏花园店),C13793,龙岗南湾宇宏花园专卖店,0.0,False,✅成功
淘宝,523675771,煌上煌酱鸭(五角场万达店),C13913,直属上海杨浦五角场万达店,4.8,True,✅成功
淘宝,524390087,煌上煌酱鸭(九江修水新阳超市店),C14003,九江修水新阳超市店,0.0,True,✅成功
淘宝,524525151,煌上煌酱鸭(新建花果山店),C06753,南昌新建花果山店,0.0,False,✅成功
淘宝,524626385,煌上煌酱鸭(经开榴云路店),C10822,经开榴云路店,3.0,True,✅成功
淘宝,524635573,煌上煌酱鸭(南昌融创万达城店),C09165,南昌融创万达城店,5.0,True,✅成功
淘宝,524675144,煌上煌酱鸭(长沙望城区龙湖月亮岛天街店),C14018,长沙望城区龙湖月亮岛天街专卖店,0.0,False,✅成功
淘宝,524680111,煌上煌酱鸭(海口龙湖光年专卖店),C12079,海口龙湖光年店,4.0,True,✅成功
淘宝,524731442,煌上煌酱鸭(直属珠宝街店),C14033,直属万寿宫珠宝街店,0.0,True,✅成功
淘宝,524735122,煌上煌酱鸭(惠安中新花园店),C14057,泉州惠安八二三东街店,0.0,False,✅成功
淘宝,524766495,煌上煌酱鸭(直属苏州东吴龙湖天街店),C14163,直属苏州东吴龙湖天街店,0.0,False,✅成功
淘宝,524896394,煌上煌酱鸭(济南莱芜信誉楼店),C14113,济南莱芜信誉楼店,0.0,False,✅成功
淘宝,524905424,煌上煌酱鸭(德化新街店),C05727,直属河南郑州德化新街二店,5.0,True,✅成功
淘宝,524911306,煌上煌酱鸭(龙华共和花园专卖店),C14046,龙华共和花园店,4.4,True,✅成功
淘宝,524916269,煌上煌酱鸭(苏州相城复悦荟店),C14015,苏州相城复悦荟店,0.0,False,✅成功
淘宝,524920537,煌上煌酱鸭(龙溪万润城店),C08234,惠州博罗龙溪万润城店,0.0,False,✅成功
淘宝,525067813,煌上煌酱鸭（万科大都荟店）,C14297,厦门集美北站,4.7,True,✅成功
淘宝,525095784,煌上煌酱鸭(景德镇昌江古城店),C14039,景德镇昌江古城店,0.0,True,✅成功
淘宝,525096490,煌上煌酱鸭(龙华星潮泰未来城专卖店),C14253,龙华星潮泰未来城专卖店,0.0,False,✅成功
淘宝,525300861,煌上煌酱鸭(贵溪天虹店),C15039,鹰潭市贵溪天虹店,0.0,True,✅成功
淘宝,525375559,煌上煌酱鸭(厦门思明上李店),,,0.0,False,❌未匹配
淘宝,525840059,煌上煌酱鸭(直属中山天虹店),C14196,直属中山天虹店,0.0,True,✅成功
淘宝,525840273,煌上煌酱鸭(淄博张店联华马尚店),C08241,淄博张店联华马尚店（烟台港银商贸有限公司）,0.0,False,✅成功
淘宝,526700302,煌上煌酱鸭(赣州瑞金宝钢小学店),C01079,赣州瑞金宝钢小学店,0.0,True,✅成功
淘宝,526705338,煌上煌酱鸭(鹰抚贸易广场店),C13427,鹰抚贸易广场店,0.0,True,✅成功
淘宝,526790221,煌上煌酱鸭(佛山西樵星元汇广场专卖店),C14189,佛山西樵星元汇广场店,4.9,True,✅成功
淘宝,526805253,煌上煌酱鸭(罗湖泥岗金碧路专卖店),C02866,罗湖泥岗金碧路店,0.0,False,✅成功
淘宝,526815211,煌上煌酱鸭(河南郑州东风路地铁站店),C14198,河南郑州东风路地铁站店,0.0,False,✅成功
淘宝,526830217,煌上煌酱鸭(中山路店),C10630,中山路,0.0,True,✅成功
淘宝,526910589,煌上煌酱鸭(贵阳花果园兰花广场专柜店),C14580,贵阳花果园兰花广场专柜店,0.0,False,✅成功
淘宝,527035205,煌上煌酱鸭(钟鼓楼店),C10627,钟鼓楼,5.0,True,✅成功
淘宝,527055199,煌上煌酱鸭(陕西榆林万达广场店),C14229,陕西榆林万达广场店,0.0,False,✅成功
淘宝,527056533,煌上煌(临安人民广场店),C14299,杭州临安人民广场店,0.0,True,✅成功
淘宝,527416100,煌上煌酱鸭(杭州西投银泰城店),C14268,杭州西投银泰城店,0.0,False,✅成功
淘宝,528745377,煌上煌酱鸭(直属河南郑州二七万达店),C14277,直属河南郑州二七万达店,5.0,False,✅成功
淘宝,528800347,煌上煌酱鸭(鹰抚抚州曾巩大道福泰店),C03630,鹰抚抚州曾巩大道福泰店,0.0,False,✅成功
淘宝,528821227,煌上煌酱鸭(直属万寿宫象山路店),C14345,直属万寿宫象山路店,0.0,True,✅成功
淘宝,528831213,煌上煌酱鸭(龙岗坂田雪象新村专柜店),C14409,龙岗坂田雪象新村店,0.0,False,✅成功
淘宝,528851457,煌上煌酱鸭(景德镇德兴金山大道店),C04616,上饶德兴金山大道店,5.0,True,✅成功
淘宝,528855454,煌上煌酱鸭(河南郑州祥和居店),C14381,河南郑州祥和居店,0.0,True,✅成功
淘宝,528890340,煌上煌酱鸭(公园路店),C10282,公园路,0.0,False,✅成功
淘宝,528900349,煌上煌酱鸭(海口万达旺佳旺店),C14321,海口万达旺佳旺店,0.0,False,✅成功
淘宝,528905395,煌上煌酱鸭(上李朗店),,,0.0,False,❌未匹配
淘宝,528910337,煌上煌酱鸭(义坊路商业街店),C13447,青山湖昌东义坊路商业街店,3.5,True,✅成功
淘宝,528915360,煌上煌酱鸭(泉州安溪宝龙观光夜市专卖店),C14347,泉州安溪宝龙观光夜市店,4.3,True,✅成功
淘宝,528925321,煌上煌酱鸭(福田新城市广场专卖店),C14285,福田新城市广场专卖店,0.0,False,✅成功
淘宝,529315253,煌上煌酱鸭(龙岗坪地创城专卖店),C14358,龙岗坪地创城专卖店,0.0,False,✅成功
淘宝,529359421,煌上煌酱鸭(南山大冲新城花园专卖店),C14063,直属南山大冲新城花园专卖店,0.0,False,✅成功
淘宝,529390306,煌上煌酱鸭(赣电洪府店),C11896,南昌广州路赣电洪府,0.0,True,✅成功
淘宝,529611739,老市集·南昌拌粉·煌上煌,C14539,福州宏路专卖店,0.0,False,✅成功
淘宝,529641025,煌上煌酱鸭(肇庆鼎湖敏敏捷广场专卖店),C14307,肇庆鼎湖敏敏捷广场店,0.0,True,✅成功
淘宝,529736945,煌上煌酱鸭(梁溪万达店),C14577,梁溪万达店,0.0,False,✅成功
淘宝,529860686,煌上煌酱鸭(泉州晋江并创旅游广场专卖店),C14433,泉州晋江并创旅游广场专卖店,0.0,False,✅成功
淘宝,529971123,煌上煌酱鸭(山西太原绿地世纪城店),C14546,山西太原绿地世纪城店,0.0,False,✅成功
淘宝,530270424,煌上煌酱鸭(义乌青口夜市店),C14570,义乌青口夜市店,0.0,False,✅成功
淘宝,530375113,煌上煌酱鸭(金台店),C05201,金台店,0.0,True,✅成功
淘宝,530490685,煌上煌酱鸭(王府井店),C10277,王府井店,0.0,False,✅成功
淘宝,530650226,煌上煌酱鸭(东莞道滘万集荟店),C14530,东莞道滘万集荟店,0.0,False,✅成功
淘宝,531096193,煌上煌酱鸭(福州东湖店),C13823,福州东湖店,0.0,True,✅成功
淘宝,531195886,煌上煌酱鸭(直属八一广场2店),C14568,直属八一广场2店,0.0,True,✅成功
淘宝,531355693,煌上煌酱鸭(大鹏佳兆业广场专卖店),C14073,大鹏佳兆业广场店,0.0,True,✅成功
淘宝,531430112,煌上煌酱鸭(直属大士院店),C14489,直属大士院店,4.0,True,✅成功
淘宝,531560937,煌上煌酱鸭(玉山玉虹中央公园店),C14616,玉山玉虹中央公园,0.0,True,✅成功
淘宝,531998682,煌上煌酱鸭(福州宝龙广场店),C11485,直属福州宝龙专卖店,0.0,False,✅成功
淘宝,532185441,煌上煌酱鸭(鹰抚抚州阳光城店),C11458,鹰抚抚州阳光城,5.0,True,✅成功
淘宝,532250169,煌上煌酱鸭(合浦商业中心专卖店),C14569,合浦商业中心店,0.0,True,✅成功
淘宝,532670007,煌上煌酱鸭(宁德万和城专卖店),C14559,宁德万和城店,4.8,True,✅成功
淘宝,532975032,煌上煌酱鸭(九龙湖绿地悦城店),C11842,红谷滩联泰桥郡,0.0,False,✅成功
淘宝,533690027,煌上煌酱鸭(河池众辉超市专卖店),C14603,河池众辉超市店,0.0,True,✅成功
淘宝,533880370,煌上煌酱鸭(莆田大润发店),C14646,莆田大润发店,0.0,False,✅成功
淘宝,533940349,煌上煌酱鸭(抚州万家隆超市店),C11878,鹰抚抚州万家隆超市店,0.0,True,✅成功
淘宝,534045345,煌上煌酱鸭(进贤康盛阳光店),C10777,进贤康盛阳光店,0.0,False,✅成功
淘宝,534050308,煌上煌酱鸭(新樾府店),C13643,宜春奉新赤岸新樾府店,0.0,True,✅成功
淘宝,534110013,煌上煌酱鸭(龙岗布吉景华汇专柜店),C14605,龙岗布吉景华汇专柜店,0.0,False,✅成功
淘宝,534295003,煌上煌(直属工厂店),C14543,直属陕西煌上煌工厂店,0.0,True,✅成功
淘宝,534532806,煌上煌酱鸭(福州省体育馆店),C13968,福州省体店,0.0,True,✅成功
淘宝,534565008,煌上煌酱鸭(宜春润达百货店),C14463,宜春鼓楼西路店,0.0,False,✅成功
淘宝,534990236,煌上煌酱鸭(沧州黄骅信誉楼店),C14665,沧州黄骅信誉楼店,0.0,False,✅成功
淘宝,535198158,煌上煌酱鸭(未来街区店),C14708,西安朗诗未来街区旺邻优选店,0.0,False,✅成功
淘宝,535560114,煌上煌酱鸭(楞上花园店),C00310,楞上花园,0.0,True,✅成功
淘宝,535925080,煌上煌酱鸭(经开智慧谷店),C09103,煌上煌经开智慧谷店,5.0,True,✅成功
淘宝,536280021,煌上煌酱鸭(海口湖城星光汇店),C14698,海口湖城星光汇专柜店,0.0,False,✅成功
淘宝,536290914,煌上煌酱鸭(吉安万安店),C00989,吉安万安,0.0,False,✅成功
淘宝,536466974,煌上煌酱鸭(直属八一馆店),C14661,直属八一馆店,0.0,True,✅成功
淘宝,536495325,煌上煌酱鸭(邵阳宏锦嘉苑店),C14737,邵阳新宁宏锦嘉苑商场店,0.0,False,✅成功
淘宝,536495326,煌上煌酱鸭(赣州锦辉店),C14720,赣州锦辉店,0.0,False,✅成功
淘宝,536506881,煌上煌酱鸭(阳光城旺豪超市店),C14739,海口友谊阳光城旺豪超市专柜店,0.0,False,✅成功
淘宝,536926930,煌上煌酱鸭(罗湖口岸美食城店),C14673,罗湖口岸美食城专卖店,0.0,False,✅成功
淘宝,536940485,煌上煌酱鸭(玉林市金港湾广场店),C14668,玉林金港湾广场店,0.0,False,✅成功
淘宝,536960445,煌上煌酱鸭(龙岗横岗塘坑地铁店),C14709,龙岗横岗塘坑地铁店,4.9,True,✅成功
淘宝,536975213,煌上煌酱鸭(福州三盛托斯卡纳二期店),C14731,福州三盛托斯卡纳二期店,4.8,True,✅成功
淘宝,537055309,煌上煌酱鸭(上饶玉山汇金广场店),C14725,上饶玉山汇金广场店,0.0,True,✅成功
淘宝,537081607,煌上煌酱鸭(时代新城店),C11343,赣州南康时代新城店,4.7,True,✅成功
淘宝,537125025,煌上煌酱鸭(虎门怀丰商业广场店),C14662,虎门怀丰商业广场店,0.0,False,✅成功
淘宝,537317800,煌上煌酱鸭(广州车陂高地大街店),C14755,广州车陂高地大街专卖店,0.0,False,✅成功
淘宝,538425032,煌上煌酱鸭(宜春大洪御湖城店),C14779,宜春大洪御湖城店,0.0,False,✅成功
淘宝,538430213,煌上煌酱鸭(铁道学院天虹店),C14803,长沙铁道学院天虹冬影店,4.7,True,✅成功
淘宝,538445431,煌上煌热卤(地铁万科店),C14793,直属地铁万科广场店,4.9,True,✅成功
淘宝,539210585,煌上煌酱鸭(吉安恒丰花园店),C11642,吉安恒丰花园店,0.0,True,✅成功
淘宝,540655125,煌上煌酱鸭(贵州毕节沃尔玛店),C14862,贵州毕节沃尔玛店,0.0,True,✅成功
淘宝,540680040,煌上煌酱鸭(长沙浏阳天虹店),C04708,长沙浏阳天虹店,0.0,False,✅成功
淘宝,540815610,煌上煌酱鸭(新世界广场店),C13950,上海黄浦新世界广场店,0.0,False,✅成功
淘宝,540820291,煌上煌酱鸭(四海公园店),C02515,南山区四海公园店,0.0,False,✅成功
淘宝,540951920,煌上煌热卤(子固路店),C14906,直属子固路店,4.9,True,✅成功
淘宝,540955999,煌上煌酱鸭(朝阳农贸市场店),C14861,南昌朝阳农贸市场,0.0,False,✅成功
淘宝,540970704,煌上煌酱鸭(望城农贸店),C14481,南昌新建城西红柿集店,0.0,False,✅成功
淘宝,540972624,煌上煌酱鸭(温州瑞安林贾路店),C14998,温州瑞安林贾路店,4.4,True,✅成功
淘宝,540988292,煌上煌酱鸭(吉安吉水城南店),C01058,吉安吉水城南店,0.0,True,✅成功
淘宝,541441951,煌上煌酱鸭(谢岗时代广场店),C14957,东莞谢岗时代广场店,0.0,False,✅成功
淘宝,541566552,煌上煌酱鸭(蛇口工业七路店),C14991,南山蛇口工业七路店,4.0,True,✅成功
淘宝,541570015,煌上煌酱鸭(龙江花园店),C08799,龙江花园百分百超市店,0.0,True,✅成功
淘宝,541586815,煌上煌酱鸭(福州闽投大厦店),C14978,福州闽投大厦店,0.0,False,✅成功
淘宝,541766629,煌上煌(思明上李店),C14117,厦门思明上李店,4.3,True,✅成功
淘宝,541775787,煌上煌酱鸭(珠海香洲景和店),C14949,珠海香洲景和店,0.0,True,✅成功
淘宝,541777773,煌上煌酱鸭(临泉县大润发店),C14221,安徽阜阳宝龙广场二店,0.0,True,✅成功
淘宝,541795907,煌上煌酱鸭(武夷山福喜合超市店),C14930,福建南平武夷山福喜合超市,0.0,False,✅成功
淘宝,541805425,煌上煌酱鸭(南平新润发店),C14927,福建南平光泽新润发店,0.0,False,✅成功
淘宝,541811981,煌上煌酱鸭(云岩喷水池地下步行街店),C13513,贵阳云岩喷水池地下步行街店,4.7,True,✅成功
淘宝,541814448,煌上煌酱鸭(鹰抚抚州清华店),C15133,鹰抚抚州清华门店,0.0,False,✅成功
淘宝,541824891,煌上煌酱鸭(吉安城东店),,,0.0,False,❌未匹配
淘宝,541833207,煌上煌热卤(南山益田假日广场店),C15019,直属南山益田假日广场店,4.8,True,✅成功
淘宝,541891976,煌上煌酱鸭(白云地下商场店),C15001,直属贵阳白云中心地下商场店,0.0,True,✅成功
淘宝,542598398,煌上煌酱鸭(抚州恒心超市店),,,0.0,False,❌未匹配
淘宝,542736188,煌上煌酱鸭(新洪城店),C00356,南昌象湖大洲集贸市场,0.0,False,✅成功
淘宝,542855199,煌上煌酱鸭(龙华观澜章阁店),C14996,龙华观澜章阁店,0.0,True,✅成功
淘宝,542900834,煌上煌酱鸭(泉州洛江马甲店),C15018,泉州洛江马甲尾岭店,0.0,False,✅成功
淘宝,543099201,煌上煌酱鸭(向塘一店),C00149,向塘１,0.0,True,✅成功
淘宝,543460630,煌上煌热卤(南山科兴科学园店),C15009,直属南山科兴科学园店,4.9,True,✅成功
淘宝,543742235,煌上煌酱鸭(上饶亿豪星城店),,,5.0,True,❌未匹配
淘宝,543746015,煌上煌酱鸭(陇南蓝天莲湖广场店),C14990,甘肃陇南蓝天莲湖广场店,5.0,True,✅成功
淘宝,543746824,煌上煌酱鸭(兴国翡翠广场店),,,5.0,True,❌未匹配
淘宝,543751275,煌上煌酱鸭(南山前海卓悦店),C15017,南山前海卓悦美宜佳店,0.0,True,✅成功
淘宝,544306227,煌上煌酱鸭(九江修水江山印店),,,0.0,False,❌未匹配
淘宝,544575802,煌上煌酱鸭(美联购物中心店),,,0.0,True,❌未匹配
淘宝,545090110,煌上煌酱鸭(濮阳五一路店),,,0.0,False,❌未匹配
淘宝,557059,煌上煌酱鸭·鸭脖·卤味(上塘店),C14075,温州上塘店,4.9,True,✅成功
淘宝,600955,煌上煌酱鸭(民乐店),C02363,宝安区兴万和,0.0,False,✅成功
淘宝,640975,煌上煌酱鸭(和平店),C02145,宝安区和平店,0.0,False,✅成功
淘宝,668514,煌上煌酱鸭(宝安区翻身路店),C02783,宝安区翻身路,3.4,True,✅成功
淘宝,672580,煌上煌酱鸭(佛山桂城凤凰荟店),C13122,佛山南海桂城万达广场店,3.7,True,✅成功
淘宝,725322,煌上煌酱鸭(中信龙盛(清水河龙园山庄店),C02381,罗湖区德兴花园,0.0,False,✅成功
淘宝,743045,煌上煌手撕酱鸭(龙岗南岭荔枝花园店),C02398,龙岗南岭荔枝花园店,4.0,True,✅成功
淘宝,775863,煌上煌酱鸭(罗湖店),C02243,罗湖区渔民村路店,0.0,False,✅成功
淘宝,794963,煌上煌酱鸭(宁德霞浦太康店),C02956,宁德霞浦太康店,0.0,False,✅成功
淘宝,797844,煌上煌酱鸭(南站阳光天地店),C08891,福州阳光天地专卖店,0.0,False,✅成功
淘宝,813082,煌上煌酱鸭(东莞假日店),C02422,东莞假日店,0.0,False,✅成功
淘宝,836599,煌上煌酱鸭(赣州寻乌店),C01093,赣州寻乌,4.9,True,✅成功
淘宝,914754,煌上煌酱鸭(广州三元里店),C02361,广州三元里店,0.0,False,✅成功
淘宝,918615,煌上煌酱鸭(华成都市店),C02946,南宁华成都市店,0.0,False,✅成功
淘宝,931870,煌上煌酱鸭(直属红谷滩二店),C00039,直属红谷滩2,4.7,True,✅成功
淘宝,931871,煌上煌酱鸭(直属洪都店),C00005,直属洪都,4.6,True,✅成功
淘宝,936085,煌上煌酱鸭·鸭脖·卤味(厦门同安店),C03117,厦门同安店,0.0,False,✅成功
淘宝,936089,煌上煌酱鸭(同安中路店),C02411,厦门殿前店,0.0,False,✅成功
淘宝,936092,煌上煌酱鸭·鸭脖·卤味(厦门同安乐海店),C02842,厦门同安乐海店,4.6,True,✅成功
淘宝,936133,煌上煌酱鸭(福州长乐步行街店),C03003,福州长乐步行街店,0.0,False,✅成功
淘宝,936136,煌上煌酱鸭·鸭脖·卤味(温州解放店),,,0.0,False,❌未匹配
淘宝,936141,煌上煌酱鸭(温州东方店),C02983,温州东方店,0.0,False,✅成功
淘宝,936147,煌上煌酱鸭(温州人民中路店),C02428,直属温州人民中路店,0.0,False,✅成功
淘宝,959347,煌上煌酱鸭(华为荔园店),C02849,龙岗区坂田荔园店,5.0,True,✅成功
淘宝,996732,煌上煌酱鸭(罗湖东门1店),C02257,罗湖东门1店,0.0,False,✅成功
,15967916,煌上煌酱鸭(珠海横琴宝中路专卖店),C13865,珠海横琴宝中路店,5.0,False,✅成功
,15905776,煌上煌酱鸭(惠州惠城中信水岸城专卖店),C10499,惠州惠城中信水岸城店,5.0,False,✅成功
,15905476,煌上煌酱鸭.鸭货.炒饭(东财沃尔玛店),C01986,直属大连东财沃尔玛店,5.0,False,✅成功
,16019775,煌上煌酱鸭.鸭货(长青店),C09104,沈阳长青店,5.0,False,✅成功
,15967966,煌上煌酱鸭(温州高桐店),C02221,温州高桐店,5.0,False,✅成功
,15905446,煌上煌酱鸭.鸭货.炒饭(光荣街店),C01936,直属沈阳光荣店,5.0,False,✅成功
,16638053,煌上煌酱鸭(宝安石岩石龙仔专卖店),C02218,宝安石岩石龙仔店,5.0,False,✅成功
,15967978,煌上煌酱鸭(温州上塘店),C02095,温州上塘店,5.0,False,✅成功
,16130440,煌上煌酱鸭(中山古镇华丰汇专卖店),C11709,中山古镇华丰汇店,5.0,False,✅成功
,16130471,煌上煌酱鸭(三亚海棠湾林旺市场专卖店),C10417,三亚海棠湾林旺市场店,5.0,False,✅成功
,15905452,煌上煌酱鸭(直属合肥步行街店),C13822,直属合肥步行街店,5.0,False,✅成功
,15967935,煌上煌酱鸭.鸭货.炒饭(三楼金州柏都荟店),C06385,直属大连金州柏都荟店,5.0,False,✅成功
,14823729,煌上煌酱鸭（广州黄埔港湾路店）,C03052,广州黄埔港湾路店,5.0,False,✅成功
,14305203,煌上煌酱鸭（直属京山店）,C00016,直属京山,5.0,False,✅成功
,15905470,煌上煌酱鸭(东莞长盛广场店),C02583,东莞长盛广场,5.0,False,✅成功
,15967942,煌上煌酱鸭(南昌中山路店),C10630,中山路,5.0,False,✅成功
,15967964,煌上煌（手撕酱鸭）,C02448,温州塘川北街店,5.0,False,✅成功
,15905445,煌上煌酱鸭(海口和信广场专卖店),C06258,海口和信广场店,5.0,False,✅成功
,15968022,煌上煌酱鸭(上海中信泰富万达广场店),C14873, 直属上海嘉定中信泰富万达广场店,5.0,False,✅成功
,15967915,煌上煌酱鸭.鸭货(庄河万达店),C12488,大连庄河万达店,5.0,False,✅成功
,15905430,煌上煌酱鸭(福州树汤路专卖店),C06126,福州树汤路店,5.0,False,✅成功
,15967948,煌上煌酱鸭(苏州相城龙湖天街店),C13877,苏州相城龙湖天街店,5.0,False,✅成功
,15968025,煌上煌酱鸭(粤东沿江东岸店),C02943,粤东沿江东岸店,5.0,False,✅成功
,15968043,煌上煌酱鸭(吉安县幸福家园店),C13622,吉安县幸福家园店,5.0,False,✅成功
,16019780,煌上煌酱鸭.鸭货(宽城万达2店),C11397,长春宽城万达2店,5.0,False,✅成功
,15968019,煌上煌酱鸭.鸭货(岐山路店),C01933,沈阳岐山路店,5.0,False,✅成功
,15968042,煌上煌酱鸭(丰城金马步行街店),C04749,丰城金马步行街店,5.0,False,✅成功
,15967913,煌上煌酱鸭(福州南站专卖店),C13586,福州南站店,5.0,False,✅成功
,15905422,煌上煌酱鸭(秋长新世界店),C06352,惠州惠阳新世界店,5.0,False,✅成功
,15905507,煌上煌酱鸭(惠州乌石专卖店),C10301,惠州乌石店,5.0,False,✅成功
,15861063,煌上煌酱鸭(长沙芙蓉南路天虹商场店),C13915,长沙芙蓉南路天虹商场店,5.0,False,✅成功
,15905510,煌上煌酱鸭(东莞望牛墩嘉荣广场专卖店),C10434,东莞望牛墩嘉荣广场店,5.0,False,✅成功
,15967988,煌上煌酱鸭.鸭货(五中比优特店),C12578,沈阳五中比优特店,5.0,False,✅成功
,14264562,煌上煌酱鸭（福州路店）,C05047,福州路店,5.0,False,✅成功
,14725188,煌上煌酱鸭（佛山乐从东区市场专卖店）,C13241,佛山乐从东区市场店,5.0,False,✅成功
,14725162,煌上煌酱鸭（云浮连滩建设路专卖店）,C13516,云浮连滩建设路店,5.0,False,✅成功
,14270460,煌上煌酱鸭（直属恒大华府店）,C10320,直属恒大华府店,5.0,False,✅成功
,16257044,煌上煌酱鸭(桂林全州步行街1店),C13939,桂林全州步行街1店,5.0,False,✅成功
,16189389,煌上煌酱鸭(李家庄2),C00281,李家庄2,5.0,False,✅成功
,14657078,煌上煌酱鸭（直属象湖新力金沙湾店）,C07812,直属象湖新力金沙湾店,5.0,False,✅成功
,16256683,煌上煌酱鸭(冷水江锑都大厦店),C11441,冷水江锑都大厦店,5.0,False,✅成功
,16638143,煌上煌酱鸭(娄底万豪店),C04120,娄底万豪店,5.0,False,✅成功
,16638080,煌上煌酱鸭(惠州大亚湾万达专卖店),C10998,惠州大亚湾万达店,5.0,False,✅成功
,14270458,煌上煌酱鸭（直属东湖店）,C00003,直属东湖,5.0,False,✅成功
,14331983,煌上煌酱鸭（直属贤士路）,C00010,直属贤士路,5.0,False,✅成功
,14543595,煌上煌酱鸭（国防科技园农贸市场店）,C07582,国防科技园农贸市场店,5.0,False,✅成功
,14270469,煌上煌酱鸭（ 奥体天虹店）,C08198,煌上煌奥体天虹店,5.0,False,✅成功
,14292469,煌上煌酱鸭（直属北京西路）,C00058,直属北京西路,5.0,False,✅成功
,14264570,煌上煌手撕酱鸭（湾上明珠店）,C04683,湾上明珠店,5.0,False,✅成功
,16383950,煌上煌酱鸭(娄底连钢沃尔玛店),C04110,娄底连钢沃尔玛店,5.0,False,✅成功
,14657072,煌上煌酱鸭（直属莱卡总店）,C01848,直属南昌莱卡总店,5.0,False,✅成功
,15967987,煌上煌酱鸭(泉州东海泰禾天街店),C12767,泉州东海泰禾天街店,5.0,False,✅成功
,16638131,煌上煌酱鸭(九龙湖安丰花园店),C11064,九龙湖安丰花园店,5.0,False,✅成功
,15122792,煌上煌酱鸭（东方苑路店）,C00398,东方苑路店,5.0,False,✅成功
,16383978,煌上煌酱鸭(直属抚州中央花园店),C11762,直属抚州中央花园店,5.0,False,✅成功
,14394345,煌上煌酱鸭.鸭货（四元桥家乐福店）,C10229,北京四元桥家乐福,5.0,False,✅成功
,14948038,煌上煌酱鸭（直属绳金塔2店）,C10337,直属绳金塔2店,5.0,False,✅成功
,14725191,煌上煌酱鸭（清远英德食娱广场专卖店）,C03967,清远英德食娱广场店,5.0,False,✅成功
,16383943,煌上煌酱鸭(安徽太和大润发),C06037,安徽太和大润发,5.0,False,✅成功
,16189130,煌上煌酱鸭(赣州信丰铂金湾店),C12119,赣州信丰铂金湾店,5.0,False,✅成功
,16383942,煌上煌酱鸭(安徽黄山休宁店),C12210,安徽黄山休宁店,5.0,False,✅成功
,14657280,煌上煌酱鸭（龚村店）,C10284,龚村店,5.0,False,✅成功
,14311014,煌上煌酱鸭（直属董家窑店）,C00009,直属董家窑,5.0,False,✅成功
,15173275,煌上煌酱鸭（直属上海长宁中山公园龙之梦店）,C13175,直属上海长宁中山公园龙之梦店,5.0,False,✅成功
,16189133,煌上煌酱鸭(吉安凯旋世纪国光店),C08076,吉安凯旋世纪国光店,5.0,False,✅成功
,14262339,煌上煌酱鸭（ 直属迎宾店）,C08571,直属迎宾店,5.0,False,✅成功
,14305196,煌上煌酱鸭（直属霁亭路店）,C03612,直属霁亭路店,5.0,False,✅成功
,15122752,煌上煌酱鸭（幸福时光店）,C00405,幸福时光,5.0,False,✅成功
,14309298,煌上煌酱鸭（福田新世界百货专卖店）,C02075,福田新世界百货专卖店,5.0,False,✅成功
,14594547,煌上煌酱鸭（龙岗区横岗锦秀花园）,C02053,龙岗区横岗锦秀花园,5.0,False,✅成功
,14594544,煌上煌酱鸭（龙岗区平湖西路）,C02889,龙岗区平湖西路,5.0,False,✅成功
,14657311,煌上煌酱鸭（江铃臻园店）,C10915,江铃臻园店,5.0,False,✅成功
,14270474,煌上煌酱鸭（迎宾大道凯旋公馆店）,C12251,迎宾大道凯旋公馆店,5.0,False,✅成功
,16256738,煌上煌酱鸭(上饶弋阳鑫城嘉园店),C12257,上饶弋阳鑫城嘉园店,5.0,False,✅成功
,14594553,煌上煌酱鸭（龙岗区龙东乐兴专卖店）,C09146,龙岗区龙东乐兴店,5.0,False,✅成功
,14331986,煌上煌酱鸭（高新中兴和园店）,C06423,高新中兴和园店,5.0,False,✅成功
,14394343,煌上煌酱鸭（福田华强北中航路专卖店）,C02242,福田华强北中航路店,5.0,False,✅成功
,14520831,煌上煌酱鸭(直属二七路),C00007,直属二七路,5.0,False,✅成功
,14262336,煌上煌酱鸭（ 直属中海朝阳郡熙岸店）,C12575,直属中海朝阳郡熙岸店,5.0,False,✅成功
,14700214,煌上煌酱鸭（直属世纪万象城店）,C03761,直属世纪万象城店,5.0,False,✅成功
,14725185,煌上煌酱鸭（佛山乐从天佑城专卖1店）,C09599,佛山乐从天佑城1店,5.0,False,✅成功
,14270463,煌上煌酱鸭（塘子河店）,C00321,塘子河,5.0,False,✅成功
,16189147,煌上煌酱鸭(直属河南郑州农科路店),C11810,直属河南郑州农科路店,5.0,False,✅成功
,14270472,煌上煌酱鸭（象湖瑶池公寓店）,C08735,象湖瑶池公寓店,5.0,False,✅成功
,16256680,煌上煌酱鸭(河南驻马店雪松路店),C00560,河南驻马店雪松路店,5.0,False,✅成功
,16383979,煌上煌酱鸭(婺源月华路二中店),C11609,婺源月华路二中店,5.0,False,✅成功
,14264567,煌上煌酱鸭（旭辉华润店）,C10218,南昌新建区旭辉华润,5.0,False,✅成功
,14657069,煌上煌酱鸭（澄湖店）,C10283,澄湖店,5.0,False,✅成功
,16383951,煌上煌酱鸭(鹰抚抚州西湖新村店),C11006,鹰抚抚州西湖新村店,5.0,False,✅成功
,14594566,煌上煌酱鸭（龙岗区三联村）,C02919,龙岗区三联村,5.0,False,✅成功
,16256674,煌上煌酱鸭(上饶以伟店),C11350,上饶以伟店,5.0,False,✅成功
,14264564,煌上煌酱鸭（绿地悦公馆）,C07813,绿地悦公馆,5.0,False,✅成功
,14292465,煌上煌酱鸭（ 青山湖万达广场店）,C05169,永辉超市青山湖万达店,5.0,False,✅成功
,14261048,煌上煌酱鸭（九龙明珠店）,C09193,九龙明珠店,5.0,False,✅成功
,14311012,煌上煌酱鸭（直属洪都邮政店）,C07120,直属洪都邮政店,5.0,False,✅成功
,16256710,煌上煌酱鸭(邵阳友阿国际广场店),C06403,邵阳友阿国际广场店,5.0,False,✅成功
,15967944,煌上煌酱鸭.鸭货(盛京大奥莱店),C05336,沈阳盛京大奥莱店,5.0,False,✅成功
,16189134,煌上煌酱鸭(龙竹路安东花园店),C13019,龙竹路安东花园店,5.0,False,✅成功
,16638142,煌上煌酱鸭(宝安燕罗燕川专卖店),C11620,宝安燕罗燕川专卖店,5.0,False,✅成功
,16130466,煌上煌酱鸭(西安文艺路华润万家店),C11819,西安文艺路华润万家店,5.0,False,✅成功
,14876896,煌上煌酱鸭（罗湖泥岗金碧路专卖店）,C02866,罗湖泥岗金碧路店,5.0,False,✅成功
,16190095,煌上煌酱鸭(吉安城建花园店),C13781,吉安城建花园店,5.0,False,✅成功
,16016520,煌上煌酱鸭(中山古镇曹步专卖店),C04225,中山古镇曹步店,5.0,False,✅成功
,16256684,煌上煌酱鸭(卫东花园店),C02005,红谷滩翠苑路农贸市场店,5.0,False,✅成功
,15905456,煌上煌酱鸭.鸭货.炒饭(青泥洼新玛特店),C05068,直属大连青泥洼新玛特店,5.0,False,✅成功
,15967931,煌上煌酱鸭.鸭货.炒饭(北站店),C11770,直属沈阳北站店,5.0,False,✅成功
,17092252,煌上煌酱鸭(直属南宁安吉万达2号门广场专卖店),C07887,直属南宁安吉万达2号门广场店,5.0,False,✅成功
,14657198,煌上煌酱鸭（青云谱保利中航城店）,C12057,青云谱保利中航城店,5.0,False,✅成功
,16257046,煌上煌酱鸭(上饶阳光福邸店),C11106,上饶阳光福邸店,5.0,False,✅成功
,15967946,煌上煌酱鸭(厦门同安岳口专卖店),C04203,厦门同安岳口店,5.0,False,✅成功
,14270467,煌上煌酱鸭（江岸汇景店）,C00401,江岸汇景,5.0,False,✅成功
,15967961,煌上煌酱鸭(豫章郡店),C00177,南昌紫云小区,5.0,False,✅成功
,17092253,煌上煌酱鸭(东方红2店),C02007,东方红2店,5.0,False,✅成功
,16638165,煌上煌酱鸭(鹰抚二纺),C00481,鹰抚二纺,5.0,False,✅成功
,14262337,煌上煌酱鸭（直属羊子巷店）,C00013,直属羊子巷,5.0,False,✅成功
,16189137,煌上煌酱鸭(高新阳门外贸学院店),C06013,高新阳门外贸学院店,5.0,False,✅成功
,16638038,煌上煌酱鸭(鹰抚贵溪金山角店),C14633,贵溪金三角店,5.0,False,✅成功
,16391140,煌上煌酱鸭(鹰抚东乡煌盛天玺店),C04363,鹰抚东乡煌盛天玺店,5.0,False,✅成功
,16638172,煌上煌酱鸭(红谷新城),C00362,红谷新城,5.0,False,✅成功
,16914077,煌上煌酱鸭(西安高陵长庆路专卖店),C01403,西安高陵长庆路店,5.0,False,✅成功
,16257048,煌上煌酱鸭(宜春比一比超市店),C06734,宜春比一比超市店,5.0,False,✅成功
,15905777,煌上煌酱鸭.鸭货(抚顺百货店),C05140,抚顺百货店,5.0,False,✅成功
,15967974,煌上煌酱鸭(珠海安富街专卖店),C03467,珠海安富街专卖店,5.0,False,✅成功
,16256732,煌上煌酱鸭(新建城农贸市场店),C09208,新建城农贸市场店,5.0,False,✅成功
,16256703,煌上煌酱鸭(九龙国体明园中心店),C08881,九龙国体明园中心店,5.0,False,✅成功
,16638039,煌上煌酱鸭(鹰抚贵溪煌上煌冶金南路店),C09099,鹰抚贵溪煌上煌冶金南路店,5.0,False,✅成功
,16638027,煌上煌酱鸭(景德镇德兴上海路店),C01139,上饶德兴上海路店,5.0,False,✅成功
,15967959,煌上煌酱鸭(温州黄龙店),C02555,温州黄龙店,5.0,False,✅成功
,16638031,煌上煌酱鸭(赣州新华润万象城店),C13936,赣州新华润万象城店,5.0,False,✅成功
,15905525,煌上煌酱鸭.鸭货(和平大润发二店),C11498,沈阳和平大润发二店,5.0,False,✅成功
,16638100,煌上煌酱鸭(惠州陈江店),C02978,惠州陈江店,5.0,False,✅成功
,17279853,煌上煌酱鸭(苏州科技城星悦里店),C14390,苏州科技城星悦里店,5.0,False,✅成功
,16638119,煌上煌酱鸭(新建区欣悦湖店),C11792,新建区欣悦湖店,5.0,False,✅成功
,16638035,煌上煌酱鸭(鹰抚印象城金街店),C11945,鹰抚贵溪印象城金街店,5.0,False,✅成功
,15967992,煌上煌酱鸭(直属杭州江晖路店),C12595,直属杭州江晖路地铁商业街店,5.0,False,✅成功
,15968008,煌上煌酱鸭(直属赣州中联商城店),C10316,直属赣州中联商城店,5.0,False,✅成功
,15905435,煌上煌酱鸭.鸭货.炒饭(太原街店),C05402,直属沈阳太原街店,5.0,False,✅成功
,16256688,煌上煌酱鸭(鹰抚抚临路),C00503,鹰抚抚临路,5.0,False,✅成功
,16914074,煌上煌酱鸭(湾里下泽路店),C09267,湾里下泽路店,5.0,False,✅成功
,14520834,煌上煌酱鸭(直属建设西路店),C08570,直属建设西路店,5.0,False,✅成功
,16189387,煌上煌酱鸭(艾溪湖农贸市场店),C13067,艾溪湖农贸市场店,5.0,False,✅成功
,16189129,煌上煌酱鸭(名门世家),C00407,名门世家,5.0,False,✅成功
,15861078,煌上煌酱鸭(福州金牛店),C02236,福州金牛店,5.0,False,✅成功
,16189122,煌上煌酱鸭(璜垦新力钰珑湾),C06228,璜垦新力钰珑湾,5.0,False,✅成功
,14270461,煌上煌酱鸭（怡兰苑店）,C00250,怡兰苑,5.0,False,✅成功
,16638105,煌上煌酱鸭(义乌城北商业中心店),C07642,义乌城北商业中心店,5.0,False,✅成功
,16190050,煌上煌酱鸭(吉安青原国光店),C10183,吉安青原国光店,5.0,False,✅成功
,15494836,煌上煌酱鸭（广州白云雄洲城专卖店）,C02826,广州白云雄洲城店,5.0,False,✅成功
,15968000,煌上煌酱鸭(抚南南城胜利路店),C09391,抚南南城胜利路店,5.0,False,✅成功
,17662740,煌上煌酱鸭(宜春靖安新大街专卖店),C00927,宜春靖安新大街店,5.0,False,✅成功
,15968187,煌上煌酱鸭(抚南南城锦绣江南店),C11745,抚南南城锦绣江南店,5.0,False,✅成功
,16638136,煌上煌酱鸭(新建新城吾悦广场店),C06138,新建新城吾悦广场店,5.0,False,✅成功
,16638055,煌上煌酱鸭(鹰潭天虹店),C13693,鹰潭天虹店,5.0,False,✅成功
,16638036,煌上煌酱鸭(赣州会昌新天地店),C07960,赣州会昌新天地店,5.0,False,✅成功
,16384008,煌上煌酱鸭(青岛黄岛融创茂购物广场),C06008,青岛黄岛融创茂购物广场,5.0,False,✅成功
,16638088,煌上煌酱鸭(鹰抚兴鲁坊菜场店),C00516,鹰抚兴鲁坊菜场店,5.0,False,✅成功
,16130438,煌上煌酱鸭(都匀万达店),C11187,都匀万达店,5.0,False,✅成功
,17450642,煌上煌酱鸭(湾里万科璞悦里店),C11932,湾里万科璞悦里店,5.0,False,✅成功
,16383952,煌上煌酱鸭(上饶玉山汽车站店),C04946,上饶玉山汽车站店,5.0,False,✅成功
,16256717,煌上煌酱鸭(天佑路店),C07760,天佑路店,5.0,False,✅成功
,16189388,煌上煌酱鸭(青湖2),C00288,青湖2,5.0,False,✅成功
,14930734,煌上煌酱鸭（直属胜利路2店）,C07072,直属胜利路2店,5.0,False,✅成功
,17082652,煌上煌酱鸭(鹰抚抚州硕果时代店),C05017,鹰抚抚州硕果时代店,5.0,False,✅成功
,17476405,煌上煌酱鸭（昆明沃尔玛集大店）,C07764,昆明沃尔玛集大店,5.0,False,✅成功
,15861059,煌上煌酱鸭(直属长沙万家丽广场店),C12566,直属长沙万家丽广场店,5.0,False,✅成功
,16256693,煌上煌酱鸭(宜春国安路专卖店),C06017,宜春国安路店,5.0,False,✅成功
,15861056,煌上煌酱鸭(长沙雨花区喜盈门店),C10349,长沙雨花区喜盈门店,5.0,False,✅成功
,16256730,煌上煌酱鸭(宜春枣树园店),C04267,宜春枣树园店,5.0,False,✅成功
,16638171,煌上煌酱鸭(六盘水万达广场店),C10427,六盘水万达广场店,5.0,False,✅成功
,15861110,煌上煌酱鸭(祥芝专卖店·卤味·鸭脖·炒饭),C13357,泉州石狮祥芝店,5.0,False,✅成功
,17662742,煌上煌酱鸭(丰城东方铭城店),C12581,丰城东方铭城店,5.0,False,✅成功
,15968002,煌上煌酱鸭(抚南南城盱江路店),C00900,抚南南城盱江路店,5.0,False,✅成功
,15905506,煌上煌酱鸭(东莞厚街大汇专卖店),C10462,东莞厚街大汇店,5.0,False,✅成功
,17390640,煌上煌酱鸭(景德镇戴家弄店),C13437,景德镇戴家弄店,5.0,False,✅成功
,16638093,煌上煌酱鸭(海口万达旺佳旺专卖店),C14321,海口万达旺佳旺店,5.0,False,✅成功
,16638091,煌上煌酱鸭(武宣大洋城专卖店),C13721,武宣大洋城店,5.0,False,✅成功
,17592439,煌上煌酱鸭（龙岗区天虹）,C03013,龙岗区天虹,5.0,False,✅成功
,16638064,煌上煌酱鸭(鹰抚抚州曾巩大道福泰店),C03630,鹰抚抚州曾巩大道福泰店,5.0,False,✅成功
,16130439,煌上煌酱鸭(都匀剑江北路店),C06724,都匀剑江北路店,5.0,False,✅成功
,17210594,煌上煌酱鸭(泉州晋江并创旅游广场专卖店),C14433,泉州晋江并创旅游广场专卖店,5.0,False,✅成功
,16257083,煌上煌酱鸭(宜春新张家山店),C13449,宜春新张家山店,5.0,False,✅成功
,16170850,煌上煌酱鸭（金域华润店）,C10069,金域华润店,5.0,False,✅成功
,16638025,煌上煌酱鸭(揭阳揭东锡场专卖店),C08553,揭阳揭东锡场店,5.0,False,✅成功
,16914064,煌上煌酱鸭(珠海香洲融德专卖店),C13893,珠海香洲融德店,5.0,False,✅成功
,19294522,煌上煌酱鸭（九江语林菜场店）,C11128,九江林语菜场店,5.0,False,✅成功
,16189141,煌上煌酱鸭(直属河南郑州德化新街二店),C05727,直属河南郑州德化新街二店,5.0,False,✅成功
,16256687,煌上煌酱鸭(经开榴云路店),C10822,经开榴云路店,5.0,False,✅成功
,17390514,煌上煌酱鸭(娄底市娄星区吾悦广场旗舰店),C13912,娄底市娄星区吾悦广场旗舰店,5.0,False,✅成功
,16189135,煌上煌酱鸭(安福老电影院店),C00986,吉安安福,5.0,False,✅成功
,16383945,煌上煌酱鸭(温州桥下恒达广场专卖店),C02683,温州桥下恒大广场店,5.0,False,✅成功
,17552628,煌上煌酱鸭(肇庆鼎湖敏敏捷广场专卖店),C14307,肇庆鼎湖敏敏捷广场店,5.0,False,✅成功
,15967971,煌上煌酱鸭(直属大儒世家国光店•鸭脖•卤味•鸭头),C02038,福州国光店,5.0,False,✅成功
,16638111,煌上煌酱鸭(义乌苏溪店),C06558,义乌苏溪店,5.0,False,✅成功
,17210598,煌上煌酱鸭（广州路赣电洪府店）,C11896,南昌广州路赣电洪府,5.0,False,✅成功
,16914067,煌上煌酱鸭(涟源芙蓉广场店),C05128,涟源芙蓉广场店,5.0,False,✅成功
,15967911,煌上煌酱鸭(中山东凤兴华中路专卖店),C05446,中山东凤兴华中路店,5.0,False,✅成功
,15968035,煌上煌酱鸭(抚南南城县盱江北大道店),C00908,抚南南城县盱江北大道店,5.0,False,✅成功
,15385827,煌上煌酱鸭（直属上海杨浦五角场万达店）,C13913,直属上海杨浦五角场万达店,5.0,False,✅成功
,16638124,煌上煌酱鸭(贵州省六盘水锦绣商业广场店),C05817,贵州省六盘水锦绣商业广场店,5.0,False,✅成功
,17390585,煌上煌酱鸭(景德镇十八桥店),C13716,景德镇十八桥店,5.0,False,✅成功
,17146731,煌上煌酱鸭(富盛店),C07294,邵东荷田路店,5.0,False,✅成功
,19748493,煌上煌酱鸭(直属福田福星路专卖店),C14627,直属福田福星路店,5.0,False,✅成功
,17450636,煌上煌酱鸭(直属杭州西溪龙湖天街),C14446,直属杭州西溪龙湖天街,5.0,False,✅成功
,15967932,煌上煌酱鸭(南昌开关厂店),C10628,开关厂,5.0,False,✅成功
,15905494,煌上煌酱鸭(汕尾陆河岁宝专卖店),C06626,汕尾陆河岁宝店,5.0,False,✅成功
,14270473,煌上煌酱鸭（华宇尚城店）,C10088,华宇尚城店,5.0,False,✅成功
,16256691,煌上煌酱鸭(上饶弋阳幸福里店),C10897,上饶弋阳幸福里店,5.0,False,✅成功
,20492932,煌上煌酱鸭(直属带子街店),C13826,直属万寿宫带子街店,5.0,False,✅成功
,16383965,煌上煌酱鸭(鹰抚剪子口),C00460,鹰抚剪子口,5.0,False,✅成功
,17390626,煌上煌酱鸭(景德镇方家山日新店),C12509,景德镇方家山日新店,5.0,False,✅成功
,17633468,煌上煌酱鸭(景德镇余干德胜大道店),C01216,上饶余干德胜大道店,5.0,False,✅成功
,16638148,煌上煌酱鸭(娄底湘阳街店),C04133,娄底湘阳街店,5.0,False,✅成功
,16189142,煌上煌酱鸭(云南临沧双江锦丽新城店),C09646,云南临沧双江锦丽新城店,5.0,False,✅成功
,15905463,煌上煌酱鸭(福州福清沃尔玛专卖店),C02279,福州福清沃尔玛店,5.0,False,✅成功
,16914091,煌上煌酱鸭(吉安遂川国光店),C03951,吉安遂川国光店,5.0,False,✅成功
,17146732,煌上煌酱鸭(涟源地下商业街店),C11259,涟源地下商业街店,5.0,False,✅成功
,16638167,煌上煌酱鸭(赣州信丰桃江御景店),C11565,赣州信丰桃江御景店,5.0,False,✅成功
,16638230,煌上煌酱鸭(鹰抚抚州恒心超市),C05093,鹰抚抚州恒心超市,5.0,False,✅成功
,16638060,煌上煌酱鸭(上饶汪家园),C00847,上饶汪家园,5.0,False,✅成功
,16914073,煌上煌酱鸭(东湖区四经路店),C08346,东湖区四经路店,5.0,False,✅成功
,15807734,煌上煌酱鸭(青山湖昌东义坊路商业街店),C13447,青山湖昌东义坊路商业街店,5.0,False,✅成功
,16638034,煌上煌酱鸭(鹰抚抚州上顿渡广场东路店),C10169,鹰抚抚州上顿渡广场东路店,5.0,False,✅成功
,23403352,煌上煌热卤(南昌印象城店),C15002,直属印象城店,5.0,False,✅成功
,16914075,煌上煌酱鸭(东莞大岭山百盛佳专卖店),C02323,东莞大岭山百盛佳店,4.94,False,✅成功
,14270465,煌上煌酱鸭（直属总社店）,C00002,直属总社,4.93,False,✅成功
,14309305,煌上煌酱鸭（华为荔园专卖店）,C02849,龙岗区坂田荔园店,4.91,False,✅成功
,16189136,煌上煌酱鸭(直属赣州公务员小区店),C11596,直属赣州公务员小区店,4.91,False,✅成功
,14701062,煌上煌酱鸭（直属红谷滩2店）,C00039,直属红谷滩2,4.9,False,✅成功
,16638067,煌上煌酱鸭(惠州惠东黄埠巴顿店),C02276,惠州惠东黄埠巴顿店,4.9,False,✅成功
,16638095,煌上煌酱鸭(直属中山天虹店),C14196,直属中山天虹店,4.9,False,✅成功
,23824713,煌上煌酱鸭(华为湖岸花园店),C07605,东莞华为湖岸花园店,4.9,False,✅成功
,17552629,煌上煌酱鸭(直属万寿宫象山路店),C14345,直属万寿宫象山路店,4.9,False,✅成功
,15967929,煌上煌酱鸭.鸭货(宽城万达广场店),C11134,长春宽城万达广场店,4.89,False,✅成功
,15967989,煌上煌酱鸭(千岛湖店),C01301,杭州千岛湖新安南路店,4.88,False,✅成功
,15905444,煌上煌酱鸭(海口龙湖光年专卖店),C12079,海口龙湖光年店,4.88,False,✅成功
,16383967,煌上煌酱鸭(东莞横沥瑞康店),C02925,东莞横沥瑞康店,4.88,False,✅成功
,16638078,煌上煌酱鸭(惠州惠阳新汇城专卖店),C02046,惠州惠阳新汇城店,4.88,False,✅成功
,16914078,煌上煌酱鸭(广州天河车陂地铁专卖店),C14905,直属广州天河车陂地铁店,4.88,False,✅成功
,14876901,煌上煌酱鸭（东莞企石润升百货专卖店）,C10066,东莞企石润升百货店,4.86,False,✅成功
,16384115,煌上煌酱鸭(揭阳渔湖空港专卖店),C09505,揭阳渔湖空港店,4.86,False,✅成功
,16638140,煌上煌酱鸭(鹰抚鹰潭正大街店),C00455,鹰抚鹰潭正大街店,4.86,False,✅成功
,15905497,煌上煌酱鸭(惠东大岭专卖店),C02536,惠东大岭店,4.85,False,✅成功
,14262389,煌上煌酱鸭（直属新村店）,C00008,直属新村,4.84,False,✅成功
,16189148,煌上煌酱鸭(泉州晋江阳光天地专卖店),C14318,泉州晋江阳光天地店,4.83,False,✅成功
,14745038,煌上煌酱鸭（直属广外店）,C00011,直属广外,4.83,False,✅成功
,16638026,煌上煌酱鸭(吉安美博商城),C01032,吉安美博商城,4.83,False,✅成功
,16384022,煌上煌酱鸭(崇左市宁明德华店),C09342,崇左市宁明德华店,4.82,False,✅成功
,14394339,煌上煌酱鸭（南山区新华园专卖店）,C04123,南山区新华园店,4.81,False,✅成功
,14594557,煌上煌酱鸭（龙岗金龙城百货店）,C02087,龙岗金龙城百货店,4.8,False,✅成功
,16638069,煌上煌酱鸭(西安市场闫良一店),C01373,西安市场闫良一店,4.8,False,✅成功
,16257090,煌上煌酱鸭(宜春商城),C00925,宜春商城,4.8,False,✅成功
,16914086,煌上煌酱鸭(三亚解放路步行街专卖店),C13595,三亚解放路步行街店,4.8,False,✅成功
,20200808,煌上煌酱鸭(珠海金鼎宝龙城专卖店),C05780,珠海金鼎宝龙城店,4.8,False,✅成功
,16638169,煌上煌酱鸭(直属万寿宫珠宝街店),C14033,直属万寿宫珠宝街店,4.8,False,✅成功
,23540939,煌上煌酱鸭(杭州临安人民广场店),C14299,杭州临安人民广场店,4.8,False,✅成功
,14311017,煌上煌酱鸭（直属苏圃路）,C00067,直属苏圃路,4.8,False,✅成功
,14309306,煌上煌酱鸭（龙岗坂田店）,C02690,龙岗区坂田店,4.78,False,✅成功
,15905473,卤味熟食（煌上煌卤菜溪头店）,C12740,福州福清市阳下溪头店,4.78,False,✅成功
,16638049,煌上煌酱鸭(赣州信丰),C01073,赣州信丰,4.78,False,✅成功
,17552624,煌上煌酱鸭(东莞黄江万业专卖店),C11413,东莞黄江万业店,4.75,False,✅成功
,16914054,煌上煌酱鸭(九江永修西一路店),C00716,九江永修西一路店,4.75,False,✅成功
,17904388,煌上煌酱鸭(杭州来福士店),C14349,杭州来福士店,4.75,False,✅成功
,15861086,煌上煌酱鸭(厦门同安禹州大学城专卖店),C07160,厦门同安禹州大学城店,4.75,False,✅成功
,16638033,煌上煌酱鸭(鹰抚抚州瑞日家园),C11640,鹰抚抚州瑞日家园,4.75,False,✅成功
,16638138,煌上煌酱鸭(九龙湖绿地博览城店),C11938,九龙湖绿地博览城店,4.75,False,✅成功
,14657073,煌上煌酱鸭（宝安沙井京基店）,C02210,宝安沙井京基店,4.74,False,✅成功
,15861064,煌上煌酱鸭(福田区农林),C02183,福田区农林,4.73,False,✅成功
,14594564,煌上煌酱鸭（宝安光明大街专卖店）,C09919,宝安光明大街店,4.73,False,✅成功
,16384079,煌上煌酱鸭(南宁航洋国际专卖店),C02247,南宁航洋国际店,4.71,False,✅成功
,16384042,煌上煌酱鸭(东莞百花店),,,4.71,False,❌未匹配
,17604987,煌上煌酱鸭(景德镇德兴金山大道店),C04616,上饶德兴金山大道店,4.71,False,✅成功
,14594574,煌上煌酱鸭（万象汇华润专卖店）,C13678,龙岗布吉万象汇华润店,4.7,False,✅成功
,14394341,煌上煌酱鸭（罗湖区笋岗店）,C02256,罗湖区笋岗店,4.7,False,✅成功
,16638122,煌上煌酱鸭(安顺市德胜花园店),C07162,安顺市德胜花园店,4.7,False,✅成功
,16130435,煌上煌酱鸭(宁德霞浦百花新村店专柜),,,4.69,False,❌未匹配
,14594565,煌上煌酱鸭（宝安沙井共和专卖店）,C06259,宝安沙井共和店,4.67,False,✅成功
,14657075,煌上煌酱鸭（宝安区西乡白金）,C02180,宝安区西乡白金,4.67,False,✅成功
,14823393,煌上煌酱鸭（广州沧联店）,C02266,广州沧联店,4.67,False,✅成功
,15968011,煌上煌酱鸭.鸭货(沈北万达比优特店),C09551,沈阳沈北万达比优特店,4.67,False,✅成功
,16638117,煌上煌酱鸭(贵阳观山湖西南商贸城店),C09566,贵阳观山湖西南商贸城店,4.67,False,✅成功
,16384050,煌上煌酱鸭(新余火车站),C00700,新余火车站,4.67,False,✅成功
,16638085,煌上煌酱鸭(陆丰甲子专卖店),C11840,汕尾陆丰甲子店,4.67,False,✅成功
,15861073,煌上煌酱鸭(直属长沙火车站三店),C13543,直属长沙火车站三店,4.67,False,✅成功
,14725163,煌上煌酱鸭（广州钟落潭店）,C02936,广州钟落潭,4.67,False,✅成功
,14305205,煌上煌酱鸭（直属西站大街店）,C09039,直属西站大街店,4.64,False,✅成功
,14262390,煌上煌酱鸭（直属新建总店）,C00046,直属新建总店,4.63,False,✅成功
,16189112,煌上煌酱鸭(直属东莞长安锦厦一路专卖店),C02252,直属东莞长安锦厦一路店,4.63,False,✅成功
,14311013,煌上煌酱鸭（直属上海路）,C00021,直属上海路,4.62,False,✅成功
,17450635,煌上煌酱鸭(景德镇昌江古城店),C14039,景德镇昌江古城店,4.62,False,✅成功
,14725165,煌上煌酱鸭（清远佛冈振兴店）,C02923,清远佛冈振兴店,4.6,False,✅成功
,14270462,煌上煌酱鸭（ 新力方商超店）,C09375,新力方商超店,4.6,False,✅成功
,16189123,煌上煌酱鸭(吉安县城东菜场店),C13747,吉安县城东菜场店,4.6,False,✅成功
,15905498,煌上煌酱鸭(惠州51新天地专卖店),C13786,惠州51新天地店,4.6,False,✅成功
,16638236,煌上煌酱鸭(丰城市建设路店),C00623,丰城市建设路店,4.6,False,✅成功
,16914072,煌上煌酱鸭(普宁商品城专卖店),C13951,普宁商品城店,4.58,False,✅成功
,15905442,煌上煌酱鸭(海口远大购物中心专卖店),,,4.57,False,❌未匹配
,15967940,煌上煌酱鸭(东莞塘厦亨达店),C02386,东莞塘厦亨达店,4.56,False,✅成功
,14262335,煌上煌酱鸭（直属莲塘一中店）,C07646,直属莲塘一中店,4.56,False,✅成功
,14292466,煌上煌酱鸭（南昌金沙店）,C03943,南昌金沙店,4.56,False,✅成功
,15967975,煌上煌酱鸭(惠州博罗天虹专卖店),C03106,惠州博罗天虹店,4.56,False,✅成功
,14725187,煌上煌酱鸭（佛山西樵星元汇广场专卖店）,,,4.56,False,❌未匹配
,14520836,煌上煌酱鸭(龙岗坂田五和南路专卖店),C13117,龙岗坂田五和南路店,4.56,False,✅成功
,14700210,煌上煌酱鸭（绿地玫瑰城店）,C02003,绿地玫瑰城,4.55,False,✅成功
,14331987,煌上煌酱鸭（万科店）,C00227,万科,4.55,False,✅成功
,14264563,煌上煌酱鸭（十里桃花店）,C10583,十里桃花,4.53,False,✅成功
,15967923,煌上煌酱鸭(东莞石排公园南路专卖店),C11603,东莞石排公园南路店,4.53,False,✅成功
,15968185,煌上煌酱鸭(厦门同安永辉专卖店),C04067,厦门同安永辉店,4.5,False,✅成功
,15905477,煌上煌酱鸭(建设路专卖店),C02139,汕尾陆丰,4.5,False,✅成功
,15861066,煌上煌酱鸭(长沙芙蓉乔庄店),C03765,长沙芙蓉乔庄店,4.5,False,✅成功
,15160694,煌上煌酱鸭（南山区工业七路店）,C14991,南山蛇口工业七路店,4.5,False,✅成功
,14594541,煌上煌酱鸭（观澜天虹格兰郡店）,C03121,宝安区观兰格兰郡,4.5,False,✅成功
,14270470,煌上煌酱鸭（三店西路店）,C07661,三店西路店,4.5,False,✅成功
,16638137,煌上煌酱鸭(西安鄠邑草堂二店),C12078,西安鄠邑草堂二店,4.5,False,✅成功
,16256690,煌上煌酱鸭(宁德屏南总店),C11437,宁德屏南总店,4.5,False,✅成功
,16391316,煌上煌酱鸭(鹰抚东乡恒安东路店),C00492,鹰抚东乡恒安东路店,4.5,False,✅成功
,16638145,煌上煌酱鸭(揭阳揭西棉湖专卖店),C07312,揭阳揭西棉湖店,4.5,False,✅成功
,14723619,煌上煌酱鸭（直属新建米罗2店）,C00127,直属新建米罗2店,4.5,False,✅成功
,16170645,煌上煌酱鸭（金域华府店）,C05106,金域华府店,4.5,False,✅成功
,15968024,煌上煌酱鸭(泉州石狮沃尔玛店),C02668,泉州石狮沃尔玛店,4.5,False,✅成功
,17727229,煌上煌酱鸭(珠海斗门招商花园城专卖店),C14485,珠海斗门招商花园城店,4.5,False,✅成功
,16638099,煌上煌酱鸭(光明玉律南海百货专卖店),C12696,光明玉律南海百货店,4.5,False,✅成功
,17146733,煌上煌酱鸭(宝安龙华江南专卖店),C02299,宝安龙华江南店,4.5,False,✅成功
,17604989,煌上煌酱鸭(景德镇余干东山大街店),C08948,上饶余干东山大街店,4.5,False,✅成功
,22705662,煌上煌热卤(地铁万科店),C14793,直属地铁万科广场店,4.5,False,✅成功
,16256709,煌上煌酱鸭(直属吉安金鹏花园店),C11771,直属吉安金鹏花园店,4.48,False,✅成功
,16384083,煌上煌酱鸭(东莞祥新中路专卖店),C12033,东莞祥新中路店,4.46,False,✅成功
,14264565,煌上煌酱鸭（力高君御店）,C00412,力高君御店,4.45,False,✅成功
,14594558,煌上煌酱鸭（罗湖水库新村专卖店）,C07303,罗湖水库新村店,4.44,False,✅成功
,14594559,煌上煌酱鸭（盐田广富店）,C02567,盐田广富店,4.43,False,✅成功
,15861074,煌上煌酱鸭(泉州南安仑苍店),C02652,泉州南安仑苍店,4.43,False,✅成功
,14261050,煌上煌酱鸭（九龙新力琥珀园店）,C09673,九龙新力琥珀园店,4.43,False,✅成功
,16638028,煌上煌酱鸭(揭阳揭东新亨专卖店),C08311,揭阳揭东新亨店,4.43,False,✅成功
,15968014,煌上煌酱鸭(赣州厚德路店),C01066,赣州厚德路,4.4,False,✅成功
,16914080,煌上煌酱鸭(东莞东坑东兴中路专卖店),C12898,东莞东坑东兴中路店,4.4,False,✅成功
,14394333,煌上煌酱鸭（宝安金安路专卖店）,C14590,直属宝安金安路店,4.36,False,✅成功
,14876895,煌上煌酱鸭（福田新洲七街专卖店）,C02807,福田新洲七街店,4.36,False,✅成功
,15905486,煌上煌酱鸭(东莞长安大润发专卖店),C02049,东莞长安振安中路店,4.36,False,✅成功
,16383955,煌上煌酱鸭(鹰抚鹰潭梅园大道店),C00456,鹰抚鹰潭梅园大道店,4.33,False,✅成功
,15905485,煌上煌酱鸭(东莞大岭山杨屋专卖店),C11328,东莞大岭山杨屋店,4.33,False,✅成功
,14204946,煌上煌酱鸭（小蓝中路店）,C03607,直属小蓝中路店,4.33,False,✅成功
,15967919,煌上煌酱鸭建宁店,C12039,三明建宁店,4.33,False,✅成功
,16914082,煌上煌酱鸭(揭阳揭东炮台专卖店),C07581,揭阳揭东炮台店,4.33,False,✅成功
,15122755,煌上煌酱鸭（福田水围专卖店）,C02810,福田水围店,4.33,False,✅成功
,15967927,煌上煌酱鸭.鸭货(龙之梦店),C03818,沈阳龙之梦店,4.33,False,✅成功
,16638166,煌上煌酱鸭(玉林博白锦绣广场店),C12886,玉林博白锦绣广场店,4.33,False,✅成功
,16638168,煌上煌酱鸭(东莞桥头),C03132,东莞桥头,4.33,False,✅成功
,21492023,煌上煌酱鸭(塘坑地铁店),C14709,龙岗横岗塘坑地铁店,4.33,False,✅成功
,16019921,煌上煌酱鸭(惠州时尚公园专卖店),C03463,惠州时尚公园店,4.32,False,✅成功
,15967905,煌上煌酱鸭(中山火炬沃尔玛专卖店),C04070,中山火炬沃尔玛店,4.32,False,✅成功
,16020071,煌上煌酱鸭(福州仓山万达专卖店),C15041,直属福州仓山万达店,4.31,False,✅成功
,14876893,煌上煌酱鸭（宝安龙华创业花园店）,C03099,宝安龙华创业花园店,4.31,False,✅成功
,14262338,煌上煌酱鸭（直属世贸天城店）,C10567,直属世贸天城店,4.29,False,✅成功
,16130447,煌上煌酱鸭(龙岗平湖万达专卖店),C13362,龙岗平湖万达店,4.29,False,✅成功
,14264566,煌上煌酱鸭（大沈桥店）,C00402,大沈桥,4.27,False,✅成功
,14270468,煌上煌酱鸭（直属八一广场专卖店）,C05138,直属八一广场店,4.27,False,✅成功
,14270466,煌上煌酱鸭（直属高新店）,C00006,直属高新,4.27,False,✅成功
,15905464,煌上煌酱鸭(惠州江北佳兆业广场专卖店),C10332,惠州江北佳兆业广场店,4.25,False,✅成功
,15967947,煌上煌酱鸭(福州闽侯青口博雅店),C02082,福州闽侯青口博雅店,4.25,False,✅成功
,15967914,煌上煌酱鸭(东莞长安上沙中南路专卖店),C09404,东莞长安上沙中南路店,4.25,False,✅成功
,14594561,煌上煌酱鸭（龙岗坪山沙壆专卖店）,C13906,龙岗坪山沙壆店,4.25,False,✅成功
,14594560,煌上煌酱鸭（沙井和一店）,C02192,宝安区沙井松福路店,4.25,False,✅成功
,17082651,煌上煌酱鸭(东莞大岭山领尚店),C02231,东莞大岭山领尚店,4.25,False,✅成功
,15905502,煌上煌酱鸭(韶关南雄青云路专卖店),C02456,韶关南雄青云路店,4.25,False,✅成功
,14725254,煌上煌酱鸭（肇庆大旺广场店）,C02647,肇庆大旺广场店,4.24,False,✅成功
,15678871,煌上煌酱鸭（宝安区固戍地铁店）,C02805,宝安区固戍地铁店,4.22,False,✅成功
,16256678,煌上煌酱鸭(宝安石岩豪迈专卖店),C05461,宝安石岩豪迈店,4.21,False,✅成功
,17775709,煌上煌酱鸭（东莞黄江大道专卖店）,C14250,东莞黄江大道店,4.21,False,✅成功
,15905515,煌上煌(商业中心店),C02872,东莞樟木头地王店,4.2,False,✅成功
,15385831,煌上煌酱鸭（广州番禺易发街店）,C11472,广州番禺易发街店,4.2,False,✅成功
,16256696,煌上煌酱鸭(沃华广场店),C05237,沃华广场店,4.2,False,✅成功
,14311018,煌上煌酱鸭（直属梦时代广场店）,C12685,直属梦时代广场店,4.2,False,✅成功
,16389603,煌上煌酱鸭(鹰抚东乡毛莲山店),C02011,鹰抚东乡毛莲山店,4.2,False,✅成功
,15967909,煌上煌酱鸭(中山东凤万科专卖店),C11330,中山东凤万科店,4.2,False,✅成功
,16256698,煌上煌酱鸭(吉安遂川泉江东路大道店),C01055,吉安遂川泉江东路大道店,4.2,False,✅成功
,15905421,煌上煌酱鸭(惠州博罗龙溪万润城专卖店),C08234,惠州博罗龙溪万润城店,4.17,False,✅成功
,15967939,煌上煌酱鸭(江门开平水口升宝专卖店),C11889,江门开平水口升宝店,4.17,False,✅成功
,14317837,煌上煌酱鸭（宝安区流塘专卖店）,C03978,宝安区流塘店,4.14,False,✅成功
,14270457,煌上煌酱鸭（新城吾悦广场店）,C04096,新城吾悦广场店,4.13,False,✅成功
,17210596,煌上煌酱鸭(西安市场延安二道街中鼓楼店),C06071,西安市场延安二道街中鼓楼店,4.13,False,✅成功
,14292467,煌上煌酱鸭（ 澄湖左岸店）,C00295,澄湖左岸店,4.11,False,✅成功
,17210592,煌上煌酱鸭(龙华福城桔坑专卖店),C12935,龙华福城桔坑店,4.11,False,✅成功
,14725301,煌上煌酱鸭（广州花都区太子街专卖店）,C13618,广州花都太子街店,4.08,False,✅成功
,14876898,煌上煌酱鸭（上域信天生活广场店）,C02253,宝安区大王山店,4.08,False,✅成功
,15905484,煌上煌酱鸭(东莞虎门赤岗专卖店),C13509,东莞虎门赤岗店,4.08,False,✅成功
,15905480,煌上煌酱鸭(东莞南城莱蒙广场专卖店),C11251,东莞南城莱蒙广场店,4.07,False,✅成功
,15200662,煌上煌酱鸭（广州人和地铁专卖店）,C08374,广州人和地铁店,4.07,False,✅成功
,15905993,煌上煌酱鸭(惠州惠汕路专卖店),C02892,惠州惠汕路店,4.0,False,✅成功
,15905495,煌上煌酱鸭(惠州港惠路口专卖店),C02498,惠州港惠路口店,4.0,False,✅成功
,15967996,煌上煌酱鸭(上饶弋阳怡景苑店),C14264,上饶弋阳怡景苑店,4.0,False,✅成功
,15905478,煌上煌酱鸭.鸭货.炒饭(民主广场店),C11581,直属大连民主广场24小时店,4.0,False,✅成功
,15905426,煌上煌酱鸭(东莞塘厦田心店),C03109,东莞塘厦田心店,4.0,False,✅成功
,15967949,煌上煌酱鸭(海口日月广场专卖店),C08708,海口日月广场店,4.0,False,✅成功
,15905517,煌上煌酱鸭(澄迈洪都购物广场专卖店),C13745,澄迈洪都购物广场店,4.0,False,✅成功
,15967941,煌上煌酱鸭(中山远洋城专卖店),C05798,中山远洋城店,4.0,False,✅成功
,16384114,煌上煌酱鸭(谢岗润生振兴路专卖店),C07119,谢岗润生振兴路店,4.0,False,✅成功
,16389398,煌上煌酱鸭(鹰抚东乡赣东商贸城店),C10182,鹰抚东乡赣东商贸城店,4.0,False,✅成功
,14725181,煌上煌酱鸭（佛山乐从雅居乐花园专卖店）,C13392,佛山乐从雅居乐花园店,4.0,False,✅成功
,16638044,煌上煌酱鸭(赣州温馨家园店),C11369,赣州温馨家园店,4.0,False,✅成功
,14594551,煌上煌手撕酱鸭（宝安区塘下涌店）,C03031,宝安区塘下涌,4.0,False,✅成功
,14725167,煌上煌酱鸭（佛山汇利广场专卖店）,C02216,佛山汇利广场店,4.0,False,✅成功
,14305197,煌上煌酱鸭（直属青云明珠店）,C00125,直属青云明珠店,4.0,False,✅成功
,16190067,煌上煌酱鸭(吉安文澜府店),C11761,吉安文澜府店,4.0,False,✅成功
,14725180,煌上煌酱鸭（佛山南海金色领域专卖店）,C13179,佛山南海金色领域店,4.0,False,✅成功
,14723360,煌上煌酱鸭（直属聚源市场店）,C00081,直属聚源市场店,4.0,False,✅成功
,14725182,煌上煌酱鸭（佛山桂城凤凰荟店）,C13122,佛山南海桂城万达广场店,4.0,False,✅成功
,16383996,煌上煌酱鸭(娄底步行街店),C04111,娄底步行街店,4.0,False,✅成功
,16914071,煌上煌酱鸭(宜春万载),C00930,宜春万载,4.0,False,✅成功
,15967986,煌上煌酱鸭(珠海香洲印象城专卖店),C13970,珠海香洲印象城店,4.0,False,✅成功
,16638133,煌上煌酱鸭(新建凌波农贸市场店),C08350,新建凌波农贸市场店,4.0,False,✅成功
,16384031,煌上煌酱鸭(钦州世贸广场专卖店),C04865,钦州世贸广场店,4.0,False,✅成功
,15967924,煌上煌酱鸭(直属海口国贸路专卖店),C13991,海口国贸路专卖店,4.0,False,✅成功
,17082657,煌上煌酱鸭(青山路口),C00211,青山路口,4.0,False,✅成功
,16638146,煌上煌酱鸭(赣州兴国五福广场店),C09704,赣州兴国五福广场店,4.0,False,✅成功
,17279849,煌上煌酱鸭(珠海香洲总站店),C03037,珠海香洲总站店,4.0,False,✅成功
,16256700,煌上煌酱鸭(九龙湖青原山路店),C11442,九龙湖青原山路店,4.0,False,✅成功
,15905508,煌上煌酱鸭.鸭货.炒饭(南市场店),C14999,沈阳十一纬路光辉店,4.0,False,✅成功
,16638050,煌上煌酱鸭(赣州沙河),C01099,赣州沙河,4.0,False,✅成功
,17450639,煌上煌酱鸭(龙岗坂田雪象新村专柜店),C14409,龙岗坂田雪象新村店,4.0,False,✅成功
,16384043,煌上煌酱鸭(直属桂林文化宫专卖店),C13522,直属桂林文化宫店,4.0,False,✅成功
,16384024,煌上煌酱鸭(赣州兴国),C01072,赣州兴国,4.0,False,✅成功
,17755256,煌上煌酱鸭(九江瑞昌叶波大润发店),C01861,九江瑞昌叶波大润发店,4.0,False,✅成功
,16130453,煌上煌酱鸭(贵州兴义市兴义商超店),C05703,贵州兴义市兴义商超店,4.0,False,✅成功
,17390525,煌上煌酱鸭(景德镇景城名郡店),C12452,景德镇景城名郡店(译翔丽),4.0,False,✅成功
,16389610,煌上煌酱鸭(宜春万载宏达嘉园店),C12029,宜春万载宏达嘉园店,4.0,False,✅成功
,16638161,煌上煌酱鸭(鹰抚贸易广场店),C13427,鹰抚贸易广场店,4.0,False,✅成功
,17633470,煌上煌酱鸭(直属柳州五星街美食广场店),C10074,直属柳州五星街美食广场店,4.0,False,✅成功
,15905518,煌上煌酱鸭(琼海东风路专卖店),C06841,琼海东风路店,4.0,False,✅成功
,15905465,煌上煌酱鸭(惠州人民四路专卖店),C09547,惠州人民四路店,4.0,False,✅成功
,19811043,煌上煌酱鸭(河池众辉超市专卖店),C14603,河池众辉超市店,4.0,False,✅成功
,22816256,煌上煌酱鸭(横峰解放中路店),C00871,上饶横峰解放中路店,4.0,False,✅成功
,16638164,煌上煌酱鸭(丰城五千套店),C00673,丰城五千套店,4.0,False,✅成功
,19502195,煌上煌酱鸭(大鹏佳兆业广场专卖店),C14073,大鹏佳兆业广场店,4.0,False,✅成功
,14311019,煌上煌酱鸭（直属新建2店）,C00023,直属新建２,4.0,False,✅成功
,16638094,煌上煌酱鸭(婺源平安花园小区店),C08048,婺源平安花园小区店,4.0,False,✅成功
,16130448,煌上煌酱鸭(宝安塘尾地铁专卖店),C06117,宝安塘尾地铁店,3.95,False,✅成功
,15967967,煌上煌酱鸭(东莞大朗巷头店),C02137,东莞大朗巷头,3.95,False,✅成功
,14725179,煌上煌酱鸭（佛山顺德五沙市场专卖店）,C11008,佛山顺德五沙市场店,3.93,False,✅成功
,14264573,煌上煌酱鸭（ 万达星城店）,C03897,万达星城店,3.9,False,✅成功
,14394336,煌上煌酱鸭(龙华共和花园专卖店),C14046,龙华共和花园店,3.89,False,✅成功
,14394599,煌上煌酱鸭（直属宝安桥头地铁专卖店）,C09764,直属宝安桥头地铁店,3.86,False,✅成功
,15905474,煌上煌酱鸭(惠州新圩店),C02229,惠州新圩店,3.86,False,✅成功
,17335901,煌上煌酱鸭(河南郑州祥和居店),C14381,河南郑州祥和居店,3.86,False,✅成功
,14876891,煌上煌酱鸭（龙华大浪商业中心专卖店）,C13177,龙华大浪商业中心店,3.83,False,✅成功
,16189132,煌上煌酱鸭(赣州南康国光店),C04132,赣州南康国光店,3.83,False,✅成功
,16384015,煌上煌酱鸭(龙岗中心城专卖店),C08045,龙岗中心城店,3.81,False,✅成功
,16189138,煌上煌酱鸭(上饶玉山天街店),C12613,上饶玉山天街店,3.8,False,✅成功
,17279852,煌上煌酱鸭(东莞厚街汉邦广场店),C14368,东莞厚街兴隆路店,3.8,False,✅成功
,15861062,煌上煌酱鸭(广州海珠鹭江专卖店),C05483,广州海珠鹭江店,3.75,False,✅成功
,15905481,煌上煌酱鸭(汕尾陆丰生福店),C06480,汕尾陆丰生福百货店,3.75,False,✅成功
,15905503,煌上煌酱鸭(东莞茶山茶兴路专卖店),C12240,东莞茶山茶兴路店,3.75,False,✅成功
,15122753,煌上煌酱鸭（罗湖区向西店）,C02513,罗湖区向西,3.75,False,✅成功
,16256679,煌上煌酱鸭(邵阳县振羽广场店),C09549,邵阳县振羽广场店,3.75,False,✅成功
,14725193,煌上煌酱鸭（佛山大沥步行街专卖店）,,,3.75,False,❌未匹配
,15968003,煌上煌酱鸭(鹰抚抚州梦湖店),C05056,鹰抚抚州梦湖店,3.75,False,✅成功
,16384071,煌上煌酱鸭(宜春上高银海敖阳南路店),C00952,宜春上高银海敖阳南路店,3.73,False,✅成功
,16189109,煌上煌酱鸭(惠州天天润广场专卖店),C02333,惠州天天润广场店,3.7,False,✅成功
,14594542,煌上煌酱鸭（龙岗区坪地乐兴店）,C02043,龙岗区坪地乐兴店,3.67,False,✅成功
,15968182,煌上煌酱鸭.鸭货(北一路万达店),C01972,沈阳北一路万达店,3.67,False,✅成功
,16018611,煌上煌酱鸭(直属西安西门人人乐店),C11560,直属西安西门人人乐店,3.67,False,✅成功
,16130457,煌上煌酱鸭(宝安新桥万科星城专卖店),C12479,宝安新桥万科星城店,3.67,False,✅成功
,15905505,煌上煌酱鸭(东莞塘厦盈锋广场专卖店),C02203,东莞塘厦盈锋广场店,3.67,False,✅成功
,16130460,煌上煌酱鸭(广州天河朱村专卖店),C05368,广州天河朱村专卖店,3.67,False,✅成功
,15861080,煌上煌酱鸭(永宁专卖店•卤味•鸭脖•炒饭),C12097,泉州石狮永宁店,3.67,False,✅成功
,15861055,煌上煌酱鸭(宁乡天虹二店),C13153,宁乡天虹二店,3.67,False,✅成功
,16189131,煌上煌酱鸭(赣州南康中学店),C01122,赣州南康中学店,3.67,False,✅成功
,14520832,煌上煌酱鸭(红苗店),C00267,红苗,3.67,False,✅成功
,14594555,煌上煌酱鸭（龙岗布吉桂芬园专卖店）,C04169,龙岗布吉桂芬园店,3.67,False,✅成功
,14725215,煌上煌酱鸭（清远滨江店）,C02539,清远滨江店,3.67,False,✅成功
,16383959,煌上煌酱鸭(广西桂平广百汇专卖店),C05555,广西桂平广百汇店,3.67,False,✅成功
,14264568,煌上煌酱鸭（新建兴国路店）,C09523,新建兴国路店,3.67,False,✅成功
,16256677,煌上煌酱鸭(上饶公园道店),C10844,上饶公园道店,3.67,False,✅成功
,16189144,煌上煌酱鸭(鹰抚上顿渡新区),C00485,鹰抚上顿渡新区,3.67,False,✅成功
,14394335,煌上煌酱鸭.鸭货（常营美食街店）,C13430,直属北京朝阳常营美食街店,3.67,False,✅成功
,16384038,煌上煌酱鸭(赣州赣县梅林古镇店),C12610,赣州赣县梅林古镇店,3.67,False,✅成功
,16638106,煌上煌酱鸭(义乌北苑之心店),C13439,义乌北苑之心店,3.67,False,✅成功
,16257047,煌上煌酱鸭(南昌融创万达城店),C09165,南昌融创万达城店,3.67,False,✅成功
,16638059,煌上煌酱鸭(璜垦二店),C01851,璜垦二店,3.67,False,✅成功
,16019848,煌上煌酱鸭(珠海夏湾店),C02712,珠海夏湾店,3.67,False,✅成功
,16130468,煌上煌酱鸭(海口望海国际专卖店),C06082,海口望海国际店,3.67,False,✅成功
,14305195,煌上煌酱鸭（直属洪都店）,C00005,直属洪都,3.67,False,✅成功
,16256741,煌上煌酱鸭(东莞食客店),C02477,东莞食客店,3.67,False,✅成功
,17727227,煌上煌酱鸭(海口盐灶专卖店),C14464,海口盐灶店,3.67,False,✅成功
,17335900,煌上煌酱鸭(福州东湖专卖店),C13823,福州东湖店,3.67,False,✅成功
,17662733,煌上煌酱鸭(宜春安义文峰路平安店),C13327,南昌安义文峰路平安店,3.67,False,✅成功
,16256682,煌上煌酱鸭(赣州南康时代新城店),C11343,赣州南康时代新城店,3.67,False,✅成功
,16638125,煌上煌酱鸭(六盘水万达二店),C12587,六盘水万达二店,3.67,False,✅成功
,17390512,煌上煌酱鸭(景德镇新天地店),C12729,景德镇新天地店,3.67,False,✅成功
,17390535,煌上煌酱鸭(景德镇新德园旗舰店),C13103,景德镇新德园旗舰店（辰译优）,3.67,False,✅成功
,23104604,煌上煌酱鸭(龙华观澜章阁店),C14996,龙华观澜章阁店,3.67,False,✅成功
,15967953,煌上煌酱鸭.鸭货(松山店),C01957,沈阳松山店,3.67,False,✅成功
,19553939,煌上煌酱鸭(宁德万和城店),C14559,宁德万和城店,3.63,False,✅成功
,15967907,煌上煌酱鸭(鲤中店),C04450,莆田仙游鲤城店,3.6,False,✅成功
,15967984,煌上煌酱鸭(厦门同安乐海店),C02842,厦门同安乐海店,3.6,False,✅成功
,14725184,煌上煌酱鸭（肇庆万达广场专卖店）,C02135,肇庆万达广场店,3.6,False,✅成功
,14305199,煌上煌酱鸭（直属抚生路店）,C00126,直属抚生路店,3.6,False,✅成功
,16638163,煌上煌酱鸭(赣州金坪西路店),C10177,赣州金坪西路店,3.6,False,✅成功
,15967957,煌上煌酱鸭(厦门思明大生里专卖店),C12279,厦门思明大生里店,3.6,False,✅成功
,15385936,煌上煌酱鸭（东莞翔龙天地广场专卖店）,C06427,东莞翔龙天地广场店,3.6,False,✅成功
,16384045,煌上煌酱鸭(南宁淡村农贸市场店),C12970,南宁淡村农贸市场店,3.6,False,✅成功
,14264569,煌上煌酱鸭（红谷十二庭店）,C04246,红谷十二庭店,3.57,False,✅成功
,16638081,煌上煌酱鸭(龙岗龙城阳光广场专卖店),C12709,龙岗龙城阳光广场店,3.57,False,✅成功
,14317838,煌上煌酱鸭（宝安区翻身路）,C02783,宝安区翻身路,3.57,False,✅成功
,16383960,煌上煌酱鸭(上饶信州区解放路店),C00828,上饶信州区解放路店,3.57,False,✅成功
,16256743,煌上煌酱鸭(吉安城南市场店),C07606,吉安城南市场店,3.56,False,✅成功
,15122757,煌上煌酱鸭（宝安西乡步行街南门专卖店）,C10562,宝安西乡步行街南门店,3.56,False,✅成功
,16130437,煌上煌酱鸭(江门中环广场店),C02535,江门中环广场店,3.56,False,✅成功
,16914056,煌上煌酱鸭(九江共青城甘露),C00752,九江共青城甘露,3.56,False,✅成功
,16130616,煌上煌酱鸭(中山南朗凯盈专卖店),C12908,中山南朗凯盈店,3.55,False,✅成功
,15967925,煌上煌酱鸭(东莞长安万科专卖店),C10243,东莞长安万科店,3.55,False,✅成功
,16638128,煌上煌酱鸭(东莞洪梅万和专卖店),C04390,东莞洪梅万和店,3.55,False,✅成功
,15968030,煌上煌酱鸭(赣州南康佳兴店),C08122,赣州南康佳兴店,3.5,False,✅成功
,15967997,煌上煌酱鸭(直属杭州城西银泰店),C13673,直属杭州城西银泰店,3.5,False,✅成功
,15861061,煌上煌酱鸭(厦门集美北站专柜),C14297,厦门集美北站,3.5,False,✅成功
,15861057,煌上煌酱鸭(长沙星沙泉塘店),C05736,长沙星沙泉塘店,3.5,False,✅成功
,14657079,煌上煌酱鸭（钟鼓楼店）,C10627,钟鼓楼,3.5,False,✅成功
,14725166,煌上煌酱鸭（广州白云沙涌北专卖店）,C04561,广州白云沙涌北店,3.5,False,✅成功
,16189385,煌上煌酱鸭(吉安青原滨江首府店),C07222,吉安青原滨江首府店,3.5,False,✅成功
,14305198,煌上煌酱鸭（直属铁路五村店）,C08796,直属铁路五村店,3.5,False,✅成功
,14657070,煌上煌酱鸭（宝安区华盛路专卖店）,C05231,宝安区华盛路店,3.5,False,✅成功
,14594563,煌上煌酱鸭（宝安区龙华爱华专卖店）,C02395,宝安区龙华爱华店,3.5,False,✅成功
,16130475,煌上煌酱鸭(泉州安溪宝龙观光夜市专卖店),C14347,泉州安溪宝龙观光夜市店,3.5,False,✅成功
,16383990,煌上煌酱鸭(桂平新天地专卖店),C05477,桂平新天地店,3.5,False,✅成功
,15967956,煌上煌酱鸭(厦门思明上李店),C14117,厦门思明上李店,3.5,False,✅成功
,16384039,煌上煌酱鸭(赣州赣县星洲润达宏昌店),C11141,赣州赣县星洲润达宏昌店,3.5,False,✅成功
,16130451,煌上煌酱鸭(潍坊昌乐方山大街全福元),,,3.5,False,❌未匹配
,17146734,煌上煌酱鸭(佛山玉器街店),C03020,佛山玉器街店,3.5,False,✅成功
,15122781,煌上煌酱鸭（龙岗区中信龙盛广场店）,C03033,龙岗区中信龙盛广场店,3.5,False,✅成功
,16638127,煌上煌酱鸭(九龙湖富源花园店),C09431,九龙湖富源花园店,3.5,False,✅成功
,16638066,煌上煌酱鸭(上饶铅山),C00831,上饶铅山,3.5,False,✅成功
