门店ID,门店名称,分公司,战区,省区,办事处,门店状态,门店类型,加盟&直营,门店分类,美团id,饿了么id,京东秒送id,微盟小程序id,口碑id,美团团购id,抖音id,快手id,高德平台id,TCODE,是否能做线上
C00002,直属总社,江西公司,南昌一战区,江西二区,南昌三办,正常营业,专卖店,直营,街铺,3632202,506358037,14270465.0,6013965557849,147067,71045336,6601165487734786055,6724909397161789354,2026031211077000000115301301|xiniu_xgc_bgc,1,是
C00003,直属东湖,江西公司,南昌一战区,江西二区,南昌三办,正常营业,专卖店,直营,街铺,3632196,502522594,14270458.0,6014198126849,147237,29624,6601200937530820621,3003666597569664634,,1,是
C00005,直属洪都,江西公司,南昌一战区,江西二区,南昌三办,正常营业,专卖店,直营,街铺,15765636,931871,14305195.0,6014197849849,147275,1922439087,7186939767345383428,3003194353276921306,2026031211077000000115353236|xiniu_xgc_bgc,1,是
C00006,直属高新,江西公司,南昌一战区,江西一区,南昌二办,正常营业,专卖店,直营,街铺,13809789,506194544,14270466.0,6014199038849,147230,1700761384,7057412106370418719,6724909544071705705,2026031211077000000115273299|xiniu_xgc_bgc,1,是
C00007,直属二七路,江西公司,南昌一战区,江西二区,南昌三办,正常营业,专卖店,直营,街铺,15933854,161779863,14520831.0,6013968019849,147278,29492,6601143522043103240,6724909544063883164,2026031211077000000115368232|xiniu_xgc_bgc,1,是
C00008,直属新村,江西公司,南昌一战区,江西一区,南昌二办,正常营业,专卖店,直营,街铺,16728225,2075812230,14262389.0,6014195476849,326819,1993720109,7207349423678949431,3003654670203000086,2026031211077000000115267300|xiniu_xgc_bgc,1,是
C00009,直属董家窑,江西公司,南昌一战区,江西二区,南昌三办,正常营业,专卖店,直营,街铺,8557118,336568420,14311014.0,6014197848849,147258,29636,6601187949331613703,6724909444846234322,,1,是
C00010,直属贤士路,江西公司,南昌一战区,江西二区,南昌三办,正常营业,专卖店,直营,街铺,15933128,507607150,14331983.0,6014197540849,147257,29626,6601152838716360707,6724909544062113732,2026031211077000000115376216|xiniu_xgc_bgc,1,是
C00011,直属广外,江西公司,南昌一战区,江西二区,南昌三办,正常营业,专卖店,直营,街铺,15166005,1123078851,14745038.0,6013968713849,147243,159400160,6601141919818975246,3003810034396041337,,1,是
C00012,直属中山路,江西公司,南昌一战区,江西二区,南昌三办,关店,专卖店,直营,街铺,3632195,506642980,,6013966323849,147226,29637.0,,,,1,是
C00013,直属羊子巷,江西公司,南昌一战区,江西二区,南昌三办,正常营业,专卖店,直营,街铺,3632197,336709638,14262337.0,6013965556849,147223,29627,6981894212090333220,6724909414506018921,2026031211077000000115389185|xiniu_xgc_bgc,1,是
C00015,直属子固路,江西公司,南昌一战区,江西二区,南昌三办,关店,专卖店,直营,街铺,3632198,506652866,14488873.0,6014199402849,147242,169335140,6601139016936982532,6724909544064482501,,1,是
C00016,直属京山,江西公司,南昌一战区,江西二区,南昌三办,正常营业,专卖店,直营,街铺,15166398,507103934,14305203.0,6014200312849,147277,29629,6601195720009582605,6724909502053381530,2026031211077000000115301286|xiniu_xgc_bgc,1,是
C00017,直属十字街,江西公司,南昌一战区,江西二区,南昌三办,关店,专卖店,加盟,街铺,,,,,,,,,,1,是
C00018,直属公园路,江西公司,南昌一战区,江西二区,南昌三办,关店,专卖店,直营,街铺,501416187,501416187,,6014199714849,147248,29634.0,,,,1,是
C00019,直属广场东路,江西公司,南昌一战区,江西二区,南昌三办,关店,专卖店,直营,街铺,3632761,1108595908,14305200.0,6013965944849,147273,909971,6995050771775490078,3002768237256122734,,1,是
C00021,直属上海路,江西公司,南昌一战区,江西一区,南昌二办,正常营业,专卖店,直营,街铺,3632755,2089556403,14311013.0,6014195475849,147231,29630,6601203767398369283,6724909346893235317,,1,是
C00022,直属莲塘,其他,南昌区域,江西省区,南昌直营办,正常营业,专卖店,直营,街铺,,,,6013866147849,,,,,2025112011077000000113647749|xiniu_xgc_bgc,1,是
C00023,直属新建２,江西公司,南昌一战区,江西一区,南昌一办,正常营业,专卖店,直营,街铺,3632191,336591217,14311019.0,6014199613849,147262,29657,6601149283016132611,6724909263019632130,,1,是
C00025,直属新建３,江西公司,南昌一战区,江西一区,南昌一办,正常营业,专卖店,直营,街铺,3632758,1116953177,14498156.0,6014195883849,325943,163414176,6625888729288411143,3003810034234857703,,1,是
C00026,直属沃尔玛八一店,江西公司,南昌一战区,江西二区,南昌三办,关店,渠道店,直营,商超,,,,,,,,,,1,是
C00027,直属沃尔玛三店西路,江西公司,南昌一战区,江西二区,南昌三办,关店,,连锁商超,,,,,,,,,,,1,否
C00028,直属天虹江大店,江西公司,南昌一战区,江西一区,南昌二办,关店,专柜店,直营,商超,,,,6015165245849,,,,,,1,是
C00031,直属三店西路,江西公司,南昌一战区,江西二区,南昌三办,关店,专卖店,直营,街铺,,,,,,,,,,1,是
C00032,直属开关厂,江西公司,南昌一战区,江西一区,南昌一办,关店,专卖店,直营,街铺,3632663,,,,147266,29659.0,,,,1,是
C00033,直属系马桩,江西公司,南昌一战区,江西二区,南昌三办,正常营业,专卖店,直营,街铺,22071092,1106084220,14270464.0,6013969220849,147224,29646,6601140278969501703,3002340989957875126,,1,是
C00035,直属天虹中山路店,江西公司,南昌一战区,江西二区,南昌三办,关店,专柜店,直营,商超,,,,6015165196849,,,,,,1,是
C00036,直属红谷滩,江西公司,南昌一战区,江西一区,南昌一办,关店,专卖店,直营,,,,,,,,,,,1,是
C00037,直属八村,江西公司,南昌一战区,江西二区,南昌三办,关店,专卖店,直营,,,,,,,29628,,,,1,是
C00038,直属老福山,江西公司,南昌一战区,江西二区,南昌三办,关店,专卖店,加盟,街铺,3632203,163772037,,,171664,162197872.0,,,,1,是
C00039,直属红谷滩2,江西公司,南昌一战区,江西一区,南昌一办,正常营业,专卖店,直营,街铺,3632759,931870,14701062.0,6014197449849,147271,41023387,6601138752146376708,6724909544066649194,2026031211077000000115291283|xiniu_xgc_bgc,1,是
C00041,直属钟鼓楼,江西公司,南昌一战区,江西二区,南昌三办,关店,专卖店,直营,街铺,,,,6014197440849,147225,2483066.0,,,,1,是
C00043,直属铁路二村,江西公司,南昌一战区,江西二区,南昌三办,关店,专卖店,直营,街铺,,,,,,,,,,1,是
C00046,直属新建总店,江西公司,南昌一战区,江西一区,南昌一办,正常营业,专卖店,直营,街铺,4653671,162850842,14262390.0,6014199908849,147260,100393615,7059395919132756009,6724909544109770028,,1,是
C00047,直属小兰,江西公司,南昌一战区,江西二区,南昌三办,关店,专卖店,直营,街铺,cover_C00047_303660517,cover_C00047_303660517,,6014199030849,147219,29670.0,,,,1,是
C00048,直属新建牌头,江西公司,南昌一战区,江西一区,南昌一办,关店,专卖店,直营,,,,,,,,,,,1,是
C00049,直属胜利路,江西公司,南昌一战区,江西二区,南昌三办,关店,专卖店,直营,街铺,3800197,1105569090,,6014194873849,147239,29666,,,,1,是
C00050,直属天虹红谷店,江西公司,南昌一战区,江西一区,南昌一办,关店,专柜店,直营,商超,,,,,,,,,,1,是
C00056,直属阳明路2,江西公司,南昌一战区,江西二区,南昌三办,关店,专卖店,直营,街铺,931897,931897,,6013965487849,147241,29914,,,,1,是
C00058,直属北京西路,江西公司,南昌一战区,江西二区,南昌三办,正常营业,专卖店,直营,街铺,8042314,506249986,14292469.0,6014195872849,147229,172415052,6601147440701638664,6724909347853086615,,1,是
C00063,直属吉安火车站,江西公司,赣州战区,江西一区,吉安办,关店,专卖店,直营,高势能,,,,,,,,,,1,是
C00067,直属苏圃路,江西公司,南昌一战区,江西二区,南昌三办,正常营业,专卖店,直营,街铺,15932300,506638011,14311017.0,6014199604849,147245,2483073,6601144385000179720,6724909427364789547,2026031211077000000115283254|xiniu_xgc_bgc,1,是
C00069,直属天虹联发广场超市,江西公司,南昌一战区,江西一区,南昌一办,关店,专柜店,直营,商超,,,,6015167432849,,,,,,1,是
C00072,直属孺子路店,江西公司,南昌一战区,江西二区,南昌三办,关店,专卖店,直营,街铺,,,,6013965749849,147281,163408837,,,,1,是
C00073,直属坛子口,江西公司,南昌一战区,江西二区,南昌三办,关店,专卖店,加盟,街铺,3632185,,,,147222,50832158.0,,,,1,是
C00076,直属天虹京东店,江西公司,南昌一战区,江西一区,南昌二办,关店,专柜店,直营,商超,,,,6015166030849,,,,,,1,是
C00079,直属中山路2店,江西公司,南昌一战区,江西二区,南昌三办,关店,专卖店,直营,街铺,,,,,147227,5482808,,,,1,是
C00081,直属聚源市场店,江西公司,南昌一战区,江西一区,南昌一办,正常营业,专卖店,直营,街铺,3632192,1123375989,14723360.0,6014197925849,312974,163597553,6846171224498817028,6724909544099099062,2026031211077000000115364206|xiniu_xgc_bgc,1,是
C00093,直属文教路2店,江西公司,南昌一战区,江西二区,南昌三办,关店,专卖店,直营,街铺,,,,,,,,,,1,是
C00095,直属永叔路菜场店,江西公司,南昌一战区,江西二区,南昌三办,关店,专卖店,直营,街铺,184947345,,,6013966429849,cover_C00095_326017,,,,,1,是
C00097,直属天虹象湖店,江西公司,南昌一战区,江西二区,南昌三办,关店,专柜店,直营,商超,,,,6015166116849,,,,,,1,是
C00109,直属红谷滩餐饮团购,江西公司,南昌一战区,江西一区,南昌一办,关店,渠道店,加盟,特殊渠道,,,,,,,,,,1,是
C00110,直属天虹奥体店,江西公司,南昌一战区,江西一区,南昌二办,关店,专柜店,直营,商超,,,,6015167060849,,,,,,1,是
C00115,直属青山湖万达2店,江西公司,南昌一战区,江西一区,南昌一办,关店,专柜店,直营,商超,,,,,,,,,,1,是
C00116,直属移动赣A325W3,江西公司,南昌一战区,江西二区,南昌三办,关店,,移动售卖,,,,,,,,,,,1,否
C00117,直属洪都2店,江西公司,南昌一战区,江西二区,南昌三办,正常营业,专卖店,直营,街铺,3632660,507108745,14932109.0,6014197636849,193548,794283118,7073328540053981191,3003668254039581429,2026030411077000000115149708|xiniu_xgc_bgc,1,是
C00123,直属永辉西湖万达店,江西公司,南昌一战区,江西二区,南昌三办,关店,专柜店,直营,综合体,,,,6015164688849,,,,,,1,是
C00125,直属青云明珠店,江西公司,南昌一战区,江西二区,南昌三办,正常营业,专卖店,直营,街铺,15165966,161816936,14305197.0,6014194792849,211962,163408669,6601199310031833095,6724909367355027764,,1,是
C00126,直属抚生路店,江西公司,南昌一战区,江西二区,南昌三办,正常营业,专卖店,直营,街铺,13860762,301689519,14305199.0,6013966030849,326016,169503519,6601133982878795783,6724909544075559063,2026031211077000000115281272|xiniu_xgc_bgc,1,是
C00127,直属新建米罗2店,江西公司,南昌一战区,江西一区,南昌一办,正常营业,专卖店,直营,街铺,3632757,1126046955,14723619.0,6014199730849,325944,1152012142,7068436207704737807,3002222414228268490,2026031211077000000115256281|xiniu_xgc_bgc,1,是
C00129,直属澄湖店,江西公司,南昌一战区,江西二区,南昌三办,关店,专卖店,直营,街铺,3632188,,,,218767,194590236.0,,,,1,是
C00130,直属永辉铜锣湾店,江西公司,南昌一战区,江西一区,南昌一办,关店,专柜店,直营,商超,,,,6015168043849,,,,,,1,是
C00133,京东,江西公司,南昌一战区,江西一区,南昌二办,正常营业,专卖店,加盟,街铺,,,,6015117777849,175114,165087398,6601135510964406280,3003949249426499467,,1,是
C00135,石泉,江西公司,南昌一战区,江西一区,南昌二办,关店,专卖店,加盟,街铺,,,,6015118650849,175115,1003693738,6601151369271330823,6724909370587208165,,1,是
C00136,龙王庙,江西公司,南昌一战区,江西二区,南昌三办,正常营业,专卖店,加盟,街铺,2333855,1447384,,6015117878849,175103,1427377163,6601194714223872008,3002010502888787994,2026030711077000000115215948|xiniu_xgc_bgc,1,是
C00137,罗家集,江西公司,南昌一战区,江西一区,南昌二办,正常营业,专卖店,加盟,街铺,,,,6015119485849,187437,42170644,6601195851366795272,6724909544111547721,,1,是
C00138,南钢,江西公司,南昌一战区,江西一区,南昌二办,正常营业,专卖店,加盟,街铺,25986771,524840119,,6015115095849,185138,1756780007,6601135638865512461,6724909544063269546,2025111911077000000113616777|xiniu_xgc_bgc,1,是
C00139,观田,江西公司,南昌一战区,江西一区,南昌二办,正常营业,专卖店,加盟,街铺,,,,6015164362849,187438,,6707872920313595918,3002498505190937068,,1,是
C00140,昌东,江西公司,南昌一战区,江西一区,南昌二办,正常营业,专卖店,加盟,街铺,,,,6015117690849,175111,1716460597,6824614325496350733,,,1,是
C00141,尤口,江西公司,南昌一战区,江西一区,南昌二办,正常营业,专卖店,加盟,街铺,,,,6015129801849,187439,180371017,,,,1,是
C00142,麻丘,江西公司,南昌一战区,江西一区,南昌二办,正常营业,专卖店,加盟,街铺,,,,6015116299849,191663,1142437481,6601196741943363592,3003872392890327513,,1,是
C00143,塘南,江西公司,南昌一战区,江西一区,南昌二办,正常营业,专卖店,加盟,街铺,,,,6015116869849,191664,724013131,7346117008057960488,3002995664719515827,2025111911077000000113710697|xiniu_xgc_bgc,1,是
C00145,九村,江西公司,南昌一战区,江西一区,南昌二办,关店,专卖店,加盟,街铺,,,,6015118652849,175112,,7080371178228942862,3003294361540436676,,1,是
C00146,莲塘1,江西公司,南昌一战区,江西二区,南昌四办,关店,专卖店,加盟,街铺,2333822,,,,,41332849,,3002046039023493540,,1,是
C00147,莲塘2,江西公司,南昌一战区,江西二区,南昌四办,正常营业,专卖店,加盟,街铺,3710304,506178691,,6015115155849,175117,1791574603,7064510162748327943,3003654844701907330,2025112011077000000113647749|xiniu_xgc_bgc,1,是
C00148,莲西,江西公司,南昌一战区,江西二区,南昌四办,正常营业,专卖店,加盟,街铺,,1348179985,,6015119466849,175118,1681718261,6601138670487472132,3002006238477296166,2025112011077000000113734686|xiniu_xgc_bgc,1,是
C00149,向塘１,江西公司,南昌二战区,江西二区,南昌四办,正常营业,专卖店,加盟,街铺,3709880,543099201,17662734.0,6015164690849,177435,177817659,6601151665997367309,3002718238728950253,,1,是
C00150,三江,江西公司,南昌一战区,江西二区,南昌四办,关店,专卖店,加盟,街铺,,,,,177436,180491064,,,,1,是
C00151,广福,江西公司,南昌二战区,江西二区,南昌四办,正常营业,专卖店,加盟,街铺,,,,6015130818849,177439,527479182,6601144024898209796,,,1,是
C00152,进贤１,江西公司,南昌二战区,江西二区,南昌四办,正常营业,专卖店,加盟,街铺,21263224,157406756,17662738.0,6015167027849,198488,160258970,6601142182655035395,3002804147435774422,,1,是
C00153,进贤２,江西公司,南昌二战区,江西二区,南昌四办,正常营业,专卖店,加盟,街铺,,,,6015167216849,198514,746589352,6601148445317138445,6724909544131787084,2025112011077000000113714669|xiniu_xgc_bgc,1,是
C00155,温圳,江西公司,南昌二战区,江西二区,南昌四办,正常营业,专卖店,加盟,街铺,,,,6015145907849,198576,1477871478,6711575678774560782,6724909403503937949,,1,是
C00156,文港,江西公司,南昌二战区,江西二区,南昌四办,正常营业,专卖店,加盟,街铺,,,,6015116993849,198583,1876413749,6601137075007784967,6724909544072231261,,1,是
C00157,李渡１,江西公司,南昌二战区,江西二区,南昌四办,关店,专卖店,加盟,街铺,,,,6015119497849,191641,730432049,,,,1,是
C00158,江东,江西公司,南昌一战区,江西二区,南昌三办,正常营业,专卖店,加盟,街铺,16189120,,16189120.0,6015119086849,175104,157292001,6601194515908790275,3002374595735884901,2026030711077000000115147893|xiniu_xgc_bgc,1,是
C00159,青云谱南苑一路,江西公司,南昌一战区,江西二区,南昌三办,正常营业,专卖店,加盟,街铺,,,,6015115597849,187451,4511271,6601196221056960520,,,1,是
C00160,楞上,江西公司,南昌一战区,江西二区,南昌三办,关店,专卖店,加盟,街铺,500807293,500807293,,,177455,164360904,,,,1,是
C00161,桃花,江西公司,南昌一战区,江西二区,南昌三办,正常营业,专卖店,加盟,街铺,,,,6015093870849,175101,1182677905,6601178835515869187,6724909544083203954,2026030711077000000115112831|xiniu_xgc_bgc,1,是
C00162,千禧,江西公司,南昌一战区,江西二区,南昌三办,正常营业,专卖店,加盟,街铺,17965494,500732610,14264561.0,6015093065849,175091,90858357,6601178269481994244,3002748732519391581,,1,是
C00163,文教路,江西公司,南昌一战区,江西二区,南昌三办,正常营业,专卖店,加盟,街铺,,,,6015119948849,175156,113150055,6601182332151924744,6724909544106080255,2026030711077000000115221939|xiniu_xgc_bgc,1,是
C00165,北郊,江西公司,南昌一战区,江西一区,南昌一办,正常营业,专卖店,加盟,街铺,,,,6015338423849,175086,52218099,7017634422467856384,4003065618745961844,,1,是
C00166,新建路,江西公司,南昌一战区,江西一区,南昌一办,关店,专卖店,加盟,街铺,,,,,177462,60407761,,,,1,是
C00167,兴华路,江西公司,南昌一战区,江西一区,南昌一办,正常营业,专卖店,加盟,街铺,,,,6015146607849,177461,959052868,7069697131770021918,6724909544085357271,,1,是
C00168,石岗,江西公司,南昌一战区,江西一区,南昌一办,正常营业,专卖店,加盟,街铺,,,,6015118983849,191665,117020804,,,,1,是
C00170,团结路,江西公司,南昌一战区,江西二区,南昌三办,正常营业,专卖店,加盟,街铺,2339346,1447398,,6015165216849,175168,1221558804,6601140906676455431,6724909422746438997,2026030711077000000115238078|xiniu_xgc_bgc,1,是
C00171,火炬广场,江西公司,南昌一战区,江西一区,南昌二办,关店,专卖店,加盟,街铺,2341333,1447432,16256736.0,6015113768849,175108,1365294874,6601200082639390724,6724909484251498503,,1,是
C00172,财大,江西公司,南昌一战区,江西一区,南昌一办,关店,专卖店,加盟,街铺,,,,6015118858849,191632,72075260,6601143880098269198,3003336649140347328,,1,是
C00173,下罗,江西公司,南昌一战区,江西一区,南昌一办,正常营业,专卖店,加盟,街铺,4117735,161647570,14261049.0,6015131813849,175129,168642915,6893629293545392128,6724909480232152282,,1,是
C00175,昌北,江西公司,南昌一战区,江西一区,南昌一办,关店,专卖店,加盟,街铺,7190041,172985255,,,175220,1638697522,,,,1,是
C00176,红角洲,江西公司,南昌一战区,江西一区,南昌一办,正常营业,专卖店,加盟,街铺,,,,6015116870849,175132,1701553239,6601192051688081411,3002804202449998564,,1,是
C00177,南昌紫云小区,江西公司,南昌一战区,江西二区,南昌三办,正常营业,专卖店,加盟,街铺,27527503,310145960,15967961.0,6015119542849,175154,1141572054,7159595588063856671,6724909406345999323,2026030711077000000115211940|xiniu_xgc_bgc,1,是
C00179,王家庄,江西公司,南昌一战区,江西二区,南昌三办,关店,专卖店,加盟,街铺,,,,6015119274849,175208,179272936.0,6601133432250566669,3002973289060081993,,1,是
C00180,上沙窝,江西公司,南昌一战区,江西二区,南昌三办,正常营业,专卖店,加盟,街铺,,,,6015119052849,175166,152545955,6601150682684721165,6724909544127274889,,1,是
C00181,贤士花园,江西公司,南昌一战区,江西二区,南昌三办,正常营业,专卖店,加盟,街铺,2340141,,,6015118742849,175167,85712244,6601193970527635464,6724909544079019554,,1,是
C00182,朝阳,江西公司,南昌一战区,江西二区,南昌三办,正常营业,专卖店,加盟,街铺,2319521,1447378,,6015167023849,175092,157292003,6601150589751527427,3002804591042368081,,1,是
C00183,福田,江西公司,南昌一战区,江西二区,南昌三办,关店,专卖店,加盟,街铺,14471513,506129570,,6015166117849,177456,189811359,6701560798981982221,3003872392942036261,,1,是
C00185,一村,江西公司,南昌一战区,江西二区,南昌三办,正常营业,专卖店,加盟,街铺,,,,6015093869849,177448,41227351,6601190943926257677,3002774040534265094,,1,是
C00186,蛟桥,江西公司,南昌一战区,江西一区,南昌一办,正常营业,专卖店,加盟,街铺,,,,6015118261849,191633,1779480467,6601166290033838094,6724909425835963570,,1,是
C00187,农大,江西公司,南昌一战区,江西一区,南昌一办,关店,专卖店,加盟,街铺,,,,,191634,1300056903,,,,1,是
C00188,火车站,江西公司,南昌一战区,江西二区,南昌三办,关店,专卖店,加盟,高势能,,,,,,,,,,1,是
C00189,朝农,江西公司,南昌一战区,江西二区,南昌三办,正常营业,专卖店,加盟,街铺,3709883,161623473,,6015095658849,177474,164401093,6601198948445063175,3002771592235131605,2026030711077000000115090918|xiniu_xgc_bgc,1,是
C00190,桃苑,江西公司,南昌一战区,江西二区,南昌三办,关店,专卖店,加盟,街铺,1999621,,,,187580,40953317,,,,1,是
C00191,洛阳路,江西公司,南昌一战区,江西一区,南昌二办,正常营业,专卖店,加盟,街铺,,,,6015118651849,175164,157360362,6601167930711345160,6724909544124824926,,1,是
C00192,东新,江西公司,南昌一战区,江西二区,南昌四办,正常营业,专卖店,加盟,街铺,14162942,,,6015119876849,600219,805566328,6940378268516223011,3003708915081356571,,1,是
C00193,青杨,江西公司,南昌一战区,江西一区,南昌一办,正常营业,专卖店,加盟,街铺,,,,6015132205849,177478,1182876824,6601141492520060931,6724909310672756402,,1,是
C00195,成新２,江西公司,南昌一战区,江西二区,南昌四办,正常营业,专卖店,加盟,街铺,,,,6015118989849,191666,1982008762,,3003668472178122797,,1,是
C00196,成新３,江西公司,南昌一战区,江西二区,南昌四办,正常营业,专卖店,加盟,街铺,,,,6015120049849,191667,185692322,6601245970539743236,6724909544113115816,,1,是
C00197,恒湖,江西公司,南昌一战区,江西一区,南昌一办,正常营业,专卖店,加盟,街铺,,,,6015147918849,191651,,,,,1,是
C00198,象山,江西公司,南昌一战区,江西一区,南昌一办,正常营业,专卖店,加盟,街铺,,,,6015129926849,191652,957251475,,,,1,是
C00199,江桥,江西公司,南昌一战区,江西一区,南昌一办,正常营业,专卖店,加盟,街铺,,,,6015130217849,191653,101387759,6923678380151801864,6724909453341952771,,1,是
C00200,大塘,江西公司,南昌一战区,江西一区,南昌一办,正常营业,专卖店,加盟,街铺,151823979,151823979,,6016964642849,191654,744263214,6872934065117366284,3002767681087054576,2026030711077000000115177927|xiniu_xgc_bgc,1,是
C00201,蒋巷,江西公司,南昌一战区,江西一区,南昌二办,正常营业,专卖店,加盟,街铺,,,,6015129800849,191668,1529925152,,3003782457851877823,,1,是
C00202,西山,江西公司,南昌一战区,江西一区,南昌一办,正常营业,专卖店,加盟,街铺,,,,6015120098849,187416,152545933,6945946128789538850,3003886950626009248,,1,是
C00203,生米,江西公司,南昌一战区,江西一区,南昌一办,正常营业,专卖店,加盟,街铺,,,,6015150011849,191669,152545170,6601155252626409479,6724909432797970209,,1,是
C00206,南昌县八一,江西公司,南昌一战区,江西二区,南昌四办,正常营业,专卖店,加盟,街铺,,,,6015118986849,177468,1317096939,7002794211795798046,6724909450497589137,2025111911077000000113739578|xiniu_xgc_bgc,1,是
C00207,幽兰,江西公司,南昌二战区,江西二区,南昌四办,正常营业,专卖店,加盟,街铺,,,,6015165223849,185132,679568545,6601193550023493646,6724909544100528733,2026030711077000000115191934|xiniu_xgc_bgc,1,是
C00208,南京东路,江西公司,南昌一战区,江西一区,南昌二办,关店,专卖店,加盟,街铺,,,,6015119275849,175209,102776410,6601140384972146701,6724909501652943834,,1,是
C00209,京东2,江西公司,南昌一战区,江西一区,南昌二办,关店,专卖店,加盟,街铺,,,,6015116071849,175113,86215534,6601167471078541316,,,1,是
C00210,铁河,江西公司,南昌一战区,江西一区,南昌一办,正常营业,专卖店,加盟,街铺,,,,6015168044849,191655,169022199,,3003872393021596145,,1,是
C00211,青山路口,江西公司,南昌一战区,江西二区,南昌三办,正常营业,专卖店,加盟,街铺,17327988,1447400,17082657.0,6015118741849,175170,42174343,6601163129202149380,3002803743864627816,,1,是
C00212,溪霞,江西公司,南昌一战区,江西一区,南昌一办,正常营业,专卖店,加盟,街铺,,,,6015119590849,187435,152545196,6601192606124738567,4003076173393699412,,1,是
C00215,昌南,江西公司,南昌一战区,江西二区,南昌三办,关店,专卖店,加盟,街铺,,,,6015165197849,177441,40096565,6601145184862341133,2161745520411343178,,1,是
C00216,定岗,江西公司,南昌一战区,江西二区,南昌四办,正常营业,专卖店,加盟,街铺,2319518,144554515,,6015118545849,185139,157292002,6601137711921235981,3003708360635719868,,1,是
C00217,李渡２,江西公司,南昌二战区,江西二区,南昌四办,正常营业,专卖店,加盟,街铺,,,,6015113795849,177437,1475911940,6633870721170802691,3003322211243364919,,1,是
C00218,进贤3,江西公司,南昌二战区,江西二区,南昌四办,正常营业,专卖店,加盟,街铺,,,,6015118691849,198515,805190688,6601149084415821828,3002769317068973303,,1,是
C00219,江纺2,江西公司,南昌一战区,江西一区,南昌二办,关店,专卖店,加盟,,,,,,177479,162197733,,,,1,是
C00220,新建松湖,江西公司,南昌一战区,江西一区,南昌一办,正常营业,专卖店,加盟,街铺,,,,6015150810849,191670,1557707059,6684498481836460035,6724909544064269128,,1,是
C00221,富山,江西公司,南昌二战区,江西二区,南昌四办,正常营业,专卖店,加盟,街铺,,,,6015416411849,191642,42042114,6601198317017761799,6724909543919557304,,1,是
C00222,凤凰花园,江西公司,南昌一战区,江西一区,南昌一办,正常营业,专卖店,加盟,街铺,2319444,152823992,,6015118857849,175110,1678404453,6601172929361217550,3002804202455208497,,1,是
C00223,长山,江西公司,南昌二战区,江西二区,南昌四办,正常营业,专卖店,加盟,街铺,,,,6015129817849,191643,715563634,6647437138893817860,3002975414671742222,,1,是
C00225,下埠,江西公司,南昌二战区,江西二区,南昌四办,正常营业,专卖店,加盟,街铺,,,,6015167028849,191671,162201046,6601266582255568899,,,1,是
C00226,五村,江西公司,南昌一战区,江西一区,南昌二办,正常营业,专卖店,加盟,街铺,,,,6015118243849,175093,1698624561,6601193627718780931,3003872392694080043,,1,是
C00227,万科,江西公司,南昌一战区,江西一区,南昌二办,正常营业,专卖店,加盟,街铺,2319441,1447427,14331987.0,6015118762849,175109,103047324,6601170426695518212,6724909375263544113,2026030711077000000115137951|xiniu_xgc_bgc,1,是
C00228,武阳,江西公司,南昌二战区,江西二区,南昌四办,正常营业,专卖店,加盟,街铺,,,,6015167217849,187448,1683454573,6633881692593457159,4003112891816386993,,1,是
C00229,石埠,江西公司,南昌一战区,江西一区,南昌一办,正常营业,专卖店,加盟,街铺,,,,6015115762849,191672,1338115341,6601160151963551757,,2026030411077000000115145733|xiniu_xgc_bgc,1,是
C00230,南昌湾里井冈山农贸市场店,江西公司,南昌一战区,江西一区,南昌一办,正常营业,专卖店,加盟,街铺,5428911,144909683,16638098.0,6015119771849,177464,962322270,6601192102342690823,3002804202463601273,,1,是
C00231,袁渡,江西公司,南昌二战区,江西二区,南昌四办,正常营业,专卖店,加盟,街铺,,,,6015167605849,187445,1747165525,6862509953291143182,3001863022930530777,,1,是
C00232,阳光乳业,江西公司,南昌一战区,江西二区,南昌四办,关店,专卖店,加盟,街铺,3710202,,,6015118988849,195150,51949118,6601183628539987981,,,1,是
C00233,高桥,江西公司,南昌二战区,江西二区,南昌四办,正常营业,专卖店,加盟,街铺,,,,6015164691849,198579,,6601220595847792644,3003872392535545903,,1,是
C00235,罗溪,江西公司,南昌二战区,江西二区,南昌四办,正常营业,专卖店,加盟,街铺,,,,6015132211849,198577,1284544496,7271444360372160527,,,1,是
C00236,恒达花园,江西公司,南昌一战区,江西二区,南昌四办,正常营业,专卖店,加盟,街铺,2319442,507174500,,6015119470849,175120,4049594,6601195741006268419,6724909429464924546,,1,是
C00237,七二零厂,江西公司,南昌一战区,江西一区,南昌一办,正常营业,专卖店,加盟,街铺,,,,6015337576849,177466,1411447947,6601150104512497671,3003674451266245028,,1,是
C00238,向塘３,江西公司,南昌二战区,江西二区,南昌四办,正常营业,专卖店,加盟,街铺,,,,6015131821849,187443,1155415184,6601194838677260291,3002062016078488140,,1,是
C00239,蒋巷2,江西公司,南昌一战区,江西一区,南昌二办,正常营业,专卖店,加盟,街铺,,,,6015132201849,191673,835889032,7163832955083687966,,,1,是
C00240,滁槎,江西公司,南昌一战区,江西一区,南昌二办,正常营业,专卖店,加盟,街铺,,,,6015132202849,187575,690648592,6709735044430202883,6724909544101861918,,1,是
C00241,长麦路,江西公司,南昌一战区,江西一区,南昌一办,正常营业,专卖店,加盟,街铺,4389516,161779861,17279856.0,6015131007849,177475,40747178,6601149425790224388,3003711401952977534,,1,是
C00242,梧岗,江西公司,南昌一战区,江西一区,南昌二办,关店,专卖店,加盟,街铺,,,,,187574,105057007,,,,1,是
C00243,璜垦,江西公司,南昌一战区,江西一区,南昌一办,正常营业,专卖店,加盟,街铺,,,,6015115563849,187417,1661305707,6601189654131640327,6724909544071815370,,1,是
C00245,冈上,江西公司,南昌二战区,江西二区,南昌四办,正常营业,专卖店,加盟,街铺,,,,6015164692849,191644,744903508,6601151842636285955,,,1,是
C00246,麦园,江西公司,南昌一战区,江西一区,南昌一办,关店,专卖店,加盟,街铺,1447431,1447431,,,,520109927,,,,1,是
C00247,梅岭,江西公司,南昌一战区,江西一区,南昌一办,正常营业,专卖店,加盟,街铺,,,,6015119770849,177469,181400608,6601205597683582989,3001734342341660694,,1,是
C00248,厚田,江西公司,南昌一战区,江西一区,南昌一办,正常营业,专卖店,加盟,街铺,,,,6015166219849,191674,107451157,6601138396624586760,,,1,是
C00249,泾口,江西公司,南昌二战区,江西二区,南昌四办,正常营业,专卖店,加盟,街铺,,,,6015116886849,187447,152545184,6651471490770372621,,,1,是
C00250,怡兰苑,江西公司,南昌一战区,江西一区,南昌二办,正常营业,专卖店,加盟,街铺,15955096,1123078824,14270461.0,6015118837849,175107,42814042,6601189358915586062,6724909440055304666,2026030711077000000115171904|xiniu_xgc_bgc,1,是
C00251,新建德观,江西公司,南昌一战区,江西二区,南昌三办,关店,专卖店,加盟,街铺,6617283,157415753,,6015116070849,177450,1098365961,,,,1,是
C00252,省庄,江西公司,南昌一战区,江西一区,南昌一办,正常营业,专卖店,加盟,街铺,,,,6015132236849,175088,1029641996846452,7650301653795244067,6724909544095551479,,1,是
C00253,城南,江西公司,南昌一战区,江西二区,南昌三办,正常营业,专卖店,加盟,街铺,,,,6015165217849,175105,41629309,6601169906039785479,6724909544081594792,,1,是
C00255,罗亭,江西公司,南昌一战区,江西一区,南昌一办,正常营业,专卖店,加盟,街铺,,,,6015145929849,191656,1046811112,6710527475727861774,3002766450560967227,,1,是
C00256,七里岗,江西公司,南昌一战区,江西一区,南昌一办,正常营业,专卖店,加盟,街铺,,,,6015131841849,191657,1291276896,6601176782152402958,,,1,是
C00257,义渡,江西公司,南昌一战区,江西一区,南昌一办,正常营业,专卖店,加盟,街铺,,,,6017188390849,191675,1200031536,6709700645793826829,,,1,是
C00258,双港,江西公司,南昌一战区,江西一区,南昌一办,正常营业,专卖店,加盟,街铺,3800475,500822270,14292470.0,6015118262849,177477,662975059,7033616854497101832,3002916620305961634,,1,是
C00259,梅庄,江西公司,南昌二战区,江西二区,南昌四办,正常营业,专卖店,加盟,街铺,,,,6015145908849,191676,152545731,6700165724041660423,,,1,是
C00260,进贤三里乡,江西公司,南昌二战区,江西二区,南昌四办,正常营业,专卖店,加盟,街铺,,,,6015167606849,191677,1781556453,6601144943522088964,,,1,是
C00261,进贤架桥,江西公司,南昌二战区,江西二区,南昌四办,正常营业,专卖店,加盟,街铺,,,,6015167319849,191645,530050534,,,,1,是
C00262,新联,江西公司,南昌二战区,江西二区,南昌四办,正常营业,专卖店,加盟,街铺,,,,6015115156849,191649,1506552327,6869597271302883336,3003685561135964198,,1,是
C00263,进贤池溪,江西公司,南昌二战区,江西二区,南昌四办,正常营业,专卖店,加盟,街铺,,,,6015165807849,191678,1001421490,6601192305388947464,,,1,是
C00265,星加坡花园,江西公司,南昌一战区,江西二区,南昌三办,正常营业,专卖店,加盟,街铺,,,,6015096367849,175217,162195880,6601153246641784836,3003673890647842904,,1,是
C00267,红苗,江西公司,南昌一战区,江西二区,南昌三办,正常营业,专卖店,加盟,街铺,2319436,144621511,14520832.0,6015092161849,175212,657296658,7122771789750470660,3003810034548745104,2026030711077000000115235951|xiniu_xgc_bgc,1,是
C00268,进贤二塘,江西公司,南昌二战区,江西二区,南昌四办,正常营业,专卖店,加盟,街铺,,,,6015165420849,191646,989121783,6601146968632723469,3002015218178958391,2025112011077000000113735700|xiniu_xgc_bgc,1,是
C00269,流湖,江西公司,南昌一战区,江西一区,南昌一办,正常营业,专卖店,加盟,街铺,,,,6015146009849,191679,,,,,1,是
C00270,谌家坊,江西公司,南昌一战区,江西一区,南昌二办,正常营业,专卖店,加盟,街铺,,,,6015119056849,191635,1229281253,6601176521329641480,6724909285158676161,,1,是
C00271,英雄乳业,江西公司,南昌一战区,江西一区,南昌一办,正常营业,专卖店,加盟,街铺,,,,6015116178849,191636,1920188021,,3001750034960453822,,1,是
C00272,进贤４,江西公司,南昌二战区,江西二区,南昌四办,正常营业,专卖店,加盟,街铺,,,,6015116994849,198516,877269222,6601160744547387406,3003872391408653634,,1,是
C00273,前坊,江西公司,南昌二战区,江西二区,南昌四办,正常营业,专卖店,加盟,街铺,,,,6015129905849,198585,1088727959,6601138119527893006,,,1,是
C00275,新建昌邑,江西公司,南昌一战区,江西一区,南昌一办,正常营业,专卖店,加盟,街铺,,,,6015130743849,191658,1311566255,,,,1,否
C00276,西安路,江西公司,南昌一战区,江西一区,南昌二办,正常营业,专卖店,加盟,街铺,2334204,,,6015119277849,154418,51549205,7325826914164148263,3002088282037035278,,1,是
C00277,塔城,江西公司,南昌二战区,江西二区,南昌四办,正常营业,专卖店,加盟,街铺,,,,6015165421849,187592,174207135,6601268007400376328,3002803826445161642,,1,是
C00278,前途,江西公司,南昌二战区,江西二区,南昌四办,正常营业,专卖店,加盟,街铺,,,,6015166123849,191647,151036131,6862883595783112707,4002972289155507693,,1,是
C00279,樵舍,江西公司,南昌一战区,江西一区,南昌一办,关店,专卖店,加盟,,,,,,191659,1026609950,,,,1,是
C00280,凤凰商贸城,江西公司,南昌一战区,江西一区,南昌一办,正常营业,专卖店,加盟,街铺,,,,6015130709849,191637,1033852504,6891220896694929408,3002068584460193938,2025112011077000000113752263|xiniu_xgc_bgc,1,是
C00281,李家庄2,江西公司,南昌一战区,江西二区,南昌三办,正常营业,专卖店,加盟,街铺,16189389,,16189389.0,6015117775849,177453,1674258764,6601145371445954563,3003708279540949552,2026030711077000000115174957|xiniu_xgc_bgc,1,是
C00282,塘山,江西公司,南昌一战区,江西一区,南昌二办,关店,专卖店,加盟,街铺,,,,6015119467849,187418,643791929,6601163485285976071,3003708370324165961,,1,是
C00285,广阳,江西公司,南昌一战区,江西一区,南昌二办,正常营业,专卖店,加盟,街铺,,,,6015119570849,187440,1453904242,,,,1,是
C00286,象湖,江西公司,南昌一战区,江西二区,南昌三办,正常营业,专卖店,加盟,街铺,,,,6015165198849,175102,41310291,6601142772080576526,6724909364164752421,,1,是
C00287,黄马,江西公司,南昌二战区,江西二区,南昌四办,正常营业,专卖店,加盟,街铺,,,,6015164798849,184892,152545347,6601149892444293128,6724909544066669695,,1,是
C00288,青湖2,江西公司,南昌一战区,江西一区,南昌二办,正常营业,专卖店,加盟,街铺,3709881,1447404,16189388.0,6015115561849,175211,164461808,6710425074719082504,3002387265824789662,,1,是
C00289,渡头,江西公司,南昌二战区,江西二区,南昌四办,正常营业,专卖店,加盟,街铺,,,,6015164335849,187576,152551237,6709290757632706568,,,1,是
C00290,红岭花园,江西公司,南昌一战区,江西一区,南昌一办,关店,专卖店,加盟,街铺,,,,6015129804849,187419,194957450,6601198257253124103,3003778474932121436,,1,是
C00291,进贤三阳,江西公司,南昌二战区,江西二区,南昌四办,正常营业,专卖店,加盟,街铺,,,,6015166007849,198586,545128161,7088177807142881287,3002949671000446007,,1,是
C00292,江大南路,江西公司,南昌一战区,江西一区,南昌二办,正常营业,专卖店,加盟,街铺,2319435,1447399,16130459.0,6015115057849,175169,157292201,6601136645011933188,6724909457742355171,,1,是
C00293,进贤五店,江西公司,南昌二战区,江西二区,南昌四办,正常营业,专卖店,加盟,街铺,,,,6015165700849,198518,929140798,6846226158992787464,6724909544071514809,,1,是
C00295,澄湖左岸店,江西公司,南昌一战区,江西二区,南昌四办,正常营业,专卖店,加盟,街铺,20205406,507676766,14292467.0,6015116673849,187420,72521270,6601197695489034244,6724909275989981093,,1,是
C00296,瀛上,江西公司,南昌一战区,江西一区,南昌一办,关店,专卖店,加盟,街铺,,,,6015119974849,191638,1110129287,7157638665336784896,3003666526994244287,,1,是
C00297,乐化,江西公司,南昌一战区,江西一区,南昌一办,正常营业,专卖店,加盟,街铺,,,,6015165718849,191660,152551204,6745106093543933960,6724909543920149860,,1,是
C00298,进贤新城,江西公司,南昌二战区,江西二区,南昌四办,正常营业,专卖店,加盟,街铺,5475521,174357098,17662735.0,6015164694849,177438,110219141,6710061115671365645,3002804250710021511,2026030711077000000115107898|xiniu_xgc_bgc,1,是
C00299,衙前,江西公司,南昌二战区,江西二区,南昌四办,正常营业,专卖店,加盟,街铺,,,,6015167030849,191680,1646501577,6601227592227883012,4002946055411242265,2025111911077000000113644686|xiniu_xgc_bgc,1,是
C00300,联圩,江西公司,南昌一战区,江西一区,南昌一办,正常营业,专卖店,加盟,街铺,,,,6015117887849,191661,1324701959,6721919242716956686,6724909544094700473,,1,是
C00301,五星垦殖场,江西公司,南昌二战区,江西二区,南昌四办,正常营业,专卖店,加盟,街铺,,,,6015115186849,191650,172233292,,,,1,是
C00302,云溪花园,江西公司,南昌一战区,江西一区,南昌一办,正常营业,专卖店,加盟,街铺,20308990,1187547409,,6015116281849,191681,1273859367,6601187585010173965,6724909544082073117,,1,是
C00303,进贤6,江西公司,南昌二战区,江西二区,南昌四办,正常营业,专卖店,加盟,街铺,,,,6015167031849,198519,1404256390,6601210129209624583,3002953548466623669,,1,是
C00305,下万,江西公司,南昌一战区,江西一区,南昌二办,正常营业,专卖店,加盟,街铺,14016485,2120632945,,6015119569849,177476,1143810433,6980984304159426573,3003872392318589026,,1,是
C00306,欧家,江西公司,南昌一战区,江西一区,南昌一办,关店,专卖店,加盟,街铺,,,,6015164363849,191682,1063883611,,,,1,是
C00307,兴国路,江西公司,南昌一战区,江西一区,南昌一办,关店,专卖店,加盟,街铺,,,,,187421,974904154,,,,1,是
C00308,蒋埠,江西公司,南昌一战区,江西二区,南昌四办,关店,专卖店,加盟,街铺,,,,6015117849849,191683,152545164,6601142122236086286,,,1,是
C00309,站前路,江西公司,南昌一战区,江西二区,南昌三办,关店,专卖店,加盟,高势能,25986554,,,6015129815849,187581,1664525476,6601141705192245251,3002718238750942271,,1,是
C00310,楞上花园,江西公司,南昌一战区,江西一区,南昌二办,正常营业,专卖店,加盟,街铺,29832805,535560114,20617936.0,6015118838849,177454,790467057,7143829367154542596,3002803826533503115,,1,是
C00311,大昌,江西公司,南昌二战区,江西二区,南昌四办,正常营业,专卖店,加盟,街铺,,,,6015130204849,187446,1102608942,6601143769158912014,6724909475266342765,,1,是
C00312,九里象湖,江西公司,南昌一战区,江西二区,南昌四办,正常营业,专卖店,加盟,街铺,2319358,1447418,,6015118458849,175123,50919508,6601184548006922243,6724909240643368282,2026030711077000000115131920|xiniu_xgc_bgc,1,是
C00313,理工,江西公司,南昌一战区,江西一区,南昌一办,关店,专卖店,加盟,街铺,5134382,166347950,,6015115392849,175130,538720288,6601166723083159560,3003131101738116562,,1,是
C00315,福山路,江西公司,南昌一战区,江西二区,南昌三办,关店,专卖店,加盟,街铺,2319443,1447381,,,175100,100386857,,,,1,是
C00316,昌东开发区2,江西公司,南昌一战区,江西一区,南昌二办,正常营业,专卖店,加盟,街铺,,,,6015116177849,177443,4034335,6601148905855911950,6724909310800287022,,1,是
C00317,新祺周,江西公司,南昌一战区,江西一区,南昌一办,正常营业,专卖店,加盟,街铺,,,,6015150420849,184891,194623951,6601130508761958407,6724909544120639861,,1,是
C00318,新祺周2,江西公司,南昌一战区,江西一区,南昌一办,正常营业,专卖店,加盟,街铺,,,,6015167242849,191662,,,3002845185436979277,,1,是
C00319,泗洪,江西公司,南昌二战区,江西二区,南昌四办,正常营业,专卖店,加盟,街铺,,,,6015128817849,187450,562861265,,,,1,是
C00320,北沥农民公寓店,江西公司,南昌一战区,江西一区,南昌二办,关店,专卖店,加盟,街铺,20063424,513830993,16638079.0,6015115588849,185137,1390606324,6601201843303352328,3002553816910963327,,1,是
C00321,塘子河,江西公司,南昌一战区,江西二区,南昌三办,正常营业,专卖店,加盟,街铺,202169,1447393,14270463.0,6015119273849,175155,40349261,7096001563319076872,3003708247070748465,2025111911077000000113661670|xiniu_xgc_bgc,1,是
C00322,深农市场,江西公司,南昌一战区,江西二区,南昌三办,正常营业,专卖店,加盟,街铺,3710089,161623486,,6015165218849,175210,152545770,6601177530227509262,6724909476740866347,,1,是
C00323,西山二店,江西公司,南昌一战区,江西一区,南昌一办,正常营业,专卖店,加盟,街铺,,,,6015165719849,191684,1066648402,6601149750555183112,,2026030711077000000115214900|xiniu_xgc_bgc,1,是
C00325,新岱山店,江西公司,南昌一战区,江西二区,南昌四办,关店,专卖店,加盟,交通枢纽,,,,6015117847849,177463,193881028,6616889908336265219,3002871097239675504,,1,是
C00326,二七南路店,江西公司,南昌一战区,江西二区,南昌三办,关店,专卖店,加盟,街铺,,,,6015165219849,175216,153660770,6639266125521766403,,,1,是
C00327,船山路,江西公司,南昌一战区,江西二区,南昌三办,关店,专卖店,加盟,街铺,16015822,507685923,,6015165220849,175098,91785782,6601146577711007751,6724909499850126621,,1,是
C00328,鑫强市场,江西公司,南昌一战区,江西二区,南昌三办,正常营业,专卖店,加盟,街铺,,,,6015167600849,185136,41821531,6601137814857844744,3002718238666007552,,1,是
C00329,莲塘大润发,江西公司,南昌一战区,江西二区,南昌四办,正常营业,专卖店,加盟,街铺,,,,6015116845849,177472,1864013641,6601168678476056580,3002690088923009100,,1,是
C00330,岔道口东路,江西公司,南昌一战区,江西二区,南昌三办,正常营业,专卖店,加盟,街铺,781047,2238401,16256721.0,6015092258849,177458,97610105,6601131818685040644,6724909367608735310,2026030711077000000115093864|xiniu_xgc_bgc,1,是
C00331,新世纪菜场,江西公司,南昌一战区,江西一区,南昌二办,正常营业,专卖店,加盟,街铺,,,,6015117778849,177449,1533648301,6712144237535692807,3003672104488018171,,1,是
C00332,南昌市青云谱区胡九斌春晖卤菜店,江西公司,南昌一战区,江西二区,南昌三办,正常营业,专卖店,加盟,街铺,3551519,1447407,16189114.0,6015168017849,175214,829782440,6601174472588265485,3002467557372407160,2026030711077000000115106872|xiniu_xgc_bgc,1,是
C00333,奥林匹克花园,江西公司,南昌一战区,江西二区,南昌四办,正常营业,专卖店,加盟,街铺,,,,6015119471849,175125,192862310,6601170129617160196,6724909445771969038,,1,是
C00335,强盛特产,江西公司,南昌一战区,江西二区,南昌三办,关店,专卖店,加盟,,,,,,,,,,,1,是
C00336,豫章大桥,江西公司,南昌一战区,江西一区,南昌二办,正常营业,专卖店,加盟,街铺,,,,6015117689849,191685,1699331033,6601190242865137677,,,1,是
C00337,徐家坊客运站,江西公司,南昌一战区,江西二区,南昌三办,关店,专卖店,加盟,高势能,,,,,,,,,,1,是
C00338,翠苑路,江西公司,南昌一战区,江西一区,南昌一办,关店,专卖店,加盟,街铺,,,,6015118680849,191639,666148684,,,,1,是
C00339,丽水佳园,江西公司,南昌一战区,江西一区,南昌一办,正常营业,专卖店,加盟,街铺,,,,6015145949849,177471,77726313,6601186004512540675,6724909391779242520,,1,是
C00340,子安路2,江西公司,南昌一战区,江西二区,南昌三办,正常营业,专卖店,加盟,街铺,,,,6015167317849,175213,6408215,6601179214022477837,6724909360044721346,,1,是
C00341,世纪欧美,江西公司,南昌一战区,江西二区,南昌三办,关店,专卖店,加盟,,,,,,,,,,,1,是
C00342,南天阳光,江西公司,南昌一战区,江西一区,南昌一办,正常营业,专卖店,加盟,街铺,2319357,,,6015168045849,177467,114527892,6601149618887591944,3002548253594850017,,1,是
C00345,火车站2,江西公司,南昌一战区,江西二区,南昌三办,关店,专卖店,加盟,高势能,,,,,187455,,,,,1,是
C00346,阳光家园,江西公司,南昌一战区,江西二区,南昌三办,正常营业,专卖店,加盟,街铺,19594523,1178307326,,6015166005849,175215,152545981,6601199855060649987,6724909391397465844,2026030711077000000115106871|xiniu_xgc_bgc,1,是
C00347,新建一小,江西公司,南昌一战区,江西一区,南昌一办,关店,专卖店,加盟,街铺,,,,,177480,179391154,,,,1,是
C00348,南昌西客站,江西公司,南昌一战区,江西一区,南昌一办,正常营业,专卖店,加盟,高势能,,,,6015146321849,169542,,,,,1,是
C00349,莲塘农贸西路店,江西公司,南昌一战区,江西二区,南昌四办,关店,专卖店,加盟,街铺,,,,6015118388849,177470,50739915,6601170546325456903,2161709253969320827,,1,是
C00350,平安曼哈顿,江西公司,南昌一战区,江西二区,南昌四办,正常营业,专卖店,加盟,街铺,21083636,1447420,14657068.0,6015113790849,175126,1915886474,6601162446625310723,3003030614480724437,,1,是
C00351,江纺东直门菜场,江西公司,南昌一战区,江西二区,南昌三办,关店,专卖店,加盟,,,,,,175219,,,,,1,是
C00352,红谷八路,江西公司,南昌一战区,江西一区,南昌一办,关店,专卖店,加盟,街铺,2340338,,,6015128803849,191640,1850972491,6601157322750298125,6724909420906810363,,1,是
C00353,景城名郡,江西公司,南昌一战区,江西二区,南昌四办,正常营业,专卖店,加盟,街铺,,,,6015118747849,175127,501328058,6601193660996388872,4003300884717579628,,1,是
C00356,南昌象湖大洲集贸市场,江西公司,南昌一战区,江西二区,南昌四办,正常营业,专卖店,加盟,街铺,33013437,542736188,,6015119545849,187432,514172656,7622497979358054400,,,1,是
C00357,龙谭村,江西公司,南昌一战区,江西一区,南昌一办,关店,专卖店,加盟,街铺,,,,,185135,727711601,,,,1,是
C00358,太平镇,江西公司,南昌一战区,江西一区,南昌一办,关店,专卖店,加盟,街铺,,,,6015115183849,177465,152545150,6895118580040337415,6724909416192508661,,1,是
C00359,银河城,江西公司,南昌一战区,江西二区,南昌四办,关店,专卖店,加盟,街铺,,,,,,,,,,1,是
C00360,银燕物流,江西公司,南昌一战区,江西二区,南昌三办,关店,专卖店,加盟,街铺,,,,6015092257849,,,,,,1,是
C00361,进贤南站店,江西公司,南昌二战区,江西二区,南昌四办,关店,专卖店,加盟,高势能,,,,6015165422849,170012,,,,,1,是
C00362,红谷新城,江西公司,南昌一战区,江西一区,南昌一办,正常营业,专卖店,加盟,街铺,2319439,507674720,16638172.0,6015150307849,175089,152545570,6601191901452306439,6724909515565139244,,1,是
C00363,进贤七店,江西公司,南昌二战区,江西二区,南昌四办,正常营业,专卖店,加盟,街铺,,,,6015168022849,198588,165737073,6601140617101707278,3002446028240164126,,1,是
C00366,象湖沃尔玛,江西公司,南昌一战区,江西二区,南昌四办,关店,专卖店,加盟,街铺,,,,6015115060849,175128,184884942,7347941129024866344,,,1,是
C00369,朱家湖,江西公司,南昌一战区,江西二区,南昌三办,正常营业,专卖店,加盟,街铺,15985375,1123085702,,6015116963849,175146,993094721,6601138865052846083,3001877450587312260,2025111911077000000113695608|xiniu_xgc_bgc,1,是
C00371,西客站二店（橙酷贸易有限公司）,江西公司,南昌一战区,江西一区,南昌一办,正常营业,专卖店,加盟,高势能,,,,6015129946849,190190,,,,,1,是
C00372,云居路,江西公司,南昌一战区,江西二区,南昌三办,正常营业,专卖店,加盟,街铺,3709878,161623438,,6015092256849,185133,152545593,6601158760645789710,6724909243115330331,2026030711077000000115100913|xiniu_xgc_bgc,1,是
C00375,恒大名都,江西公司,南昌一战区,江西一区,南昌二办,关店,专卖店,加盟,街铺,2319440,155585863,,6015115390849,175133,109808064,6601146666533799943,,,1,是
C00377,文港2,江西公司,南昌二战区,江西二区,南昌四办,正常营业,专卖店,加盟,街铺,,,,6015167818849,198592,1865037098,7232107121913890873,3002804147439021469,,1,是
C00378,进贤8,江西公司,南昌二战区,江西二区,南昌四办,正常营业,专卖店,加盟,街铺,,,,6015164696849,198589,1789304947,7652168438526036020,,,1,是
C00379,深龙市场2店,江西公司,南昌一战区,江西二区,南昌三办,正常营业,专卖店,加盟,街铺,16014845,1123307135,,6015165419849,187577,165181916,6954295539370297385,3003886545455978601,2026030711077000000115214899|xiniu_xgc_bgc,1,是
C00380,南站候车室,江西公司,南昌一战区,江西二区,南昌三办,关店,专卖店,加盟,高势能,,,,,,,,,,1,是
C00381,西客站四店,江西公司,南昌一战区,江西一区,南昌一办,正常营业,专卖店,加盟,高势能,,,,6015146302849,169544,,,,,1,是
C00385,世纪风情,江西公司,南昌一战区,江西一区,南昌二办,正常营业,专卖店,加盟,街铺,2318484,157415878,16189113.0,6015115152849,185134,1503114492,6601168433272850435,6724909513162223055,,1,是
C00386,恒大城,江西公司,南昌一战区,江西二区,南昌四办,正常营业,专卖店,加盟,街铺,3551450,,,6015116076849,187573,156616428,6601138875135952904,6724909403869786968,,1,是
C00387,新候车室店,江西公司,南昌一战区,江西二区,南昌三办,关店,专卖店,加盟,,,,,,190191,,,,,1,是
C00388,火车站候车室一店,江西公司,南昌一战区,江西二区,南昌三办,正常营业,专卖店,加盟,高势能,,,,6015167215849,190189,,,,,1,是
C00389,昌东2店,江西公司,南昌一战区,江西一区,南昌二办,关店,专卖店,加盟,街铺,,,,,191693,185894051,,,,1,是
C00391,万达旅游城店,江西公司,南昌一战区,江西一区,南昌一办,正常营业,专卖店,加盟,综合体,18071376,,,6015150012849,210305,659811494,6601199326712580100,3002718238696084133,2026030711077000000115160933|xiniu_xgc_bgc,1,是
C00392,象湖城义路店,江西公司,南昌一战区,江西二区,南昌四办,正常营业,专卖店,加盟,街铺,16426288,509671897,15122750.0,6015595629849,210313,1122837648,7144918520743069709,3002454967272347035,,1,是
C00393,华南城店,江西公司,南昌一战区,江西一区,南昌一办,关店,专卖店,加盟,街铺,8361953,,,6015117845849,199964,166037634,cover_C00393_6601193919139022855,cover_C00393_6724909312644308282,,1,是
C00395,石泉2店,江西公司,南昌一战区,江西一区,南昌二办,关店,专卖店,加盟,街铺,,,,,201055,164199161,,,,1,是
C00396,义坊路店,江西公司,南昌一战区,江西一区,南昌二办,关店,专卖店,加盟,街铺,,,,6015118453849,201057,159301200,cover_C00396_6601169368975935496,cover_C00396_6724909444842549847,,1,是
C00397,进贤南台店,江西公司,南昌二战区,江西二区,南昌四办,正常营业,专卖店,加盟,街铺,,,,6015113797849,204196,1489012956,6887688713283979279,6724909544091995181,,1,是
C00398,东方苑路店,江西公司,南昌一战区,江西二区,南昌四办,正常营业,专卖店,加盟,街铺,16426169,2074922859,15122792.0,6015119571849,210312,1823485323,7225569044982695993,6724909393167116093,,1,是
C00399,澜湖郡店,江西公司,南昌一战区,江西二区,南昌四办,正常营业,专卖店,加盟,街铺,,,,6015115375849,210314,164296238,6601180098211088388,3002330219474331112,,1,是
C00401,江岸汇景,江西公司,南昌一战区,江西一区,南昌一办,正常营业,专卖店,加盟,街铺,3551521,158798691,14270467.0,6015120075849,210307,177613923,6601194292859897870,4003290327292450451,,1,是
C00402,大沈桥,江西公司,南昌一战区,江西一区,南昌二办,正常营业,专卖店,加盟,街铺,16480674,2046513492,14264566.0,6015116176849,210309,1939366491,6601193649852123150,6724909544068955656,2026030711077000000115104895|xiniu_xgc_bgc,1,是
C00403,紫瑶店,江西公司,南昌一战区,江西二区,南昌三办,正常营业,专卖店,加盟,街铺,19690861,,,6015091965849,210316,72116691,6601196964912564237,6724909510928452272,,1,是
C00405,幸福时光,江西公司,南昌一战区,江西二区,南昌四办,正常营业,专卖店,加盟,街铺,16426475,1157897151,15122752.0,6015115061849,215899,1837981204,7063332161658587150,3003872393130192833,,1,是
C00406,正荣润城,江西公司,南昌一战区,江西一区,南昌一办,正常营业,专卖店,加盟,街铺,5428914,,,6015129227849,215897,179710022,7024381753989007390,3002466593465609663,,1,是
C00407,名门世家,江西公司,南昌一战区,江西一区,南昌一办,正常营业,专卖店,加盟,街铺,6903798,303675893,16189129.0,6015117075849,215104,170663340,6601162643220744205,3002047695364658559,,1,是
C00408,天赐良园,江西公司,南昌一战区,江西一区,南昌一办,正常营业,专卖店,加盟,街铺,,,,6015130808849,215103,181745155,6601154074890995725,6724909444781672766,,1,是
C00409,创新一路店,江西公司,南昌一战区,江西一区,南昌二办,正常营业,专卖店,加盟,街铺,4248420,,,6015128801849,218771,165353970,6601184238333069325,,,1,是
C00410,南天阳光2店,江西公司,南昌一战区,江西一区,南昌一办,正常营业,专卖店,加盟,街铺,,,,6015166031849,218770,179074462,6601149698440955911,6724909544072671847,,1,是
C00411,青岚小区店,江西公司,南昌一战区,江西一区,南昌一办,正常营业,专卖店,加盟,街铺,,,,6015117693849,218772,182596765,6652481072191916043,6724909397154425250,,1,是
C00412,力高君御店,江西公司,南昌一战区,江西二区,南昌四办,正常营业,专卖店,加盟,街铺,5372312,161779862,14264565.0,6015117663849,222444,178141628,6710460970168289291,3004629065914327342,,1,是
C00455,鹰抚鹰潭正大街店,江西公司,抚州战区,江西一区,鹰抚办,正常营业,专卖店,加盟,街铺,11838514,2066641102,16638140.0,6015145930849,174775,913857208,6601185562009274376,3002602853470512348,2025111911077000000113677649|xiniu_xgc_bgc,1,是
C00456,鹰抚鹰潭梅园大道店,江西公司,抚州战区,江西一区,鹰抚办,正常营业,专卖店,加盟,街铺,11838517,508346711,16383955.0,6015129217849,190445,1136157673,6679477957838325771,6724909361348746928,2026030711077000000115105894|xiniu_xgc_bgc,1,是
C00457,鹰抚抚州长途汽车站店,江西公司,抚州战区,江西一区,鹰抚办,关店,专卖店,加盟,交通枢纽,1468586,,,6015129928849,164771,2515870,,,,1,是
C00458,鹰抚抚州曾家园,江西公司,抚州战区,江西一区,鹰抚办,关店,专卖店,加盟,街铺,,,,,164772,,,,,1,是
C00459,鹰抚抚州南湖,江西公司,抚州战区,江西一区,鹰抚办,关店,专卖店,加盟,街铺,13424211,505043847,,6015118279849,174778,,6601154780247099395,3003751085122131224,,1,是
C00460,鹰抚剪子口,江西公司,抚州战区,江西一区,鹰抚办,正常营业,专卖店,加盟,街铺,17651442,510063962,16383965.0,6015130304849,164773,41212454,6601133630129440771,3002935546931712408,2026030711077000000115184916|xiniu_xgc_bgc,1,是
C00461,鹰抚上顿渡龙津南路店,江西公司,抚州战区,江西一区,鹰抚办,正常营业,专卖店,加盟,街铺,16212700,2061159373,,6015059524849,164774,1537848219,7270023170504001536,6724909460874234762,,1,是
C00462,鹰抚贵溪金山角店,江西公司,抚州战区,江西一区,鹰抚办,关店,专卖店,加盟,街铺,14245649,305230464.0,,6015146610849,174779.0,160821210.0,6601174591794579459,3003714183564469193,,1,是
C00463,鹰抚余江白塔东路店,江西公司,抚州战区,江西一区,鹰抚办,正常营业,专卖店,加盟,街铺,1306834,517161875,16638058.0,6015128838849,164775,908420137,7092657661233072141,6724909544099082154,2025111911077000000113737590|xiniu_xgc_bgc,1,是
C00465,鹰抚东乡街心花园店,江西公司,抚州战区,江西一区,鹰抚办,关店,专卖店,加盟,街铺,2946705,171356070.0,,6015131009849,164776.0,1732952389.0,6601140522662758404,3002803824079835265,,1,是
C00466,鹰抚云山,江西公司,抚州战区,江西一区,鹰抚办,正常营业,专卖店,加盟,街铺,,,,6015117890849,190446,152545377,6860041301891532808,3003728103117788452,,1,是
C00467,鹰抚罗针,江西公司,抚州战区,江西一区,鹰抚办,正常营业,专卖店,加盟,街铺,,,,6015131834849,190447,5336861,6723965420371527692,6724909468977225081,,1,是
C00468,鹰抚唱凯,江西公司,抚州战区,江西一区,鹰抚办,正常营业,专卖店,加盟,街铺,,,,6015130305849,190448,903134233,6601133586886166532,3001945232429720031,2025111911077000000113742561|xiniu_xgc_bgc,1,是
C00469,鹰抚罗湖,江西公司,抚州战区,江西一区,鹰抚办,正常营业,专卖店,加盟,街铺,,,,6015135734849,190449,1618094079,7146410259949717518,6724909544073084889,,1,是
C00470,鹰抚东乡东信财富广场店,江西公司,抚州战区,江西一区,鹰抚办,正常营业,专卖店,加盟,街铺,13723993,503226015,16389682.0,6015145932849,174780,1640931975,6601158577069492231,3002569830940615891,2026030611077000000115153869|xiniu_xgc_bgc,1,是
C00471,鹰抚上顿渡长途汽车站店,江西公司,抚州战区,江西一区,鹰抚办,关店,专卖店,加盟,交通枢纽,,,,6015057118849,164777,,6653360502225340424,3002448087242609030,,1,是
C00472,鹰抚太阳镇,江西公司,抚州战区,江西一区,鹰抚办,正常营业,专卖店,加盟,街铺,,,,6015130744849,190450,154869911,6601138074879543300,6724909383702619296,,1,是
C00473,鹰抚马圩,江西公司,抚州战区,江西一区,鹰抚办,正常营业,专卖店,加盟,街铺,,,,6015130839849,190451,,6880491961623545856,3003751100851167391,,1,是
C00475,鹰抚贵溪烧箕山店,江西公司,抚州战区,江西一区,鹰抚办,正常营业,专卖店,加盟,街铺,1176632,,,6015119591849,174781,1351756821,6832827154317805575,3003872391817732377,2026030611077000000115203861|xiniu_xgc_bgc,1,是
C00476,鹰抚五塘路店,江西公司,抚州战区,江西一区,鹰抚办,正常营业,专卖店,加盟,街铺,14743297,1101946904,,6015130306849,164778,743701281,7171652532405307428,6724909544121995155,2025111911077000000113706686|xiniu_xgc_bgc,1,是
C00477,鹰抚文坊,江西公司,抚州战区,江西一区,鹰抚办,正常营业,专卖店,加盟,街铺,,,,6015118791849,190452,,6601274282980935684,,,1,是
C00478,鹰抚时代广场,江西公司,抚州战区,江西一区,鹰抚办,正常营业,专卖店,加盟,街铺,3901238,161623448,,6015150027849,190453,1860466055,7185039508641941565,3002978187727873209,2025111911077000000113671648|xiniu_xgc_bgc,1,是
C00479,抚南崇仁未来城,江西公司,抚州战区,江西一区,鹰抚办,正常营业,专卖店,加盟,街铺,10890319,,,6015167520849,600593,768390101,6915887447431710727,6724909544135891930,2025112011077000000113738680|xiniu_xgc_bgc,1,是
C00480,鹰抚余江站前路店,江西公司,抚州战区,江西一区,鹰抚办,正常营业,专卖店,加盟,街铺,2947443,1348179882,,6015118591849,164782,1756073452,6601162974444914702,3003872392025190242,2025111911077000000113756152|xiniu_xgc_bgc,1,是
C00481,鹰抚二纺,江西公司,抚州战区,江西一区,鹰抚办,正常营业,专卖店,加盟,街铺,27467284,,16638165.0,6015056720849,174782,1587439475,6601152181577975815,4003098110347940478,2026030611077000000115180893|xiniu_xgc_bgc,1,是
C00482,鹰抚崇岗,江西公司,抚州战区,江西一区,鹰抚办,关店,专卖店,加盟,街铺,,,,,190455,,,,,1,是
C00483,鹰抚湖南,江西公司,抚州战区,江西一区,鹰抚办,正常营业,专卖店,加盟,街铺,,,,6015130841849,190456,,6601141504209586184,,,1,是
C00485,鹰抚上顿渡新区,江西公司,抚州战区,江西一区,鹰抚办,正常营业,专卖店,加盟,街铺,2947442,506515589,16189144.0,6015165837849,164783,40492946,6601149702576539651,6724909544099158577,2026030411077000000115098694|xiniu_xgc_bgc,1,是
C00486,鹰潭益万家菜场店,江西公司,抚州战区,江西一区,鹰抚办,关店,专柜店,加盟,街铺,,,,6015167537849,190457,,7220242649565890598,3002803897179771332,,1,是
C00487,鹰抚华溪,江西公司,抚州战区,江西一区,鹰抚办,正常营业,专卖店,加盟,街铺,,,,6015130842849,190458,,6601149343783192583,3002672742294692759,,1,是
C00488,鹰抚抚州荟萃中央店,江西公司,抚州战区,江西一区,鹰抚办,正常营业,专卖店,加盟,街铺,,,,6015130732849,190459,,7296300839415580707,3004319777651860833,,1,是
C00489,鹰抚莲花路,江西公司,抚州战区,江西一区,鹰抚办,正常营业,专卖店,加盟,街铺,4034668,507888241,,6015119995849,174795,164765501,6601271198871455747,3003714210834487776,2026030611077000000115189933|xiniu_xgc_bgc,1,是
C00491,鹰抚贵溪广场店,江西公司,抚州战区,江西一区,鹰抚办,正常营业,专卖店,加盟,街铺,9784037,516926961,,6015131023849,190460,1809341572,6601146810113198094,3001918746252349532,,1,是
C00492,鹰抚东乡恒安东路店,江西公司,抚州战区,江西一区,鹰抚办,正常营业,专卖店,加盟,街铺,2946704,503201099,16391316.0,6015129833849,174783,104853148,6601163889491052551,3002802758819327464,2026030611077000000115140926|xiniu_xgc_bgc,1,是
C00493,鹰抚河西,江西公司,抚州战区,江西一区,鹰抚办,正常营业,专卖店,加盟,街铺,,,,6015118876849,190461,886352236,6601143739819755523,6724909543919490153,2025111911077000000113672646|xiniu_xgc_bgc,1,是
C00495,鹰抚贵溪北大街店,江西公司,抚州战区,江西一区,鹰抚办,正常营业,专卖店,加盟,街铺,9784042,335763220,,6015150028849,174784,1967888430,6601138323413010445,3003714175089713190,2025111911077000000113694648|xiniu_xgc_bgc,1,是
C00496,鹰抚潢溪,江西公司,抚州战区,江西一区,鹰抚办,正常营业,专卖店,加盟,街铺,,,,6015129709849,190462,,6601142547735660548,,,1,是
C00497,鹰抚邓家,江西公司,抚州战区,江西一区,鹰抚办,关店,专卖店,加盟,街铺,,,,6015415744849,190463,,,,,1,是
C00498,鹰抚西门,江西公司,抚州战区,江西一区,鹰抚办,关店,专卖店,加盟,,2946708,,,,,,,,,1,是
C00499,鹰抚上顿渡玉茗豪苑,江西公司,抚州战区,江西一区,鹰抚办,正常营业,专卖店,加盟,街铺,19191303,,,6015150122849,267801,1153382525,7281161127289948212,3003714251752216618,2026030611077000000115160910|xiniu_xgc_bgc,1,是
C00500,鹰抚余江安仁大道店,江西公司,抚州战区,江西一区,鹰抚办,正常营业,专卖店,加盟,街铺,2947444,,,6015150403849,174786,41913485,6601169820685715464,6724909544099155703,2025111911077000000113630705|xiniu_xgc_bgc,1,是
C00501,鹰抚鹰潭信江好又多店,江西公司,抚州战区,江西一区,鹰抚办,关店,专柜店,加盟,,,,,,,,,,,1,是
C00502,鹰抚长岭新村,江西公司,抚州战区,江西一区,鹰抚办,正常营业,专卖店,加盟,街铺,,,,6015118592849,190465,1343648566,6601133964851677192,3003731016756601915,,1,是
C00503,鹰抚抚临路,江西公司,抚州战区,江西一区,鹰抚办,正常营业,专卖店,加盟,街铺,13899823,2081680213,16256688.0,6015146304849,174788,1643991031,6601149717566982151,3002799945141097040,2025111911077000000113631715|xiniu_xgc_bgc,1,是
C00505,鹰抚伍塘路菜场,江西公司,抚州战区,江西一区,鹰抚办,正常营业,专卖店,加盟,街铺,,,,6015150030849,174789,1185680716,6601140702594205700,3003751063019496082,2025111911077000000113753125|xiniu_xgc_bgc,1,是
C00506,鹰抚新锦江,江西公司,抚州战区,江西一区,鹰抚办,正常营业,专卖店,加盟,街铺,,,,6015130733849,190466,697687295,6807199844130621455,3002446563268432239,2025111911077000000113701650|xiniu_xgc_bgc,1,是
C00508,鹰抚塘湾镇店,江西公司,抚州战区,江西一区,鹰抚办,正常营业,专卖店,加盟,街铺,,,,6015150615849,177557,,7216238904389666848,3002205760320122191,,1,是
C00509,鹰抚余江中洲桥东店,江西公司,抚州战区,江西一区,鹰抚办,正常营业,专卖店,加盟,街铺,23780207,,17279848.0,6015150501849,174790,841478117,6648404531292014600,6724909544099155449,2025111911077000000113741557|xiniu_xgc_bgc,1,是
C00512,鹰抚东乡实验小学店,江西公司,抚州战区,江西一区,鹰抚办,正常营业,专卖店,加盟,街铺,11838521,2098022809,16390710.0,6015167433849,192194,564028565,7146387906846787623,3002353130504070597,2025112011077000000113659747|xiniu_xgc_bgc,1,是
C00513,鹰抚鹰潭水岸华府店,江西公司,抚州战区,江西一区,鹰抚办,关店,专卖店,加盟,街铺,,,,,174791,,,,,1,是
C00516,鹰抚兴鲁坊菜场店,江西公司,抚州战区,江西一区,鹰抚办,正常营业,专卖店,加盟,街铺,2712458,161292787,16638088.0,6015147931849,184879,1257222454,6601155350613723149,6724909544098537619,2025111911077000000113703616|xiniu_xgc_bgc,1,是
C00517,鹰抚詹圩店,江西公司,抚州战区,江西一区,鹰抚办,正常营业,专卖店,加盟,街铺,,,,6015150513849,190468,,6908466094156023821,,,1,是
C00518,鹰抚东乡高铁店,江西公司,抚州战区,江西一区,鹰抚办,正常营业,专卖店,加盟,高势能,,,,6015132226849,170014,,,,,1,是
C00520,鹰抚鹰潭高铁店,江西公司,抚州战区,江西一区,鹰抚办,关店,专柜店,加盟,高势能,,,,6015130734849,170015,,,,,1,是
C00521,鹰抚抚州一中东门店,江西公司,抚州战区,江西一区,鹰抚办,正常营业,专卖店,加盟,街铺,,,,6015129836849,170016,,6643623939127953416,3003892273908556775,,1,是
C00522,鹰抚鹰潭东湖好又多店,江西公司,抚州战区,江西一区,鹰抚办,关店,专卖店,加盟,街铺,19742024,1128344392,,6015131012849,600489,1393272871,7086795143461767175,3002864334441129458,,1,是
C00525,鹰抚抚州白金瀚宫店,江西公司,抚州战区,江西一区,鹰抚办,正常营业,专卖店,加盟,街铺,30424053,1316209506,20751917.0,6015130310849,174794,1265578000,7023656121978062879,3002371969320129769,2025111911077000000113715605|xiniu_xgc_bgc,1,是
C00526,鹰潭凯翔书香公馆店(怡辰卤菜店),江西公司,抚州战区,江西一区,鹰抚办,正常营业,专卖店,加盟,街铺,13691178,504105229,16914092.0,6015145934849,600516,1417111261,6933328969412397070,3002429583158645079,2026030611077000000115140908|xiniu_xgc_bgc,1,是
C00527,鹰抚恒大店,江西公司,抚州战区,江西一区,鹰抚办,关店,专卖店,加盟,街铺,,,,6015150019849,185796,,6601139882519693316,,,1,是
C00530,鹰抚万达广场店,江西公司,抚州战区,江西一区,鹰抚办,关店,专柜店,加盟,综合体,3901708,505271014,,6015148001849,203263,159606873,,,,1,是
C00531,鹰抚抚州利民店,江西公司,抚州战区,江西一区,鹰抚办,关店,专卖店,加盟,,,,,,,,,,,1,是
C00533,直属河南火车站1店,陕西公司,郑州战区,河南省区,郑州办,关店,专卖店,直营,高势能,,,,,,,,,,1,是
C00535,直属河南火车站2店,陕西公司,郑州战区,河南省区,郑州办,关店,专卖店,直营,高势能,,,,,,,,,,1,是
C00536,直属河南西广场店,陕西公司,郑州战区,河南省区,郑州办,关店,专卖店,直营,高势能,,,,,,,,,,1,是
C00545,河南焦作孟州清风路店,陕西公司,郑州战区,河南省区,河南外阜办,关店,专卖店,加盟,街铺,543452,,,,,52302321,,,,1,是
C00547,河南许昌长葛步行街店,陕西公司,郑州战区,河南省区,河南外阜办,关店,专卖店,加盟,街铺,543447,,,,179751,,,,,1,是
C00548,河南商丘中心广场店,陕西公司,郑州战区,河南省区,豫北办,关店,专卖店,加盟,街铺,,,,,,,,,,1,是
C00553,河南驻马店乐山路店,陕西公司,郑州战区,河南省区,驻马店办,关店,专卖店,加盟,街铺,588627,500672643,,,180575,74683383,,,,1,是
C00555,河南驻马店西亚超市店,陕西公司,郑州战区,河南省区,驻马店办,关店,专卖店,加盟,商超,11421904,2080477510,,,180577,,,,,1,是
C00557,河南驻马店骏马路店,陕西公司,郑州战区,河南省区,驻马店办,关店,专卖店,加盟,街铺,588630,1085274,,,179753,73540014,,,,1,是
C00560,河南驻马店雪松路店,陕西公司,郑州战区,河南省区,驻马店办,正常营业,专卖店,加盟,街铺,687708,500702688,16256680.0,6013996760849,179752,83604275,6601183796551223310,,,1,是
C00563,直属河南郑州德化新街店,陕西公司,郑州战区,河南省区,郑州办,关店,专卖店,直营,街铺,4449554,500683018,,,179754,101663285,,,,1,是
C00565,直属河南郑州高铁二店,陕西公司,郑州战区,河南省区,郑州办,关店,专卖店,直营,高势能,,,,,,,,,,1,是
C00566,河南商丘高铁店,陕西公司,郑州战区,河南省区,河南外阜办,关店,专卖店,加盟,高势能,,,,,,,,,,1,是
C00572,河南信阳西亚超市特通渠道,陕西公司,郑州战区,河南省区,河南外阜办,关店,专柜店,加盟,商超,2235910,,,,,,,,,1,是
C00577,直属河南郑州蓝堡湾店,陕西公司,郑州战区,河南省区,郑州办,关店,专卖店,直营,街铺,6776349,2036056835,,,,578037625,,,,1,是
C00579,河南郑州世纪联华东风路店,陕西公司,郑州战区,河南省区,郑州办,关店,专柜店,加盟,商超,2912136,,,,,158949747,,,,1,是
C00580,河南驻马店中华大道,陕西公司,郑州战区,河南省区,驻马店办,关店,专卖店,加盟,街铺,2825382,2043147088,,,222307,159671871,,,,1,是
C00581,河南郑州丹尼斯融元广场店,陕西公司,郑州战区,河南省区,郑州办,关店,专柜店,加盟,街铺,,,,,,,,,,1,是
C00582,河南郑州世纪联华橄榄城店,陕西公司,郑州战区,河南省区,郑州办,关店,专卖店,加盟,商超,2775253,,,,,159653631,,,,1,是
C00595,高安筠泉路店,江西公司,南昌二战区,江西二区,宜春办,正常营业,专卖店,加盟,街铺,,,,6015116888849,164757,1884935590,7166566423471327245,3003685272217393207,2025112011077000000113694741|xiniu_xgc_bgc,1,是
C00596,高安凤凰二路店,江西公司,南昌二战区,江西二区,宜春办,正常营业,专卖店,加盟,街铺,25657748,,,6015167054849,164746,1044240390,6601160285610838023,6724909544064806166,2025112011077000000113745620|xiniu_xgc_bgc,1,是
C00597,高安城南路店,江西公司,南昌二战区,江西二区,宜春办,正常营业,专卖店,加盟,街铺,,,,6015166230849,164761,,6872306460701788160,3003685257668040173,,1,是
C00598,高安大城,江西公司,南昌二战区,江西二区,宜春办,正常营业,专卖店,加盟,街铺,,,,6015118269849,190615,1385572661,6601145118013523975,,2025112011077000000113655788|xiniu_xgc_bgc,1,是
C00599,高安建山,江西公司,南昌二战区,江西二区,宜春办,正常营业,专卖店,加盟,街铺,,,,6015168052849,190616,1663497392,6601140595358435341,,2025112011077000000113668757|xiniu_xgc_bgc,1,是
C00600,高安新街,江西公司,南昌二战区,江西二区,宜春办,正常营业,专卖店,加盟,街铺,,,,6015164376849,190617,717186463,6601146192581625869,,2025112011077000000113765161|xiniu_xgc_bgc,1,是
C00601,高安八景,江西公司,南昌二战区,江西二区,宜春办,关店,专卖店,加盟,街铺,,,,,190618,,6601247717958092813,,,1,是
C00602,高安杨圩,江西公司,南昌二战区,江西二区,宜春办,正常营业,专卖店,加盟,街铺,24572851,1233355515,,6015130716849,164763,1885742024,6651820413426927623,3002803755495461911,2025112011077000000113737690|xiniu_xgc_bgc,1,是
C00603,高安村前,江西公司,南昌二战区,江西二区,宜春办,关店,专卖店,加盟,街铺,,,,6015167528849,190619,,7085533065165965325,3003046095371178287,,1,是
C00605,高安石脑,江西公司,南昌二战区,江西二区,宜春办,正常营业,专卖店,加盟,街铺,,,,6015166156849,190620,975964257,6727184887301916679,,2025112011077000000113662756|xiniu_xgc_bgc,1,是
C00606,高安相城,江西公司,南昌二战区,江西二区,宜春办,正常营业,专卖店,加盟,街铺,522262204,522262204,,6015168053849,190621,1047560261,6601137649321248771,3004342707744319322,2025112011077000000113752260|xiniu_xgc_bgc,1,是
C00607,高安黄沙岗,江西公司,南昌二战区,江西二区,宜春办,正常营业,专卖店,加盟,街铺,,,,6015165726849,190622,1930734078,6601215034402015235,,2025112011077000000113649719|xiniu_xgc_bgc,1,是
C00608,高安独城,江西公司,南昌二战区,江西二区,宜春办,正常营业,专卖店,加盟,街铺,,,,6015145912849,190624,651435186,6633870104037689358,,2025112011077000000113709728|xiniu_xgc_bgc,1,是
C00609,高安祥符,江西公司,南昌二战区,江西二区,宜春办,正常营业,专卖店,加盟,街铺,,,,6015167056849,190623,997064818,6601138900410828807,6724909440147036331,2025112011077000000113762154|xiniu_xgc_bgc,1,是
C00610,高安伍桥,江西公司,南昌二战区,江西二区,宜春办,关店,专卖店,加盟,商超,,,,6015167846849,190625,,6873099409496983552,3003001024695018077,,1,是
C00611,高安灰埠,江西公司,南昌二战区,江西二区,宜春办,正常营业,专卖店,加盟,街铺,,,,6015165727849,190626,1437289131,6651795293471852551,,2025112011077000000113663757|xiniu_xgc_bgc,1,是
C00612,高安龙潭,江西公司,南昌二战区,江西二区,宜春办,关店,专卖店,加盟,街铺,,,,6015167057849,190628,,6621441919874500622,,,1,是
C00613,高安上湖,江西公司,南昌二战区,江西二区,宜春办,关店,专卖店,加盟,街铺,,,,6015166041849,190629,,,,,1,是
C00615,高安太阳,江西公司,南昌二战区,江西二区,宜春办,正常营业,专卖店,加盟,街铺,,,,6015167529849,190630,1265648199,6946688769294600205,,2025112011077000000113728705|xiniu_xgc_bgc,1,是
C00617,高安田南,江西公司,南昌二战区,江西二区,宜春办,关店,专卖店,加盟,,,,,,,,,,,1,是
C00618,高安二院店,江西公司,南昌二战区,江西二区,宜春办,正常营业,专卖店,加盟,街铺,,,,6015118692849,164762,2946717,6601154332987492360,,,1,是
C00621,高安安居店,江西公司,南昌二战区,江西二区,宜春办,关店,专卖店,加盟,街铺,,,,6015167430849,177555,,6601142571689314311,,,1,是
C00622,高安鹏泰超市店,江西公司,南昌二战区,江西二区,宜春办,正常营业,专卖店,加盟,商超,3901247,,,6015165728849,221946,1857339794,7033455536074917924,3003874948403729116,2025112011077000000113653784|xiniu_xgc_bgc,1,是
C00623,丰城市建设路店,江西公司,南昌二战区,江西一区,丰新办,正常营业,专卖店,加盟,街铺,15960349,1108551452,16638236.0,6015146602849,164793,1344640512,6601173346887419918,4003144547309331013,2025112011077000000113756235|xiniu_xgc_bgc,1,是
C00625,丰城市东方红大街店,江西公司,南昌二战区,江西一区,丰新办,关店,专卖店,加盟,街铺,,,,6015150120849,164794,,6601140657341859853,,,1,是
C00626,丰城樟树春来大厦店,江西公司,南昌二战区,江西一区,丰新办,关店,专卖店,加盟,街铺,7710276,1795718,,,164795,856659687,,,,1,是
C00627,丰城樟树药都电影院店,江西公司,南昌二战区,江西一区,丰新办,正常营业,专卖店,加盟,街铺,26223927,524601415,17662736.0,6015145942849,164796,1101279516,6601140011188357123,3003217287590683975,,1,是
C00629,丰城电厂,江西公司,南昌二战区,江西一区,丰新办,正常营业,专卖店,加盟,街铺,,,,6015129943849,177559,926920241,6601167548132100110,,,1,是
C00630,丰城梅林,江西公司,南昌二战区,江西一区,丰新办,正常营业,专卖店,加盟,街铺,,,,6015150305849,190470,1561490503,6632795681322960904,3002114494052705512,,1,是
C00631,丰城洛市,江西公司,南昌二战区,江西一区,丰新办,正常营业,专卖店,加盟,街铺,,,,6015150417849,190471,1417645855,6601130094486358030,3002982631985518518,,1,是
C00632,丰城秀市,江西公司,南昌二战区,江西一区,丰新办,正常营业,专卖店,加盟,街铺,,,,6015150024849,190472,1536258967,6633893044435290119,3002803908321743553,2025112011077000000113656728|xiniu_xgc_bgc,1,是
C00633,丰城张巷,江西公司,南昌二战区,江西一区,丰新办,正常营业,专卖店,加盟,街铺,,,,6015150025849,190473,1082537846,7176537825855146018,6724909242361055618,2025112011077000000113673770|xiniu_xgc_bgc,1,是
C00635,丰城好利来,江西公司,南昌二战区,江西一区,丰新办,关店,专柜店,加盟,街铺,,,,,,,,,,1,是
C00637,丰城矿物局,江西公司,南昌二战区,江西一区,丰新办,正常营业,专卖店,加盟,街铺,,,,6015143312849,190474,1030820709,7484940656603826216,3003000025282618384,2025112011077000000113625754|xiniu_xgc_bgc,1,是
C00638,丰城尚庄,江西公司,南昌二战区,江西一区,丰新办,正常营业,专卖店,加盟,街铺,,,,6015118291849,190475,1611939995,6690084555669407752,,2025112011077000000113712724|xiniu_xgc_bgc,1,是
C00639,丰城小港,江西公司,南昌二战区,江西一区,丰新办,正常营业,专卖店,加盟,街铺,,,,6015147927849,190476,1525759202,6601151394965620744,,2025112011077000000113711695|xiniu_xgc_bgc,1,是
C00640,丰城荣塘,江西公司,南昌二战区,江西一区,丰新办,正常营业,专卖店,加盟,街铺,,,,6015140220849,190477,564133948,6659613761738983436,3003725508717716758,2025112011077000000113737693|xiniu_xgc_bgc,1,是
C00641,丰城桥东,江西公司,南昌二战区,江西一区,丰新办,正常营业,专卖店,加盟,街铺,,,,6015131018849,190478,184860849,6601196354880407560,6724909544062785934,,1,是
C00642,丰城泉港,江西公司,南昌二战区,江西一区,丰新办,正常营业,专卖店,加盟,街铺,,,,6015128835849,,1634078855,7243287139289401348,,2025112011077000000113617842|xiniu_xgc_bgc,1,是
C00643,丰城白土,江西公司,南昌二战区,江西一区,丰新办,正常营业,专卖店,加盟,街铺,,,,6015130321849,190480,1360032846,6601139603355207683,4003161269466998042,2025112011077000000113717772|xiniu_xgc_bgc,1,是
C00645,丰城拖船,江西公司,南昌二战区,江西一区,丰新办,正常营业,专卖店,加盟,街铺,17728285,,17728285.0,6015146006849,190481,1866987034,6601145447325108238,3003784786339997173,2025112011077000000113707662|xiniu_xgc_bgc,1,是
C00646,丰城淘沙,江西公司,南昌二战区,江西一区,丰新办,正常营业,专卖店,加盟,街铺,,,,6015118292849,190482,1714718535,6636643045397874691,,,1,是
C00647,丰城曲江,江西公司,南昌二战区,江西一区,丰新办,正常营业,专卖店,加盟,街铺,,,,6015130226849,190483,1239146651,6601141277834627075,,,1,是
C00648,丰城铁路,江西公司,南昌二战区,江西一区,丰新办,正常营业,专卖店,加盟,街铺,,,,6015118293849,190484,1302206985,6635862220519507981,,2025112011077000000113627805|xiniu_xgc_bgc,1,是
C00649,丰城剑南,江西公司,南昌二战区,江西一区,丰新办,正常营业,专卖店,加盟,街铺,29494193,533880261,16638047.0,6015167240849,164797,1745264058,6601157076284606467,,2025112011077000000113637805|xiniu_xgc_bgc,1,是
C00650,丰城景区,江西公司,南昌二战区,江西一区,丰新办,暂停营业,专卖店,加盟,交通枢纽,,,,6015165254849,164798,162199115,6601146570811377667,,,1,是
C00652,丰城同田,江西公司,南昌二战区,江西一区,丰新办,关店,专卖店,加盟,街铺,,,,6015131019849,190485,,,,,1,是
C00653,丰城邮电新村,江西公司,南昌二战区,江西一区,丰新办,关店,专卖店,加盟,街铺,,,,6015164378849,190486,,,,,1,是
C00655,丰城粤客隆超市,江西公司,南昌二战区,江西一区,丰新办,关店,专柜店,加盟,商超,,,,6015167058849,,,,,,1,是
C00656,丰城杜市,江西公司,南昌二战区,江西一区,丰新办,正常营业,专卖店,加盟,街铺,,,,6015132233849,190487,1890729842,7315280063992170515,,,1,是
C00657,丰城荷湖,江西公司,南昌二战区,江西一区,丰新办,正常营业,专卖店,加盟,街铺,,,,6015150610849,190488,1988989499,6601149095136479245,3003101828569993217,,1,是
C00658,丰城经楼,江西公司,南昌二战区,江西一区,丰新办,正常营业,专卖店,加盟,街铺,,,,6015146605849,190489,,,3002047077552067277,,1,是
C00659,丰城张家山,江西公司,南昌二战区,江西一区,丰新办,正常营业,专卖店,加盟,街铺,,,,6015130740849,190490,1438216141,6601235207318145032,3003006463602598257,,1,是
C00660,丰城店下,江西公司,南昌二战区,江西一区,丰新办,正常营业,专卖店,加盟,街铺,,,,6015145945849,190491,1904175507,6601267922570577924,3002621859715781357,,1,是
C00661,丰城石滩,江西公司,南昌二战区,江西一区,丰新办,正常营业,专卖店,加盟,街铺,,,,6015132234849,190492,162198909,6601140715999201294,,,1,是
C00662,丰城段潭,江西公司,南昌二战区,江西一区,丰新办,正常营业,专卖店,加盟,街铺,,,,6015145946849,190493,1368642349,6747907605450065933,,2025112011077000000113718743|xiniu_xgc_bgc,1,是
C00663,丰城樟树江南华城店,江西公司,南昌二战区,江西一区,丰新办,暂停营业,专卖店,加盟,街铺,17811332,503788788,,6015167532849,164803,1756621581,7168436604586887199,,,1,是
C00667,丰城新城区,江西公司,南昌二战区,江西一区,丰新办,正常营业,专卖店,加盟,街铺,14937753,1110046058.0,,6015165255849,164804,1268658750,6601144981778335757,,,1,是
C00668,丰城大港,江西公司,南昌二战区,江西一区,丰新办,暂停营业,专卖店,加盟,街铺,,,,6015130741849,600851,818624106,6601141239939074051,3003874948193456480,2025112011077000000113651780|xiniu_xgc_bgc,1,是
C00669,丰城火车站,江西公司,南昌二战区,江西一区,丰新办,正常营业,专卖店,加盟,街铺,15118983,1108595891.0,,6015147928849,190696,1695919132,6737980448422610952,,,1,是
C00670,丰城新隍城,江西公司,南昌二战区,江西一区,丰新办,正常营业,专卖店,加盟,街铺,,,,6015143905849,190496,660689849,6601140700299921415,,,1,是
C00671,丰城樟树小香港,江西公司,南昌二战区,江西一区,丰新办,正常营业,专卖店,加盟,街铺,4164208,1109390636,,6015146007849,164806,78023329,6601168698872956935,3002292806142169444,,1,是
C00672,丰城筱塘,江西公司,南昌二战区,江西一区,丰新办,正常营业,专卖店,加盟,街铺,523016657,523016657,,6015164379849,190497,1082008602,6601140469709670408,3002600892193248507,,1,是
C00673,丰城五千套店,江西公司,南昌二战区,江西一区,丰新办,正常营业,专卖店,加盟,街铺,15960005,1108595896.0,16638164.0,6015167533849,,1042034381,6919967833526896655,,2025112011077000000113698728|xiniu_xgc_bgc,1,是
C00675,丰城孙渡店,江西公司,南昌二战区,江西一区,丰新办,关店,专卖店,加盟,街铺,,,,,600850,,,,,1,是
C00676,丰城樟树刘公庙店,江西公司,南昌二战区,江西一区,丰新办,关店,专卖店,加盟,街铺,,,,,190499,1512602249,,,,1,是
C00677,丰城樟树四特酒店,江西公司,南昌二战区,江西一区,丰新办,关店,专卖店,加盟,街铺,,,,6015146606849,190500,,6650057654628534280,6724909298828950900,,1,是
C00678,丰城樟树永泰店,江西公司,南昌二战区,江西一区,丰新办,关店,专卖店,加盟,,,,,,,,,,,1,是
C00679,丰城新安菜场店,江西公司,南昌二战区,江西一区,丰新办,正常营业,专卖店,加盟,街铺,15118932,1108561257.0,16638228.0,6015167434849,600796,667957731,7491505827514157093,,2025112011077000000113643761|xiniu_xgc_bgc,1,是
C00681,丰城三千套店,江西公司,南昌二战区,江西一区,丰新办,关店,专卖店,加盟,街铺,,,,6015150026849,184783,,,,,1,是
C00682,丰城樟树时代广场店,江西公司,南昌二战区,江西一区,丰新办,正常营业,专卖店,加盟,街铺,14301976,506090819,,6015129717849,177503,1888941449,6601137284295182339,,,1,是
C00683,丰城樟树阁山店,江西公司,南昌二战区,江西一区,丰新办,关店,专卖店,加盟,街铺,,,,6015130852849,190502,,7152684339854215198,3003785435663831261,,1,是
C00686,丰城服务区东区,江西公司,南昌二战区,江西一区,丰新办,暂停营业,专卖店,加盟,交通枢纽,,,,,,,,,,1,否
C00687,丰城服务区西区店,江西公司,南昌二战区,江西一区,丰新办,暂停营业,专卖店,加盟,交通枢纽,,,,,,,,,,1,否
C00688,新余劳动南路专卖店,江西公司,宜春战区,江西一区,丰新办,关店,专卖店,加盟,街铺,3901265,,,,,597423493,,,,1,是
C00689,新余胜利路,江西公司,宜春战区,江西一区,丰新办,正常营业,专卖店,加盟,街铺,3901263,1112494649,16384066.0,6015130822849,164834,1121442976,6601154621232646157,3003872392449168641,2025111911077000000113674651|xiniu_xgc_bgc,1,是
C00690,新余赣新路口,江西公司,宜春战区,江西一区,丰新办,正常营业,专卖店,加盟,街铺,3901717,,,6015145918849,184868,594563313,7025847111581173791,3002055572496061408,,1,是
C00691,新余城北,江西公司,宜春战区,江西一区,丰新办,关店,专卖店,加盟,街铺,1991687,,,6015118580849,174807,,6601140993846675464,,,1,是
C00692,新余高能广场店,江西公司,宜春战区,江西一区,丰新办,关店,专柜店,加盟,街铺,16668522,2084305395,,6015150000849,600795,1073171993,6947430647321331712,3002457901049713709,,1,是
C00693,新余分宜,江西公司,宜春战区,江西一区,丰新办,正常营业,专卖店,加盟,街铺,,,,6015119090849,174808,,6601168914732812302,6724909398702864433,,1,是
C00695,新余新钢,江西公司,宜春战区,江西一区,丰新办,正常营业,专卖店,加盟,街铺,,,,6015128819849,184866,1173925945,6601185999781365774,6724909376175204609,2025111911077000000113721590|xiniu_xgc_bgc,1,是
C00696,新余燕子山,江西公司,宜春战区,江西一区,丰新办,正常营业,专卖店,加盟,街铺,2398232,1795721,16256728.0,6015119091849,164831,1038797032,6601150260544800776,6724909478330899537,2025111911077000000113624682|xiniu_xgc_bgc,1,是
C00697,新余沙土,江西公司,宜春战区,江西一区,丰新办,正常营业,专卖店,加盟,街铺,28742795,,17633471.0,6015119987849,184867,1785381888,6601157201715267597,3002607733014045576,2025111911077000000113732612|xiniu_xgc_bgc,1,是
C00698,新余分宜菜场,江西公司,宜春战区,江西一区,丰新办,正常营业,专卖店,加盟,街铺,19429723,507200797.0,,6015167042849,184869,,6601177714294523917,6724909502709306953,,1,是
C00699,新余总工会,江西公司,宜春战区,江西一区,丰新办,正常营业,专卖店,加盟,街铺,,,,6015167342849,190504,,6601191067616299016,,,1,是
C00700,新余火车站,江西公司,宜春战区,江西一区,丰新办,正常营业,专卖店,加盟,街铺,3901264,507318754,16384050.0,6015147929849,174809,1194852067,6601138152767768579,6724909341199987458,2025112011077000000113739819|xiniu_xgc_bgc,1,是
C00701,新余临江,江西公司,南昌二战区,江西一区,丰新办,正常营业,专卖店,加盟,街铺,1289326906,1289326906,,6015130823849,184864,982968058,6601133504421955598,,2025111911077000000113761089|xiniu_xgc_bgc,1,是
C00702,新余罗坊,江西公司,宜春战区,江西一区,丰新办,正常营业,专卖店,加盟,街铺,,,,6015117882849,190505,,,,,1,是
C00703,新余分宜天工路店,江西公司,宜春战区,江西一区,丰新办,正常营业,专卖店,加盟,街铺,17401307,155902355,16256726.0,6015119783849,190506,969904077,6601149711162296323,6724909405776890278,2025111911077000000113632674|xiniu_xgc_bgc,1,是
C00707,九江大中大店,江西公司,九江战区,江西二区,九江办,正常营业,专卖店,加盟,街铺,2946727,2097211060,,6015118573849,164658,634596788,6997989186166851592,3003669003387970276,2025112011077000000113696726|xiniu_xgc_bgc,1,是
C00708,九江姚家洼,江西公司,九江战区,江西二区,九江办,正常营业,专卖店,加盟,街铺,23689721,516967705,15968044.0,6015167799849,164659,40088811,6601168948731873288,3002804406575375596,2026030611077000000115117848|xiniu_xgc_bgc,1,是
C00709,九江港口镇,江西公司,九江战区,江西二区,九江办,关店,专卖店,加盟,街铺,,,,6015118574849,190634,,,,,1,是
C00710,九江金凤路南湖店,江西公司,九江战区,江西二区,九江办,正常营业,专卖店,加盟,街铺,2947448,2099448463,19600594.0,6015165397849,164660,42727182,6601273940843169800,6724909544061245445,2026030611077000000115088818|xiniu_xgc_bgc,1,是
C00711,九江德化路中辉店,江西公司,九江战区,江西二区,九江办,正常营业,专卖店,加盟,街铺,13102695,503800800,,6015115593849,164662,1578008823,6601162088498857992,3002536163153154319,,1,是
C00712,九江开发区利江菜场店,江西公司,九江战区,江西二区,九江办,正常营业,专卖店,加盟,街铺,1315610,1925002,,6015166224849,164663,1907570787,6601186673696966669,3002357883942344184,,1,是
C00713,九江三里街,江西公司,九江战区,江西二区,九江办,正常营业,专卖店,加盟,街铺,1182775,1925003,19390092.0,6015167800849,164664,1913716948,6601162879401986056,6724909341358805036,2025112011077000000113665752|xiniu_xgc_bgc,1,是
C00715,九江三马路,江西公司,九江战区,江西二区,九江办,关店,专卖店,加盟,街铺,1177569,,,,176447,98697499,,,,1,是
C00716,九江永修西一路店,江西公司,九江战区,江西二区,九江办,正常营业,专卖店,加盟,街铺,2946724,500802932,16914054.0,6015164498849,164667,833681882,6601142178108409863,6724909504287514770,,1,是
C00717,九江永修西苑商城店,江西公司,九江战区,江西二区,九江办,正常营业,专卖店,加盟,街铺,,,,6015168008849,176448,730047360,6633887305016805380,4003258846378238853,,1,是
C00718,九江永修虬津店,江西公司,九江战区,江西二区,九江办,正常营业,专卖店,加盟,街铺,,,,6015165410849,176475,,7349081068529535012,,,1,是
C00720,九江德安,江西公司,九江战区,江西二区,九江办,正常营业,专卖店,加盟,街铺,,,,6015167202849,164670,1555678072,,,,1,是
C00721,九江瑞昌人民路店,江西公司,九江战区,江西二区,九江办,正常营业,专卖店,加盟,街铺,,,,6015167802849,164671,618444386,6601144353513539591,,2025112011077000000113680763|xiniu_xgc_bgc,1,是
C00722,九江瑞昌赤乌路店,江西公司,九江战区,江西二区,九江办,正常营业,专卖店,加盟,街铺,,,,6015168010849,176449,,6601180703751145476,,,1,是
C00723,九江码头,江西公司,九江战区,江西二区,九江办,正常营业,专卖店,加盟,交通枢纽,,,,6015164682849,178258,,6633900312207820804,,,1,是
C00725,九江庐山南康大道店,江西公司,九江战区,江西二区,九江办,正常营业,专卖店,加盟,街铺,,,,6015167526849,176450,1115885322,6601185184505153550,6724909320176172798,,1,是
C00726,九江修水鹦鹉街店,江西公司,九江战区,江西二区,九江办,正常营业,专卖店,加盟,街铺,2946722,1167671,,6015128809849,164673,160016558,6601170304842598408,3002800158680158529,2026031211077000000115338214|xiniu_xgc_bgc,1,是
C00727,九江修水宁红市场店,江西公司,九江战区,江西二区,九江办,正常营业,专卖店,加盟,街铺,9147156,501100032,,6015167203849,176451,1527306588,6601142390772205576,6724909421075087000,,1,是
C00728,九江湖口老城店,江西公司,九江战区,江西二区,九江办,正常营业,专卖店,加盟,街铺,17303122,,,6015166036849,164679,1676089774,6601145890423965704,,,1,是
C00729,九江湖口大市场店,江西公司,九江战区,江西二区,九江办,正常营业,专卖店,加盟,街铺,4357516,507289612,,6015165443849,164680,1202443922,6601198338790393859,6724909359686035547,,1,是
C00730,九江共青城东方超市店,江西公司,九江战区,江西二区,九江办,正常营业,专卖店,加盟,街铺,1607580,,,6015116991849,164681,,7246234394627672097,,,1,是
C00731,九江庐山,江西公司,九江战区,江西二区,九江办,关店,专卖店,加盟,,,,,,190635,,,,,1,是
C00732,九江都昌东风大道店,江西公司,九江战区,江西二区,九江办,正常营业,专卖店,加盟,街铺,2708372,164159914,,6015167051849,164682,874760815,6601139731759630343,4003105446314648915,,1,是
C00733,九江沙河,江西公司,九江战区,江西二区,九江办,正常营业,专卖店,加盟,街铺,4770382,500812819,,6015119084849,176452,1162167116,6601145175525820423,6724909376743404637,2025112011077000000113741649|xiniu_xgc_bgc,1,是
C00735,九江安庆东至尧城路店,江西公司,九江战区,江西二区,九江办,关店,专卖店,加盟,街铺,17871360,,,6015674671849,164701,,7233223373273172002,6724909544094975846,,1,是
C00736,九江修水渣津,江西公司,九江战区,江西二区,九江办,正常营业,专卖店,加盟,街铺,,,,6015167312849,180919,1739463780,7525715517219276838,,,1,是
C00737,九江修水三都,江西公司,九江战区,江西二区,九江办,正常营业,专卖店,加盟,街铺,,,,6015165800849,190636,,6601171370288089092,3003730868340922395,,1,是
C00738,九江瑞昌超市,江西公司,九江战区,江西二区,九江办,关店,专卖店,加盟,街铺,,,,6015116880849,176453,,6601160724196640771,,,1,是
C00739,九江云居山,江西公司,九江战区,江西二区,九江办,暂停营业,专卖店,加盟,街铺,,,,6015119575849,190637,,,,,1,是
C00740,九江艾城,江西公司,九江战区,江西二区,九江办,关店,专卖店,加盟,街铺,,,,6015118772849,190638,,,,,1,是
C00741,九江都昌老电影院店,江西公司,九江战区,江西二区,九江办,关店,专卖店,加盟,街铺,168811278,168811278,,6015165444849,176454,1590200138,7144327601438328865,,,1,是
C00742,九江修水白领,江西公司,九江战区,江西二区,九江办,正常营业,专卖店,加盟,街铺,20195977,,,6015167020849,190639,1192729198,6660842699245029379,,,1,是
C00743,九江修水山口,江西公司,九江战区,江西二区,九江办,正常营业,专卖店,加盟,街铺,,,,6015165187849,190640,,6875214619120666627,,,1,是
C00745,湖北黄梅分路店,江西公司,九江战区,湖北办,湖北办,正常营业,专卖店,加盟,街铺,,,,6015320984849,177501,167291721,6601141085727115272,,,1,是
C00746,湖北黄梅小池店,江西公司,九江战区,湖北办,湖北办,正常营业,专卖店,加盟,街铺,13791264,337652410,,6015320841849,176455,40517748,6601145995902322695,6724909499334591238,,1,是
C00747,九江新港,江西公司,九江战区,江西二区,九江办,正常营业,专卖店,加盟,街铺,,,,6015164371849,190641,,7059582061128108068,6724909544128498763,,1,是
C00748,九江修水滨江花园店,江西公司,九江战区,江西二区,九江办,正常营业,专卖店,加盟,街铺,5226674,500984999,,6015118688849,176456,1038407655,6633878357006092296,3002804041861468316,2025112011077000000113687794|xiniu_xgc_bgc,1,是
C00749,九江共青新村店,江西公司,九江战区,江西二区,九江办,正常营业,专卖店,加盟,街铺,15017326,,17979282.0,6015165208849,176457,1811914706,6601165563949484035,3001844888359703375,,1,是
C00750,九江湖口流泗店,江西公司,九江战区,江西二区,九江办,关店,专卖店,加盟,街铺,,,,6015119085849,190642,,,,,1,是
C00751,九江德安经济开发区店,江西公司,九江战区,江西二区,九江办,正常营业,专卖店,加盟,街铺,19649229,,,6015164327849,176458,,6601145916739029005,,,1,是
C00752,九江共青城甘露,江西公司,九江战区,江西二区,九江办,正常营业,专卖店,加盟,街铺,23978060,520560274,16914056.0,6015119778849,190643,,7308937734940035109,4003082813597197126,,1,是
C00753,九江修水古市,江西公司,九江战区,江西二区,九江办,正常营业,专卖店,加盟,街铺,,,,6015165188849,190644,,6633903804037203975,,,1,是
C00755,九江南义超市,江西公司,九江战区,江西二区,九江办,正常营业,专卖店,加盟,街铺,,,,6015166000849,176476,,6601149489895966734,,,1,是
C00757,九江永修老城,江西公司,九江战区,江西二区,九江办,正常营业,专卖店,加盟,街铺,,,,6015164328849,164683,,6737114293965162508,,,1,是
C00758,池州东至西湖巷店,江西公司,九江战区,江西二区,九江办,正常营业,专卖店,加盟,街铺,17822099,510051887,15968007.0,6015531486849,164703,1826552822,6601171610768525325,3002633819576406602,2025112011077000000113744659|xiniu_xgc_bgc,1,是
C00759,九江修水何市店,江西公司,九江战区,江西二区,九江办,正常营业,专卖店,加盟,街铺,,,,6015116182849,190646,,6808124951007152128,,,1,是
C00760,九江修水大桥,江西公司,九江战区,江西二区,九江办,正常营业,专卖店,加盟,街铺,,,,6015130814849,190647,,6633919636217792516,,,1,是
C00761,九江武宁船滩店,江西公司,九江战区,江西二区,九江办,正常营业,专卖店,加盟,街铺,,,,6015166792849,190648,,7023686416253061150,,,1,是
C00762,九江修水黄港店,江西公司,九江战区,江西二区,九江办,正常营业,专卖店,加盟,街铺,,,,6015165802849,190649,,6861030417022060551,,,1,是
C00763,九江修水黄沙店,江西公司,九江战区,江西二区,九江办,正常营业,专卖店,加盟,街铺,,,,6015166001849,190650,,6650057020072364036,,,1,是
C00765,九江武宁交通路店,江西公司,九江战区,江西二区,九江办,正常营业,专卖店,加盟,街铺,2947447,503773430,,6015119981849,164684,727205798,7048418142288087080,3002803853234152421,2025112011077000000113653778|xiniu_xgc_bgc,1,是
C00766,九江瑞昌铜城大道店,江西公司,九江战区,江西二区,九江办,正常营业,专卖店,加盟,街铺,19323533,,,6015168011849,176459,,6668542984901904396,3002804237294474463,2026030611077000000115118847|xiniu_xgc_bgc,1,是
C00767,九江中馆,江西公司,九江战区,江西二区,九江办,正常营业,专卖店,加盟,街铺,,,,6015130815849,178257,904457507,6601141524816201736,,2026030411077000000115140700|xiniu_xgc_bgc,1,是
C00768,九江三叉港,江西公司,九江战区,江西二区,九江办,正常营业,专卖店,加盟,街铺,,,,6015118689849,190651,,,,,1,是
C00770,九江横港,江西公司,九江战区,江西二区,九江办,关店,专卖店,加盟,商超,,,,,190653,,,,,1,是
C00771,九江修水马坳店,江西公司,九江战区,江西二区,九江办,关店,专卖店,加盟,街铺,,,,6015118267849,190654,,6647741302068873229,,,1,是
C00772,九江武宁新区,江西公司,九江战区,江西二区,九江办,正常营业,专卖店,加盟,街铺,16754798,2123125876,,6015116881849,176460,1407144400,6723917148378515464,3001803537343915135,2025112011077000000113638762|xiniu_xgc_bgc,1,是
C00773,九江修水上奉店,江西公司,九江战区,江西二区,九江办,关店,专卖店,加盟,街铺,,,,,190655,,,,,1,是
C00775,九江湖口金沙湾超市,江西公司,九江战区,江西二区,九江办,正常营业,专卖店,加盟,街铺,5999105,,,6015128810849,190656,1271401426,6647739640348461064,3002440307567693913,2025112011077000000113702762|xiniu_xgc_bgc,1,是
C00776,湖北黄梅新开店,江西公司,九江战区,湖北办,湖北办,正常营业,专卖店,加盟,街铺,,,,6015321018849,177502,1615654460,,,,1,是
C00777,九江肇陈,江西公司,九江战区,江西二区,九江办,正常营业,专卖店,加盟,街铺,,,,6015167804849,190658,,,,,1,是
C00778,九江修水全丰店,江西公司,九江战区,江西二区,九江办,关店,专卖店,加盟,街铺,,,,6015119577849,255966,,6740445486873888779,,,1,是
C00779,九江三溪桥,江西公司,九江战区,江西二区,九江办,正常营业,专卖店,加盟,街铺,,,,6015168013849,190661,,7317150522274744357,,,1,是
C00780,九江永修湖东店,江西公司,九江战区,江西二区,九江办,正常营业,专卖店,加盟,街铺,4163854,,17390515.0,6015165412849,176461,651420348,6601172487034112014,,2025112011077000000113694737|xiniu_xgc_bgc,1,是
C00781,湖北黄梅孔垄店,江西公司,九江战区,湖北办,湖北办,正常营业,专卖店,加盟,街铺,,,,6015320396849,180917,1720044649,6614204976874915853,,,1,是
C00782,九江都昌万里大道店,江西公司,九江战区,江西二区,九江办,正常营业,专卖店,加盟,街铺,2712252,,,6015167052849,176462,1813621243,7208095721935865893,3002450634209367158,2025112011077000000113650812|xiniu_xgc_bgc,1,是
C00783,九江彭泽车站店,江西公司,九江战区,江西二区,九江办,关店,专卖店,加盟,街铺,16774491,2099197026,,6015116883849,176463,1063294800,,,,1,是
C00785,湖北黄梅东门专卖店,江西公司,九江战区,湖北办,湖北办,关店,专卖店,加盟,街铺,,,,6015321104849,164685,86411073,6601155454066231303,,,1,是
C00786,九江修水良塘,江西公司,九江战区,江西二区,九江办,关店,专卖店,加盟,街铺,1871018,1925021,,6015129904849,164686,50155359,6649637674481125384,6724909527448376970,,1,是
C00787,九江永修梅棠,江西公司,九江战区,江西二区,九江办,正常营业,专卖店,加盟,街铺,,,,6015165211849,,,,,,1,是
C00788,九江都昌金水湾菜场店,江西公司,九江战区,江西二区,九江办,正常营业,专卖店,加盟,街铺,,,,6015167021849,328893,1313999013,6871227034509559811,3003892273928119669,2025112011077000000113698719|xiniu_xgc_bgc,1,是
C00789,九江永修湖西店,江西公司,九江战区,江西二区,九江办,正常营业,专卖店,加盟,街铺,,,,6015117698849,176464,1845340840,6601140795909081092,,2025112011077000000113737685|xiniu_xgc_bgc,1,是
C00790,湖北黄梅蔡山专卖店,江西公司,九江战区,湖北办,湖北办,关店,专卖店,加盟,街铺,,,,6015320664849,190508,152482856,6614339994326665220,,,1,是
C00792,湖北黄梅宿松专卖店,江西公司,九江战区,湖北办,湖北办,关店,专卖店,加盟,街铺,,,,6015320473849,176474,42773048,6601145171990022158,,,1,是
C00795,九江武宁官莲店,江西公司,九江战区,江西二区,九江办,关店,专卖店,加盟,街铺,,,,,190509,,,,,1,是
C00796,九江定山镇店,江西公司,九江战区,江西二区,九江办,关店,专卖店,加盟,街铺,168183023,168183023,,,190510,,,,,1,是
C00797,九江共青文华街店,江西公司,九江战区,江西二区,九江办,正常营业,专卖店,加盟,街铺,,,,6015165413849,176465,,6601156909925926925,,,1,是
C00798,九江修水西港店,江西公司,九江战区,江西二区,九江办,正常营业,专卖店,加盟,街铺,,,,6015164789849,190511,,7047706158844348452,,,1,是
C00802,九江都昌蔡岭镇店,江西公司,九江战区,江西二区,九江办,正常营业,专卖店,加盟,街铺,,,,6015128811849,190512,,6751739425606125575,,,1,是
C00803,九江修水赣北城店,江西公司,九江战区,江西二区,九江办,正常营业,专卖店,加盟,街铺,5852976,1138579834,,6015119494849,176466,1856214505,6601144491191568398,6724909369592899117,,1,是
C00805,九江修水一中店,江西公司,九江战区,江西二区,九江办,关店,专卖店,加盟,街铺,,,,6015168014849,176467,,6755411486606215171,,,1,是
C00807,九江庐山新农贸市场店,江西公司,九江战区,江西二区,九江办,正常营业,专卖店,加盟,街铺,,,,6015120084849,164672,,6601179505937614852,6724909544064297488,,1,是
C00808,九江武宁南门市场店,江西公司,九江战区,江西二区,九江办,正常营业,专卖店,加盟,街铺,16772616,1137966984,,6015166200849,176469,1611776886,6601148652658362371,6724909482954077042,2025112011077000000113665751|xiniu_xgc_bgc,1,是
C00809,九江都昌芙蓉路店,江西公司,九江战区,江西二区,九江办,正常营业,专卖店,加盟,街铺,21469686,,,6015166226849,176470,1316378046,6758365613367773197,3003730861124366296,2025112011077000000113670723|xiniu_xgc_bgc,1,是
C00810,九江火车站候车室2店,江西公司,九江战区,江西二区,九江办,正常营业,专卖店,加盟,高势能,,,,,,,,,,1,否
C00811,九江德安石桥菜场店,江西公司,九江战区,江西二区,九江办,正常营业,专卖店,加盟,街铺,,,,6015165191849,180916,,,,,1,是
C00812,九江瑞昌富民小区店,江西公司,九江战区,江西二区,九江办,正常营业,专卖店,加盟,街铺,,,,6015167806849,176471,608856178,6601163979584702472,3004092958778008160,,1,是
C00813,九江火车站外走廊店,江西公司,九江战区,江西二区,九江办,关店,专卖店,加盟,高势能,,,,,,,,,,1,是
C00815,九江湖口盛源城店,江西公司,九江战区,江西二区,九江办,正常营业,专卖店,加盟,街铺,4357515,,,6015147901849,176472,572826431,7164315366141724709,3003040340178772234,,1,是
C00817,湖北黄梅武穴专卖店,江西公司,九江战区,湖北办,湖北办,关店,专卖店,加盟,街铺,5311772,2123857226,,6015321105849,175225,1369261237,,,,1,是
C00819,九江柴桑店,江西公司,九江战区,江西二区,九江办,关店,专卖店,加盟,街铺,5134453,500845510,,6015165250849,180918,177536945,6859872246526232591,6724909544098406172,,1,是
C00820,九江修水金秋湖畔店,江西公司,九江战区,江西二区,九江办,正常营业,专卖店,加盟,街铺,5551664,,,6015166002849,190514,1665409146,6758589571153348621,,2025112011077000000113745616|xiniu_xgc_bgc,1,是
C00821,湖北黄梅好又多超市店,江西公司,九江战区,湖北办,湖北办,关店,专卖店,加盟,街铺,,,,,190515,934007599,,,,1,是
C00822,九江庐山服务区一店,江西公司,九江战区,江西二区,九江办,正常营业,专卖店,加盟,交通枢纽,,,,,,,,,,1,否
C00823,九江庐山服务区二店,江西公司,九江战区,江西二区,九江办,关店,专卖店,加盟,交通枢纽,,,,,,,,,,1,是
C00825,九江瑞昌联盛步行街店,江西公司,九江战区,江西二区,九江办,正常营业,专卖店,加盟,街铺,,,,6015119780849,206166,,6601165319484475395,,,1,是
C00826,九江武宁鲁溪店,江西公司,九江战区,江西二区,九江办,正常营业,专卖店,加盟,街铺,,,,6015119983849,203949,,6873283907693873165,,,1,是
C00828,上饶信州区解放路店,江西公司,抚州战区,江西二区,上饶办,正常营业,专卖店,加盟,街铺,13899902,313597159,16383960.0,6015279851849,164688,1583664160,6601143144803207182,3003795506812626109,2025111911077000000113653679|xiniu_xgc_bgc,1,是
C00829,上饶带湖,江西公司,抚州战区,江西二区,上饶办,正常营业,专卖店,加盟,街铺,,,,6015278975849,176501,,6601163769399740430,3002267310652462233,,1,是
C00830,上饶水南,江西公司,抚州战区,江西二区,上饶办,正常营业,专卖店,加盟,街铺,,,,6015281434849,176502,732981086,7041200002781153284,,2025111911077000000113692649|xiniu_xgc_bgc,1,是
C00831,上饶铅山,江西公司,抚州战区,江西二区,上饶办,正常营业,专卖店,加盟,街铺,8697172,,16638066.0,6015167610849,164693,1582904221,6659994112030165006,3003056383267447076,2026030611077000000115172864|xiniu_xgc_bgc,1,是
C00832,上饶弋阳,江西公司,抚州战区,江西二区,上饶办,正常营业,专卖店,加盟,街铺,,,,6015165701849,164694,108508073,6601146540297816078,,,1,是
C00833,上饶广信一菜场店,江西公司,抚州战区,江西二区,上饶办,正常营业,专卖店,加盟,街铺,,,,6015281436849,164689,1772755886,7005392568850581511,,,1,是
C00836,上饶横峰,江西公司,抚州战区,江西二区,上饶办,正常营业,专卖店,加盟,街铺,,,,6015167611849,164691,1997481563,7119432674670086180,,2025111911077000000113702666|xiniu_xgc_bgc,1,是
C00837,上饶城南,江西公司,抚州战区,江西二区,上饶办,正常营业,专卖店,加盟,街铺,,,,6015166011849,164692,1782955308,6601147902674864135,6724909240184986851,,1,是
C00839,上饶现代城店,江西公司,抚州战区,江西二区,上饶办,关店,专卖店,加盟,街铺,,,,6015279258849,176503,596135811,6601155801895684110,3003909330831585213,,1,是
C00840,上饶城西,江西公司,抚州战区,江西二区,上饶办,正常营业,专卖店,加盟,街铺,16383980,,16383980.0,6015281500849,176504,559867554,6658128570579224580,3003884015770903334,2026030611077000000115225843|xiniu_xgc_bgc,1,是
C00841,上饶五三,江西公司,抚州战区,江西二区,上饶办,关店,专卖店,加盟,街铺,1632793,161078688,16391796.0,6015168050849,176505,41035468,6601153151405918221,3003666559209546923,2026031211077000000115275252|xiniu_xgc_bgc,1,是
C00842,上饶八都,江西公司,抚州战区,江西二区,上饶办,正常营业,专卖店,加盟,街铺,,,,6015279265849,190665,,,,,1,是
C00843,上饶田墩街,江西公司,抚州战区,江西二区,上饶办,正常营业,专卖店,加盟,街铺,,,,6015280154849,190666,,7167224521685764111,,,1,是
C00845,上饶临湖,江西公司,抚州战区,江西二区,上饶办,正常营业,专卖店,加盟,街铺,,,,6015338636849,190667,,,,,1,是
C00846,上饶中山,江西公司,抚州战区,江西二区,上饶办,正常营业,专卖店,加盟,街铺,2947449,161622283,16638065.0,6015279667849,176506,108561987,6601143354468075524,6724909335147502781,2026031211077000000115291259|xiniu_xgc_bgc,1,是
C00847,上饶汪家园,江西公司,抚州战区,江西二区,上饶办,正常营业,专卖店,加盟,街铺,16638060,,16638060.0,6015129818849,176507,1680531378,6601154753483245581,6724909500990088791,2025111911077000000113703618|xiniu_xgc_bgc,1,是
C00848,上饶沙溪,江西公司,抚州战区,江西二区,上饶办,正常营业,专卖店,加盟,街铺,,,,6015281443849,190668,,6601137484145362951,,,1,是
C00849,上饶永平,江西公司,抚州战区,江西二区,上饶办,正常营业,专卖店,加盟,街铺,,,,6015167820849,190669,,6601143116936251396,,,1,是
C00850,上饶皂头,江西公司,抚州战区,江西二区,上饶办,正常营业,专卖店,加盟,街铺,,,,6015280267849,190670,,6646886890349938695,3003883964449599413,,1,是
C00851,上饶花厅,江西公司,抚州战区,江西二区,上饶办,正常营业,专卖店,加盟,街铺,,,,6015280268849,190671,,6633891555964880910,,,1,是
C00852,上饶上沪,江西公司,抚州战区,江西二区,上饶办,正常营业,专卖店,加盟,街铺,,,,6015279671849,190672,,,3002128745649443421,,1,是
C00853,上饶县蝶景园店,江西公司,抚州战区,江西二区,上饶办,正常营业,专卖店,加盟,街铺,,,,6015280266849,176508,1912664850,6601172659952683011,6724909544073683530,2026030611077000000115099820|xiniu_xgc_bgc,1,是
C00855,上饶灵溪,江西公司,抚州战区,江西二区,上饶办,关店,专卖店,加盟,街铺,26126595,144396991,,6015278983849,190673,577342032,6601254272266930180,3004279672240476737,2025111911077000000113692650|xiniu_xgc_bgc,1,是
C00856,上饶丁家州,江西公司,抚州战区,江西二区,上饶办,关店,专卖店,加盟,街铺,,,,6015278366849,190674,,6756224339533678600,,,1,是
C00857,上饶青溪,江西公司,抚州战区,江西二区,上饶办,正常营业,专卖店,加盟,街铺,,,,6015167222849,190675,,7120497392365799456,6724909544105651157,,1,是
C00858,上饶王家坝,江西公司,抚州战区,江西二区,上饶办,正常营业,专卖店,加盟,街铺,,,,6015281501849,176510,1869263428,7103697070539671555,,2025111911077000000113647670|xiniu_xgc_bgc,1,是
C00859,上饶朝阳,江西公司,抚州战区,江西二区,上饶办,关店,专卖店,加盟,街铺,,,,6015278370849,190676,,6601268205308610567,,,1,是
C00860,上饶麻纺厂,江西公司,抚州战区,江西二区,上饶办,关店,专卖店,加盟,街铺,,,,6015278977849,176511,,6601178286401800200,,,1,是
C00861,上饶应家,江西公司,抚州战区,江西二区,上饶办,正常营业,专卖店,加盟,街铺,,,,6015279971849,190677,,6601135063306340365,,,1,是
C00862,上饶罗桥,江西公司,抚州战区,江西二区,上饶办,关店,专卖店,加盟,街铺,,,,6015338550849,176512,,,,,1,是
C00866,上饶尊桥,江西公司,抚州战区,江西二区,上饶办,正常营业,专卖店,加盟,街铺,,,,6015279856849,190678,,6601215196214069255,3002955671040139592,,1,是
C00867,上饶枫岭头,江西公司,抚州战区,江西二区,上饶办,正常营业,专卖店,加盟,街铺,,,,6015167644849,192187,1358458929,6875229761833125891,,2025111911077000000113625657|xiniu_xgc_bgc,1,是
C00868,上饶四十八店,江西公司,抚州战区,江西二区,上饶办,关店,专卖店,加盟,街铺,,,,6015166038849,190679,,6601145544628766734,,,1,是
C00869,上饶郑坊店,江西公司,抚州战区,江西二区,上饶办,关店,专卖店,加盟,街铺,,,,,,,,,,1,是
C00870,上饶茶亭店,江西公司,抚州战区,江西二区,上饶办,正常营业,专卖店,加盟,街铺,,,,6015338754849,190681,,6664311012155607044,,,1,是
C00871,上饶横峰解放中路店,江西公司,抚州战区,江西二区,上饶办,正常营业,专卖店,加盟,街铺,13130349,1127675671,22816256.0,6015167821849,176517,1572974460,6601179836113225732,3002390499929924997,,1,是
C00872,上饶前山店,江西公司,抚州战区,江西二区,上饶办,正常营业,专卖店,加盟,街铺,10211340,,17783281.0,6015281439849,190682,935407037,6601141637592647693,3003909295658902120,2025111911077000000113717666|xiniu_xgc_bgc,1,是
C00873,上饶弋阳胜利路店,江西公司,抚州战区,江西二区,上饶办,正常营业,专卖店,加盟,街铺,,,,6015119782849,176519,933346387,6601178084865476611,6724909544062076530,2025111911077000000113657694|xiniu_xgc_bgc,1,是
C00876,上饶县永盛广场店,江西公司,抚州战区,江西二区,上饶办,关店,专卖店,加盟,综合体,14181402,2136945743.0,,6015278278849,176516.0,,7173542828197283853,,,1,是
C00877,上饶三清店,江西公司,抚州战区,江西二区,上饶办,正常营业,专卖店,加盟,街铺,,,,6015279261849,176515,748295044,6601144603288537096,,2026030611077000000115135845|xiniu_xgc_bgc,1,是
C00878,上饶玉山大观园专卖店,江西公司,抚州战区,江西二区,上饶办,关店,专卖店,加盟,街铺,,,,6015166013849,,,,,,1,是
C00880,上饶高铁店,江西公司,抚州战区,江西二区,上饶办,正常营业,专卖店,加盟,高势能,,,,,170034,,,,,1,是
C00881,上饶文家店,江西公司,抚州战区,江西二区,上饶办,正常营业,专卖店,加盟,街铺,,,,6015278496849,164690,,6873226014529423368,,,1,是
C00882,上饶高铁2店,江西公司,抚州战区,江西二区,上饶办,正常营业,专卖店,加盟,高势能,,,,,170035,,,,,1,是
C00883,上饶美地印象店,江西公司,抚州战区,江西二区,上饶办,正常营业,专卖店,加盟,街铺,1590082,,,6015279262849,176520,165285691,6601139088508585991,3002057690116563204,,1,是
C00885,上饶华坛山店,江西公司,抚州战区,江西二区,上饶办,关店,专卖店,加盟,街铺,,,,,192186,,,,,1,是
C00886,上饶家润福专柜,江西公司,抚州战区,江西二区,上饶办,关店,专柜店,加盟,街铺,2946728,,,6015168024849,253439,,6601147509475641352,,,1,是
C00887,上饶弋阳曹溪店,江西公司,抚州战区,江西二区,上饶办,关店,专卖店,加盟,街铺,,,,6015167321849,176521,709969563,6758013700612900877,,,1,是
C00888,上饶广丰广场店,江西公司,抚州战区,江西二区,上饶办,关店,专卖店,加盟,街铺,,,,,181983,,,,,1,是
C00889,上饶师院店,江西公司,抚州战区,江西二区,上饶办,关店,专卖店,加盟,街铺,,,,6015279968849,,,7157663435293984798,,,1,是
C00892,抚南广昌解放路店,江西公司,抚州战区,江西一区,鹰抚办,正常营业,专卖店,加盟,街铺,3901270,508945096,,6015129212849,164787,1846455182,6601269110674311176,6724909419344222463,2026031211077000000115296225|xiniu_xgc_bgc,1,是
C00893,抚南南丰交通路店,江西公司,抚州战区,江西一区,鹰抚办,正常营业,专卖店,加盟,街铺,3901269,508825081,,6015135715849,164786,1163927155,6601157837643057166,3002802758831871323,2025112011077000000113619786|xiniu_xgc_bgc,1,是
C00895,抚南南丰桔都大道店,江西公司,抚州战区,江西一区,鹰抚办,正常营业,专卖店,加盟,街铺,,,,6015117899849,174801,718832926,7229509076143589434,2161917598480868742,2025112011077000000113707661|xiniu_xgc_bgc,1,是
C00896,抚南大岗店,江西公司,抚州战区,江西一区,鹰抚办,正常营业,专卖店,加盟,街铺,,,,6015129213849,164789,,6601136627861424135,,,1,是
C00897,抚南黎川日峰小学店,江西公司,抚州战区,江西一区,鹰抚办,正常营业,专卖店,加盟,街铺,3901718,1127814944,,6015131833849,164790,1244896019,6601157600698435597,6724909544068477235,2025112011077000000113718742|xiniu_xgc_bgc,1,是
C00898,抚南宜黄学前街店,江西公司,抚州战区,江西一区,鹰抚办,正常营业,专卖店,加盟,街铺,,,,6015130835849,164792,41894037,6633948014614415367,3002799724839276872,,1,是
C00899,抚南乐安长征路店,江西公司,抚州战区,江西一区,鹰抚办,正常营业,专卖店,加盟,街铺,3466211,508396659,,6015117888849,164791,1448145171,6601134078949328910,3002666105919738081,,1,是
C00900,抚南南城盱江路店,江西公司,抚州战区,江西一区,鹰抚办,正常营业,专卖店,加盟,街铺,16433517,508026556,15968002.0,6015132223849,174797,940193999,6601167092714571790,3003745171704062597,,1,是
C00901,抚南金溪绣谷大道店,江西公司,抚州战区,江西一区,鹰抚办,正常营业,专卖店,加盟,街铺,21076531,2099118402,16256740.0,6015165248849,174799,41880448,6601164735352145923,6724909544115988055,,1,是
C00902,抚南浒湾,江西公司,抚州战区,江西一区,鹰抚办,正常营业,专卖店,加盟,街铺,,,,6015167348849,190516,,,,,1,是
C00903,抚南崇仁月池农贸市场,江西公司,抚州战区,江西一区,鹰抚办,正常营业,专卖店,加盟,街铺,,,,6015167840849,164788,40643219,6601171615612930056,2161845096783961258,,1,是
C00905,抚南古城,江西公司,抚州战区,江西一区,鹰抚办,正常营业,专卖店,加盟,街铺,,,,6015165836849,190517,,,,,1,是
C00906,抚南东馆,江西公司,抚州战区,江西一区,鹰抚办,正常营业,专卖店,加盟,街铺,,,,6015166220849,190518,,6633866515441518600,,,1,是
C00907,抚南腾桥,江西公司,抚州战区,江西一区,鹰抚办,关店,专卖店,加盟,街铺,,,,6015150400849,164883,,6601140104008304648,6724909469057191872,,1,是
C00908,抚南南城县盱江北大道店,江西公司,抚州战区,江西一区,鹰抚办,正常营业,专卖店,加盟,街铺,10663968,502168874,15968035.0,6015167422849,190519,1574734971,6601178178960508935,6724909544098939419,,1,是
C00909,抚南宜黄花园小区店,江西公司,抚州战区,江西一区,鹰抚办,正常营业,专卖店,加盟,街铺,17886077,336862981,,6015167048849,174796,1181922351,6601280635518584845,4003074713448485233,,1,是
C00910,抚南乐安安民路店,江西公司,抚州战区,江西一区,鹰抚办,关店,专卖店,加盟,街铺,,,,6015130303849,190520,896612883,6646824928567904264,6724909544095047774,,1,是
C00911,抚南红旗桥,江西公司,抚州战区,江西一区,鹰抚办,正常营业,专卖店,加盟,街铺,,,,6015117098849,190521,,6601159026321393668,,,1,是
C00912,抚南崇仁胜利路,江西公司,抚州战区,江西一区,鹰抚办,正常营业,专卖店,加盟,街铺,3901800,,,6015150014849,164785,87730115,6601149481226340355,6724909469966439303,2026030611077000000115156816|xiniu_xgc_bgc,1,是
C00915,抚南桐源,江西公司,抚州战区,江西一区,鹰抚办,正常营业,专卖店,加盟,街铺,,,,6015130836849,190523,,6601139500137580548,,,1,是
C00916,抚南黎川冠建路店,江西公司,抚州战区,江西一区,鹰抚办,正常营业,专卖店,加盟,街铺,,,,6015130730849,190524,899981038,6660750067747522573,6724909444748738830,,1,是
C00917,抚南金溪新华都店,江西公司,抚州战区,江西一区,鹰抚办,正常营业,专卖店,加盟,街铺,,,,6015150015849,,,,,,1,是
C00918,抚南广昌解放南路店,江西公司,抚州战区,江西一区,鹰抚办,关店,专卖店,加盟,街铺,,,,6015132225849,174800,,6954934869981923328,3003745106719879074,,1,是
C00919,抚南崇仁宝水大街店,江西公司,抚州战区,江西一区,鹰抚办,正常营业,专卖店,加盟,街铺,,,,6015118875849,190525,40757995,6601158417505585156,6724909401001753023,,1,是
C00922,宜春慈化,江西公司,宜春战区,江西二区,宜春办,正常营业,专卖店,加盟,街铺,,,,6015129909849,184876,,6926572671920506893,,,1,是
C00923,宜春国泰百货超市店,江西公司,宜春战区,江西二区,宜春办,关店,专卖店,加盟,街铺,,,,6015118777849,164770,1121611107.0,6737567415099459591,6724909544076150279,,1,是
C00925,宜春商城,江西公司,宜春战区,江西二区,宜春办,正常营业,专卖店,加盟,街铺,5898830,336667479,16257090.0,6015166127849,164769,830318339,6816768801728677891,3002727737225683861,2026031211077000000115340218|xiniu_xgc_bgc,1,是
C00927,宜春靖安新大街店,江西公司,南昌二战区,江西二区,宜春办,正常营业,专卖店,加盟,街铺,21446991,1795737,17662740.0,6015165426849,164723,1468065404,6601149917798860804,3004319776544958250,2026031211077000000115261269|xiniu_xgc_bgc,1,是
C00928,宜春奉新干州店,江西公司,南昌二战区,江西二区,宜春办,正常营业,专卖店,加盟,街铺,,,,6015118290849,190683,871673711,6601157205901182983,,2025111911077000000113755144|xiniu_xgc_bgc,1,是
C00929,宜春奉新建设南路店,江西公司,南昌二战区,江西二区,宜春办,正常营业,专卖店,加盟,街铺,3901242,522243748,,6015165427849,164720,972831344,6601138850167277575,4003357092485604786,2025111911077000000113683631|xiniu_xgc_bgc,1,是
C00930,宜春万载,江西公司,宜春战区,江西二区,宜春办,正常营业,专卖店,加盟,街铺,4449537,1127670145,16914071.0,6015167328849,164764,1271988742,7265958053168547899,,2026031211077000000115388162|xiniu_xgc_bgc,1,是
C00931,宜春铜鼓,江西公司,宜春战区,江西二区,宜春办,正常营业,专卖店,加盟,街铺,,,,6015165706849,190684,,6601151554407892999,3003725691697860929,,1,是
C00932,宜春宜丰城北路店,江西公司,宜春战区,江西二区,宜春办,正常营业,专卖店,加盟,街铺,,,,6015167613849,164724,,6601140599967975438,,,1,是
C00933,宜春黄岗,江西公司,宜春战区,江西二区,宜春办,正常营业,专卖店,加盟,街铺,,,,6015118778849,184870,,7311599456468600886,6724909340093915004,,1,是
C00935,宜春奉新上富,江西公司,南昌二战区,江西二区,宜春办,关店,专卖店,加盟,街铺,,,,6015167615849,164727,,6601220510502094856,,,1,是
C00936,宜春上高建设中路店,江西公司,宜春战区,江西二区,宜春办,关店,专卖店,加盟,街铺,,,,cover_C00936_6015118694849,164767.0,2946715.0,7059996563367528478,6724909266643402782,,1,是
C00937,宜春上高交通路专卖店,江西公司,宜春战区,江西二区,宜春办,关店,专卖店,加盟,街铺,,,,6015167036849,184872,,7085957474838120455,3004311317991887381,,1,是
C00938,南昌安义商城店,江西公司,南昌二战区,江西二区,宜春办,正常营业,专卖店,加盟,街铺,,,,6015145915849,203188,1095605973,6601138863995881486,,2025111911077000000113642700|xiniu_xgc_bgc,1,是
C00939,宜春株潭,江西公司,宜春战区,江西二区,宜春办,正常营业,专卖店,加盟,街铺,,,,6015167825849,174870,,6661898396250474507,6724909292264084641,,1,是
C00940,宜春芳溪,江西公司,宜春战区,江西二区,宜春办,关店,专卖店,加盟,街铺,,,,6015167826849,184871,,6647701139103959054,6724909516838857603,,1,是
C00941,南昌安义万埠店,江西公司,南昌二战区,江西二区,宜春办,正常营业,专卖店,加盟,街铺,,,,6015167355849,190685,710243734,6601137837574195208,3003807635623810416,2025111911077000000113690691|xiniu_xgc_bgc,1,是
C00942,南昌安义东门路店,江西公司,南昌二战区,江西二区,宜春办,正常营业,专卖店,加盟,街铺,,,,6015118779849,323237,992750953,6795515156244776960,3003745724776656773,2025111911077000000113766040|xiniu_xgc_bgc,1,是
C00943,宜春彬江,江西公司,宜春战区,江西二区,宜春办,正常营业,专卖店,加盟,街铺,,,,6015167616849,184875,826185129,6647764473807505421,3003886565704147237,2025111911077000000113638671|xiniu_xgc_bgc,1,是
C00945,宜春宜丰棠浦,江西公司,宜春战区,江西二区,宜春办,正常营业,专卖店,加盟,街铺,,,,6015129700849,190526,,6658163141416929288,,,1,是
C00946,宜春谭山,江西公司,宜春战区,江西二区,宜春办,正常营业,专卖店,加盟,街铺,,,,6015165811849,190527,,6601184479547492365,,,1,是
C00947,宜春宋埠,江西公司,南昌二战区,江西二区,宜春办,正常营业,专卖店,加盟,街铺,,,,6015166207849,190686,1459218374,6873441557933033472,6724909544102346851,,1,是
C00948,宜春仁首,江西公司,南昌二战区,江西二区,宜春办,关店,专卖店,加盟,街铺,,,,6015131000849,190687,,cover_C00948_6601146838651242504,,,1,是
C00949,南昌安义石鼻店,江西公司,南昌二战区,江西二区,宜春办,正常营业,专卖店,加盟,街铺,,,,6015120088849,177554,755576697,6633882121297463300,6724909446307117931,2025111911077000000113706687|xiniu_xgc_bgc,1,是
C00950,宜春万载将军西大道店,江西公司,宜春战区,江西二区,宜春办,关店,专卖店,加盟,街铺,,,,,,,6601160453336860686,3002805083394806787,,1,是
C00951,宜春宜丰福城店,江西公司,宜春战区,江西二区,宜春办,正常营业,专卖店,加盟,街铺,,,,6015167038849,190528,,7048925950242719747,3002804360301121818,,1,是
C00952,宜春上高银海敖阳南路店,江西公司,宜春战区,江西二区,宜春办,正常营业,专卖店,加盟,街铺,13553252,2130837994,16384071.0,6015118695849,190529,1457893792,7026600326455101440,3003872392647680417,2026031211077000000115346194|xiniu_xgc_bgc,1,是
C00953,宜春赤田,江西公司,南昌二战区,江西二区,宜春办,正常营业,专卖店,加盟,街铺,,,,6015167507849,190688,1204622008,6601138828293965831,3003782457654515820,2025111911077000000113757123|xiniu_xgc_bgc,1,是
C00955,宜春罗市,江西公司,南昌二战区,江西二区,宜春办,正常营业,专卖店,加盟,街铺,,,,6015119986849,190689,604576130,6601136922716801032,6724909544092925019,2025111911077000000113665664|xiniu_xgc_bgc,1,是
C00956,宜春奉新城南店,江西公司,南昌二战区,江西二区,宜春办,正常营业,专卖店,加盟,街铺,,,,6017186826849,164721,1047158592,7186939236342319138,3003733772437921952,,1,是
C00957,宜春安义大桥头专卖店,江西公司,南昌二战区,江西二区,宜春办,关店,专卖店,加盟,街铺,,,,6015167404849,164718,,7199517338654214148,3002399321863360556,,1,是
C00958,宜春靖安双溪大道店,江西公司,南昌二战区,江西二区,宜春办,关店,专卖店,加盟,街铺,,,,6015145916849,190690,,6633868913081845767,,,1,是
C00959,宜春宜丰岩步中路店,江西公司,宜春战区,江西二区,宜春办,正常营业,专卖店,加盟,街铺,1205341,,,6015165229849,164725,,6601172324408363022,6724909544115619618,,1,是
C00960,宜春三阳,江西公司,宜春战区,江西二区,宜春办,关店,专卖店,加盟,街铺,,,,6015167618849,192193,,6601138266341115911,3002805083392676126,,1,是
C00961,宜春上高团结路专卖店,江西公司,宜春战区,江西二区,宜春办,关店,专卖店,加盟,街铺,,,,6015129822849,164768,,6601149772038424589,6724909317283375042,,1,是
C00963,南昌安义恒茂区店,江西公司,南昌二战区,江西二区,宜春办,正常营业,专卖店,加盟,街铺,3433440,167691380,,6015164342849,164719,1871692641,6709775682957838348,3002804123328258856,,1,是
C00965,宜春奉新书院路店,江西公司,南昌二战区,江西二区,宜春办,正常营业,专卖店,加盟,街铺,29522025,534145225,,6015130717849,164722,1141439854,6601196668517910532,3002804360235625876,,1,是
C00966,宜春上高银海商贸市场店,江西公司,宜春战区,江西二区,宜春办,关店,专卖店,加盟,街铺,,,,,190531,,,,,1,是
C00967,宜春万载宝塔路店,江西公司,宜春战区,江西二区,宜春办,正常营业,专卖店,加盟,街铺,,,,6015167405849,164766,1978134308,6601137300728449038,6724909364109730947,2025111911077000000113678644|xiniu_xgc_bgc,1,是
C00968,南昌安义水岸花都店,江西公司,南昌二战区,江西二区,宜春办,正常营业,专卖店,加盟,街铺,,,,6015165428849,177552,1551594440,6601138290114430980,6724909544081976069,,1,是
C00969,宜春上富农贸市场店,江西公司,南昌二战区,江西二区,宜春办,正常营业,专卖店,加盟,街铺,,,,6015599384849,,,7389187670045362214,3003731043091623801,,1,否
C00970,宜春靖安南巷路专卖店,江西公司,南昌二战区,江西二区,宜春办,关店,专卖店,加盟,街铺,,,,6015118579849,,,7024101106170988552,,,1,是
C00971,江西朝志实业,江西公司,宜春战区,江西二区,宜春办,关店,渠道店,加盟,特殊渠道,,,,,,,,,,1,是
C00972,宜春东门店,江西公司,宜春战区,江西二区,宜春办,关店,专卖店,加盟,街铺,,,,6015166208849,174867,,6601153831130630148,3003115166840168713,,1,是
C00973,宜春汽车东站店,江西公司,宜春战区,江西二区,宜春办,关店,专卖店,加盟,交通枢纽,,,,,184877,,,,,1,是
C00975,宜春泗溪农贸市场店,江西公司,宜春战区,江西二区,宜春办,关店,专卖店,加盟,街铺,,,,6015166018849,184873,,7233335458214250553,3003688098828720472,,1,是
C00976,宜春宜丰华联超市店,江西公司,宜春战区,江西二区,宜春办,关店,专柜店,加盟,商超,,,,,291056,,,,,1,是
C00977,宜春宜丰永和东大道店,江西公司,宜春战区,江西二区,宜春办,暂停营业,专卖店,加盟,商超,,,,6015117881849,297217,,,3003729092852032735,,1,是
C00978,宜春上高青年路专卖店,江西公司,宜春战区,江西二区,宜春办,关店,专卖店,加盟,街铺,,,,6015167619849,190533,,6601164607157438471,3004299733377033528,,1,是
C00979,宜春安义广场店,江西公司,南昌二战区,江西二区,宜春办,正常营业,专卖店,加盟,商超,,,,6015167508849,600497,1324229574,6905500132389685255,3003778485515260015,2025111911077000000113615765|xiniu_xgc_bgc,1,是
C00980,吉安总店,江西公司,赣州战区,江西一区,吉安办,关店,专卖店,加盟,街铺,,,,6015128821849,164811,703153153,6601142410779035661,3003872392563528328,,1,是
C00981,吉安二中店,江西公司,赣州战区,江西一区,吉安办,正常营业,专卖店,加盟,街铺,3901715,,17092251.0,6015116893849,164812,1952900640,6601162544902047748,3003666530376262648,,1,是
C00982,吉安西苑,江西公司,赣州战区,江西一区,吉安办,正常营业,专卖店,加盟,街铺,,,,6015150101849,164813,42009664,6601159245805127687,3001996027025826869,2026030611077000000115225837|xiniu_xgc_bgc,1,是
C00983,吉安县,江西公司,赣州战区,江西一区,吉安办,正常营业,专卖店,加盟,街铺,2946741,,,6015129914849,164814,1743351056,6601177878786738180,3002800283727798582,2026030611077000000115098831|xiniu_xgc_bgc,1,是
C00985,吉安新干,江西公司,宜春战区,江西一区,吉安办,正常营业,专卖店,加盟,街铺,3901266,,,6015131004849,164833,40929185,7173551369364703265,3003321379506070253,2025112011077000000113622814|xiniu_xgc_bgc,1,是
C00986,吉安安福,江西公司,宜春战区,江西一区,吉安办,正常营业,专卖店,加盟,街铺,1915508,1795726,16189135.0,6015128822849,164826,1978173973,7129802814796072997,6724909544094246737,,1,是
C00987,吉安吉水,江西公司,宜春战区,江西一区,吉安办,正常营业,专卖店,加盟,街铺,,,,6015128823849,177543,937603868,6601137366579038211,,2025112011077000000113689699|xiniu_xgc_bgc,1,是
C00988,吉安泰和,江西公司,赣州战区,江西一区,吉安办,正常营业,专卖店,加盟,街铺,1713009,,,6015116191849,164829,1800922162,6601150322926684168,6724909544061470921,,1,是
C00989,吉安万安,江西公司,赣州战区,江西一区,吉安办,正常营业,专卖店,加盟,街铺,30487234,536290914,,6015119792849,164824,1500506619,7145658837675018278,6724909544069120476,,1,是
C00990,吉安永丰,江西公司,宜春战区,江西一区,吉安办,关店,专卖店,加盟,街铺,3212741,,,6015135712849,164836,1960981126,7025861160406779935,,,1,是
C00991,吉安青原,江西公司,赣州战区,江西一区,吉安办,正常营业,专卖店,加盟,街铺,29695850,1139455024,,6015118583849,164816,897707029,6601175244373755918,6724909433089723702,2026031211077000000115376177|xiniu_xgc_bgc,1,是
C00992,吉安永叔,江西公司,赣州战区,江西一区,吉安办,关店,专卖店,加盟,街铺,,,,6015120091849,174802,1263668952,6911062205974710272,3003015038907723059,2026030611077000000115215884|xiniu_xgc_bgc,1,是
C00993,吉安永新,江西公司,赣州战区,江西一区,吉安办,正常营业,专卖店,加盟,街铺,4117898,,,6015130829849,190534,981157048,7216193341518514188,6724909407452053077,,1,是
C00995,吉安井冈山,江西公司,赣州战区,江西一区,吉安办,关店,专卖店,加盟,,,,,,,,,,,1,是
C00996,吉安城北,江西公司,赣州战区,江西一区,吉安办,正常营业,专卖店,加盟,街铺,17296222,168463116,,6015113799849,164817,41120683,6601143028553877518,3002307344260243942,,1,是
C00997,吉安泰和商贸城店,江西公司,赣州战区,江西一区,吉安办,正常营业,专卖店,加盟,街铺,,,,6015150004849,164821,1196894882,6601150151585187854,3003171193219524022,2025112011077000000113656725|xiniu_xgc_bgc,1,是
C00998,吉安城南,江西公司,赣州战区,江西一区,吉安办,正常营业,专卖店,加盟,街铺,29659964,,16384046.0,6015131005849,169669,77024491,6601141752965416973,6724909544060222393,,1,是
C00999,吉安韶山西路,江西公司,赣州战区,江西一区,吉安办,正常营业,专卖店,加盟,街铺,2946732,301690045,17940156.0,6015119793849,164818,1497103388,6601148888306960398,3003173998424564390,2025112011077000000113741654|xiniu_xgc_bgc,1,是
C01000,吉安七琴,江西公司,宜春战区,江西一区,吉安办,关店,专卖店,加盟,街铺,,,,6015132219849,190536,883161548,7004654879952078878,,2025112011077000000113743641|xiniu_xgc_bgc,1,是
C01001,吉安骡溪,江西公司,赣州战区,江西一区,吉安办,正常营业,专卖店,加盟,街铺,,,,6015118584849,190537,558677107,6633882882232289287,3003892273953514959,2025112011077000000113619783|xiniu_xgc_bgc,1,是
C01002,吉安峡江,江西公司,宜春战区,江西一区,吉安办,正常营业,专卖店,加盟,街铺,5311765,,,6015118271849,177542,1171202120,6601158288618817544,3002800283693258110,2025112011077000000113681708|xiniu_xgc_bgc,1,是
C01003,吉安八都,江西公司,宜春战区,江西一区,吉安办,正常营业,专卖店,加盟,街铺,,,,6015129704849,190538,1836947230,6762424626556536839,3002437751649210412,2025112011077000000113764148|xiniu_xgc_bgc,1,是
C01005,吉安新干商贸中心店,江西公司,宜春战区,江西一区,吉安办,正常营业,专卖店,加盟,街铺,,,,6015129916849,177541,513614872,6601142029315475459,3003872392095244807,2025112011077000000113690778|xiniu_xgc_bgc,1,是
C01006,吉安藤田,江西公司,宜春战区,江西一区,吉安办,关店,专卖店,加盟,街铺,,,,6015129205849,190539,1523292709,,3002460629323293506,2025112011077000000113686763|xiniu_xgc_bgc,1,是
C01007,吉安安福安平店,江西公司,宜春战区,江西一区,吉安办,正常营业,专卖店,加盟,街铺,24036816,517698394,,6015167517849,164827,699852789,6601162948914186244,3003688054037586149,,1,是
C01008,吉安永丰恩江南大道店,江西公司,宜春战区,江西一区,吉安办,关店,专卖店,加盟,街铺,22230200,,,6015164357849,174806,1039368645,6647764120596645902,,,1,是
C01009,吉安永阳,江西公司,赣州战区,江西一区,吉安办,正常营业,专卖店,加盟,街铺,,,,6015129827849,190540,1510368631,6715672792928421900,3002428495916994902,2025112011077000000113698723|xiniu_xgc_bgc,1,是
C01010,吉安水边,江西公司,宜春战区,江西一区,吉安办,正常营业,专卖店,加盟,街铺,,,,6015131830849,190541,1530065915,6601144298459105287,3002392133893104659,2025112011077000000113651777|xiniu_xgc_bgc,1,是
C01011,吉安巴邱,江西公司,宜春战区,江西一区,吉安办,正常营业,专卖店,加盟,街铺,,,,6015117884849,190542,1970456203,6747558406300649485,,2025112011077000000113660792|xiniu_xgc_bgc,1,是
C01012,吉安吉水文水路店,江西公司,宜春战区,江西一区,吉安办,正常营业,专卖店,加盟,街铺,,,,6015119794849,164819,1550370808,6871253523468683264,6724909492445203055,2025112011077000000113675722|xiniu_xgc_bgc,1,是
C01013,吉安禾市,江西公司,赣州战区,江西一区,吉安办,正常营业,专卖店,加盟,街铺,,,,6015129828849,190543,1784375959,,3002804085156156554,,1,是
C01015,吉安茨萍,江西公司,赣州战区,江西一区,吉安办,关店,专卖店,加盟,交通枢纽,,,,6015135713849,184863,,,,,1,是
C01016,吉安永新三湾广场店,江西公司,赣州战区,江西一区,吉安办,正常营业,专卖店,加盟,街铺,2947453,,,6015145923849,164828,1075603318,6601168011770464263,3003725584086607111,2025112011077000000113655785|xiniu_xgc_bgc,1,是
C01017,吉安城东,江西公司,赣州战区,江西一区,吉安办,正常营业,专卖店,加盟,街铺,,,,6015117092849,174805,41910924,6601150581732050958,3003874947959563580,2026030511077000000115113774|xiniu_xgc_bgc,1,是
C01018,吉安县兴华路店,江西公司,赣州战区,江西一区,吉安办,正常营业,专卖店,加盟,街铺,18122225,,17552625.0,6015129207849,184784,579590416,6601180450557790215,3002478868337041789,2025112011077000000113623805|xiniu_xgc_bgc,1,是
C01019,吉安青原大道店,江西公司,赣州战区,江西一区,吉安办,关店,专卖店,加盟,街铺,3901714,2038397856,,6015129919849,190544,41969921,,,,1,是
C01020,吉安兴桥,江西公司,赣州战区,江西一区,吉安办,正常营业,专卖店,加盟,街铺,20880405,,,6015132221849,184785,1065318947,6601144831106353159,3002800283728975152,2025112011077000000113726734|xiniu_xgc_bgc,1,是
C01021,吉安万福,江西公司,赣州战区,江西一区,吉安办,正常营业,专卖店,加盟,街铺,,,,6015130725849,190545,1006136542,6884584900633053199,,,1,是
C01022,吉安马市,江西公司,赣州战区,江西一区,吉安办,正常营业,专卖店,加盟,街铺,,,,6015119796849,174804,1870529651,6905128757888043021,,2025112011077000000113751261|xiniu_xgc_bgc,1,是
C01023,吉安塘州,江西公司,赣州战区,江西一区,吉安办,正常营业,专卖店,加盟,街铺,,,,6015145924849,190547,1851718478,6873346212792207367,3003872392915657446,,1,是
C01025,吉安固江,江西公司,赣州战区,江西一区,吉安办,正常营业,专卖店,加盟,街铺,,,,6015140203849,190548,965347613,6960649501031794721,3003677046236913765,2025112011077000000113753220|xiniu_xgc_bgc,1,是
C01026,吉安大洋州,江西公司,宜春战区,江西一区,吉安办,正常营业,专卖店,加盟,街铺,,,,6015150103849,190549,1360526240,7130824720731080704,3002063434279293604,,1,是
C01027,吉安油田店,江西公司,赣州战区,江西一区,吉安办,关店,专卖店,加盟,街铺,,,,,190550,,,,,1,是
C01028,吉安桐平,江西公司,赣州战区,江西一区,吉安办,正常营业,专卖店,加盟,街铺,,,,6015120094849,190551,665462891,6633870117107140621,3003677015497122928,2025112011077000000113727719|xiniu_xgc_bgc,1,是
C01029,吉安北源,江西公司,赣州战区,江西一区,吉安办,正常营业,专卖店,加盟,街铺,,,,6015129707849,190552,1941634234,6601146083261286404,3003677007127258470,,1,是
C01030,吉安吉水县阜田,江西公司,宜春战区,江西一区,吉安办,关店,专卖店,加盟,街铺,,,,,190553,,,,,1,是
C01031,吉安跃进路,江西公司,赣州战区,江西一区,吉安办,关店,专卖店,加盟,街铺,,,,6015119097849,169671,40678392.0,6601165435008190472,,,1,是
C01032,吉安美博商城,江西公司,赣州战区,江西一区,吉安办,正常营业,专卖店,加盟,街铺,2946738,157186551,16638026.0,6015150006849,177544,514508913,6601178818235353091,3003032432253051528,2025112011077000000113645794|xiniu_xgc_bgc,1,是
C01033,吉安长塘,江西公司,赣州战区,江西一区,吉安办,暂停营业,专卖店,加盟,街铺,,,,6015129921849,190554,529123644,6601202951186810894,,2025112011077000000113713734|xiniu_xgc_bgc,1,是
C01038,吉安吉水汽车站,江西公司,宜春战区,江西一区,吉安办,正常营业,专卖店,加盟,交通枢纽,2946731,507426915,16384080.0,6015119098849,169670,1089986424,7130824465813866534,3003657276454999724,2026031211077000000115379174|xiniu_xgc_bgc,1,是
C01039,吉安万安高陂,江西公司,赣州战区,江西一区,吉安办,关店,专卖店,加盟,街铺,,,,,190555,,,,,1,是
C01040,吉安万安万象国际店,江西公司,赣州战区,江西一区,吉安办,关店,专卖店,加盟,街铺,,,,,190556,,,,,1,是
C01041,吉安于田,江西公司,赣州战区,江西一区,吉安办,正常营业,专卖店,加盟,街铺,,,,6015118272849,190557,688465871,6601135311638497294,6724909405889747708,2025112011077000000113728702|xiniu_xgc_bgc,1,是
C01042,吉安新干金川南大道店,江西公司,宜春战区,江西一区,吉安办,关店,专卖店,加盟,街铺,,,,6015338480849,190558,,,,,1,是
C01043,吉安泰和文田,江西公司,赣州战区,江西一区,吉安办,正常营业,专卖店,加盟,街铺,2946730,301729114,16189107.0,6015167631849,177547,894400222,6601143266303805453,6724909429742903389,2026031211077000000115357176|xiniu_xgc_bgc,1,是
C01045,吉安永丰恩江农贸市场店,江西公司,宜春战区,江西一区,吉安办,正常营业,专卖店,加盟,街铺,5713993,,,6015165830849,190559,1477065095,6601161218424047620,,2025112011077000000113684777|xiniu_xgc_bgc,1,是
C01046,吉安碧溪店,江西公司,赣州战区,江西一区,吉安办,正常营业,专卖店,加盟,街铺,,,,6015145925849,190560,1760677596,,6724909544098611545,,1,是
C01047,吉安潞田店,江西公司,赣州战区,江西一区,吉安办,正常营业,专卖店,加盟,街铺,,,,6015140204849,211228,1321240024,6870878956258740224,,2025112011077000000113637801|xiniu_xgc_bgc,1,是
C01048,吉安安福安城菜市场店,江西公司,宜春战区,江西一区,吉安办,正常营业,专卖店,加盟,街铺,2946736,300594737,,6015130211849,190561,1422539884,6601160181642430472,3002802749308249288,2025112011077000000113687796|xiniu_xgc_bgc,1,是
C01049,吉安泰和经四路店,江西公司,赣州战区,江西一区,吉安办,关店,专卖店,加盟,街铺,1673274,1442618,,6015128826849,177546,633504240,6601139853868402695,6724909544097520984,,1,是
C01050,吉安青原天府花园店,江西公司,赣州战区,江西一区,吉安办,正常营业,专卖店,加盟,街铺,29695853,,,6015118273849,174803,96131411,6601149183023908871,3002502297349755994,2026030511077000000115123802|xiniu_xgc_bgc,1,是
C01051,吉安吉水商贸城店,江西公司,宜春战区,江西一区,吉安办,正常营业,专卖店,加盟,街铺,,,,6015164358849,190562,1756984500,7130824604439808015,2161899943424972456,2025112011077000000113626778|xiniu_xgc_bgc,1,是
C01052,吉安永丰大汇发店,江西公司,宜春战区,江西一区,吉安办,关店,专卖店,加盟,商超,,,,6015164359849,190563,,,,,1,是
C01053,吉安苏溪店,江西公司,赣州战区,江西一区,吉安办,关店,专卖店,加盟,街铺,,,,6015118586849,190564,1084918954,7001688420321871909,3003711670612537155,,1,是
C01055,吉安遂川泉江东路大道店,江西公司,赣州战区,江西一区,吉安办,正常营业,专卖店,加盟,街铺,14225507,170363346,16256698.0,6015120095849,164823,1164785911,6652963330271086603,,2026031211077000000115246313|xiniu_xgc_bgc,1,是
C01056,吉安遂川泉江友谊广场店,江西公司,赣州战区,江西一区,吉安办,正常营业,专卖店,加盟,街铺,2946734,,,6015150008849,190565,1036397236,6614290321738041352,3002132306242512371,2025112011077000000113718741|xiniu_xgc_bgc,1,是
C01058,吉安吉水城南店,江西公司,宜春战区,江西一区,吉安办,正常营业,专卖店,加盟,街铺,16787170,540988292,16256731.0,6015118274849,177545,1514233472,6601146772431570948,3003657313311561733,2025112011077000000113701756|xiniu_xgc_bgc,1,是
C01059,吉安县东方红店,江西公司,赣州战区,江西一区,吉安办,关店,专卖店,加盟,街铺,9798866,157186467,,,187937,,,,,1,是
C01060,吉安窑头店,江西公司,赣州战区,江西一区,吉安办,关店,专卖店,加盟,街铺,,,,6015150104849,190566,512792492,6900302045144680463,3002281013872501077,,1,是
C01061,吉安阳明花园店,江西公司,赣州战区,江西一区,吉安办,正常营业,专卖店,加盟,街铺,,,,6015143300849,202588,1296974989,6601178036408682510,6724909544122245967,2025112011077000000113682781|xiniu_xgc_bgc,1,是
C01062,吉安阳明华润万家店,江西公司,赣州战区,江西一区,吉安办,关店,专卖店,加盟,街铺,3432146,335756344,,6015119992849,221947,162888140,,3003142952391978432,,1,是
C01063,赣州青年路,江西公司,赣州战区,江西一区,赣州办,暂停营业,专卖店,加盟,街铺,,,,6015166211849,175221,954348,6601200426521987076,,,1,是
C01065,赣州东门,江西公司,赣州战区,江西一区,赣州办,正常营业,专卖店,加盟,街铺,3026439,507079575,,6015165433849,174830,40919537,6601176259311454216,,,1,是
C01066,赣州厚德路,江西公司,赣州战区,江西一区,赣州办,正常营业,专卖店,加盟,街铺,3026438,305144990,15968014.0,6015166023849,174833,40191385,6601143525650204685,6724909503315978522,2026031211077000000115390147|xiniu_xgc_bgc,1,是
C01067,赣州三康庙,江西公司,赣州战区,江西一区,赣州办,暂停营业,专卖店,加盟,街铺,,,,6015167512849,164808,40907953,6601177426804344846,3002805316121236094,,1,是
C01068,赣州卫府里,江西公司,赣州战区,江西一区,赣州办,关店,专卖店,加盟,街铺,15319317,1126059134,,6015166024849,174844,,6601146988887017475,,,1,是
C01069,赣州南康宝林路店,江西公司,赣州战区,江西一区,赣州办,关店,专卖店,加盟,街铺,13067124,,,6015119093849,174840,,7084845968486565923,,,1,是
C01070,赣州赣县梅林街店,江西公司,赣州战区,江西一区,赣州办,关店,专卖店,加盟,街铺,20046189,513990187.0,,6015118697849,174831,,6601192364507662349,,,1,是
C01071,赣州赣县赣新大道店,江西公司,赣州战区,江西一区,赣州办,关店,专卖店,加盟,街铺,,,,6015118698849,174832,,6601190788946724877,,,1,是
C01072,赣州兴国,江西公司,赣州战区,江西一区,赣州办,正常营业,专卖店,加盟,街铺,16445271,1112408770,16384024.0,6015119786849,185795,1893097037,6601170731533338632,6724909520446450087,,1,是
C01073,赣州信丰,江西公司,赣州战区,江西一区,赣州办,正常营业,专卖店,加盟,街铺,5879886,2042864264,16638049.0,6015130207849,174846,184192722,6601138881645529092,,2026031211077000000115267255|xiniu_xgc_bgc,1,是
C01075,赣州定南,江西公司,赣州战区,江西一区,赣州办,正常营业,专卖店,加盟,街铺,14082776,506139281,,6015166212849,174829,,6601179522589001732,,,1,是
C01076,赣州于都,江西公司,赣州战区,江西一区,赣州办,正常营业,专卖店,加盟,街铺,,,,6015167627849,174848,,6601158215239469069,,,1,是
C01077,赣州瑞金八一北路店,江西公司,赣州战区,江西一区,赣州办,正常营业,专卖店,加盟,街铺,1677882,525654,,6015165824849,164810,2157148,6601142194264868871,6724909544116412390,,1,是
C01078,赣州石城,江西公司,赣州战区,江西一区,赣州办,正常营业,专卖店,加盟,街铺,3556519,156949146,,6015168038849,174843,40137943,6601152781698992142,,2026031211077000000115263256|xiniu_xgc_bgc,1,是
C01079,赣州瑞金宝钢小学店,江西公司,赣州战区,江西一区,赣州办,正常营业,专卖店,加盟,街铺,26837005,526700302,,6015118781849,190567,1421208454,7123485090180499496,3003182430906159428,,1,是
C01080,赣州崇义,江西公司,赣州战区,江西一区,赣州办,关店,专卖店,加盟,街铺,13555705,,,6015167230849,190568,,6601174806706554884,,,1,是
C01081,赣州宁都解放东路店,江西公司,赣州战区,江西一区,赣州办,正常营业,专卖店,加盟,街铺,19719666,301740568,,6015166135849,180920,,6601124845780469767,3002413906975728037,2026031211077000000115352158|xiniu_xgc_bgc,1,是
C01082,龙岩长汀专卖店,江西公司,厦门战区,福建省区,闽南办,关店,专卖店,加盟,街铺,9047625,337662372,,,328904,,,,,1,是
C01083,赣州会昌,江西公司,赣州战区,江西一区,赣州办,正常营业,专卖店,加盟,街铺,1254023,1176331,17552630.0,6017210687849,174837,676623287,7311616139174348815,3004722114372146442,2026031211077000000115285267|xiniu_xgc_bgc,1,是
C01085,赣州大余新城店,江西公司,赣州战区,江西一区,赣州办,关店,专卖店,加盟,街铺,,,,6015165712849,,,,,,1,是
C01086,赣州铁路,江西公司,赣州战区,江西一区,赣州办,关店,专卖店,加盟,街铺,170307194,170307194,,,190570,,,,,1,是
C01087,赣州瑞安家园店,江西公司,赣州战区,江西一区,赣州办,关店,专卖店,加盟,街铺,13899975,305105085,,6015167832849,177483,,,,,1,是
C01088,赣州大余,江西公司,赣州战区,江西一区,赣州办,正常营业,专卖店,加盟,街铺,5311764,167691384,,6015165238849,174792,2708361,6601144710163597316,6724909275270795820,2026031211077000000115282228|xiniu_xgc_bgc,1,是
C01089,赣州于都长征大道店,江西公司,赣州战区,江西一区,赣州办,关店,专卖店,加盟,街铺,,,,,174849,,,,,1,是
C01090,赣州龙岭步步高店,江西公司,赣州战区,江西一区,赣州办,关店,专卖店,加盟,街铺,,,,6015117088849,323238,,7149865802483796008,,,1,是
C01091,赣州黄金,江西公司,赣州战区,江西一区,赣州办,正常营业,专卖店,加盟,街铺,2353690,501891288,,6015130826849,174836,41610692,6601145168592635918,3001976183193604988,2026031211077000000115254250|xiniu_xgc_bgc,1,是
C01092,赣州潭口,江西公司,赣州战区,江西一区,赣州办,关店,专卖店,加盟,街铺,13899983,,15968038.0,6015130722849,190571,1271905005,6601196221069543428,,2025112011077000000113722686|xiniu_xgc_bgc,1,是
C01093,赣州寻乌,江西公司,赣州战区,江西一区,赣州办,正常营业,专卖店,加盟,街铺,1126687,836599,,6015119094849,174826,184854393,6601163592945387533,,,1,是
C01095,赣州安远,江西公司,赣州战区,江西一区,赣州办,正常营业,专卖店,加盟,街铺,1816501,1455706,16189128.0,6015166214849,174828,42657402,6601154500180838413,,2026031211077000000115384159|xiniu_xgc_bgc,1,是
C01096,赣州湖边,江西公司,赣州战区,江西一区,赣州办,关店,专卖店,加盟,街铺,18625971,,,6015129913849,174834,828291767,,,,1,是
C01097,赣州西江,江西公司,赣州战区,江西一区,赣州办,正常营业,专卖店,加盟,街铺,,,,6015167232849,190572,,6601137021060646916,6724909385985874692,2026030511077000000115236824|xiniu_xgc_bgc,1,是
C01098,赣州寻乌皇冠名苑店,江西公司,赣州战区,江西一区,赣州办,关店,专卖店,加盟,街铺,15803820,1108595029.0,,6015990599849,190573,,6747987622410356740,,,1,是
C01099,赣州沙河,江西公司,赣州战区,江西一区,赣州办,正常营业,专卖店,加盟,街铺,1850898,500835184,16638050.0,6015118581849,174811,1850898,6601168025737496589,,2026031211077000000115341193|xiniu_xgc_bgc,1,是
C01100,赣州信丰同益市场店,江西公司,赣州战区,江西一区,赣州办,关店,专卖店,加盟,街铺,18535852,173437982,16638030.0,6015166136849,190574,,7256669767916849189,,,1,是
C01101,赣州梅州,江西公司,赣州战区,江西一区,赣州办,关店,渠道店,加盟,特殊渠道,,,,,,,,,,1,是
C01102,赣州南康唐江镇,江西公司,赣州战区,江西一区,赣州办,关店,专卖店,加盟,街铺,20682739,514916508,16189127.0,6015119788849,190575,1662508405,6601186621993781262,,,1,是
C01103,赣州寻乌南桥镇,江西公司,赣州战区,江西一区,赣州办,关店,专卖店,加盟,街铺,,,,6015166137849,190576,,,,,1,是
C01106,赣州澄江,江西公司,赣州战区,江西一区,赣州办,关店,专卖店,加盟,街铺,,,,6015167233849,190577,,6633868033691486211,,,1,是
C01110,赣州瑞金双清街店,江西公司,赣州战区,江西一区,赣州办,正常营业,专卖店,加盟,街铺,,,,6015164354849,190579,,6601155521967818766,3003827478223791355,,1,是
C01111,赣州于都育英大道店,江西公司,赣州战区,江西一区,赣州办,正常营业,专卖店,加盟,街铺,,,,6015167834849,174850,,6601165989088331784,,,1,是
C01112,赣州南塘镇店,江西公司,赣州战区,江西一区,赣州办,正常营业,专卖店,加盟,街铺,27374281,,,6015167514849,190580,,6647662837470644232,,2026030511077000000115179804|xiniu_xgc_bgc,1,是
C01113,赣州于都楂林工业园店,江西公司,赣州战区,江西一区,赣州办,关店,专卖店,加盟,特殊渠道,,,,6015166025849,190581,,6740518166868281348,,,1,是
C01115,赣州南康南水店,江西公司,赣州战区,江西一区,赣州办,关店,专卖店,加盟,街铺,6324410,301811178,,,190582,802036281,,,,1,是
C01116,赣州沙石店,江西公司,赣州战区,江西一区,赣州办,关店,专卖店,加盟,街铺,,,,6015132217849,190583,,6601136801644021763,,,1,是
C01120,赣州黄屋坪店,江西公司,赣州战区,江西一区,赣州办,关店,专卖店,加盟,街铺,772812,892332,,6015131001849,174787,40719082,,,,1,是
C01121,赣州南康河边街店,江西公司,赣州战区,江西一区,赣州办,正常营业,专卖店,加盟,街铺,1376286,157715649,,6015118582849,174841,107733869,,,,1,是
C01122,赣州南康中学店,江西公司,赣州战区,江西一区,赣州办,正常营业,专卖店,加盟,街铺,2634339,153889920,16189131.0,6015146320849,174842,116236654,6601183319382034435,6724909392197521392,2026031211077000000115263236|xiniu_xgc_bgc,1,是
C01125,赣州龙南宏昌店,江西公司,赣州战区,江西一区,赣州办,正常营业,专卖店,加盟,街铺,1620832,1136871,,6015119789849,174793,95775241,6601185917744990222,6724909544061051857,,1,是
C01126,赣州城市家园店,江西公司,赣州战区,江西一区,赣州办,关店,专卖店,加盟,街铺,7612651,507084303,,6015135708849,174827,1828735258,7143527482087213093,,,1,是
C01127,赣州于都银坑店,江西公司,赣州战区,江西一区,赣州办,关店,专卖店,加盟,街铺,,,,6015132218849,190585,,6601137633554860045,,,1,是
C01128,赣州宁都新城店,江西公司,赣州战区,江西一区,赣州办,正常营业,专卖店,加盟,街铺,19440713,1178387293,16638023.0,6015166139849,177484,157779159,6601155832551835651,,2026031211077000000115254227|xiniu_xgc_bgc,1,是
C01129,赣州于都马子口市场店,江西公司,赣州战区,江西一区,赣州办,正常营业,专卖店,加盟,街铺,6153944,,,6015166140849,185793,,,,,1,是
C01132,赣州杨坑店,江西公司,赣州战区,江西一区,赣州办,关店,专卖店,加盟,,3954411,,,,,164616356,,,,1,是
C01133,景德镇浮梁南苑广场店,江西公司,九江战区,江西二区,景德镇办,关店,专卖店,加盟,街铺,13972917,,,6015165393849,164711,,7031398611334203392,,,1,是
C01136,景德镇新桥店,江西公司,九江战区,江西二区,景德镇办,关店,专卖店,加盟,街铺,10211334,2058110376,,6015129223849,176491,,,,,1,是
C01138,景德镇乐平市新平路店,江西公司,抚州战区,江西二区,景德镇办,正常营业,专卖店,加盟,街铺,21604548,,16638057.0,6015118769849,176485,859690701,6601160299179427843,6724909544059261588,2026030511077000000115209814|xiniu_xgc_bgc,1,是
C01139,上饶德兴上海路店,江西公司,抚州战区,江西二区,景德镇办,正常营业,专卖店,加盟,街铺,1277982,173066420,16638027.0,6015167306849,164714,1675401486,6601145342110992391,6724909460501061715,2026031211077000000115238347|xiniu_xgc_bgc,1,是
C01140,上饶德兴铜矿店,江西公司,抚州战区,江西二区,景德镇办,正常营业,专卖店,加盟,街铺,,,,6015118687849,190586,,,,,1,是
C01141,景德镇婺源派拉蒙超市店,江西公司,抚州战区,江西二区,景德镇办,关店,专卖店,加盟,街铺,,,,6015119774849,176495,,,,,1,是
C01142,景德镇鄱阳建设路店,江西公司,九江战区,江西二区,景德镇办,关店,专卖店,加盟,街铺,1037542,,,6015167792849,164707.0,,7218756235997218855,6724909238428825277,,1,是
C01143,上饶鄱阳油墩街店,江西公司,九江战区,江西二区,景德镇办,正常营业,专卖店,加盟,街铺,,,,6015166397849,190587,,6642654124460591118,3002608257920180545,,1,是
C01145,上饶余干阳水沟路店,江西公司,南昌二战区,江西二区,景德镇办,正常营业,专卖店,加盟,街铺,,,,6015165185849,176478,1704421909,6601149954255751176,,2025112011077000000113677738|xiniu_xgc_bgc,1,是
C01146,上饶余干迎宾大道店,江西公司,南昌二战区,江西二区,景德镇办,正常营业,专卖店,加盟,街铺,,,,6015120082849,164712,946720184,7045105505257130025,,2026030511077000000115183834|xiniu_xgc_bgc,1,是
C01147,上饶余干瑞洪店,江西公司,南昌二战区,江西二区,景德镇办,正常营业,专卖店,加盟,街铺,,,,6015118863849,190588,1285381932,7338022747370424339,,2025112011077000000113698720|xiniu_xgc_bgc,1,是
C01148,上饶余干黄金埠店,江西公司,南昌二战区,江西二区,景德镇办,正常营业,专卖店,加盟,街铺,14099019,165739381.0,,6015164785849,190589,818797297,6601141188537878532,,2025112011077000000113679735|xiniu_xgc_bgc,1,是
C01149,景德镇万年六零中路,江西公司,抚州战区,江西二区,景德镇办,关店,专卖店,加盟,街铺,,,,6015415629849,164713,1434961847,6899299382781282317,,,1,是
C01150,黄山祁门店,江西公司,抚州战区,江西二区,景德镇办,正常营业,专卖店,加盟,街铺,3539504,,,6015415631849,321315,849480733,6838468464768731150,,2025112011077000000113750263|xiniu_xgc_bgc,1,是
C01151,上饶鄱阳莲湖店,江西公司,九江战区,江西二区,景德镇办,正常营业,专卖店,加盟,街铺,,,,6015164324849,190590,,6601211373999360014,6724909544094944219,,1,是
C01152,上饶鄱阳东湖大道店,江西公司,九江战区,江西二区,景德镇办,正常营业,专卖店,加盟,街铺,1073274,1152378,,6015165202849,164706,1140411303,6601149436867381251,,2025112011077000000113745618|xiniu_xgc_bgc,1,是
C01153,上饶鄱阳田畈街店,江西公司,九江战区,江西二区,景德镇办,正常营业,专卖店,加盟,街铺,26066093,,,6015118770849,190591,1920627228,6601142920907065351,6724909454201476064,2026030511077000000115177808|xiniu_xgc_bgc,1,是
C01156,景德镇鄱阳珠湖,江西公司,九江战区,江西二区,景德镇办,关店,专卖店,加盟,街铺,,,,,190592,,6601137952598788109,,,1,是
C01157,上饶鄱阳高家岭店,江西公司,九江战区,江西二区,景德镇办,正常营业,专卖店,加盟,街铺,,,,6015166787849,190593,,6758530680981866507,4003276978685911891,,1,是
C01158,上饶鄱阳四十里街店,江西公司,九江战区,江西二区,景德镇办,正常营业,专卖店,加盟,街铺,,,,6015128833849,190594,,6758309921500039181,,,1,是
C01159,景德镇乐平迎宾,江西公司,抚州战区,江西二区,景德镇办,正常营业,专卖店,加盟,街铺,1501228,506610547,16638084.0,6015119775849,176484,1436141210,6601173119602264068,4003230673814561777,2026031211077000000115365159|xiniu_xgc_bgc,1,是
C01160,上饶鄱阳谢家滩店,江西公司,九江战区,江西二区,景德镇办,正常营业,专卖店,加盟,街铺,,,,,190595,,,,,1,是
C01161,上饶鄱阳饶埠店,江西公司,九江战区,江西二区,景德镇办,正常营业,专卖店,加盟,街铺,,,,,190596,,,,,1,是
C01162,上饶婺源婺码超市店,江西公司,抚州战区,江西二区,景德镇办,正常营业,专卖店,加盟,街铺,3901703,1925046,,6016782851849,176493,,6601158580248774664,,,1,是
C01163,景德镇南门头,江西公司,九江战区,江西二区,景德镇办,关店,专柜店,加盟,街铺,9798868,500905285,,,164708,9798868,,,,1,是
C01165,上饶鄱阳双港店,江西公司,九江战区,江西二区,景德镇办,正常营业,专卖店,加盟,街铺,,,,6015165406849,192180,,,,,1,是
C01166,上饶鄱阳石门街店,江西公司,九江战区,江西二区,景德镇办,正常营业,专卖店,加盟,街铺,,,,,,,,,,1,是
C01167,景德镇海慧,江西公司,九江战区,江西二区,景德镇办,正常营业,专卖店,加盟,街铺,3026437,1925044,17279855.0,6015167014849,176492,631511620,6601150252441405454,3002548206605741460,2025112011077000000113622813|xiniu_xgc_bgc,1,是
C01168,上饶万年建明路店,江西公司,抚州战区,江西二区,景德镇办,正常营业,专卖店,加盟,街铺,,,,6015414489849,176481,860093272,6601157712921233421,,,1,是
C01169,景德镇婺源佳百乐超市店,江西公司,抚州战区,江西二区,景德镇办,关店,专卖店,加盟,街铺,,,,6015119776849,176494,,7165832922467928098,3003748170799683982,,1,是
C01170,鄱阳湖城绿洲店,江西公司,九江战区,江西二区,景德镇办,关店,专卖店,加盟,街铺,,,,6015167793849,176489,631346750,7048137428477708318,,,1,是
C01171,景德镇古北,江西公司,九江战区,江西二区,景德镇办,关店,专卖店,加盟,街铺,,,,6015164496849,190597,,,,,1,是
C01172,上饶德兴银城中路店,江西公司,抚州战区,江西二区,景德镇办,正常营业,专卖店,加盟,街铺,,,,6015115394849,176483,,,6724909449984640529,,1,是
C01173,景德镇浙江路,江西公司,九江战区,江西二区,景德镇办,正常营业,专卖店,加盟,街铺,3901798,144493301,,6015130812849,176486,1587719729,6601138617920260103,4003071073380508012,2025112011077000000113700722|xiniu_xgc_bgc,1,是
C01175,景德镇香屯,江西公司,抚州战区,江西二区,景德镇办,关店,专卖店,加盟,街铺,,,,6015168004849,192181,,,,,1,是
C01176,上饶余干三塘店,江西公司,南昌二战区,江西二区,景德镇办,正常营业,专卖店,加盟,街铺,,,,6015165595849,190598,1518428365,6863235446302951437,,2025112011077000000113661769|xiniu_xgc_bgc,1,是
C01177,上饶余干创业路店,江西公司,南昌二战区,江西二区,景德镇办,正常营业,专卖店,加盟,街铺,,,,6015166789849,176479,1149939169,6601188936733689859,,,1,是
C01178,景德镇鄱阳城北,江西公司,九江战区,江西二区,景德镇办,关店,专卖店,加盟,街铺,,,,,164705,,,,,1,是
C01179,景德镇侯岗,江西公司,九江战区,江西二区,景德镇办,关店,专卖店,加盟,街铺,,,,,190599,,6872735935054825472,,,1,是
C01180,上饶余干禾槲岭店,江西公司,南昌二战区,江西二区,景德镇办,正常营业,专卖店,加盟,街铺,,,,,190600,1973926395,7179182216802240573,,,1,是
C01181,上饶鄱阳柘港店,江西公司,九江战区,江西二区,景德镇办,正常营业,专卖店,加盟,街铺,,,,6015164678849,190601,,6649767919175747591,,,1,是
C01182,上饶鄱阳珠湖铺田店,江西公司,九江战区,江西二区,景德镇办,正常营业,专卖店,加盟,街铺,,,,6015165203849,192182,,6682679474401724424,6724909437083836894,,1,是
C01185,景德镇余干干越大道店,江西公司,南昌二战区,江西二区,景德镇办,关店,专卖店,加盟,街铺,,,,6015165395849,190603,,6601153198113687566,,,1,是
C01186,景德镇凰岗,江西公司,九江战区,江西二区,景德镇办,关店,专卖店,加盟,街铺,,,,6015165597849,190604,,6912552216066787328,,,1,是
C01188,景德镇鄱阳五一北路店,江西公司,九江战区,江西二区,景德镇办,关店,专卖店,加盟,街铺,,,,6015166108849,176487,,6601181477696702477,,,1,是
C01189,上饶余干古埠店,江西公司,南昌二战区,江西二区,景德镇办,正常营业,专卖店,加盟,街铺,,,,6015166109849,310708,547633133,7148445892180527112,,,1,是
C01190,景德镇浮梁,江西公司,九江战区,江西二区,景德镇办,正常营业,专卖店,加盟,街铺,3213049,1925039,,6015166110849,176490,86126147,6601142549795047437,6724909457449085353,,1,是
C01191,上饶余干石口店,江西公司,南昌二战区,江西二区,景德镇办,正常营业,专卖店,加盟,街铺,,,,6015119777849,190605,646754804,6601148769075480580,,,1,是
C01192,上饶余干康山店,江西公司,南昌二战区,江西二区,景德镇办,正常营业,专卖店,加盟,街铺,,,,,190606,1751983795,7159490321921869864,,2025112011077000000113672748|xiniu_xgc_bgc,1,是
C01193,上饶余干杨埠店,江西公司,南昌二战区,江西二区,景德镇办,正常营业,专卖店,加盟,街铺,,,,6015131818849,192183,1025464969,6865788941732186127,,2025112011077000000113719698|xiniu_xgc_bgc,1,是
C01195,景德镇梅港店,江西公司,南昌二战区,江西二区,景德镇办,关店,专卖店,加盟,街铺,,,,,192184,,6601137984441944072,,,1,是
C01196,上饶鄱阳莲湖四望湖店,江西公司,九江战区,江西二区,景德镇办,正常营业,专卖店,加盟,街铺,,,,6015116181849,,,,,,1,是
C01197,上饶余干社庚店,江西公司,南昌二战区,江西二区,景德镇办,正常营业,专卖店,加盟,街铺,,,,6015338929849,192185,810793201,7149308194655832094,,,1,是
C01199,上饶万年明珠路店,江西公司,抚州战区,江西二区,景德镇办,正常营业,专卖店,加盟,街铺,26126445,,,6015415630849,176482,1417313299,6633911579345684487,3002804275947938228,2025112011077000000113756230|xiniu_xgc_bgc,1,是
C01206,景德镇婺源高铁店,江西公司,抚州战区,江西二区,景德镇办,关店,专卖店,加盟,高势能,,,,,170038,,,,,1,是
C01207,景德镇响水滩新店,江西公司,九江战区,江西二区,景德镇办,关店,专卖店,加盟,街铺,,,,,190608,,6658413157465262091,,,1,是
C01208,上饶余干江埠店,江西公司,南昌二战区,江西二区,景德镇办,正常营业,专卖店,加盟,街铺,,,,6015150118849,190607,1730545048,6601216662261729294,,2025112011077000000113671763|xiniu_xgc_bgc,1,是
C01209,景德镇华达古镇店,江西公司,九江战区,江西二区,景德镇办,关店,专柜店,加盟,商超,7225414,,,6015167016849,190609,,,,,1,是
C01210,景德镇华达新厂店,江西公司,九江战区,江西二区,景德镇办,关店,专柜店,加盟,商超,7225412,,,6015166790849,190610,,,,,1,是
C01212,景德镇乐平东门店,江西公司,抚州战区,江西二区,景德镇办,关店,专卖店,加盟,街铺,3901254,159737397,16638149.0,6015165840849,204377,164652569,6601151601241491460,3003872391836770804,,1,是
C01213,景德镇华达宝润店,江西公司,九江战区,江西二区,景德镇办,关店,专柜店,加盟,街铺,7225415,,,,204375,,,,,1,是
C01216,上饶余干德胜大道店,江西公司,南昌二战区,江西二区,景德镇办,正常营业,专卖店,加盟,街铺,17943928,1157805849,17633468.0,6015168005849,600512,1155993177,6601181017719965700,,2025112011077000000113747598|xiniu_xgc_bgc,1,是
C01217,景德镇日新太白园店,江西公司,九江战区,江西二区,景德镇办,关店,专柜店,加盟,商超,,,,,221949,,,,,1,是
C01218,景德镇乐平北门店,江西公司,抚州战区,江西二区,景德镇办,正常营业,专卖店,加盟,街铺,,,,6015130813849,211283,1126308787,6601150920849885197,6724909324898864122,,1,是
C01222,萍乡南正街店,江西公司,宜春战区,江西二区,宜春办,正常营业,专卖店,加盟,街铺,18625813,510264412.0,,6015119578849,164735,,6601149522380851204,6724909544112650987,,1,是
C01223,萍乡北桥,江西公司,宜春战区,江西二区,宜春办,正常营业,专卖店,加盟,街铺,15018425,,,6015166042849,164730,,6601192871603210254,4003054810150377225,,1,是
C01225,萍乡萍矿区,江西公司,宜春战区,江西二区,宜春办,正常营业,专卖店,加盟,街铺,14937847,,,6015130206849,164732,,6601148083491309582,3002804223899439500,,1,是
C01226,萍乡西门,江西公司,宜春战区,江西二区,宜春办,正常营业,专卖店,加盟,街铺,,,,6015165703849,177549,,6601141804312037379,3002804223898430832,,1,是
C01227,萍乡芦溪人民路店,江西公司,宜春战区,江西二区,宜春办,正常营业,专卖店,加盟,街铺,,,,6015167223849,192188,829311748,6951534553592760355,3002804223905109336,,1,是
C01228,萍乡安源,江西公司,宜春战区,江西二区,宜春办,正常营业,专卖店,加盟,街铺,,,,6015165226849,190612,,6955963206921619494,3003711867033297564,,1,是
C01229,萍乡湘东,江西公司,宜春战区,江西二区,宜春办,正常营业,专卖店,加盟,街铺,14169806,,16384062.0,6015115397849,164745,1783017084,6601152352659441668,3003895155418929325,2026030511077000000115121803|xiniu_xgc_bgc,1,是
C01230,萍乡泉湖垅,江西公司,宜春战区,江西二区,宜春办,正常营业,专卖店,加盟,街铺,,,,6015164699849,192189,527695055,6633868978127112206,3003867181091497341,2025111911077000000113654637|xiniu_xgc_bgc,1,是
C01231,萍乡上栗,江西公司,宜春战区,江西二区,宜春办,正常营业,专卖店,加盟,街铺,2750907,168183024,,6015167324849,84600,,6763801021450946572,3003748174341415009,,1,是
C01232,萍乡莲花,江西公司,宜春战区,江西二区,宜春办,正常营业,专卖店,加盟,街铺,,,,6015167822849,164736,,6601149381880072200,4003168423783507126,,1,是
C01233,萍乡金陵,江西公司,宜春战区,江西二区,宜春办,正常营业,专卖店,加盟,街铺,,,,6015167823849,190691,,6601145985307527175,6724909544074004664,,1,是
C01235,萍乡桐木,江西公司,宜春战区,江西二区,宜春办,正常营业,专卖店,加盟,街铺,518185075,518185075,,6015145941849,190692,,6697757867220420620,,,1,是
C01236,萍乡攸县,江西公司,宜春战区,江西二区,宜春办,关店,专卖店,加盟,街铺,,,,6015118577849,177551,,6694854074099189774,,,1,是
C01237,萍乡高坑,江西公司,宜春战区,江西二区,宜春办,正常营业,专卖店,加盟,街铺,,,,6015167612849,190693,,6668537428128565252,3003949283002000664,,1,是
C01238,萍乡湘东下埠,江西公司,宜春战区,江西二区,宜春办,正常营业,专卖店,加盟,街铺,,,,6015120086849,192191,1130232325,6601209466446678024,,,1,是
C01239,萍乡上埠,江西公司,宜春战区,江西二区,宜春办,正常营业,专卖店,加盟,街铺,,,,6015167401849,192190,,6601268626303485960,6724909444448783718,,1,是
C01240,萍乡城南,江西公司,宜春战区,江西二区,宜春办,正常营业,专卖店,加盟,街铺,,,,6015166126849,164734,,6601159290000508941,3002017802426847236,,1,是
C01241,萍乡光丰,江西公司,宜春战区,江西二区,宜春办,正常营业,专卖店,加盟,街铺,,,,6015167326849,190694,,6601276585301510151,,,1,是
C01242,萍乡福田,江西公司,宜春战区,江西二区,宜春办,正常营业,专卖店,加盟,街铺,,,,6015135701849,190695,,6601255981626165262,6724909544099272031,,1,是
C01243,萍乡南坑大丰店,江西公司,宜春战区,江西二区,宜春办,正常营业,专卖店,加盟,街铺,,,,6015118776849,190613,,6901042901002749967,4003176816270579567,,1,是
C01248,萍乡洪城,江西公司,宜春战区,江西二区,宜春办,正常营业,专卖店,加盟,街铺,2989654,171350537,16384069.0,6015164340849,177550,1618928073,6601165769738815496,3002136853332370230,2025111911077000000113621725|xiniu_xgc_bgc,1,是
C01250,萍乡博昌店,江西公司,宜春战区,江西二区,宜春办,关店,专卖店,加盟,街铺,3901713,,,6015167327849,177553,,,,,1,是
C01252,萍乡硖石店,江西公司,宜春战区,江西二区,宜春办,正常营业,专卖店,加盟,街铺,,,,6015130819849,201629,,6601141209865914381,6724909544136107026,,1,是
C01256,上海火车站,浙江公司,上海战区,上海省区,上海一办,关店,专卖店,加盟,高势能,10220000,,,,,,,,,1,是
C01265,长沙奥克斯广场店,江西公司,长沙战区,湖南省区,长沙办,关店,专柜店,加盟,街铺,,,,,,,,,,1,是
C01270,长沙时代广场店,江西公司,长沙战区,湖南省区,长沙办,关店,专柜店,加盟,综合体,6120637,168183019,,6015165391849,275469,185449452,6633941103873624078,6724909450748320373,,1,是
C01271,直属长沙火车站高铁店,江西公司,长沙战区,湖南省区,长沙办,关店,专卖店,直营,高势能,,,,,,,,,,1,是
C01301,杭州千岛湖新安南路店,浙江公司,杭州战区,浙江省区,杭州办,正常营业,专卖店,加盟,街铺,4851073,156061138,15967989.0,6013955336849,601057,4068111,6601159779278653444,3002369954404085148,2026031411077000000115343416|xiniu_xgc_bgc,1,是
C01303,杭州城站店,浙江公司,杭州战区,浙江省区,杭州办,关店,专卖店,加盟,高势能,,,,,,,,,,1,否
C01306,杭州宁波环城北路店,浙江公司,杭州战区,浙江省区,宁波办,关店,专卖店,加盟,街铺,739909,1992131,,6013954050849,164888,6600344,,3003003920710935204,,1,是
C01318,杭州浙江义乌高铁店,浙江公司,杭州战区,浙江省区,金衢办,关店,专卖店,加盟,高势能,,,,,,,,,,1,是
C01360,杭州宁波高铁店,浙江公司,杭州战区,浙江省区,宁波办,关店,专卖店,加盟,高势能,,,,,,,,,,1,是
C01362,江苏扬州三盛广场店,浙江公司,苏州战区,江苏省区,南京办,关店,专卖店,加盟,街铺,,,,,,,,,,1,是
C01366,直属江苏无锡火车站,浙江公司,苏州战区,江苏省区,苏州办,关店,专卖店,直营,高势能,,,,6013970573849,,,,,,1,否
C01367,绍兴新昌鼓山西路店,浙江公司,杭州战区,浙江省区,杭州办,关店,专卖店,加盟,街铺,6801778,170869983,,6013953842849,164892,193675371,6715648500878690307,,,1,是
C01370,义乌永康望春路店,浙江公司,杭州战区,浙江省区,金衢办,关店,专卖店,加盟,街铺,8586451,,,6013953087849,164893,5335064,6601168923192723469,6724909339146636322,,1,是
C01373,西安市场闫良一店,陕西公司,西安战区,陕西省区,西安办,正常营业,专卖店,加盟,街铺,4653665,150853014,16638069.0,6013996834849,179766,,6601164064737462275,,2026031311077000000115374373|xiniu_xgc_bgc,1,是
C01375,陕西西安楼阁台店,陕西公司,西安战区,陕西省区,西安办,正常营业,经销,加盟,街铺,,,,6013998610849,179769,,6601172496722954244,,,1,是
C01376,西安市场郭杜,陕西公司,西安战区,陕西省区,西安办,关店,专卖店,加盟,街铺,,,,6013998609849,179770,,,,,1,否
C01378,西安市场大林,陕西公司,西安战区,陕西省区,西安办,关店,专卖店,加盟,街铺,,,,,,,,,,1,是
C01382,西安市场城固店,陕西公司,西安战区,陕西省区,陕西外阜办,关店,专卖店,加盟,街铺,4653569,,,6013998529849,182255,173200151,6792716664879220747,,,1,否
C01386,西安市场城固二店,陕西公司,西安战区,陕西省区,陕西外阜办,关店,专卖店,加盟,街铺,1484558,1013897,,6013998415849,179768,85344298,6601141593783142414,,,1,是
C01387,西安市场城固三店,陕西公司,西安战区,陕西省区,陕西外阜办,关店,专卖店,加盟,街铺,4653219,,,6013996835849,229265,41964340,6873435621638129671,,,1,是
C01390,西安市场户县店,陕西公司,西安战区,陕西省区,西安办,关店,专卖店,加盟,街铺,,,,6013996248849,180955,,,,,1,否
C01399,西安市场西乡店,陕西公司,西安战区,陕西省区,陕西外阜办,正常营业,专卖店,加盟,街铺,1485822,500823869,16914070.0,6013996914849,179767,65764657,6601138926226769933,,2026031311077000000115362402|xiniu_xgc_bgc,1,是
C01400,西安市场镇巴一店,陕西公司,西安战区,陕西省区,陕西外阜办,关店,专卖店,加盟,街铺,3742813,,,6013998139849,181631,83231753,6601180235176085517,,,1,是
C01402,西安市场机场一店,陕西公司,西安战区,陕西省区,陕西外阜办,关店,专卖店,加盟,高势能,,,,,,,,,,1,否
C01403,西安高陵长庆路店,陕西公司,西安战区,陕西省区,西安办,正常营业,专卖店,加盟,街铺,2449985,174059262,16914077.0,6013998309849,180953,152691189,6601202544528066564,,2026031311077000000115247421|xiniu_xgc_bgc,1,是
C01407,西安市场汉中商业学院店,陕西公司,西安战区,陕西省区,陕西外阜办,关店,专卖店,加盟,街铺,5142020,163033675,,6013998416849,179764,179600266,6601147618762442766,,,1,是
C01408,西安市场文林路店,陕西公司,西安战区,陕西省区,陕西外阜办,关店,专卖店,加盟,街铺,,,,6013997634849,180954,151073032,6601138573586466819,,,1,是
C01413,直属西安市场城东客运站,陕西公司,西安战区,陕西省区,西安办,正常营业,专卖店,直营,交通枢纽,2675962,155121019,22798434.0,6014127673849,185142,150310754,7037327474656577573,,,1,是
C01416,西安市场运城高铁店,陕西公司,西安战区,山西办,山西办,关店,专卖店,加盟,高势能,,,,,,,,,,1,是
C01418,直属西安市场西门人人乐店,陕西公司,西安战区,陕西省区,西安办,关店,专卖店,直营,,,,,6015284727849,,,,,,1,是
C01419,西安市场西乡金牛南路店,陕西公司,西安战区,陕西省区,陕西外阜办,关店,专卖店,加盟,街铺,3854297,500813934,,6013998140849,215245,164356180,6601146646619228167,3003824484394509718,,1,是
C01421,西安市场北郊大学城店,陕西公司,西安战区,陕西省区,西安办,关店,专卖店,加盟,街铺,3612500,,,,,,,,,1,是
C01422,北京市场方庄,陕西公司,北京战区,京津冀省区,北京办,关店,渠道店,加盟,特殊渠道,cover_C01422_15712912,,,,,,,,,1,是
C01423,北京家乐福石景山店,陕西公司,北京战区,京津冀省区,北京办,关店,专柜店,加盟,商超,9465253,501302769,,6015117067849,184780,606009639,,3002302095812006098,,1,是
C01425,北京市场西江美食,陕西公司,北京战区,京津冀省区,北京办,正常营业,团购账户（购销）,加盟,特殊渠道,,,,,,,,,,1,是
C01426,北京市场城乡贸易,陕西公司,北京战区,京津冀省区,北京办,关店,渠道店,加盟,特殊渠道,,,,,,,,,,1,是
C01427,北京市场江西饭店,陕西公司,北京战区,京津冀省区,北京办,关店,渠道店,加盟,特殊渠道,,,,,,,,,,1,是
C01435,北京市场承德丰宁,陕西公司,北京战区,京津冀省区,北京办,关店,专卖店,加盟,街铺,1622788,141630777,,,,,,,,1,否
C01446,北京旧宫永辉店,陕西公司,北京战区,京津冀省区,北京办,关店,渠道店,加盟,商超,10133638,,,,328948,,,,,1,是
C01449,北京市场天津南站店,陕西公司,北京战区,京津冀省区,天津办,关店,专卖店,加盟,高势能,,,,,,,,,,1,是
C01451,北京市场石家庄火车站店,陕西公司,北京战区,京津冀省区,北京办,关店,专卖店,加盟,高势能,,,,,,,,,,1,是
C01452,北京市场大屯路店,陕西公司,北京战区,京津冀省区,北京办,关店,专卖店,加盟,商超,3048103,1197920911,,6015130200849,191686,63285610,6601172870565464072,3001824771541340950,,1,是
C01460,北京市场大润发超市店,陕西公司,北京战区,京津冀省区,北京办,关店,专柜店,加盟,商超,,,,,,,,,,1,是
C01461,呼市通道北街店,陕西公司,北京战区,京津冀省区,北京办,关店,专柜店,加盟,街铺,8705262,,,,,,,,,1,是
C01462,北京市场呼市滨海店,陕西公司,北京战区,京津冀省区,北京办,关店,专柜店,加盟,商超,,,,,154384,,,,,1,是
C01478,北京市场石家庄火车站2店,陕西公司,北京战区,京津冀省区,北京办,关店,专卖店,加盟,高势能,,,,,,,,,,1,是
C01480,北京欧尚朝阳北路店,陕西公司,北京战区,京津冀省区,北京办,关店,专柜店,加盟,商超,10124992,,,,600433,750398810,,,,1,是
C01481,天津西站店,陕西公司,北京战区,京津冀省区,天津办,关店,专卖店,加盟,高势能,cover_C01481_15619787,,,,,,,,,1,是
C01525,安徽滁州莱安峰汇国际店,浙江公司,苏州战区,安徽办,安徽办,关店,专柜店,加盟,,,,,,,,,,,1,是
C01537,安徽阜阳火车站店,浙江公司,苏州战区,安徽办,安徽办,关店,专卖店,加盟,高势能,,,,,,,,,,1,是
C01539,安徽海亮九玺店,浙江公司,苏州战区,安徽办,安徽办,关店,专卖店,加盟,,,,,,,,,,,1,是
C01541,直属安徽国耀星达城店,浙江公司,苏州战区,安徽办,安徽办,关店,专卖店,直营,,,,,,,,,,,1,是
C01841,直属萍乡火车站,江西公司,宜春战区,江西二区,宜春办,关店,专卖店,直营,高势能,,,,,,,,,,1,是
C01842,直属云锦路店,江西公司,南昌一战区,江西二区,南昌三办,正常营业,专卖店,直营,街铺,19174824,2069300319,14913542.0,6016564676849,,169009725,6601141949141354509,3002718238707716430,2026031211077000000115252292|xiniu_xgc_bgc,1,是
C01848,直属南昌莱卡总店,江西公司,南昌一战区,江西一区,南昌一办,正常营业,专卖店,直营,街铺,15997147,504304196,14657072.0,6014195995849,217858,1294172113,7066745312802506791,3002786206903148818,2026031211077000000115279275|xiniu_xgc_bgc,1,是
C01849,邓埠店,江西公司,南昌一战区,江西二区,南昌四办,正常营业,专卖店,加盟,街铺,18196889,2044433093,15122791.0,6015116154849,248715,1828283108,6792749344710756366,6724909354923881692,,1,是
C01850,大湖之都,江西公司,南昌一战区,江西二区,南昌四办,关店,专卖店,加盟,街铺,,,,,,,,,,1,是
C01851,璜垦二店,江西公司,南昌一战区,江西一区,南昌一办,暂停营业,专卖店,加盟,街铺,166218290,166218290,16638059.0,6015115761849,248718,1337871683,6601197171645614083,6724909544103365457,2026031211077000000115265235|xiniu_xgc_bgc,1,是
C01852,北郊2店,江西公司,南昌一战区,江西一区,南昌一办,正常营业,专卖店,加盟,街铺,,,,6015338422849,248709,934019533,6601194490122225672,6724909512712499021,,1,是
C01853,金涛店,江西公司,南昌一战区,江西二区,南昌四办,关店,专卖店,加盟,,,,,,,,,,,1,是
C01855,黄溪菜场店,江西公司,南昌一战区,江西二区,南昌三办,正常营业,专卖店,加盟,街铺,8395376,1123365852,,6015130817849,248708,562814578,6601200481345734663,6724909496142245876,2026031211077000000115370142|xiniu_xgc_bgc,1,是
C01858,丰城樟树高速服务南区店,江西公司,南昌二战区,江西一区,丰新办,正常营业,专卖店,加盟,交通枢纽,,,,,,,,,,1,否
C01859,丰城樟树高速服务北区店,江西公司,南昌二战区,江西一区,丰新办,正常营业,专卖店,加盟,交通枢纽,,,,,,,,,,1,是
C01860,九江瑞昌西站店,江西公司,九江战区,江西二区,九江办,关店,专卖店,加盟,高势能,,,,,,,,,,1,是
C01861,九江瑞昌叶波大润发店,江西公司,九江战区,江西二区,九江办,正常营业,专卖店,加盟,商超,4142305,506642979,17755256.0,6015147933849,222415,505372285,7001321302208284703,3002312591262557477,2026031211077000000115248263|xiniu_xgc_bgc,1,是
C01862,九江永修铜锣湾广场店,江西公司,九江战区,江西二区,九江办,关店,专卖店,加盟,综合体,301698209,301698209,,,222416,,,,,1,是
C01863,上饶恒基欧尚店,江西公司,抚州战区,江西二区,上饶办,关店,专卖店,加盟,商超,18626098,1164123572,,6015279970849,238874,,6884434830465959949,6724909498939726158,,1,是
C01866,宜春袁山中路店,江西公司,宜春战区,江西二区,宜春办,关店,专卖店,加盟,街铺,503458516,503458516,,6015117086849,229278,,6601176061759719427,3002590936638857754,,1,是
C01867,吉安遂川城南店,江西公司,赣州战区,江西一区,吉安办,正常营业,专卖店,加盟,街铺,,,,6015145926849,248940,600044919,6745373409187825677,6724909544075819295,2025112011077000000113625750|xiniu_xgc_bgc,1,是
C01868,吉安县世纪华联店,江西公司,赣州战区,江西一区,吉安办,关店,专柜店,加盟,街铺,5135092,1138218018,,6015140205849,248943,,6873403417721702413,3003745839120490604,,1,是
C01869,赣州南康太窝店,江西公司,赣州战区,江西一区,赣州办,关店,专卖店,加盟,街铺,,,,6015167043849,250858,,,,,1,是
C01871,景德镇乐平华达御天湖超市店,江西公司,抚州战区,江西二区,景德镇办,关店,专柜店,加盟,商超,7225413,,,6015165841849,228584,,,,,1,是
C01875,直属辽阳万达店,陕西公司,沈阳战区,辽吉省区,辽吉外阜办,关店,专卖店,直营,综合体,12356234,503185808,,,177510,,,,,1,是
C01876,直属沈阳文化路店,陕西公司,沈阳战区,辽吉省区,辽吉直营办,关店,专卖店,直营,街铺,2044197197,2044197197,,,,,,,,1,是
C01879,沈阳金地艺境店,陕西公司,沈阳战区,辽吉省区,沈阳办,关店,专卖店,加盟,,,,,,,,,,,1,是
C01881,沈阳水晶城店,陕西公司,沈阳战区,辽吉省区,沈阳办,关店,专卖店,加盟,街铺,,,,,,,,,,1,是
C01886,沈阳北站家乐福店,陕西公司,沈阳战区,辽吉省区,沈阳办,关店,专卖店,加盟,商超,3469113,158774775,,6015119062849,225335,162993669,,,,1,是
C01889,沈阳春天店,陕西公司,沈阳战区,辽吉省区,沈阳办,关店,专卖店,加盟,街铺,364735,1132542,,6015115376849,177526,4096377,6601198047932188675,6724909543918342831,,1,是
C01890,沈阳道义地铁站店,陕西公司,沈阳战区,辽吉省区,沈阳办,关店,专卖店,加盟,交通枢纽,3632204,160245984,,6015117670849,225354,163410984,,,,1,是
C01891,沈阳金域华府店,陕西公司,沈阳战区,辽吉省区,沈阳办,关店,专卖店,加盟,街铺,7615979,502198660,,6015117786849,600253,165876692,7001684962613135397,6724909544074747702,,1,是
C01892,上亿广场家得乐店,陕西公司,沈阳战区,辽吉省区,沈阳办,关店,专卖店,加盟,街铺,8103870,,,,,,,,,1,是
C01893,沈阳俪城店,陕西公司,沈阳战区,辽吉省区,沈阳办,关店,专卖店,加盟,街铺,743592,1132528,,,177523,,,,,1,是
C01895,沈阳凌云店,陕西公司,沈阳战区,辽吉省区,沈阳办,关店,专卖店,加盟,,,,,,,,,,,1,是
C01896,沈阳青年派店,陕西公司,沈阳战区,辽吉省区,沈阳办,关店,专卖店,加盟,街铺,,,,,,,,,,1,是
C01897,沈阳人和店,陕西公司,沈阳战区,辽吉省区,沈阳办,关店,专柜店,加盟,街铺,12387035,504256368,,6015118467849,164911,62064915.0,6601201839566227463,6724909456282618366,,1,是
C01898,沈阳人杰水岸店,陕西公司,沈阳战区,辽吉省区,沈阳办,关店,专柜店,加盟,街铺,7225408,172985282,,6015115571849,205978,187499977,,,,1,是
C01899,沈阳望花店,陕西公司,沈阳战区,辽吉省区,沈阳办,关店,专卖店,加盟,街铺,2654246,155591552,,6015118993849,198142,159238493,6601197007421835272,6724909397777549751,,1,是
C01900,沈阳祥和店,陕西公司,沈阳战区,辽吉省区,沈阳办,关店,专卖店,加盟,街铺,750880,501100287,,6015115158849,164909,40536530,6601179995039598599,6724909544127957761,,1,是
C01902,沈阳新城中心店,陕西公司,沈阳战区,辽吉省区,沈阳办,关店,专卖店,加盟,街铺,1520282,2062496738,,6015118466849,164912,41615468,6601199481738233869,6724909544127188642,,1,是
C01903,吉林松原大润发店,陕西公司,沈阳战区,辽吉省区,长春办,关店,专卖店,加盟,街铺,13713337,2099407958,,6015118750849,601109,1460698192,7070019610199721991,3002953264258650251,,1,是
C01910,直属本溪万达店,陕西公司,沈阳战区,辽吉省区,沈阳办,关店,专卖店,直营,综合体,12793777,2099118403,,6015117785849,322704,189373835,6895549147269564431,,,1,是
C01911,直属沈阳兴隆新光店,陕西公司,沈阳战区,辽吉省区,辽吉直营办,关店,专卖店,直营,综合体,,,,,164916,150883166,,,,1,是
C01912,直属沈阳鹿特丹万科生活广场店,陕西公司,沈阳战区,辽吉省区,辽吉直营办,关店,专卖店,直营,街铺,,,,,cover_C01912_296462,,,,,1,是
C01913,沈阳万科明天广场店,陕西公司,沈阳战区,辽吉省区,沈阳办,关店,专卖店,加盟,街铺,1443934,1324304,,6015118394849,177512,102431716,6601179149732153352,,,1,是
C01915,沈阳华新名筑店,陕西公司,沈阳战区,辽吉省区,沈阳办,关店,专卖店,加盟,,,,,,,,,,,1,是
C01916,沈阳金地锦城专卖店,陕西公司,沈阳战区,辽吉省区,沈阳办,关店,专卖店,加盟,街铺,3854294,161752434,,6015116296849,225551,165397857,6601156552759969805,6724909429698345562,,1,是
C01917,沈阳奥体店,陕西公司,沈阳战区,辽吉省区,沈阳办,关店,专卖店,加盟,街铺,1324737,,,,,,,,,1,是
C01918,苏家屯大润发店,陕西公司,沈阳战区,辽吉省区,沈阳办,关店,专卖店,加盟,商超,cover_C01918_19098471,cover_C01918_1174926883,,cover_C01918_6015119558849,243799,4884426,,,,1,是
C01919,沈阳莆田地铁口,陕西公司,沈阳战区,辽吉省区,沈阳办,关店,专卖店,加盟,商超,12783873,503444322,,6015115377849,600842,,7124645824281184293,,,1,是
C01923,沈阳兴华店,陕西公司,沈阳战区,辽吉省区,沈阳办,关店,专卖店,加盟,,,,,,,,,,,1,是
C01927,直属沈阳北行店,陕西公司,沈阳战区,辽吉省区,辽吉直营办,关店,专卖店,直营,街铺,12957829,503768496,15905436.0,6015115573849,600904,40956274,7036963828822706180,6724909544115808080,,1,是
C01930,沈阳新黄河店,陕西公司,沈阳战区,辽吉省区,沈阳办,关店,专卖店,加盟,街铺,740200,786312,,6015117053849,179747,52842604,,,,1,是
C01933,沈阳岐山路店,陕西公司,沈阳战区,辽吉省区,沈阳办,正常营业,专卖店,加盟,街铺,1665449,1132510,15968019.0,6015116080849,177517,40879895,6601201968889202692,6724909544095968416,2026031311077000000115328349|xiniu_xgc_bgc,1,是
C01935,沈阳崇山路店,陕西公司,沈阳战区,辽吉省区,沈阳办,关店,专卖店,加盟,街铺,20321300,1187725785,,6015119554849,164908,159766615,6601197389799753731,6724909543918210620,,1,是
C01936,直属沈阳光荣店,陕西公司,沈阳战区,辽吉省区,辽吉直营办,正常营业,专卖店,直营,街铺,3551454,1132501,15905446.0,6015115778849,164915,244028,6601194151381829639,6724909374887434270,2026031311077000000115334327|xiniu_xgc_bgc,1,是
C01937,沈阳站专卖店,陕西公司,沈阳战区,辽吉省区,沈阳办,关店,专卖店,加盟,高势能,,,,,,,,,,1,是
C01939,沈阳万科鹿特丹店,陕西公司,沈阳战区,辽吉省区,沈阳办,关店,专卖店,加盟,街铺,3551456,159335754,,6015120053849,225336,163210822,,,,1,是
C01940,沈阳天河店,陕西公司,沈阳战区,辽吉省区,沈阳办,关店,专卖店,加盟,,,,,,,,,,,1,是
C01943,沈阳和平之门店,陕西公司,沈阳战区,辽吉省区,沈阳办,关店,专卖店,加盟,街铺,2460138,,,,,,,,,1,是
C01945,沈阳东北大学店,陕西公司,沈阳战区,辽吉省区,沈阳办,关店,专卖店,加盟,特殊渠道,11398914,2043566479,,6015118464849,182976,4231178,6601200255323080718,,,1,是
C01946,沈阳沃尔玛专卖店,陕西公司,沈阳战区,辽吉省区,沈阳办,关店,专卖店,加盟,综合体,,,,,,,,,,1,是
C01947,直属沈阳太原街万达店,陕西公司,沈阳战区,辽吉省区,辽吉直营办,关店,专卖店,直营,综合体,,,,,,,,,,1,是
C01949,沈阳万科香湖盛景店,陕西公司,沈阳战区,辽吉省区,沈阳办,关店,专卖店,加盟,街铺,17181269,,15967951.0,6015119550849,243801,193216231,6706825548070520845,6724909472894745558,,1,是
C01950,直属沈阳皇姑乐购店,陕西公司,沈阳战区,辽吉省区,辽吉直营办,关店,专柜店,直营,商超,4034666,2062506950,,6015115776849,164919,164736714,6601195908505798664,,,1,是
C01951,沈阳紫郡城店,陕西公司,沈阳战区,辽吉省区,沈阳办,关店,专卖店,加盟,街铺,750863,2043923574,,,177532,5401702,,,,1,是
C01953,沈阳橡树湾店,陕西公司,沈阳战区,辽吉省区,沈阳办,关店,专柜店,加盟,街铺,143520296,143520296,,,320791,160552829,,,,1,是
C01955,沈阳万科魅力之城店,陕西公司,沈阳战区,辽吉省区,沈阳办,关店,专卖店,加盟,街铺,3468651,,,,,,,,,1,是
C01956,沈阳铁西大商家,陕西公司,沈阳战区,辽吉省区,沈阳办,关店,专卖店,加盟,商超,3901236,161409400,,6015120064849,215257,165531206,6601214334183933960,6724909544072480255,,1,是
C01957,沈阳松山店,陕西公司,沈阳战区,辽吉省区,沈阳办,正常营业,专卖店,加盟,街铺,738835,500900269,15967953.0,6015117675849,180921,42470699,6601188722106959875,6724909426461681379,2026031311077000000115360370|xiniu_xgc_bgc,1,是
C01958,沈阳上林湾店,陕西公司,沈阳战区,辽吉省区,沈阳办,关店,专卖店,加盟,街铺,17181269,,,,,,,,,1,是
C01959,沈阳沙河子店,陕西公司,沈阳战区,辽吉省区,沈阳办,关店,专卖店,加盟,,,,,,,,,,,1,是
C01960,沈阳黄山店,陕西公司,沈阳战区,辽吉省区,沈阳办,关店,专卖店,加盟,街铺,307922,412250,,6015116678849,169663,262348,,,,1,是
C01961,沈阳花城店,陕西公司,沈阳战区,辽吉省区,沈阳办,关店,专卖店,加盟,街铺,738938,500920072,,,177516,41798700,,,,1,是
C01962,沈阳恒大绿洲店,陕西公司,沈阳战区,辽吉省区,沈阳办,关店,专卖店,加盟,街铺,,,,,,,,,,1,是
C01965,沈阳新世界花园地利店,陕西公司,沈阳战区,辽吉省区,沈阳办,关店,专柜店,加盟,街铺,500988498,500988498,,,301266,1348890823,,,,1,是
C01967,沈阳腾飞店,陕西公司,沈阳战区,辽吉省区,沈阳办,暂停营业,专卖店,加盟,街铺,2639195,1132514,16019960.0,6015120055849,164907,245851,6601138067673712648,6724909393911785241,,1,是
C01968,沈阳蓝湾店,陕西公司,沈阳战区,辽吉省区,沈阳办,关店,专卖店,加盟,,,,,,,,,,,1,是
C01969,沈阳景星店,陕西公司,沈阳战区,辽吉省区,沈阳办,关店,专卖店,加盟,街铺,,,,,,,,,,1,是
C01970,沈阳金融中心地铁站店,陕西公司,沈阳战区,辽吉省区,沈阳办,关店,专卖店,加盟,交通枢纽,10105126,2062496840,,6015119959849,600134,,6601248852722862094,,,1,是
C01971,沈阳假日店,陕西公司,沈阳战区,辽吉省区,沈阳办,关店,专卖店,加盟,街铺,743744,1132516,,,177530,95893297,,,,1,是
C01972,沈阳北一路万达店,陕西公司,沈阳战区,辽吉省区,沈阳办,正常营业,专卖店,加盟,综合体,3432732,158960376,15968182.0,6015119884849,215260,1046322794,6601149539640412167,3002985621173739823,2026031311077000000115256381|xiniu_xgc_bgc,1,是
C01977,抚顺万达比优特店,陕西公司,沈阳战区,辽吉省区,辽吉外阜办,关店,专卖店,加盟,综合体,26776472,502206879,15905491.0,6015116856849,182256,179723383,6601173308178171911,3002419270708892935,,1,是
C01978,本溪永丰步行街店,陕西公司,沈阳战区,辽吉省区,沈阳办,关店,专卖店,加盟,街铺,1157367,501886435,,,206107,95316111,,,,1,是
C01979,阜新兴隆店,陕西公司,沈阳战区,辽吉省区,辽吉外阜办,关店,专柜店,加盟,,,,,,,,,,,1,是
C01981,辽阳光华店,陕西公司,沈阳战区,辽吉省区,辽吉外阜办,关店,专卖店,加盟,,,,,,,,,,,1,是
C01983,直属沈阳云峰家乐福店,陕西公司,沈阳战区,辽吉省区,辽吉直营办,关店,专柜店,直营,商超,4117732,161622284,,,164920,164947927,,,,1,是
C01985,大连华南安盛店,陕西公司,沈阳战区,辽吉省区,大连办,关店,专柜店,加盟,综合体,,,,,,cover_C01985_83084727,,,,1,是
C01986,直属大连东财沃尔玛店,陕西公司,沈阳战区,辽吉省区,大连办,正常营业,专卖店,直营,商超,3551524,501080580,15905476.0,6015116168849,177506,41705557,7156219060873594911,6724909544129972117,2026031311077000000115312353|xiniu_xgc_bgc,1,是
C01987,直属大连昆明街乐购店,陕西公司,沈阳战区,辽吉省区,大连办,关店,专柜店,直营,商超,501105504,501105504,,6015120061849,177507,116817366,,,,1,是
C01992,直属大连开发区金马路店,陕西公司,沈阳战区,辽吉省区,大连办,关店,专卖店,直营,街铺,7714625,500973867,,6015117865849,311312,999032575,6860325758905223175,6724909544114997098,,1,是
C01998,大连火车站店,陕西公司,沈阳战区,辽吉省区,大连办,关店,专卖店,加盟,高势能,,,,,,,,,,1,是
C01999,直属紫金城店,江西公司,南昌一战区,江西二区,南昌三办,正常营业,专卖店,直营,街铺,17966434,1123272396,14913509.0,6014197635849,248721,188065089,6601160942908606468,3002803743844832324,2026031211077000000115364201|xiniu_xgc_bgc,1,是
C02001,香溢滨江店,江西公司,南昌一战区,江西一区,南昌一办,正常营业,专卖店,加盟,街铺,7080227,,,6015119972849,248682,194591186,6601198776889657352,6724909365443867642,,1,是
C02002,万达金街店,江西公司,南昌一战区,江西一区,南昌一办,关店,专卖店,加盟,综合体,4653669,,,,,,,,,1,是
C02003,绿地玫瑰城,江西公司,南昌一战区,江西一区,南昌二办,正常营业,专卖店,加盟,街铺,14016567,162997569,14700210.0,6015119568849,259193,1589945361,7155326843900397605,3002280029995439457,2026031211077000000115268212|xiniu_xgc_bgc,1,是
C02005,红谷滩翠苑路农贸市场店,江西公司,南昌一战区,江西一区,南昌一办,正常营业,专卖店,加盟,街铺,26434437,531310106,16256684.0,6015117074849,248690,1382089696,7155419584105973768,3003666585261483059,2026030411077000000115226672|xiniu_xgc_bgc,1,是
C02006,红谷凯旋,江西公司,南昌一战区,江西一区,南昌一办,关店,专卖店,加盟,,,,,6015115187849,248684,1701361983,,,,1,是
C02007,东方红2店,江西公司,南昌一战区,江西一区,南昌一办,正常营业,专卖店,加盟,街铺,5428910,167447744,17092253.0,6015118790849,248712,94347266,6601137316641654798,6724909544071810857,,1,是
C02008,赣州大润发章江店,江西公司,赣州战区,江西一区,赣州办,关店,专柜店,加盟,街铺,6579323,500977386,,,248938,193896921,,,,1,是
C02009,赣州南康坚强店,江西公司,赣州战区,江西一区,赣州办,关店,专柜店,加盟,街铺,5134452,,,,248939,177692041,,,,1,是
C02010,鹰抚抚州沃尔玛店,江西公司,抚州战区,江西一区,鹰抚办,关店,专柜店,加盟,综合体,4741929,,,,238878,169387569,,,,1,是
C02011,鹰抚东乡毛莲山店,江西公司,抚州战区,江西一区,鹰抚办,正常营业,专卖店,加盟,街铺,13040350,505796521,16389603.0,6015130311849,238876,1679883575,7043207734560294942,3002804353757779013,2026031211077000000115387110|xiniu_xgc_bgc,1,是
C02012,鹰抚抚州万象店,江西公司,抚州战区,江西一区,鹰抚办,关店,专卖店,加盟,商超,4741998,2128341988,16638046.0,6015130312849,248930,169193491,7024389863340247048,3003728980157502725,2026031211077000000115344169|xiniu_xgc_bgc,1,是
C02013,九江共青大润发时代店,江西公司,九江战区,江西二区,九江办,关店,专卖店,加盟,商超,,,,6015167207849,238879,,7089225251241855014,3003892274370355487,,1,是
C02015,宜春上高墨山店,江西公司,宜春战区,江西二区,宜春办,关店,专卖店,加盟,街铺,,,,6015167509849,248926,,6767241242704152579,,,1,是
C02016,宜春步步高超市店,江西公司,宜春战区,江西二区,宜春办,关店,专卖店,加盟,商超,4653666,,,,,169324498,,,,1,是
C02017,萍乡光丰铁桥店,江西公司,宜春战区,江西二区,宜春办,正常营业,专卖店,加盟,街铺,4653668,144488830,16384065.0,6015150807849,250663,1452529379,6649226928559556622,,2025111911077000000113687704|xiniu_xgc_bgc,1,是
C02018,宜春安义鹏泰超市,江西公司,南昌二战区,江西二区,宜春办,关店,专卖店,加盟,商超,4333565,,,,248924,,,,,1,是
C02029,宝安玉律南海专卖店,广东公司,深圳战区,广东省区,宝安办,关店,专柜店,加盟,街铺,,,,,,,,,,1,是
C02031,南山西丽华润专卖店,广东公司,深圳战区,广东省区,宝安办,关店,专柜店,加盟,街铺,,,,,,,,,,1,是
C02032,惠州永辉超市专卖店,广东公司,东莞战区,广东省区,惠汕办,关店,专柜店,加盟,商超,4333498,500978542,,6014224755849,253504,192041879,,,,1,是
C02033,东莞鸿福路专卖店,广东公司,东莞战区,广东省区,东莞办,关店,专卖店,加盟,街铺,,,,,,840602225,,,,1,是
C02036,温州吕浦店,浙江公司,杭州战区,福建省区,浙南办,关店,专柜店,加盟,街铺,1533300,936144,,6014009986849,201201,1354316938,,6724909492424386489,,1,是
C02038,福州国光店,江西公司,福州战区,福建省区,福州办,正常营业,专卖店,加盟,街铺,20832777,2278273,15967971.0,6014011069849,179289,113579412,6601142345406613507,3003725496391243509,2026031211077000000115289178|xiniu_xgc_bgc,1,是
C02039,泉州鲤城温陵北路专卖店,浙江公司,杭州战区,福建省区,闽南办,关店,专柜店,加盟,街铺,,,,,,,,,,1,是
C02041,泉州洛阳店,江西公司,厦门战区,福建省区,闽南办,关店,专卖店,加盟,街铺,,,,,,,,,,1,是
C02043,龙岗区坪地乐兴店,广东公司,深圳战区,广东省区,龙岗办,正常营业,专卖店,加盟,街铺,2172028,161279764,14594542.0,6014315476849,179473,61999372,6601166771351226375,6724909544064880706,2026032111077000000115427261|xiniu_xgc_bgc,1,是
C02045,佛山华润顺联广场专卖店,广东公司,广州战区,广东省区,广佛办,关店,专卖店,加盟,街铺,,,,,,1659897835,,,,1,是
C02046,惠州惠阳新汇城店,广东公司,东莞战区,广东省区,惠汕办,正常营业,专卖店,加盟,综合体,10770217,501901698,16638078.0,6014299422849,600065,1852073345,7137993763338586119,3002290866719823278,2026031311077000000115309339|xiniu_xgc_bgc,1,是
C02047,东莞华南摩尔店,广东公司,东莞战区,广东省区,东莞办,关店,专柜店,加盟,商超,2519957,145421421,,,,161887032,,,,1,是
C02049,东莞长安振安中路店,广东公司,东莞战区,广东省区,东莞办,正常营业,专卖店,加盟,商超,4291338,174073653,15905486.0,6014140058849,218719,1959146617,6601138562811299848,3002304696273052144,2025111911077000000113687700|xiniu_xgc_bgc,1,是
C02050,福州大名城店,江西公司,福州战区,福建省区,福州办,关店,专卖店,加盟,,,,,,,,,,,1,是
C02051,宝安沙井上南美联,广东公司,深圳战区,广东省区,宝安办,关店,专柜店,加盟,街铺,613536,156205916,,6015119751849,195717,76417225,,,,1,是
C02052,宝安区龙华下油松店,广东公司,深圳战区,广东省区,宝安办,关店,专柜店,加盟,街铺,288224,439109,,6014301486849,179494,169966284,6601181725722675213,3003085250024514616,,1,是
C02053,龙岗区横岗锦秀花园,广东公司,深圳战区,广东省区,龙岗办,正常营业,专卖店,加盟,街铺,870169,353312,14594547.0,6014332037849,207801,4994920,6601145331226773517,6724909520162899420,2026032111077000000115523155|xiniu_xgc_bgc,1,是
C02056,中山古镇曹三市场店,广东公司,广州战区,广东省区,中珠办,关店,专卖店,加盟,街铺,616319,506612854,16638141.0,6014295609849,194555,62056577,6601154603608180739,6724909437801694921,,1,是
C02057,东莞万江广场店,广东公司,东莞战区,广东省区,东莞办,关店,专柜店,加盟,街铺,1290540,161264979,,6014132580849,181559,41897995,6601177147098810376,6724909483843141528,,1,是
C02058,南宁和乐街专卖店,广东公司,南宁战区,广西省区,南宁办,关店,专卖店,加盟,街铺,4942042,,,,,,,,,1,是
C02059,福州江滨店,江西公司,福州战区,福建省区,福州办,关店,专卖店,加盟,街铺,2931452,2278243,,6014114326849,179294,152398433,6601196453392025613,6724909323933865170,,1,是
C02061,深圳直属中心店,广东公司,深圳战区,广东省区,龙岗办,关店,专卖店,直营,街铺,,,,,,,,,,1,是
C02062,宝安区沙井尖莎咀,广东公司,深圳战区,广东省区,宝安办,关店,专柜店,加盟,,,,,,,98518810,,,,1,是
C02065,龙岗区平湖百佳店,广东公司,深圳战区,广东省区,龙岗办,关店,专卖店,加盟,交通枢纽,646780,2043173175,,6014314975849,169529,6136228,6601208960680724493,,,1,是
C02066,惠州大润汇店,广东公司,东莞战区,广东省区,惠汕办,关店,专卖店,加盟,街铺,1866555,143285409,15905513.0,6014226247849,181563,97248824,6601143697377593351,6724909544093270669,,1,是
C02068,中山三乡缤纷汇店,广东公司,广州战区,广东省区,中珠办,正常营业,专卖店,加盟,商超,3153188,,,6014295611849,194559,160724600,7266607912993179709,3002772373615125256,,1,是
C02070,福州橘园店,江西公司,福州战区,福建省区,福州办,关店,专卖店,加盟,,,,,,,,,,,1,是
C02072,厦门集美乐海路专卖店,江西公司,厦门战区,福建省区,闽南办,关店,专卖店,加盟,商超,,,,6014009576849,254056,168300523,7023700685359155230,3002692152392884783,,1,是
C02073,宝安区大浪万联店,广东公司,深圳战区,广东省区,宝安办,关店,专柜店,加盟,街铺,4832628,174073639,,6014301485849,179484,6835520,6634800949271463950,,,1,是
C02075,福田新世界百货专卖店,广东公司,深圳战区,广东省区,龙岗办,关店,专柜店,加盟,街铺,3299055,171181485,14309298.0,6016005534849,209609,162142861,6601177152001951757,3002678510732780239,,1,是
C02077,梅州五华奥园专卖店,广东公司,东莞战区,广东省区,惠汕办,关店,专卖店,加盟,综合体,3709893,161506045,,6014295623849,218717,1418506526.0,cover_C02077_6863498458167363595,6724909544135756765,,1,是
C02079,佛山石肯店,广东公司,广州战区,广东省区,广佛办,关店,专卖店,加盟,街铺,613547,672580.0,,6014293814849,181595,41788733.0,cover_C02079_6601180391229360131,,,1,是
C02080,东莞茶山茶园专卖店,广东公司,东莞战区,广东省区,东莞办,关店,专卖店,加盟,街铺,,,,,,159989197.0,,,,1,是
C02082,福州闽侯青口博雅店,江西公司,福州战区,福建省区,福州办,正常营业,专卖店,加盟,街铺,2931451,1933801,15967947.0,6014009664849,182258,77801714,6601206203601127432,6724909544070075122,2025111911077000000113665667|xiniu_xgc_bgc,1,是
C02083,福州仓山万达2店,江西公司,福州战区,福建省区,福州办,关店,专卖店,加盟,综合体,cover_C02083_3766460,,,,245473,66444051,,,,1,是
C02087,龙岗金龙城百货店,广东公司,深圳战区,广东省区,龙岗办,正常营业,专卖店,加盟,街铺,1174524,1552394,14594557.0,6014173737849,179476,1005088552,6601171616535676935,6724909451104173862,2026032111077000000115446191|xiniu_xgc_bgc,1,是
C02090,肇庆家乐福东城店,广东公司,广州战区,广东省区,广佛办,关店,专卖店,加盟,商超,913945,913945,,6014315303849,181593,92411412,,,,1,是
C02092,东莞还珠沥,广东公司,东莞战区,广东省区,东莞办,关店,专柜店,加盟,街铺,2750553,,,,,,,,,1,是
C02093,温州解放店,浙江公司,杭州战区,福建省区,浙南办,关店,专卖店,加盟,街铺,28249969,936147,15967968.0,6015165127849,179238,671419953,6601198373238212615,3002804919928464542,,1,是
C02095,温州上塘店,浙江公司,杭州战区,福建省区,浙南办,关店,专卖店,加盟,街铺,231058,557059,15967978.0,6014015194849,180835,65024501,6601196758083045384,3002804912449462998,,1,是
C02097,宝安区固戍一路专卖店,广东公司,深圳战区,广东省区,宝安办,关店,专柜店,加盟,街铺,,,,,,165234683,,,,1,是
C02098,龙岗汇佳广场专卖店,广东公司,深圳战区,广东省区,龙岗办,关店,专卖店,加盟,街铺,,,,,,,,,,1,是
C02099,龙岗坂田乐汇城店,广东公司,深圳战区,广东省区,龙岗办,关店,专卖店,加盟,商超,3699135,500712980,,,221286,163285360,,,,1,是
C02103,佛山顺德北滘跃进路,广东公司,广州战区,广东省区,广佛办,关店,专卖店,加盟,商超,3113461,cover_C02103_336873858,,6014224993849,194551,694549803,cover_C02103_6806132830695950344,3003625784529986171,,1,是
C02105,南宁江南万达专卖店,广东公司,南宁战区,广西省区,南宁办,关店,专柜店,加盟,综合体,2799085,156766168,,,198140,159623026,,,,1,是
C02106,福州杰座店,江西公司,福州战区,福建省区,福州办,关店,专卖店,加盟,街铺,13030332,514950,,6014009471849,179273,620419208,6601197487938078727,6724909544065264585,,1,是
C02111,南山学府路荔芳专卖店,广东公司,深圳战区,广东省区,宝安办,关店,专卖店,加盟,街铺,3229756,157062662,,6014315482849,210758,160293690,6626346896082339848,6724909405709536941,,1,是
C02112,惠州惠丰店,广东公司,东莞战区,广东省区,惠汕办,关店,专卖店,加盟,街铺,,,,,,6928649,,,,1,是
C02113,东莞长安厦岗嘉荣店,广东公司,东莞战区,广东省区,东莞办,关店,专柜店,加盟,街铺,4291434,162646944,,,169538,88033004,,,,1,是
C02115,东莞东城万达金街专卖店,广东公司,东莞战区,广东省区,东莞办,关店,专卖店,加盟,综合体,3142575,502224962,,6014146352849,215742,160638741,6601147069593815043,6724909466452435089,,1,是
C02117,温州郭溪塘下店,浙江公司,杭州战区,福建省区,浙南办,关店,专卖店,加盟,街铺,25214191,145107969,,6014009985849,210977,42755925,6601194611530532878,3002070138048386343,,1,是
C02118,温州永嘉浦西店,浙江公司,杭州战区,福建省区,浙南办,关店,专卖店,加盟,,,,,,,,,,,1,是
C02120,厦门海沧店,江西公司,厦门战区,福建省区,闽南办,正常营业,专卖店,加盟,街铺,3567468,163078615,15967973.0,6014013261849,180868,6038899,6601193626787645454,6724909500213838020,2026031211077000000115370140|xiniu_xgc_bgc,1,是
C02121,宝安区田寮,广东公司,深圳战区,广东省区,宝安办,关店,专柜店,加盟,街铺,613528,1876766,,,179501,,,,,1,是
C02122,宝安石岩罗租专卖店,广东公司,深圳战区,广东省区,宝安办,关店,专卖店,加盟,街铺,1990724,150058064,,6016577826849,201286,1053187575,7167196545828259853,3002650366973321556,,1,是
C02123,宝安民治华润专卖店,广东公司,深圳战区,广东省区,宝安办,关店,专柜店,加盟,商超,3901235,157005354,,6014225393849,213513,164518850,,,,1,是
C02126,广西职业师范学院渠道店,广东公司,南宁战区,广西省区,柳桂办,关店,专柜店,加盟,特殊渠道,3915706,2000498939,,,,,,,,1,是
C02129,福州金辉店,江西公司,福州战区,福建省区,福州办,关店,专卖店,加盟,街铺,,,,,,,,,,1,是
C02130,福州市白湖亭店,江西公司,福州战区,福建省区,福州办,关店,专柜店,加盟,综合体,7012359,168034778,,,201027,,,,,1,是
C02132,龙岗坂田百草园专卖店,广东公司,深圳战区,广东省区,龙岗办,关店,专卖店,加盟,街铺,3362401,157992594,,6014412100849,215811,162691144,,,,1,是
C02135,肇庆万达广场店,广东公司,广州战区,广东省区,广佛办,正常营业,专卖店,加盟,综合体,13863517,2132895112,14725184.0,6014224690849,cover_C02135_181596,1925351272,7099809035628578828,3002508482222527658,2026032111077000000115562024|xiniu_xgc_bgc,1,是
C02136,佛山新昇宝购物广场店,广东公司,广州战区,广东省区,广佛办,关店,专卖店,加盟,综合体,,,,,,102309880,,,,1,是
C02137,东莞大朗巷头,广东公司,东莞战区,广东省区,东莞办,正常营业,专卖店,加盟,街铺,2614484,154906138,15967967.0,6014140948849,196868,655545032,6601151169223985166,3003674311896801382,2026032111077000000115510164|xiniu_xgc_bgc,1,是
C02139,汕尾陆丰,广东公司,东莞战区,广东省区,惠汕办,正常营业,专卖店,加盟,街铺,1566576,2327581,15905477.0,6014225685849,201484,4914074,6601166706725357572,2161892087009976022,2026032111077000000115508143|xiniu_xgc_bgc,1,是
C02140,温州苍南银泰楼店,浙江公司,杭州战区,福建省区,浙南办,关店,专柜店,加盟,商超,11597814,159816780,,6014011298849,179245,,6601149960048101380,,,1,是
C02141,福州长乐河阳专卖店,江西公司,福州战区,福建省区,福州办,关店,专卖店,加盟,街铺,,,,,233610,,,,,1,是
C02143,南平顺昌双溪店,江西公司,福州战区,福建省区,福州办,关店,专卖店,加盟,,,,,,,,,,,1,是
C02145,宝安区和平店,广东公司,深圳战区,广东省区,宝安办,关店,专卖店,加盟,街铺,582961,640975,,6015250451849,179559,5090686,7149095287443687432,3002815342570115738,,1,是
C02147,宝安观澜兴万达专卖店,广东公司,深圳战区,广东省区,宝安办,关店,专柜店,加盟,综合体,16418872,1127905629,,6014156772849,195727,164169399,cover_C02147_6601141980854487043,cover_C02147_3002106029969386770,,1,是
C02148,龙岗区布吉下水径店,广东公司,深圳战区,广东省区,龙岗办,关店,专卖店,加盟,街铺,390937,,,,,,,,,1,是
C02152,中山横栏四沙步行街专卖店,广东公司,广州战区,广东省区,中珠办,关店,专卖店,加盟,街铺,,,,,,,,,,1,是
C02158,福州黄山2店,江西公司,福州战区,福建省区,福州办,关店,专卖店,加盟,街铺,,,,,,,,,,1,是
C02159,泉州泉港投资区店,江西公司,厦门战区,福建省区,闽南办,关店,专卖店,加盟,街铺,cover_C02159_14583765,cover_C02159_1101874963,,cover_C02159_6014015183849,cover_C02159_180865,cover_C02159_114405855,,,,1,是
C02161,广州钟村,广东公司,广州战区,广东省区,广佛办,关店,专柜店,加盟,街铺,3298992,2043138544,,6014253115849,185146,1720085,6601194477379930125,6724909544065575495,,1,是
C02162,广州王成店,广东公司,广州战区,广东省区,广佛办,正常营业,专卖店,加盟,街铺,4333488,337006587,14725175.0,6014224696849,253518,171363379,6601143615374755843,6724909243688943972,2026032111077000000115478177|xiniu_xgc_bgc,1,是
C02163,南平万达专卖店,江西公司,福州战区,福建省区,闽北办,关店,专柜店,加盟,综合体,10699569,501436391,,6014015167849,318515,1734531606,6926550077293889550,3002292405837668765,,1,是
C02166,中山小榄泰丰专卖店,广东公司,广州战区,广东省区,中珠办,关店,专卖店,加盟,商超,6325708,1163850547,,6014314802849,291964,167347838,6601191952295659523,6724909484664603081,,1,是
C02167,珠海口岸第二店,广东公司,广州战区,广东省区,中珠办,正常营业,专卖店,加盟,高势能,,,,6015249815849,,826027568,6867026859360634891,3002810821690728736,,1,否
C02168,东莞大郎新马莲店,广东公司,东莞战区,广东省区,东莞办,关店,专卖店,加盟,街铺,5162926,163772051,,6014147829849,199679,69674007,,,,1,是
C02169,东莞大朗远大广场专卖店,广东公司,东莞战区,广东省区,东莞办,关店,专卖店,加盟,街铺,24130962,520550328,16019932.0,6014132290849,216513,160758841,6616922272701614084,2161943716547793839,,1,是
C02171,南宁市美味集餐饮管理有限公司北海宁春城店,广东公司,南宁战区,广西省区,南宁办,关店,专卖店,加盟,,3730604,,,,,163208487,,,,1,是
C02172,温州天鹅湖店,浙江公司,杭州战区,福建省区,浙南办,关店,专卖店,加盟,,,,,,,,,,,1,是
C02175,福州同德店,江西公司,福州战区,福建省区,福州办,关店,专卖店,加盟,街铺,838830,936109,,6014009660849,180871,cover_C02175_193291730,6601179454544807940,,,1,是
C02176,福州大儒世家店,江西公司,福州战区,福建省区,福州办,关店,专卖店,加盟,街铺,1185037,1215886,,6014906592849,179279,85717504,,,,1,是
C02178,宁德南环店,江西公司,福州战区,福建省区,闽北办,关店,专卖店,加盟,街铺,,,,,,,,,,1,是
C02180,宝安区西乡白金,广东公司,深圳战区,广东省区,宝安办,暂停营业,专卖店,加盟,街铺,366226,427055,14657075.0,6014163053849,190697,6760272,6601145137860970500,3002770425444443346,,1,是
C02183,福田区农林,广东公司,深圳战区,广东省区,龙岗办,正常营业,专卖店,加盟,街铺,184295,286002,15861064.0,6014158394849,179469,2778358,6601148164906944525,3001743215185008281,2026032111077000000115555098|xiniu_xgc_bgc,1,是
C02186,龙岗杨美地铁站专卖店,广东公司,深圳战区,广东省区,龙岗办,关店,专卖店,加盟,交通枢纽,3433439,159253731,,6014315842849,209612,162685457,,,,1,是
C02187,珠海吉莲市场,广东公司,广州战区,广东省区,中珠办,关店,专卖店,加盟,街铺,616344,2042976848,,6014224591849,182267,1427160682,6601200315020609540,6724909544110722391,,1,是
C02188,东莞世纪华联店,广东公司,东莞战区,广东省区,东莞办,关店,专卖店,加盟,商超,,,,,,,,,,1,是
C02189,东莞长安霄边店,广东公司,东莞战区,广东省区,东莞办,关店,专柜店,加盟,,,,,,,60455007,,,,1,是
C02191,宝安沙井世纪万众专卖店,广东公司,深圳战区,广东省区,宝安办,关店,专卖店,加盟,街铺,9164774,156549912,,6014173113849,330249,1254265661,6893257269429929999,3002292982211023991,,1,是
C02192,宝安区沙井松福路店,广东公司,深圳战区,广东省区,宝安办,正常营业,专卖店,加盟,街铺,2931442,145999434,14594560.0,6014161458849,179548,70884546,6601154655445583879,,2026032111077000000115546116|xiniu_xgc_bgc,1,是
C02195,龙岗坂田地铁站店,广东公司,深圳战区,广东省区,龙岗办,暂停营业,专卖店,加盟,交通枢纽,2499679,156203734,,6015116664849,194544,158473245,6601156196541941764,6724909363078960460,,1,是
C02196,龙岗南岭万家乐专卖店,广东公司,深圳战区,广东省区,龙岗办,关店,专卖店,加盟,商超,,,,,,1114056841,,,,1,是
C02199,惠州新圩聚荟城专卖店,广东公司,东莞战区,广东省区,惠汕办,关店,专卖店,加盟,街铺,,,,,,,,,,1,是
C02203,东莞塘厦盈锋广场店,广东公司,东莞战区,广东省区,东莞办,正常营业,专卖店,加盟,商超,10817151,1131389652,15905505.0,6014151700849,210980,5570226,6954934637357434880,6724909406130037340,2026032111077000000115424207|xiniu_xgc_bgc,1,是
C02207,泉州南安省新专卖店,江西公司,厦门战区,福建省区,闽南办,关店,专卖店,加盟,街铺,,,,,,,,,,1,是
C02210,宝安沙井京基店,广东公司,深圳战区,广东省区,宝安办,正常营业,专卖店,加盟,街铺,2861172,1379939,14657073.0,6014163049849,179553,725902604,6601161389828474884,6724909520958417675,2026032111077000000115488168|xiniu_xgc_bgc,1,是
C02212,宝安锦绣御园专卖店,广东公司,深圳战区,广东省区,宝安办,关店,专卖店,加盟,街铺,11260358,157110032,,,,,,,,1,是
C02213,龙岗横岗松柏路专卖店,广东公司,深圳战区,广东省区,龙岗办,关店,专柜店,加盟,街铺,,,,,,,,,,1,是
C02216,佛山汇利广场店,广东公司,广州战区,广东省区,广佛办,正常营业,专卖店,加盟,街铺,2401198,1174761406,14725167.0,6014226043849,,157800436,6601167707196884999,6724909544066977899,2026032111077000000115478174|xiniu_xgc_bgc,1,是
C02217,湛江霞山步行街店,广东公司,广州战区,广东省区,中珠办,关店,专卖店,加盟,街铺,577149,637692,,,,,,,,1,是
C02218,宝安石岩石龙仔店,广东公司,深圳战区,广东省区,宝安办,关店,专卖店,加盟,特殊渠道,4291536,161623475,16638053.0,6014315370849,253472,193616285,6601246425164548100,6724909544112893520,2025111911077000000113737592|xiniu_xgc_bgc,1,是
C02219,广州天河石牌东店,广东公司,广州战区,广东省区,广佛办,关店,专柜店,加盟,街铺,2402182,152327675,,6014224296849,180893,99101892,,,,1,是
C02221,温州高桐店,浙江公司,杭州战区,福建省区,浙南办,正常营业,专卖店,加盟,街铺,25600090,521203898,15967966.0,6014009984849,180836,66190109,6601144248584636424,6724909544063460009,2026031311077000000115354334|xiniu_xgc_bgc,1,是
C02225,广州从化府前路专卖店,广东公司,广州战区,广东省区,广佛办,关店,专卖店,加盟,街铺,12091434,502780981,,6014226253849,219026,164365266,6601171672122804232,6724909544067126851,2026032111077000000115417253|xiniu_xgc_bgc,1,是
C02226,宝安龙华富士康南门店,广东公司,深圳战区,广东省区,宝安办,关店,专卖店,加盟,街铺,2263531,,,6014151786849,181579,157141779,6601252928244156423,,,1,是
C02228,南山区西丽地铁店,广东公司,深圳战区,广东省区,宝安办,关店,专卖店,加盟,交通枢纽,,,,,,,,,,1,是
C02229,惠州新圩店,广东公司,东莞战区,广东省区,惠汕办,正常营业,专卖店,加盟,街铺,1389435,2043368344,15905474.0,6014225473849,180902,1718543450,6601152580909271044,3002984565487087074,2025111911077000000113694649|xiniu_xgc_bgc,1,是
C02230,佛山沃尔玛季华园专卖店,广东公司,广州战区,广东省区,广佛办,关店,专柜店,加盟,商超,3854286,158537888,,6014225483849,218673,164425639,6633897008035792910,,,1,是
C02231,东莞大岭山领尚店,广东公司,东莞战区,广东省区,东莞办,正常营业,专卖店,加盟,综合体,686359,500953618,17082651.0,6014142681849,169535,63839633,7167196538794739747,cover_C02231_6724909544106428121,,1,是
C02232,东莞塘厦悦港汇店,广东公司,东莞战区,广东省区,东莞办,关店,专柜店,加盟,街铺,1016735,2019299,16638092.0,6014147238849,181551,157817923,6637023994937657351,3003144640353341817,2026032111077000000115490157|xiniu_xgc_bgc,1,是
C02233,东莞厚街万达专卖店,广东公司,东莞战区,广东省区,东莞办,关店,专卖店,加盟,综合体,3071093,161891417,,6014147228849,210979,159662117,6994667185348036638,3002503167101113807,,1,是
C02236,福州金牛店,江西公司,福州战区,福建省区,福州办,正常营业,专卖店,加盟,街铺,4770489,162850855,15861078.0,6014417612849,179315,5668331,6601193017783093251,6724909352914414530,2026031211077000000115276219|xiniu_xgc_bgc,1,是
C02238,福州乌山支路店,江西公司,福州战区,福建省区,福州办,关店,专卖店,加盟,街铺,,,,,,,,,,1,是
C02240,宝安区塘头店,广东公司,深圳战区,广东省区,宝安办,关店,专卖店,加盟,,,,,,,1271448483,,,,1,是
C02241,宝安龙华地铁专卖店,广东公司,深圳战区,广东省区,宝安办,关店,专卖店,加盟,交通枢纽,,,,,,163210312,,,,1,是
C02242,福田华强北中航路店,广东公司,深圳战区,广东省区,龙岗办,正常营业,专卖店,加盟,街铺,8841957,2043890415,14394343.0,6014172739849,329139,1233971641,6829832661469612046,6724909483408059407,2026032111077000000115454207|xiniu_xgc_bgc,1,是
C02243,罗湖区渔民村路店,广东公司,深圳战区,广东省区,龙岗办,关店,专卖店,加盟,街铺,811225,775863,14594573.0,6014162835849,179457,71596691,6601201213193062404,6724909544079954994,,1,是
C02245,南山大新地铁专卖店,广东公司,深圳战区,广东省区,宝安办,关店,专卖店,加盟,交通枢纽,3800103,161249786,14594546.0,6014340039849,221283,163195774,6601149928477558791,6724909364318895140,2026032111077000000115441215|xiniu_xgc_bgc,1,是
C02246,清远华润连江专卖店,广东公司,广州战区,广东省区,广佛办,关店,专卖店,加盟,街铺,,,,,,163289354,,,,1,是
C02247,南宁航洋国际店,广东公司,南宁战区,广西省区,南宁办,正常营业,专卖店,加盟,综合体,2324876,2043961010,16384079.0,6014892826849,180617,154112418,6601144370747934724,,2026032111077000000115490153|xiniu_xgc_bgc,1,是
C02248,福州沃尔玛长乐店,江西公司,福州战区,福建省区,福州办,关店,专柜店,加盟,商超,7467985,300726379,,,322092,873391051,,,,1,是
C02249,漳州东山西埔店,江西公司,厦门战区,福建省区,闽南办,关店,专卖店,加盟,街铺,4333417,171181468,16385320.0,6014011093849,180854,50903895,6601161458510219278,,,1,是
C02250,南平建瓯新华都专卖店,江西公司,福州战区,福建省区,闽北办,关店,专卖店,加盟,商超,10220760,501132265,,6014014956849,263810,1011334548,6891551529065531399,,,1,是
C02252,直属东莞长安锦厦一路店,广东公司,东莞战区,广东省区,东莞办,正常营业,专卖店,直营,街铺,12840741,2098927671,16189112.0,6013971728849,600912,1174002195,7010214823409502221,3003625775754585402,2026032111077000000115486164|xiniu_xgc_bgc,1,是
C02253,宝安区大王山店,广东公司,深圳战区,广东省区,宝安办,正常营业,专卖店,加盟,街铺,1281149,1379898,14876898.0,6014334237849,179502,1140328536,6601178508947376142,6724909399093047703,2026032111077000000115447181|xiniu_xgc_bgc,1,是
C02256,罗湖区笋岗店,广东公司,深圳战区,广东省区,龙岗办,正常营业,专卖店,加盟,街铺,492346,440222,14394341.0,6014162834849,169530,66140150,6887546111767234571,3003232212276421687,2026032111077000000115480176|xiniu_xgc_bgc,1,是
C02257,罗湖东门1店,广东公司,深圳战区,广东省区,龙岗办,关店,专卖店,加盟,街铺,909081,996732,16016527.0,6014175906849,176613,74782809,6601171722567714824,,2026032111077000000115520145|xiniu_xgc_bgc,1,是
C02259,温州柳市二店,浙江公司,杭州战区,福建省区,浙南办,关店,专卖店,加盟,街铺,629692,767408,,,179239,2638570,,,,1,是
C02260,温州双屿店,浙江公司,杭州战区,福建省区,浙南办,关店,专卖店,加盟,街铺,3305163,1407127,,6014010489849,180840,42673587,6601189082892601357,6724909544062243488,,1,是
C02262,福州台江万达店,江西公司,福州战区,福建省区,福州办,关店,专卖店,加盟,综合体,,,,6014012675849,243738,83664007,6601223830390179844,3002570477023106179,,1,是
C02266,广州沧联店,广东公司,广州战区,广东省区,广佛办,正常营业,专卖店,加盟,街铺,337255,367023,14823393.0,6015249950849,180895,4634051,6601138503398983687,6724909318487458777,2026032111077000000115489144|xiniu_xgc_bgc,1,是
C02267,宝安区明珠园店,广东公司,深圳战区,广东省区,宝安办,关店,专柜店,加盟,,,,,,,,,,,1,是
C02268,宝安江边店,广东公司,深圳战区,广东省区,宝安办,关店,专柜店,加盟,街铺,2263529,145566387,,6014176804849,181575,61791891,6601199125096564743,6724909544059588743,,1,是
C02269,宝安福永地铁B专卖店,广东公司,深圳战区,广东省区,宝安办,关店,专卖店,加盟,交通枢纽,3047511,157013225,,6014315658849,209607,160308862,6601191502515308558,6724909544073766726,,1,是
C02272,韶关乐昌人民路专卖店,广东公司,广州战区,广东省区,广佛办,关店,专卖店,加盟,街铺,,,,,,158912574.0,,,,1,是
C02276,惠州惠东黄埠巴顿店,广东公司,东莞战区,广东省区,惠汕办,正常营业,专卖店,加盟,街铺,14497572,1101956659,16638067.0,6015264950849,196889,521880786,6601141787530627085,3002984744094707088,2025112011077000000113679737|xiniu_xgc_bgc,1,是
C02279,福州福清沃尔玛店,江西公司,福州战区,福建省区,福州办,正常营业,专卖店,加盟,商超,20055304,503364048,15905463.0,6014010465849,328910,1632490494,6935928203168974882,6724909544092376850,,1,是
C02285,福田益田华润专卖店,广东公司,深圳战区,广东省区,龙岗办,关店,专柜店,加盟,商超,3113464,157110076,,,179462,156611688,,,,1,是
C02286,福田区侨香华润专卖店,广东公司,深圳战区,广东省区,龙岗办,关店,专柜店,加盟,商超,3944085,157701487,,,181628,164621444,,,,1,是
C02288,东莞百花店,广东公司,东莞战区,广东省区,东莞办,正常营业,专卖店,加盟,街铺,1655244,1409202,,6014132289849,180913,169475801,6601204102674253827,6724909544131180108,,1,是
C02289,东莞虎门万达广场店,广东公司,东莞战区,广东省区,东莞办,关店,专柜店,加盟,综合体,1922856,151004419,,6016239617849,196865,133171589,6633901762673641480,3001872883208163570,,1,是
C02290,东莞长安万达嘉荣专卖店,广东公司,东莞战区,广东省区,东莞办,关店,专卖店,加盟,综合体,,,,,,706081792,,,,1,是
C02291,漳州万达店,江西公司,厦门战区,福建省区,闽南办,关店,专柜店,加盟,综合体,,,,,,,,,,1,是
C02292,福州名城店,江西公司,福州战区,福建省区,福州办,关店,专卖店,加盟,街铺,,,,,,,,,,1,是
C02296,泉州安溪二环路专卖店,江西公司,厦门战区,福建省区,闽南办,关店,专柜店,加盟,商超,4333493,162850837,,6014009359849,243747,169015210,,,,1,是
C02297,广州番禺世纪华联专卖店,广东公司,广州战区,广东省区,广佛办,关店,专柜店,加盟,街铺,3854285,161155918,,6014225756849,192968,164344233,6601190058001172494,,,1,是
C02298,宝安区万丰店,广东公司,深圳战区,广东省区,宝安办,关店,专卖店,加盟,街铺,3764716,159336034,,6014391708849,181570,75086709,6601153195106371597,3002867341499966681,,1,是
C02299,宝安龙华江南店,广东公司,深圳战区,广东省区,宝安办,正常营业,专卖店,加盟,街铺,3709890,144631778,17146733.0,6014340666849,213517,95660243,6601182358257272836,6724909449327638258,,1,是
C02303,东莞寮步横坑店,广东公司,东莞战区,广东省区,东莞办,正常营业,专卖店,加盟,街铺,3207733,2098974167,,6014144828849,181546,4508125,6710150909256583180,3003162751699980303,2026032111077000000115423234|xiniu_xgc_bgc,1,是
C02305,东莞东坑润生店,广东公司,东莞战区,广东省区,东莞办,关店,专卖店,加盟,街铺,1397165,501877090,,,196878,62843800,,,,1,是
C02306,东莞凤岗沃尔玛店,广东公司,东莞战区,广东省区,东莞办,关店,专柜店,加盟,商超,625042,1379889,,6014147239849,181537,41486601,6601139220960512007,,,1,是
C02307,东莞南城凯德广场店,广东公司,东莞战区,广东省区,东莞办,关店,专柜店,加盟,街铺,,,,,,52885171,,,,1,是
C02308,东莞桥头永辉专卖店,广东公司,东莞战区,广东省区,东莞办,关店,专卖店,加盟,商超,14255025,,,6014133778849,601013,,,,,1,是
C02309,台州玉环店,浙江公司,杭州战区,福建省区,浙南办,关店,专卖店,加盟,街铺,2602310,144960214,16130432.0,6014013502849,199534,4184951,6871206246708496399,3002843354403673141,,1,是
C02311,福州福湾路店,江西公司,福州战区,福建省区,福州办,关店,专卖店,加盟,街铺,24108871,,,,,,,,,1,是
C02312,广州曙光店,广东公司,广州战区,广东省区,广佛办,关店,专卖店,加盟,街铺,613551,398644,,6014225684849,181613,6652347,6601218774827796483,6724909544068468581,,1,是
C02313,宝安龙华汽车站专卖店,广东公司,深圳战区,广东省区,宝安办,关店,专柜店,加盟,交通枢纽,,,,,,51553353,,,,1,是
C02315,宝安区潜龙华城,广东公司,深圳战区,广东省区,宝安办,关店,专卖店,加盟,街铺,943090,717976,,6014412500849,179489,4050364,6601169666071070734,,,1,是
C02316,宝安龙华花半里,广东公司,深圳战区,广东省区,宝安办,关店,专柜店,加盟,街铺,2709523,2042708769,,6014162829849,179491,1730630075,7062972476275296286,3001857719670706404,,1,是
C02317,罗湖区解放路专卖店,广东公司,深圳战区,广东省区,龙岗办,关店,专卖店,加盟,街铺,4195824,161623479,,6014160382849,253479,1169399252,6601217675060316174,,,1,是
C02321,中山古镇冈东店,广东公司,广州战区,广东省区,中珠办,关店,专卖店,加盟,街铺,,,,6014295610849,182106,61085555,6601197390084966403,,,1,是
C02322,宝安上塘地铁专卖店,广东公司,深圳战区,广东省区,宝安办,关店,专卖店,加盟,交通枢纽,3710207,159257403,14594636.0,6014172737849,221281,178099636,6845454629896062980,6724909544070831119,,1,是
C02323,东莞大岭山百盛佳店,广东公司,东莞战区,广东省区,东莞办,正常营业,专卖店,加盟,商超,5839058,500953606,16914075.0,6014147832849,196874,179535905,6707511398479529998,3002289222313350607,,1,是
C02326,福州闽侯宏一店,江西公司,福州战区,福建省区,福州办,关店,专卖店,加盟,街铺,19837922,2124632995,,6014011076849,182259,898501169,6601143644864907271,,,1,是
C02327,厦门旭日店,江西公司,厦门战区,福建省区,闽南办,关店,专卖店,加盟,,,,,,,,,,,1,是
C02328,宝安石岩石景花园店,广东公司,深圳战区,广东省区,宝安办,关店,专卖店,加盟,街铺,7225410,174073642,,6016577603849,311585,193899553,6732756659556337675,6724909464256104281,,1,是
C02329,惠州金山湖永旺专卖店,广东公司,东莞战区,广东省区,惠汕办,关店,专柜店,加盟,商超,10770216,502273567,16256719.0,6014225470849,600611,1411377192,6994682616016275486,3002959846564441568,2026032111077000000115431207|xiniu_xgc_bgc,1,是
C02330,龙岗区茂盛店,广东公司,深圳战区,广东省区,龙岗办,关店,专卖店,加盟,街铺,1160190,998953,,6014161462849,181920,5944239,6601150428958689293,,,1,是
C02333,惠州天天润广场店,广东公司,东莞战区,广东省区,惠汕办,关店,专卖店,加盟,街铺,1609551,151638946,16189109.0,6014225267849,180900,916638722,6601212342015379470,3002214192830390950,2026032111077000000115454194|xiniu_xgc_bgc,1,是
C02335,佛山嘉荣和信广场专卖店,广东公司,广州战区,广东省区,广佛办,关店,专卖店,加盟,商超,26027151,144337846,14725186.0,6015266334849,215809,60476422,6601137938677893134,3003083419757814869,,1,是
C02336,东莞沙田环保城店,广东公司,东莞战区,广东省区,东莞办,关店,专卖店,加盟,街铺,,,,,,178031551,,,,1,是
C02337,直属福州茶亭店,江西公司,福州战区,福建省区,直营组,关店,专卖店,直营,街铺,,,,6013967416849,,,,,,1,是
C02340,厦门集美五月花店,江西公司,厦门战区,福建省区,闽南办,关店,专柜店,加盟,街铺,18615907,,,,,,,,,1,是
C02341,泉州德化一店,江西公司,厦门战区,福建省区,闽南办,正常营业,专卖店,加盟,街铺,1103577,503080875,15967981.0,6014699503849,179259,4494232,6601138083091974158,6724909544065026610,,1,是
C02342,泉州晋江英林店,江西公司,厦门战区,福建省区,闽南办,关店,专卖店,加盟,街铺,4333420,156896891,15967972.0,6014009974849,201197,1222157115,7145023587554953216,6724909342061547120,,1,是
C02343,宝安光明大仟里专卖店,广东公司,深圳战区,广东省区,宝安办,关店,专卖店,加盟,综合体,8185314,304780818,16638102.0,6014173739849,320892,749663846,7148389446945015815,3004285758823768663,,1,是
C02346,龙岗区康桥,广东公司,深圳战区,广东省区,龙岗办,关店,专卖店,加盟,街铺,646774,2043114181,,6014268595849,179453,2746931,6601167779691235341,,,1,是
C02348,龙岗布吉万科红专卖店,广东公司,深圳战区,广东省区,龙岗办,关店,专卖店,加盟,街铺,3433438,1112440815,,6014410502849,204993,162889455,6601247555546269700,6724909281827385763,,1,是
C02349,佛山南庄,广东公司,广州战区,广东省区,广佛办,关店,专卖店,加盟,街铺,2200920,152215299,15045208.0,6014224893849,194550,156713256,6601220858151176199,3002329209511581054,,1,是
C02350,肇庆广宁沃尔玛专卖店,广东公司,广州战区,广东省区,广佛办,关店,专卖店,加盟,综合体,,,,,,160069389,,,,1,是
C02352,揭阳钓桥,广东公司,东莞战区,广东省区,惠汕办,关店,专卖店,加盟,街铺,1389490,1792835,,6014224594849,201426,1934503219,6601141325972637700,3002762434678460899,,1,是
C02357,福州福新中路专卖店,江西公司,福州战区,福建省区,福州办,关店,专柜店,加盟,商超,3754147,160258537,,6014010659849,215741,165441136,,,,1,是
C02360,广州大源,广东公司,广州战区,广东省区,广佛办,关店,专卖店,加盟,街铺,20131240,513845074,,6014226042849,,674220985,6601196650859857933,6724909544115215441,,1,是
C02361,广州三元里店,广东公司,广州战区,广东省区,广佛办,关店,专柜店,加盟,街铺,613601,914754,14725192.0,6014225333849,181616,6812228,6601189465983551491,6724909503014236661,,1,是
C02363,宝安区兴万和,广东公司,深圳战区,广东省区,宝安办,关店,专卖店,加盟,街铺,6716675,600955,16638089.0,6014314984849,179490,828574931,6601141672560560141,6724909544060984292,,1,是
C02366,南山龙海专卖店,广东公司,深圳战区,广东省区,宝安办,关店,专卖店,加盟,街铺,2185225,1379896,,,179508,110346253,,,,1,是
C02370,东莞东方,广东公司,东莞战区,广东省区,东莞办,关店,专卖店,加盟,街铺,629776,2089607629,,6014132661849,181552,65898075,6601174902303115267,3002612396248083814,,1,是
C02372,福州福清宏路店,江西公司,福州战区,福建省区,福州办,关店,专卖店,加盟,街铺,1057787,961747,,6014390064849,201005,85205563,,6724909276666146065,,1,是
C02373,厦门集美滨水店,江西公司,厦门战区,福建省区,闽南办,关店,专卖店,加盟,,19753562,,,,,,,,,1,是
C02375,泉州石狮宝盖店,江西公司,厦门战区,福建省区,闽南办,关店,专卖店,加盟,街铺,1296380,936105,,6014013474849,180851,40471963,6601148410001098756,6724909544064037398,,1,是
C02376,广州天河公园专卖店,广东公司,广州战区,广东省区,广佛办,关店,专卖店,加盟,街铺,3279704,161353981,,6014225947849,213508,160523584,6601181992178419715,,,1,是
C02378,宝安福永壹航城专卖店,广东公司,深圳战区,广东省区,宝安办,关店,专柜店,加盟,街铺,,,,,,160522940.0,,,,1,是
C02380,龙岗大鹏华润专卖店,广东公司,深圳战区,广东省区,龙岗办,关店,专柜店,加盟,街铺,5592180,164594659,,6014340041849,253483,162063858,6783431700102891533,3002285016664515143,,1,是
C02381,罗湖区德兴花园,广东公司,深圳战区,广东省区,龙岗办,关店,专卖店,加盟,街铺,748327,725322,,6014172607849,179468,6401542,6601137163469850627,3002391237711826945,,1,是
C02382,惠州方直广场店,广东公司,东莞战区,广东省区,惠汕办,关店,专卖店,加盟,商超,1032902,500799229,,,180903,95493397,,,,1,是
C02385,东莞盛鑫,广东公司,东莞战区,广东省区,东莞办,关店,专卖店,加盟,街铺,625069,502283371,,6014151702849,199682,67216639,6601170799111964686,,,1,是
C02386,东莞塘厦亨达店,广东公司,东莞战区,广东省区,东莞办,正常营业,专卖店,加盟,街铺,2185128,151687196,15967940.0,6014132499849,196870,156745365,6601213903936440333,4003228716009270664,2026032111077000000115465182|xiniu_xgc_bgc,1,是
C02388,南宁陈东专卖店,广东公司,南宁战区,广西省区,南宁办,关店,专卖店,加盟,综合体,1931782,2158351,,,180615,150011956,,,,1,是
C02389,揭阳普宁高铁站店,广东公司,东莞战区,广东省区,惠汕办,正常营业,专卖店,加盟,高势能,,,,,,,,,,1,否
C02392,厦门杏林万科里专卖店,江西公司,厦门战区,福建省区,闽南办,关店,专卖店,加盟,街铺,,,,,,,,,,1,是
C02393,漳州文昌店,江西公司,厦门战区,福建省区,闽南办,关店,专卖店,加盟,,,,,,,,,,,1,是
C02395,宝安区龙华爱华店,广东公司,深圳战区,广东省区,宝安办,正常营业,专卖店,加盟,商超,613522,1552403,14594563.0,6014172605849,179493,4567834,6601193549864110083,6724909405079715003,2026032111077000000115462175|xiniu_xgc_bgc,1,是
C02396,宝安区港湾店,广东公司,深圳战区,广东省区,宝安办,关店,专卖店,加盟,街铺,521666,1379927,,6014171929849,200360,4942304,6601138367004411917,6724909544059776657,,1,是
C02397,宝安民治塘水围专卖店,广东公司,深圳战区,广东省区,宝安办,关店,专卖店,加盟,街铺,4333511,161891404,,6014332043849,218672,169505224,6601199382702327822,3003068313944367437,,1,是
C02398,龙岗南岭荔枝花园店,广东公司,深圳战区,广东省区,龙岗办,正常营业,专卖店,加盟,街铺,646761,743045,,6014176105849,179442,71781961,7548405460577617959,3002975867304158410,2026031311077000000115313305|xiniu_xgc_bgc,1,是
C02407,湛江荣基广场专卖店,广东公司,广州战区,广东省区,中珠办,关店,专卖店,加盟,街铺,7618992,500963615,,6014299431849,311914,729056794,,,,1,是
C02410,福州和兴苑店,江西公司,福州战区,福建省区,福州办,关店,专卖店,加盟,街铺,,,,,,,,,,1,是
C02411,厦门殿前店,江西公司,厦门战区,福建省区,闽南办,关店,专卖店,加盟,街铺,19761166,936089,16019777.0,6014014962849,179251,113153900,6601207436575508493,6724909233560051812,,1,是
C02413,宝安区万盛百货,广东公司,深圳战区,广东省区,宝安办,关店,专柜店,加盟,街铺,2263530,2133617,,6015241711849,195718,157140785,6601205370469746696,3002902366421624278,,1,是
C02415,宝安西乡劳动村专卖店,广东公司,深圳战区,广东省区,宝安办,关店,专柜店,加盟,街铺,324472,1379929,,,179550,52401325,,,,1,是
C02417,宝安观澜牛湖店,广东公司,深圳战区,广东省区,宝安办,关店,专柜店,加盟,,,,,,,,,,,1,是
C02418,宝安华联桥头专卖店,广东公司,深圳战区,广东省区,宝安办,关店,专柜店,加盟,商超,,,,,,164968017,,,,1,是
C02422,东莞假日店,广东公司,东莞战区,广东省区,东莞办,关店,专柜店,加盟,街铺,27085354,813082,,6014138865849,180909,113129940.0,6601137977194203144,3002677316847576131,,1,是
C02423,汕尾陆河店,广东公司,东莞战区,广东省区,惠汕办,关店,专卖店,加盟,街铺,,,,,,6959117,,,,1,是
C02425,汕尾高铁站店,广东公司,东莞战区,广东省区,惠汕办,正常营业,专卖店,加盟,高势能,,,,,,,,,,1,否
C02427,温州龙港财富广场店,浙江公司,杭州战区,福建省区,浙南办,关店,专柜店,加盟,街铺,cover_C02427_8838310,cover_C02427_337682247,,,180842,cover_C02427_193111977,,,,1,是
C02428,直属温州人民中路店,浙江公司,杭州战区,福建省区,直营组,关店,专卖店,直营,街铺,1223315,936147,15905488.0,6013964659849,164900,40891605,6601211679529256974,6724909544121497586,,1,是
C02431,厦门海沧新安店,江西公司,厦门战区,福建省区,闽南办,关店,专卖店,加盟,街铺,,,,,,,,,,1,是
C02432,漳州厦大校区店,江西公司,厦门战区,福建省区,闽南办,关店,专卖店,加盟,,,,,,,,,,,1,是
C02433,广州合成店,广东公司,广州战区,广东省区,广佛办,关店,专柜店,加盟,街铺,3458673,152167951,15200646.0,6014225051849,207075,41272499,6601195389498427406,6724909462108508625,,1,是
C02435,宝安区有利店,广东公司,深圳战区,广东省区,宝安办,关店,专柜店,加盟,,,,,,,52002033,,,,1,是
C02436,宝安新和百盛佳店,广东公司,深圳战区,广东省区,宝安办,关店,专卖店,加盟,街铺,3047510,1379917,,6014301482849,190699,84384109,6601182624025151495,6724909273618876852,,1,是
C02437,宝安石岩白芒店,广东公司,深圳战区,广东省区,宝安办,关店,专卖店,加盟,街铺,2456984,156129798,,6016578108849,195724,633114705,6601167917176326158,3004285754598205511,2025112011077000000113652906|xiniu_xgc_bgc,1,是
C02438,福田区桂兰阁,广东公司,深圳战区,广东省区,龙岗办,关店,专卖店,加盟,街铺,5135035,145565976.0,,off_C02438_6014159569849,600539,4616359.0,6601161418966304775,6724909544099021491,,1,是
C02440,龙岗区大鹏店,广东公司,深圳战区,广东省区,龙岗办,关店,专卖店,加盟,街铺,2567630,504076657,,,253482,164044206,,,,1,是
C02443,中山小榄大信专卖店,广东公司,广州战区,广东省区,中珠办,关店,专卖店,加盟,街铺,cover_C02443_20565266,,,,,166039192,,,,1,是
C02446,温州乐清建设店,浙江公司,杭州战区,福建省区,浙南办,关店,专卖店,加盟,,,,,,,,,,,1,是
C02448,温州塘川北街店,浙江公司,杭州战区,福建省区,浙南办,正常营业,专卖店,加盟,街铺,351225,376063,15967964.0,6014014701849,180839,51192083,6601190569433630734,6724909400475407036,2026031411077000000115276443|xiniu_xgc_bgc,1,是
C02450,厦门海沧霞阳店,江西公司,厦门战区,福建省区,闽南办,关店,专卖店,加盟,,,,,,,,,,,1,是
C02451,泉州晋江361店,江西公司,厦门战区,福建省区,闽南办,关店,专卖店,加盟,街铺,337388583,337388583,,,201242,,,,,1,是
C02453,宝安观澜汇隆专卖店,广东公司,深圳战区,广东省区,宝安办,关店,专柜店,加盟,街铺,,,,,,,,,,1,是
C02456,韶关南雄青云路店,广东公司,广州战区,广东省区,广佛办,正常营业,专卖店,加盟,商超,13226973,157137947,15905502.0,6014225476849,201571,158920606,6601178857615656963,3001893733207646705,2026032111077000000115424187|xiniu_xgc_bgc,1,是
C02457,江门江海万达广场专卖店,广东公司,广州战区,广东省区,中珠办,关店,专卖店,加盟,综合体,,,,,,,,,,1,是
C02458,东莞清溪,广东公司,东莞战区,广东省区,东莞办,关店,专卖店,加盟,街铺,624588,2042696377,15905419.0,6014151610849,180914,4043742,7135257351166101518,3001739249908753755,,1,是
C02460,东莞长安万科店,广东公司,东莞战区,广东省区,东莞办,关店,专柜店,加盟,街铺,,,,,,98114960,,,,1,是
C02461,东莞大朗沃尔玛店,广东公司,东莞战区,广东省区,东莞办,关店,专柜店,加盟,街铺,475037,1379860,,6014132494849,181540,52151576.0,,,,1,是
C02462,东莞东城银珠专卖店,广东公司,东莞战区,广东省区,东莞办,关店,专柜店,加盟,街铺,9271338,,,6015113762849,196876,,,,,1,是
C02466,福州福清高山店,江西公司,福州战区,福建省区,福州办,关店,专卖店,加盟,街铺,20070805,157243709,,6014377786849,200984,cover_C02466_85717504,6727835554752251918,3002646496670159395,,1,是
C02467,福州金山店,江西公司,福州战区,福建省区,福州办,关店,专卖店,加盟,,,,,,,,,,,1,是
C02468,福州朴朴电子商务,江西公司,福州战区,福建省区,福州办,正常营业,经销,直营,特殊渠道,,,,,,,,,,1,是
C02470,宝安区惠尔乐商场店,广东公司,深圳战区,广东省区,宝安办,关店,专柜店,加盟,综合体,,,,,,5012668,,,,1,是
C02471,宝安龙华兴万和专卖店,广东公司,深圳战区,广东省区,宝安办,关店,专卖店,加盟,街铺,,,,,,,,,,1,是
C02473,宝安坪洲大仟里专卖店,广东公司,深圳战区,广东省区,宝安办,关店,专柜店,加盟,综合体,11318604,2084241631,16638112.0,6015117837849,600936,1030821268,6967228240704456741,3003903099477792408,2026032111077000000115452186|xiniu_xgc_bgc,1,是
C02476,东莞吉祥,广东公司,东莞战区,广东省区,东莞办,关店,专柜店,加盟,街铺,4334088,162385508,,6014140464849,196867,165494643,6601180596469237764,6724909544079091464,,1,是
C02477,东莞食客店,广东公司,东莞战区,广东省区,东莞办,正常营业,专卖店,加盟,街铺,1841001,2043482892,16256741.0,6014139361849,201313,1156312231,6601139156800243719,3002077854384104491,2025111911077000000113654636|xiniu_xgc_bgc,1,是
C02478,东莞利丰店,广东公司,东莞战区,广东省区,东莞办,关店,专卖店,加盟,街铺,1700917,1379873,16638103.0,6014133062849,181544,62064436,6601276542221813774,6724909388522926575,,1,是
C02479,东莞寮步下岭贝店,广东公司,东莞战区,广东省区,东莞办,关店,专卖店,加盟,街铺,2933435,161867843,15905511.0,6015119747849,253521,42952025,6601196346407929869,6724909544062505961,,1,是
C02487,福州曼哈顿店,江西公司,福州战区,福建省区,福州办,关店,专柜店,加盟,街铺,3026551,2023791156,,6014413032849,203025,,,,,1,是
C02489,宝安区福尔园,广东公司,深圳战区,广东省区,宝安办,关店,专卖店,加盟,街铺,486565,500963576,,6014163051849,179498,,6601166642665752584,,,1,是
C02491,龙岗上水径专卖店,广东公司,深圳战区,广东省区,龙岗办,关店,专卖店,加盟,交通枢纽,1379895,1379949,,6014173541849,179420,170617006,7136030426648283151,6724909399741214321,,1,是
C02492,龙岗华为荔枝苑专卖店,广东公司,深圳战区,广东省区,龙岗办,关店,专卖店,加盟,街铺,20680568,1189852066,,6016843724849,329136,152517173,6601167634220189700,,,1,否
C02493,罗湖洪湖沃尔玛专卖店,广东公司,深圳战区,广东省区,龙岗办,关店,专柜店,加盟,商超,1328677,1087172,,,,,,,,1,是
C02495,罗湖莲塘华润专卖店,广东公司,深圳战区,广东省区,龙岗办,关店,专柜店,加盟,商超,13474129,2121290092,,6014156770849,601159,165818505,,,,1,是
C02497,惠州麦地南,广东公司,东莞战区,广东省区,惠汕办,关店,专卖店,加盟,街铺,181130,,15905487.0,6014293818849,181560,1275557,6601156704258246670,6724909256682512782,,1,是
C02498,惠州港惠路口店,广东公司,东莞战区,广东省区,惠汕办,正常营业,专卖店,加盟,街铺,4248606,161705010,15905495.0,6014314806849,181567,165504260,7149091326460430339,3002075391416053186,,1,是
C02501,中山同乐店,广东公司,广州战区,广东省区,中珠办,关店,专卖店,加盟,街铺,3789081,2001221638,,6014225468849,194557,169356494,6601265825405995015,6724909544065527876,,1,是
C02502,东莞常平丽景店,广东公司,东莞战区,广东省区,东莞办,关店,专柜店,加盟,,,,,,,97914596,,,,1,是
C02508,莆田仙游还上还店,江西公司,福州战区,福建省区,福州办,关店,专卖店,加盟,街铺,,,,,,,,,,1,是
C02510,泉州新华北路专卖店,江西公司,厦门战区,福建省区,闽南办,关店,专卖店,加盟,商超,6122879,171181455,,,233609,179465611,,,,1,是
C02511,龙岩连城佳源超市专卖店,江西公司,厦门战区,福建省区,闽南办,关店,专卖店,加盟,街铺,9809154,500920833,,,600095,,,,,1,是
C02513,罗湖区向西,广东公司,深圳战区,广东省区,龙岗办,正常营业,专卖店,加盟,街铺,388276,452572,15122753.0,6014268596849,179461,52511531,6601185669081466894,3002674586573939037,2026032111077000000115429202|xiniu_xgc_bgc,1,是
C02515,南山区四海公园店,广东公司,深圳战区,广东省区,宝安办,关店,专卖店,加盟,街铺,521988,540820291,15160694.0,6014343340849,201290,41534812,6601157189069441038,6724909453964328253,,1,是
C02516,东莞东城牛山店,广东公司,东莞战区,广东省区,东莞办,关店,专卖店,加盟,街铺,,,,,,,,,,1,是
C02517,温州南国专卖店,浙江公司,杭州战区,福建省区,浙南办,关店,专卖店,加盟,街铺,,,,,,,,,,1,是
C02518,福州福清龙田店,江西公司,福州战区,福建省区,福州办,关店,专卖店,加盟,街铺,20072404,1933793,15968001.0,6014124521849,181905,1716467437,6601154482292131844,6724909356612492679,,1,是
C02521,福州闽侯荆溪店,江西公司,福州战区,福建省区,福州办,关店,专卖店,加盟,街铺,1933800,1933800,15905459.0,6014011377849,179236,101231986,6601202212590848013,3002615807127465277,,1,是
C02522,福州罗源府前店,江西公司,福州战区,福建省区,福州办,关店,专卖店,加盟,街铺,3432140,159385582,,,221274,162996557,,,,1,是
C02526,泉州晋江永和店,江西公司,厦门战区,福建省区,闽南办,关店,专卖店,加盟,街铺,,,,,,,,,,1,是
C02531,罗湖区东门百佳店,广东公司,深圳战区,广东省区,龙岗办,关店,专柜店,加盟,商超,592876,,,,179465,70024222,,,,1,是
C02535,江门中环广场店,广东公司,广州战区,广东省区,中珠办,正常营业,专卖店,加盟,街铺,4831399,2001250467,16130437.0,6014268524849,200299,166242597,6601142886798985223,,2026032111077000000115454184|xiniu_xgc_bgc,1,是
C02536,惠东大岭店,广东公司,东莞战区,广东省区,惠汕办,正常营业,专卖店,加盟,商超,26343322,520580417,15905497.0,6015252112849,600537,84744702,7122296272115107874,3003646605518545113,2026032111077000000115558058|xiniu_xgc_bgc,1,是
C02538,茂名信宜玉都广场专卖店,广东公司,广州战区,广东省区,中珠办,关店,专柜店,加盟,综合体,13207841,2121275380,,6014225951849,600940,162074346,7041042583954393101,,,1,是
C02539,清远滨江店,广东公司,广州战区,广东省区,广佛办,正常营业,专卖店,加盟,街铺,14725215,,14725215.0,6014225680849,185151,5360676,6601141304548132868,3003103399125689299,2026031611077000000115301534|xiniu_xgc_bgc,1,是
C02541,揭阳普宁广达店,广东公司,东莞战区,广东省区,惠汕办,关店,专卖店,加盟,街铺,8859814,,,,,,,,,1,是
C02542,福州秀峰店,江西公司,福州战区,福建省区,福州办,正常营业,专卖店,加盟,街铺,1966397,150882725,,6014417417849,179352,50864234,6601194881626933261,6724909544129630543,,1,是
C02543,厦门海沧海裕店,江西公司,厦门战区,福建省区,闽南办,关店,专卖店,加盟,街铺,452539,393425,,6014011979849,180857,50636095,,,,1,是
C02546,泉州德化浔南路专卖店,江西公司,厦门战区,福建省区,闽南办,关店,专卖店,加盟,商超,11096246,501881513,,,600643,1051710239,,,,1,是
C02548,福田华强南地铁专卖店,广东公司,深圳战区,广东省区,龙岗办,关店,专卖店,加盟,交通枢纽,,,,,,,,,,1,是
C02549,龙岗区南湾华润店,广东公司,深圳战区,广东省区,龙岗办,关店,专卖店,加盟,商超,1539748,156206202,,,179443,81450221,,,,1,是
C02550,惠州十里银滩店,广东公司,东莞战区,广东省区,惠汕办,关店,专卖店,加盟,商超,,,,6014224498849,181561,159573578,7133045054750492703,,,1,是
C02551,珠海南屏,广东公司,广州战区,广东省区,中珠办,关店,专卖店,加盟,街铺,616346,171181477,15967982.0,6014314810849,181600,6291272,6601141376463669251,cover_C02551_3003375360067609559,,1,是
C02553,南宁市美味集餐饮管理有限公司南宁相思湖店,广东公司,南宁战区,广西省区,南宁办,关店,专柜店,加盟,,,,,,,,,,,1,是
C02555,温州黄龙店,浙江公司,杭州战区,福建省区,浙南办,正常营业,专卖店,加盟,街铺,25198388,1440523,15967959.0,6014010581849,181896,42453326,6601187631680194563,3002640757007393894,2026031311077000000115345346|xiniu_xgc_bgc,1,是
C02558,福州金源店,江西公司,福州战区,福建省区,福州办,关店,专卖店,加盟,街铺,4333506,162957316.0,,,,,,,,1,是
C02560,宁德益旺楼店,江西公司,福州战区,福建省区,闽北办,关店,专卖店,加盟,街铺,526845,526845,,,180875,41075458,,,,1,是
C02562,广州番禺长隆专卖店,广东公司,广州战区,广东省区,广佛办,关店,专柜店,加盟,街铺,5999069,,,,,,,,,1,是
C02563,宝安中心上合店,广东公司,深圳战区,广东省区,宝安办,关店,专卖店,加盟,街铺,370385,1379909,,,179499,51899791,,,,1,是
C02566,龙岗区美天百货店,广东公司,深圳战区,广东省区,龙岗办,关店,专卖店,加盟,街铺,19201136,2043133266,16638061.0,6014160167849,179451,78784841,6601152276088227853,6724909544131532883,,1,是
C02567,盐田广富店,广东公司,深圳战区,广东省区,龙岗办,正常营业,专卖店,加盟,街铺,9614039,2043157954,14594559.0,6014172051849,179481,5387091,6601174618701039629,3001868366151328838,2026032111077000000115420208|xiniu_xgc_bgc,1,是
C02568,中山天福源店,广东公司,广州战区,广东省区,中珠办,关店,专卖店,加盟,街铺,5713983,171191733,,6014264115849,182096,89197653,6601219298302101512,3002554274389532973,,1,是
C02569,东莞金阳店,广东公司,东莞战区,广东省区,东莞办,关店,专卖店,加盟,街铺,2677545,1379872,,6014146528849,180915,92176802,6601202844731181064,,,1,是
C02570,东莞中堂宏铭广场店,广东公司,东莞战区,广东省区,东莞办,关店,专卖店,加盟,街铺,2136855,,,,194542,,,,,1,是
C02571,南宁锦钰城专卖店,广东公司,南宁战区,广西省区,南宁办,关店,专柜店,加盟,街铺,7809871,,,,,1641766900,,,,1,是
C02578,宝安石岩如意路专卖店,广东公司,深圳战区,广东省区,宝安办,关店,专卖店,加盟,街铺,3710305,161076159,,6016577928849,218642,84943349,6674062740522272775,6724909293795593599,,1,是
C02580,龙岗区坪山创景路店,广东公司,深圳战区,广东省区,龙岗办,关店,专柜店,加盟,街铺,3047512,150058067,,6014162831849,210627,169487210,,,,1,是
C02583,东莞长盛广场,广东公司,东莞战区,广东省区,东莞办,正常营业,专卖店,加盟,街铺,331484,1379890,15905470.0,6015267249849,181548,52231015,6601162180656105479,3003026121074549825,2026032111077000000115441200|xiniu_xgc_bgc,1,是
C02585,东莞宏伟,广东公司,东莞战区,广东省区,东莞办,关店,专卖店,加盟,街铺,1334134,1379878,,6014147909849,181557,178913961,7241832033930971194,3003832893123011335,,1,是
C02586,东莞银龙店,广东公司,东莞战区,广东省区,东莞办,关店,专卖店,加盟,街铺,1182428,2043482952,,,180907,5853031,,,,1,是
C02587,东莞凤岗祥新中路店,广东公司,东莞战区,广东省区,东莞办,关店,专卖店,加盟,街铺,,,,,,,,,,1,是
C02588,东莞石龙汇星广场店,广东公司,东莞战区,广东省区,东莞办,关店,专卖店,加盟,街铺,2004448,2123121648,,6014139956849,199677,138109285,6601151094791866382,6724909544064545490,,1,是
C02592,温州易初莲花超市店,浙江公司,杭州战区,福建省区,浙南办,关店,专柜店,加盟,商超,,,,,,,,,,1,是
C02595,福州海润店,江西公司,福州战区,福建省区,福州办,关店,专卖店,加盟,街铺,3153903,568071,,6014013466849,179317,4615378,,,,1,是
C02597,福州闽侯南屿店,江西公司,福州战区,福建省区,福州办,关店,专卖店,加盟,街铺,,,,,,,,,,1,是
C02598,福州井大路店,江西公司,福州战区,福建省区,福州办,关店,专卖店,加盟,街铺,,,,,,,,,,1,是
C02600,宝安区上星店,广东公司,深圳战区,广东省区,宝安办,关店,专卖店,加盟,街铺,24622135,518173,16130441.0,6014165408849,200358,71368936,6601258661601871885,3003145493614634235,2026031311077000000115253368|xiniu_xgc_bgc,1,是
C02601,龙岗可园店专卖店,广东公司,深圳战区,广东省区,龙岗办,关店,专卖店,加盟,街铺,9773564,501304861,,6014377702849,600026,1850642257,6845567451619411976,,,1,是
C02603,宝安清湖地铁C专卖店,广东公司,深圳战区,广东省区,宝安办,关店,专卖店,加盟,交通枢纽,,,,,,170015255,,,,1,是
C02605,龙岗区布吉西环店,广东公司,深圳战区,广东省区,龙岗办,关店,专卖店,加盟,,,,,,,,,,,1,是
C02608,梅州兴宁市贵中万兴店,广东公司,东莞战区,广东省区,惠汕办,关店,专卖店,加盟,街铺,1140188,171404367,,6014316105849,201418,52737550,,,,1,是
C02610,湛江丽悦新天专卖店,广东公司,广州战区,广东省区,中珠办,关店,专卖店,加盟,街铺,11679388,502818408,,6014316101849,600772,90458981,7133085906718623780,3002463290806969132,,1,是
C02611,宝安固戍地铁A专卖店,广东公司,深圳战区,广东省区,宝安办,关店,专卖店,加盟,交通枢纽,4291339,161752397,,,253471,193151557,,,,1,是
C02613,温州巨溪店,浙江公司,杭州战区,福建省区,浙南办,关店,专卖店,加盟,,,,,,,,,,,1,是
C02615,温州金瓯店,浙江公司,杭州战区,福建省区,浙南办,关店,专卖店,加盟,街铺,533977,355447,,,180834,51134846,,,,1,是
C02617,福州福清加洲城店,江西公司,福州战区,福建省区,福州办,正常营业,专卖店,加盟,街铺,10699571,501460858,15905482.0,6014010469849,180844,1054387754,6601151059647793155,3003133767383589832,2025112011077000000113669745|xiniu_xgc_bgc,1,是
C02618,福州三盛店,江西公司,福州战区,福建省区,福州办,关店,专卖店,加盟,,,,,,,,,,,1,是
C02625,福田区下沙,广东公司,深圳战区,广东省区,龙岗办,关店,专卖店,加盟,街铺,318495,1030672,14594556.0,6014171930849,179463,41507223,6994680805519788069,3002804745684198448,,1,是
C02628,梅州五华安流专卖店,广东公司,东莞战区,广东省区,惠汕办,关店,专卖店,加盟,街铺,3574235,171404368,,6014264134849,218718,165043108,6601141268674250766,3002022742001849620,,1,是
C02629,惠州万信佳店,广东公司,东莞战区,广东省区,惠汕办,正常营业,专卖店,加盟,街铺,1911031,500978052,,6014224195849,181562,159254291,6601195638279374855,3001765396905038152,2026032111077000000115531119|xiniu_xgc_bgc,1,是
C02633,南宁西关路专卖店,广东公司,南宁战区,广西省区,南宁办,关店,专卖店,加盟,街铺,,,,,,,,,,1,是
C02635,美加美特供渠道,广东公司,南宁战区,广西省区,南宁办,关店,渠道店,加盟,特殊渠道,,,,,,,,,,1,是
C02638,广州易发步行街专卖店,广东公司,广州战区,广东省区,广佛办,关店,专柜店,加盟,街铺,,,,,,,,,,1,是
C02639,宝安南昌新村店,广东公司,深圳战区,广东省区,宝安办,关店,专卖店,加盟,街铺,11202496,386655,,6014293897849,195721,70916356,6601148217579014158,3002415516898075838,,1,是
C02641,宝安龙华元芬地铁专卖店,广东公司,深圳战区,广东省区,宝安办,关店,专卖店,加盟,交通枢纽,13692973,505289212,,6014378303849,329144,1107058379,7037323676798158879,,,1,是
C02643,龙岗区葵涌友田万家店,广东公司,深圳战区,广东省区,龙岗办,关店,专卖店,加盟,街铺,1505718,337553609,,6014314887849,181917,62628107,,,,1,是
C02645,韶关浈江风度名城专卖店,广东公司,广州战区,广东省区,广佛办,关店,专卖店,加盟,商超,4449539,,,6014251817849,202650,159083707,6601132945027631118,6724909544068313550,,1,是
C02646,惠州丽日店,广东公司,东莞战区,广东省区,惠汕办,关店,专卖店,加盟,商超,,,,,,,6917375187755206656,,,1,是
C02647,肇庆大旺广场店,广东公司,广州战区,广东省区,广佛办,正常营业,专卖店,加盟,街铺,3432145,500825106,14725254.0,6014299420849,181592,95420696,6601148828940765191,6724909455019613799,2026032111077000000115517140|xiniu_xgc_bgc,1,是
C02652,泉州南安仑苍店,江西公司,厦门战区,福建省区,闽南办,正常营业,专卖店,加盟,街铺,15428794,507412214,15861074.0,6014009364849,180866,979441131,6601142757295654919,,2025111911077000000113658680|xiniu_xgc_bgc,1,是
C02653,宝安福永凤凰山专卖店,广东公司,深圳战区,广东省区,宝安办,关店,专柜店,加盟,街铺,2552699,161891424,,6015119049849,195730,158892320,6601245420943312899,6724909544060155887,,1,是
C02655,宝安观澜景田专卖店,广东公司,深圳战区,广东省区,宝安办,关店,专柜店,加盟,街铺,3709891,157992517,,6014315480849,213505,,6621633017225938951,,,1,是
C02657,龙岗和磡路店,广东公司,深圳战区,广东省区,龙岗办,关店,专卖店,加盟,街铺,280339,361331.0,,6014260298849,179445.0,6417747.0,6601195762531436551,4003080266226738422,,1,是
C02659,湛江廉江沃尔玛专卖店,广东公司,广州战区,广东省区,中珠办,关店,专卖店,加盟,商超,156367416,156367416,,6014225581849,194546,158384385,,,,1,是
C02660,粤东河源龙川龙城店,广东公司,东莞战区,广东省区,惠汕办,关店,专卖店,加盟,街铺,1249399,501176308,,6014225944849,196879,1483786578,,,,1,是
C02661,东莞长安星港城店,广东公司,东莞战区,广东省区,东莞办,关店,专卖店,加盟,街铺,623531,234832,16189110.0,6014147908849,169534,42604767,6601191303571048452,6724909544105797224,,1,是
C02662,桂林商学院特渠,广东公司,南宁战区,广西省区,柳桂办,关店,渠道店,加盟,特殊渠道,,,,,185153,,,,,1,否
C02663,广西北海北京路专卖店,广东公司,南宁战区,广西省区,南宁办,关店,专柜店,加盟,商超,3133396,157242162,,,,160543445,,,,1,是
C02665,福州三八路店,江西公司,福州战区,福建省区,福州办,正常营业,专卖店,加盟,街铺,19204345,1200296204,15967950.0,6014012471849,179304,1797772848,6601197621719599112,3002743707201999895,2025111911077000000113722608|xiniu_xgc_bgc,1,是
C02666,厦门京华店,江西公司,厦门战区,福建省区,闽南办,关店,专卖店,加盟,,,,,,,,,,,1,是
C02668,泉州石狮沃尔玛店,江西公司,厦门战区,福建省区,闽南办,正常营业,专卖店,加盟,街铺,3362403,157532463,15968024.0,6014011282849,179256,162691692,6601177942645016583,3002285984346713579,2025111911077000000113729578|xiniu_xgc_bgc,1,是
C02669,漳州杜浔店,江西公司,厦门战区,福建省区,闽南办,关店,专卖店,加盟,街铺,336831948,336831948,,,189607,,,,,1,是
C02670,宝安公明西田专卖店,广东公司,深圳战区,广东省区,宝安办,关店,专柜店,加盟,街铺,7884514,502325149,17279858.0,6014173114849,320121,1902501489,6766132395470014477,3003082416222774205,2026032111077000000115508125|xiniu_xgc_bgc,1,是
C02671,福田区沃尔玛红岭店,广东公司,深圳战区,广东省区,龙岗办,关店,专柜店,加盟,商超,1021042,1294089,,,169525,942311123,,,,1,是
C02672,龙岗区爱联如意路,广东公司,深圳战区,广东省区,龙岗办,关店,专柜店,加盟,交通枢纽,16575862,500948656,,6014161752849,179472,6131769,6601139420257060871,6724909412602839412,,1,否
C02675,福田南园路爱华专卖店,广东公司,深圳战区,广东省区,龙岗办,关店,专卖店,加盟,街铺,9007507,2043900498,,,329137,1889843911,,,,1,是
C02676,罗湖区金稻田路专卖店,广东公司,深圳战区,广东省区,龙岗办,关店,专卖店,加盟,街铺,3469114,159273477,,6014383700849,218720,162992830,6601193292518393860,6724909346161322608,,1,是
C02678,梅州万达嘉荣专卖店,广东公司,东莞战区,广东省区,惠汕办,关店,专卖店,加盟,综合体,,,,,,163211556,,,,1,是
C02683,温州桥下恒大广场店,浙江公司,杭州战区,福建省区,浙南办,正常营业,专卖店,加盟,街铺,20306568,1779081,16383945.0,6014012994849,600639,41740970,6601197862430705678,3002097246840132088,2026031411077000000115296406|xiniu_xgc_bgc,1,是
C02686,福州渔溪中心街渠道店,江西公司,福州战区,福建省区,福州办,关店,专柜店,加盟,特殊渠道,,,,6014381156849,181899,1373871208,6601136466137450499,6724909544063081350,,1,是
C02687,直属南宁悦荟广场店,广东公司,南宁战区,广西省区,南宁办,关店,专柜店,直营,街铺,,,,,,,,,,1,是
C02688,河源老隆店,广东公司,东莞战区,广东省区,惠汕办,关店,专卖店,加盟,街铺,4832633,162850829,,6014226244849,199674,553942624,6767647730727798788,3001869134231576878,,1,是
C02690,龙岗区坂田店,广东公司,深圳战区,广东省区,龙岗办,正常营业,专卖店,加盟,街铺,18927120,511077246,14309306.0,6014315070849,179444,5255893,6847713674241525774,3003055791297435484,2026032111077000000115454182|xiniu_xgc_bgc,1,是
C02692,广州三元里卜蜂莲花专卖店,广东公司,广州战区,广东省区,广佛办,关店,专柜店,加盟,街铺,,,,,,981272981,,,,1,是
C02696,宝安区龙华市场专卖店,广东公司,深圳战区,广东省区,宝安办,关店,专卖店,加盟,街铺,,,,,,1233667739,,,,1,是
C02699,东莞长安沙头专卖店,广东公司,东莞战区,广东省区,东莞办,关店,专卖店,加盟,商超,4291532,143874960,,6014147230849,215094,1625720841,,,,1,是
C02700,南宁普罗旺斯店,广东公司,南宁战区,广西省区,南宁办,关店,专卖店,加盟,街铺,796014,502039192,,6014904438849,180594,73559817,6601195491348711428,,,1,是
C02701,揭阳同德路,广东公司,东莞战区,广东省区,惠汕办,关店,专卖店,加盟,街铺,4942829,2048031,,6014251831849,201431,5836722,,,,1,是
C02702,揭阳普宁新光店,广东公司,东莞战区,广东省区,惠汕办,关店,专卖店,加盟,街铺,9675526,2043663462,,,201435,,,,,1,是
C02703,福州建筑学院店,江西公司,福州战区,福建省区,福州办,关店,专卖店,加盟,街铺,22859800,343371,15905483.0,6014011070849,179276,51000482,7046990247388776489,3003733338727129113,,1,是
C02708,广州海珠华润万家专卖店,广东公司,广州战区,广东省区,广佛办,关店,专柜店,加盟,综合体,,,,,,1226562695,,,,1,是
C02710,龙岗平湖佳兆业专卖店,广东公司,深圳战区,广东省区,龙岗办,关店,专卖店,加盟,街铺,4724441,163078616,,6014260297849,179454,169317407,6601167822708049934,,,1,是
C02711,惠州惠东,广东公司,东莞战区,广东省区,惠汕办,关店,专卖店,加盟,街铺,,,,,,,,,,1,是
C02712,珠海夏湾店,广东公司,广州战区,广东省区,中珠办,正常营业,专卖店,加盟,街铺,405353,1220481,16019848.0,6014225845849,201306,50134894,6601164667198900227,6724909544133112135,2026032111077000000115466157|xiniu_xgc_bgc,1,是
C02719,龙岩火车站候车室店,江西公司,厦门战区,福建省区,闽南办,正常营业,专卖店,加盟,高势能,,,,,,,,,,1,是
C02721,宝安区东源,广东公司,深圳战区,广东省区,宝安办,关店,专柜店,加盟,街铺,1243505,2043104271,,6014173735849,181578,4999207,,,,1,是
C02725,龙岗区光雅,广东公司,深圳战区,广东省区,龙岗办,关店,专卖店,加盟,街铺,16052407,1125817755,,6014316164849,179446,52248576,7002801969551116318,6724909364856745063,,1,是
C02728,罗湖嘉里沃尔玛专卖店,广东公司,深圳战区,广东省区,龙岗办,关店,专卖店,加盟,综合体,,,,,,,,,,1,是
C02732,福州闽侯钱隆学府店,江西公司,福州战区,福建省区,福州办,关店,专卖店,加盟,,,,,,,,,,,1,是
C02739,泉州晋江泉安中路店,江西公司,厦门战区,福建省区,闽南办,正常营业,专卖店,加盟,街铺,621661,369838,15968009.0,6014010775849,179250,2144178,6601172392452556803,6724909358517433229,2025111911077000000113629680|xiniu_xgc_bgc,1,是
C02740,泉州晋江阳光城店,江西公司,厦门战区,福建省区,闽南办,关店,专卖店,加盟,街铺,2344489,155160342,,6014011284849,195149,157174922,,,,1,是
C02741,广州花都大华专卖店,广东公司,广州战区,广东省区,广佛办,关店,专卖店,加盟,街铺,15689410,507482650,,6014315408849,199263,160432132,6601201607386335245,6724909335316767753,,1,是
C02742,宝安民乐华润专卖店,广东公司,深圳战区,广东省区,宝安办,关店,专柜店,加盟,商超,4248607,,,,,165821640,,,,1,是
C02743,宝安置富广场专卖店,广东公司,深圳战区,广东省区,宝安办,关店,专柜店,加盟,街铺,,,,,,163210263,,,,1,是
C02747,龙岗区君盛百货店,广东公司,深圳战区,广东省区,龙岗办,关店,专柜店,加盟,街铺,873084,1012432,,,179483,96301995,,,,1,是
C02748,惠州新岸苑,广东公司,东莞战区,广东省区,惠汕办,关店,专卖店,加盟,,,,,,,5076261,,,,1,是
C02749,东莞黎贝岭店,广东公司,东莞战区,广东省区,东莞办,关店,专卖店,加盟,街铺,1228545,1379859,,6014151514849,181542,73489497,,,,1,是
C02750,东莞塘厦塘龙路店,广东公司,东莞战区,广东省区,东莞办,关店,专卖店,加盟,街铺,3779745,507366596,,6014139852849,192970,164129980,6601149769383413763,3001970464557699135,,1,是
C02752,温州鹿城大润发专卖店,浙江公司,杭州战区,福建省区,浙南办,关店,专卖店,加盟,综合体,,,,,,,,,,1,是
C02755,福州五四北店,江西公司,福州战区,福建省区,福州办,关店,专卖店,加盟,街铺,2931450,532533,,6014010978849,179301,159975158,7157999805262891040,3003153395991127299,,1,是
C02756,福州上三路店,江西公司,福州战区,福建省区,福州办,关店,专卖店,加盟,街铺,,,,,,,7222118895224784952,,,1,是
C02759,广州市桥,广东公司,广州战区,广东省区,广佛办,关店,专柜店,加盟,街铺,259083,500812518,,6014224999849,181609,634162,6601154183192135684,2162038281853494553,,1,是
C02765,龙岗南坑市场店,广东公司,深圳战区,广东省区,龙岗办,关店,专卖店,加盟,街铺,,,,,,52606252,,,,1,是
C02766,龙岗平湖万达专卖店,广东公司,深圳战区,广东省区,龙岗办,关店,专卖店,加盟,综合体,,,,,,616759,,,,1,是
C02768,惠州西湖公园,广东公司,东莞战区,广东省区,惠汕办,关店,专卖店,加盟,街铺,1864408,155798051,,,180904,128991325,,,,1,是
C02769,汕头两英龙岭路店,广东公司,东莞战区,广东省区,惠汕办,关店,专卖店,加盟,商超,7140703,156231439,,6014315412849,201520,166015706,6601149926267176967,6724909543918207136,,1,是
C02771,宝安大浪云峰路专卖店,广东公司,深圳战区,广东省区,宝安办,关店,专卖店,加盟,街铺,4195826,161705003,,,253467,165431585,,,,1,是
C02776,温州新桥店,浙江公司,杭州战区,福建省区,浙南办,关店,专卖店,加盟,,,,,,,,,,,1,是
C02777,福州新华都五四店,江西公司,福州战区,福建省区,福州办,关店,专柜店,加盟,商超,,,,,,,,,,1,是
C02778,福州福清融侨店,江西公司,福州战区,福建省区,福州办,关店,专卖店,加盟,街铺,,,,,,,,,,1,是
C02780,厦门金榜店,江西公司,厦门战区,福建省区,闽南办,关店,专卖店,加盟,,,,,,,,,,,1,是
C02781,厦门同安梧侣专卖店,江西公司,厦门战区,福建省区,闽南办,关店,专卖店,加盟,街铺,9466730,500712228,,6014013262849,181883,1991140931,6649923538289461256,3003091029295345009,,1,是
C02783,宝安区翻身路,广东公司,深圳战区,广东省区,宝安办,正常营业,专卖店,加盟,街铺,613509,668514,14317838.0,6015116066849,179497,6301623,6601203192237656068,6724909329077977887,2026032111077000000115483150|xiniu_xgc_bgc,1,是
C02785,宝安区大洋,广东公司,深圳战区,广东省区,宝安办,关店,专卖店,加盟,街铺,1318657,1398972,,6014391707849,179547,1841445093,6649184984613619719,3004283797567055913,,1,是
C02788,福田区梅林一村,广东公司,深圳战区,广东省区,龙岗办,关店,专柜店,加盟,街铺,,,,,,604267,,,,1,是
C02789,惠州白石家荣店,广东公司,东莞战区,广东省区,惠汕办,关店,专卖店,加盟,街铺,11679390,,,6014224995849,195711,1900694656,6601164533266384909,6724909544064758101,,1,是
C02790,珠海凤凰南路专卖店,广东公司,广州战区,广东省区,中珠办,关店,专卖店,加盟,街铺,218551,2043701946,,6014226255849,329103,1238536,7122807750110906405,6724909249561840096,,1,是
C02791,河源龙川东风路店,广东公司,东莞战区,广东省区,惠汕办,关店,专卖店,加盟,街铺,4770484,2043711391,,6014315409849,196881,69005519,6601143600795355150,3001735616574890372,,1,是
C02792,汕头潮南陈店专卖店,广东公司,东莞战区,广东省区,惠汕办,关店,专卖店,加盟,街铺,305001438,305001438,,,601061,,,,,1,是
C02793,台州椒江四店,浙江公司,杭州战区,福建省区,浙南办,关店,专卖店,加盟,街铺,2926419,156029609,,6014014983849,217243,158873283,6601151871602165764,4003059574067506558,,1,是
C02795,直属厦门湖里万达专卖店,江西公司,厦门战区,福建省区,直营组,关店,专柜店,直营,综合体,5059251,163078614,,6013965349849,270055,174856659,,,,1,是
C02798,福州金榕北路专卖店,江西公司,福州战区,福建省区,福州办,关店,专卖店,加盟,商超,,,,,,,,,,1,是
C02805,宝安区固戍地铁店,广东公司,深圳战区,广东省区,宝安办,正常营业,专卖店,加盟,交通枢纽,613513,1532208,15678871.0,6014410500849,179496,725038204,6641826255090010119,,,1,是
C02806,宝安观澜新天地店,广东公司,深圳战区,广东省区,宝安办,关店,专卖店,加盟,,,,,,,,,,,1,是
C02807,福田新洲七街店,广东公司,深圳战区,广东省区,龙岗办,正常营业,专卖店,加盟,街铺,3153187,157817255,14876895.0,6014156774849,209611,40299016,7133443371648944131,6724909371544488965,2026032111077000000115442172|xiniu_xgc_bgc,1,是
C02808,龙岗怡苑店,广东公司,深圳战区,广东省区,龙岗办,关店,专卖店,加盟,,,,,,,,,,,1,是
C02810,福田水围店,广东公司,深圳战区,广东省区,龙岗办,正常营业,专卖店,加盟,街铺,5806525,166991251,15122755.0,6014173544849,283663,4324786,7167187253884635171,3002475011569816169,2026032111077000000115454181|xiniu_xgc_bgc,1,是
C02812,佛山盈信广场店,广东公司,广州战区,广东省区,广佛办,关店,专卖店,加盟,街铺,,,,,,91992379,,,,1,是
C02813,粤东龙川壹号店,广东公司,东莞战区,广东省区,惠汕办,正常营业,专卖店,加盟,街铺,625074,155551787,,6014295621849,196882,77986200,6601144810474588167,3002820533485342934,,1,是
C02815,东莞长安明珠店,广东公司,东莞战区,广东省区,东莞办,关店,专柜店,加盟,街铺,754769,154352877,,6014142680849,180911,4975182,6601159409567533069,,,1,是
C02816,东莞塘厦华润专卖店,广东公司,东莞战区,广东省区,东莞办,关店,专卖店,加盟,商超,,,,,,,,,,1,是
C02818,福州汇达广场店,江西公司,福州战区,福建省区,福州办,关店,专卖店,加盟,街铺,,,,,,,,,,1,是
C02823,三明将乐店,江西公司,福州战区,福建省区,闽北办,关店,专卖店,加盟,街铺,19396859,169641711,,6014416750849,201018,64801473,6601138866671863821,3003090777295332329,,1,是
C02825,三明尤溪汽车站店,江西公司,福州战区,福建省区,福州办,关店,专卖店,加盟,交通枢纽,1185806,,,,,,,,,1,是
C02826,广州白云雄洲城店,广东公司,广州战区,广东省区,广佛办,正常营业,专卖店,加盟,街铺,2931438,164160241,15494836.0,6014224887849,192965,126542132,6601243212625479687,6724909436529953771,2026032111077000000115480157|xiniu_xgc_bgc,1,是
C02828,福田区竹子林,广东公司,深圳战区,广东省区,龙岗办,关店,专卖店,加盟,街铺,19534528,1310752,,6014176108849,179466,614214,6601194216443873283,3002307972241728091,,1,是
C02829,龙岗富源店,广东公司,深圳战区,广东省区,龙岗办,关店,专卖店,加盟,街铺,1631006,1848551,14594549.0,6014160381849,181912,119190101,6601197208794564621,3002782873748942209,,1,是
C02830,罗湖区翠竹华润店,广东公司,深圳战区,广东省区,龙岗办,关店,专柜店,加盟,商超,1283957,1293604,,,169521,70916581,,,,1,是
C02831,茂名银湖商业街专卖店,广东公司,广州战区,广东省区,中珠办,关店,专卖店,加盟,街铺,9990716,,,,600049,,,,,1,是
C02832,梅州梅水路专卖店,广东公司,东莞战区,广东省区,惠汕办,关店,专卖店,加盟,商超,3800105,159181032,,6014268526849,219023,164267097,6601152069661362180,6724909544106845020,,1,是
C02833,汕头龙湖长江路专卖店,广东公司,东莞战区,广东省区,惠汕办,关店,专卖店,加盟,街铺,,,,,,150375889.0,,,,1,是
C02835,佛山华远,广东公司,广州战区,广东省区,广佛办,关店,专卖店,加盟,街铺,301544,336824342,14725174.0,6014225570849,181617,41132740,6601196358747555853,3003628511378154102,2026032011077000000115499097|xiniu_xgc_bgc,1,是
C02837,温州柳市东风路店,浙江公司,杭州战区,福建省区,浙南办,正常营业,专卖店,加盟,街铺,28298073,249508,15967962.0,6014011813849,180833,2638572,6601143226432751619,3002635308181758419,,1,是
C02838,福州东方店,江西公司,福州战区,福建省区,福州办,关店,专卖店,加盟,商超,2931457,936118,,,179356,2755360,,,,1,是
C02839,福州闽侯白沙店,江西公司,福州战区,福建省区,福州办,关店,专卖店,加盟,街铺,14387731,,,,179225,108398251,,,,1,是
C02840,福州闽侯甘蔗二店,江西公司,福州战区,福建省区,福州办,关店,专卖店,加盟,,,,,,,,,,,1,是
C02841,厦门集美后溪店,江西公司,厦门战区,福建省区,闽南办,关店,专卖店,加盟,,,,,,,,,,,1,是
C02842,厦门同安乐海店,江西公司,厦门战区,福建省区,闽南办,正常营业,专卖店,加盟,街铺,19794949,936092,15967984.0,6014011385849,180863,756628757,6601156669235791880,,2025111911077000000113663665|xiniu_xgc_bgc,1,是
C02843,漳州云霄店,江西公司,厦门战区,福建省区,闽南办,关店,专卖店,加盟,街铺,1939447,172424513,,6014010478849,181887,569132777,6601144790220277764,,,1,是
C02845,三明永安佳洁超市店,江西公司,福州战区,福建省区,福州办,关店,专柜店,加盟,商超,,,,,,,,,,1,是
C02847,龙岗区福庆店,广东公司,深圳战区,广东省区,龙岗办,关店,专卖店,加盟,街铺,3019467,2043133253,,6014162832849,201301,89414319,,,,1,是
C02848,龙岗区锦泰百货店,广东公司,深圳战区,广东省区,龙岗办,关店,专卖店,加盟,街铺,3670732,161891413,,6014173117849,181913,163513477,6601255686187780109,6724909349030420572,,1,是
C02849,龙岗区坂田荔园店,广东公司,深圳战区,广东省区,龙岗办,正常营业,专卖店,加盟,街铺,866887,959347,14309305.0,6014314974849,179447,96774015,6601129505148897284,3002884548512129328,2026032011077000000115499095|xiniu_xgc_bgc,1,是
C02850,龙岗区熙景城专卖店,广东公司,深圳战区,广东省区,龙岗办,关店,专卖店,加盟,街铺,1538137,2042930258,,,179441,115450590,,,,1,是
C02851,南山登良专卖店,广东公司,深圳战区,广东省区,宝安办,关店,专卖店,加盟,街铺,,,,,,162871804,,,,1,是
C02852,惠州淡水开城天虹店,广东公司,东莞战区,广东省区,惠汕办,关店,专卖店,加盟,综合体,637567,,,,,,,,,1,是
C02853,珠海香洲兴业路专卖店,广东公司,广州战区,广东省区,中珠办,关店,专卖店,加盟,街铺,5059258,166795596,,,201572,175465900,,,,1,是
C02855,珠海九洲城得一专卖店,广东公司,广州战区,广东省区,中珠办,关店,专卖店,加盟,街铺,,,,,,982605236,,,,1,是
C02857,东莞长安洋阳店,广东公司,东莞战区,广东省区,东莞办,关店,专卖店,加盟,,,,,,,50845377.0,,,,1,是
C02858,东莞桥头大和百货专卖店,广东公司,东莞战区,广东省区,东莞办,关店,专柜店,加盟,街铺,3952184,161775691,16638097.0,6014132578849,181541,164609218,6601205748829538318,6724909364684591622,,1,是
C02859,温州动车南站专卖店,浙江公司,杭州战区,福建省区,浙南办,关店,专卖店,加盟,高势能,,,,,,,,,,1,是
C02860,温州洞头新城店,浙江公司,杭州战区,福建省区,浙南办,关店,专柜店,加盟,街铺,8398913,157561894,,,209599,174250691,,,,1,是
C02863,漳州南昌中路店,江西公司,厦门战区,福建省区,闽南办,关店,专卖店,加盟,街铺,,,,,,,,,,1,是
C02866,罗湖泥岗金碧路店,广东公司,深圳战区,广东省区,龙岗办,正常营业,专卖店,加盟,街铺,17716668,526805253,14876896.0,6014412105849,181918,614221,6601196690298898445,3002998693925299295,2026031611077000000115238661|xiniu_xgc_bgc,1,是
C02867,龙岗吉祥地铁站专卖店,广东公司,深圳战区,广东省区,龙岗办,关店,专柜店,加盟,交通枢纽,,,,,,,,,,1,是
C02870,广州华润龙洞专卖店,广东公司,广州战区,广东省区,广佛办,关店,专柜店,加盟,商超,4832739,162850854,,,180898,116630771,,,,1,是
C02871,东莞星城店,广东公司,东莞战区,广东省区,东莞办,关店,专卖店,加盟,街铺,,,,,,,6601145345239959556,,,1,是
C02872,东莞樟木头地王店,广东公司,东莞战区,广东省区,东莞办,正常营业,专卖店,加盟,街铺,1145459,1379876,15905515.0,6014151515849,181545,96918038,6601175837247014920,6724909544112966288,2026031311077000000115279349|xiniu_xgc_bgc,1,是
C02875,温州平阳鳌江万达店,浙江公司,杭州战区,福建省区,浙南办,关店,专柜店,加盟,综合体,,,,,,,,,,1,是
C02877,福州医科大学店,江西公司,福州战区,福建省区,福州办,关店,专卖店,加盟,街铺,,,,,,,,,,1,是
C02878,福州永泰三狮店,江西公司,福州战区,福建省区,福州办,关店,专柜店,加盟,商超,502073007,502073007,,,200988,,,,,1,是
C02880,厦门林后店,江西公司,厦门战区,福建省区,闽南办,关店,专卖店,加盟,街铺,311491,341438,,,180860,5088870,,,,1,是
C02882,宁德古田鹤塘店,江西公司,福州战区,福建省区,闽北办,正常营业,专卖店,加盟,街铺,10702544,337054449,17210597.0,6014417511849,180886,162199273,6601149117890562055,6724909544071480343,2026031211077000000115386127|xiniu_xgc_bgc,1,是
C02883,莆田仙游店,江西公司,福州战区,福建省区,福州办,关店,专卖店,加盟,,,,,,179229,,,,,1,是
C02887,广州番禺繁华路店,广东公司,广州战区,广东省区,广佛办,关店,专柜店,加盟,街铺,1172608,503283,,6014225324849,182095,51157175,,,,1,是
C02888,宝安民治地铁专卖店,广东公司,深圳战区,广东省区,宝安办,关店,专卖店,加盟,交通枢纽,1952737,2273392,,6014175902849,185158,150238522,,,,1,是
C02889,龙岗区平湖西路,广东公司,深圳战区,广东省区,龙岗办,正常营业,专卖店,加盟,街铺,1477574,2043173179,14594544.0,6014334147849,179450,4878315,6601133736878671885,4003104823446348674,2026032011077000000115532065|xiniu_xgc_bgc,1,是
C02890,罗湖区深圳火车站,广东公司,深圳战区,广东省区,龙岗办,关店,专柜店,加盟,高势能,384337,161752398,,,321593,164795064,,,,1,是
C02892,惠州惠汕路店,广东公司,东莞战区,广东省区,惠汕办,正常营业,专卖店,加盟,街铺,624600,2043128914,15905993.0,6014315100849,199673,6478044,6601178737583081475,6724909544112974112,,1,是
C02893,汕头和平店,广东公司,东莞战区,广东省区,惠汕办,正常营业,专卖店,加盟,街铺,13285416,141578997,,6014225943849,201478,1567835235,6601186047365744644,4003221959840274228,,1,是
C02898,东莞绿荷居店,广东公司,东莞战区,广东省区,东莞办,关店,专卖店,加盟,街铺,1371269,406501,,6014147910849,180910,110515204,6601196444617541636,6724909519155299969,,1,否
C02903,福州财茂店,江西公司,福州战区,福建省区,福州办,关店,专卖店,加盟,街铺,19739930,,,6014011246849,179322,cover_C02903_92057860,6601196878837057539,3002760120994735233,,1,是
C02909,厦门思明牛庄店,江西公司,厦门战区,福建省区,闽南办,关店,专卖店,加盟,综合体,6046549,158785513,,6014010777849,221273,162990943,,,,1,是
C02915,宝安区同富裕,广东公司,深圳战区,广东省区,宝安办,关店,专柜店,加盟,街铺,1281233,,,6015240924849,179487,8077696,,,,1,是
C02916,宝安区石岩创维店,广东公司,深圳战区,广东省区,宝安办,正常营业,专卖店,加盟,特殊渠道,13385552,2078232752,,6014316162849,181569,6330156,6920713880003938319,3002577938288971829,,1,是
C02917,宝安桥头专卖店,广东公司,深圳战区,广东省区,宝安办,关店,专卖店,加盟,街铺,2019021,150058062,,6014340035849,190700,150029099,7167213530721355783,6724909544115629051,,1,是
C02918,福田区同心店,广东公司,深圳战区,广东省区,龙岗办,关店,专卖店,加盟,街铺,404128,479787,,6014314977849,179456,61446720,6601131814889195524,6724909437957626623,,1,是
C02919,龙岗区三联村,广东公司,深圳战区,广东省区,龙岗办,正常营业,专卖店,加盟,街铺,512994,2043173192,14594566.0,6014162830849,179452,4532839,6938893551719680015,2161855746966989418,2026032011077000000115523058|xiniu_xgc_bgc,1,是
C02921,汕头峡山,广东公司,东莞战区,广东省区,惠汕办,关店,专卖店,加盟,,,,,,,,,,,1,是
C02922,佛山罗村金盛广场专卖店,广东公司,广州战区,广东省区,广佛办,关店,专卖店,加盟,商超,3754152,500732979,,6014314901849,213509,164109315,7034366814415128589,3002337773898214886,,1,是
C02923,清远佛冈振兴店,广东公司,广州战区,广东省区,广佛办,正常营业,专卖店,加盟,街铺,1722539,143754762,14725165.0,6014226137849,182973,915953147,6601144433482156040,3002814958943016145,2025111911077000000113750172|xiniu_xgc_bgc,1,是
C02925,东莞横沥瑞康店,广东公司,东莞战区,广东省区,东莞办,正常营业,专卖店,加盟,街铺,3447741,500825692,16383967.0,6014139073849,181539,80763986,6601197037591463949,2161837017159799540,,1,是
C02927,揭阳普宁东埔店,广东公司,东莞战区,广东省区,惠汕办,关店,专卖店,加盟,,,,,,,,,,,1,是
C02928,福州长乐漳港店,江西公司,福州战区,福建省区,福州办,关店,专卖店,加盟,街铺,23896997,1933796,,6014010957849,201008,cover_C02928_1637768004,,,,1,是
C02932,厦门殿前壹店,江西公司,厦门战区,福建省区,闽南办,关店,专卖店,加盟,,,,,,,,,,,1,是
C02933,厦门假日商城店,江西公司,厦门战区,福建省区,闽南办,正常营业,专卖店,加盟,街铺,410437,419014,15861076.0,6014009898849,179261,62434285,6601209325924927491,3002597165958206710,2026031211077000000115356176|xiniu_xgc_bgc,1,是
C02936,广州钟落潭,广东公司,广州战区,广东省区,广佛办,关店,专卖店,加盟,街铺,613552,1799246,14725163.0,6014225687849,181615,5941211,6601137291232544776,6724909393811913956,2026032011077000000115488078|xiniu_xgc_bgc,1,是
C02937,宝安沙井形色城专卖店,广东公司,深圳战区,广东省区,宝安办,关店,专柜店,加盟,综合体,2660410,156208422,,,195716,156844875,,,,1,是
C02938,宝安松岗华润专卖店,广东公司,深圳战区,广东省区,宝安办,关店,专柜店,加盟,街铺,4460302,156822659,14876900.0,6014176103849,215095,842978267,6601147679797938190,3004266287820776774,,1,是
C02939,福田家乐福新洲专卖店,广东公司,深圳战区,广东省区,龙岗办,关店,专卖店,加盟,商超,,,,,,1145976303,,,,1,是
C02941,珠海明珠天虹专卖店,广东公司,广州战区,广东省区,中珠办,关店,专卖店,加盟,商超,4832746,161858452,,6014315702849,181599,171882258,6601185883439761415,6724909294403761176,,1,是
C02943,粤东沿江东岸店,广东公司,东莞战区,广东省区,惠汕办,正常营业,专卖店,加盟,街铺,625072,155679615,15968025.0,6014225472849,199669,781427105,6601138501591238664,3001876872238569208,,1,是
C02946,南宁华成都市店,广东公司,南宁战区,广西省区,南宁办,关店,专卖店,加盟,街铺,796043,918615,16384117.0,6014893328849,180596,72550412,6601201168909600776,3002749275983752470,,1,是
C02951,阳江三环路专卖店,广东公司,广州战区,广东省区,中珠办,关店,专卖店,加盟,综合体,,,,,,,,,,1,是
C02952,福州金康店,江西公司,福州战区,福建省区,福州办,关店,专卖店,加盟,,,,,,,,,,,1,是
C02953,福州福屿2店,江西公司,福州战区,福建省区,福州办,关店,专卖店,加盟,街铺,24033972,569750,,,179285,79057243,,,,1,是
C02955,厦门北BRT专卖店,江西公司,厦门战区,福建省区,闽南办,关店,专卖店,加盟,高势能,,,,,,,,,,1,是
C02956,宁德霞浦太康店,江西公司,福州战区,福建省区,闽北办,关店,专卖店,加盟,街铺,12823420,794963,,6014417613849,180879,1545834531,6601157583468251149,6724909544064041317,,1,是
C02957,厦门SM城市广场专卖店,江西公司,厦门战区,福建省区,闽南办,关店,专柜店,加盟,街铺,,,,,,,,,,1,是
C02958,广州深圳聚辉仁贸易,广东公司,广州战区,广东省区,广佛办,关店,专柜店,加盟,商超,4047716,,,6014225768849,192966,157375932.0,,,,1,是
C02961,宝安西乡黄田专卖店,广东公司,深圳战区,广东省区,宝安办,关店,专卖店,加盟,街铺,17197011,157638908,14594571.0,6014377704849,,75758932,6601192043563714568,6724909331065011487,,1,是
C02963,南山区珠光,广东公司,深圳战区,广东省区,宝安办,关店,专卖店,加盟,街铺,882682,982376,,6014314985849,179504,88194520,7142762105068849165,,,1,是
C02967,中山古镇盛达广场专卖店,广东公司,广州战区,广东省区,中珠办,关店,专卖店,加盟,综合体,17282810,,,6014225041849,194556,52808632,7039577648741238797,3002378803726258628,,1,否
C02968,东莞世纪广场,广东公司,东莞战区,广东省区,东莞办,关店,专柜店,加盟,街铺,1827360,,,6014140059849,196864,2236052,,,,1,是
C02970,直属福州福清工厂店,江西公司,福州战区,福建省区,直营组,关店,专卖店,直营,街铺,17563192,302239938,,6013966012849,164901,1494274951,6601143099290814467,,2025112011077000000113691742|xiniu_xgc_bgc,1,是
C02972,泉州晋江时代广场店,江西公司,厦门战区,福建省区,闽南办,关店,专柜店,加盟,商超,2625192,152309048.0,,6014013254849,189606.0,159140439.0,,,,1,是
C02973,广州大涌店,广东公司,广州战区,广东省区,广佛办,关店,专柜店,加盟,街铺,3113467,500804290,,6014251827849,201569,6925195,6601192820013271044,6724909373994172030,,1,是
C02976,宝安应人石村店,广东公司,深圳战区,广东省区,宝安办,关店,专卖店,加盟,,,,,,,,,,,1,是
C02977,福田中心家乐福专卖店,广东公司,深圳战区,广东省区,龙岗办,关店,专柜店,加盟,商超,,,,,,5994982,,,,1,是
C02978,惠州陈江店,广东公司,东莞战区,广东省区,惠汕办,关店,专卖店,加盟,街铺,1866253,154890437,16638100.0,6014301418849,196884,5171266,7133045130915514399,3002804585825053988,,1,是
C02979,湛江城市广场店,广东公司,广州战区,广东省区,中珠办,关店,专卖店,加盟,街铺,,,,,,89478421,,,,1,是
C02980,中山石岐大信专卖店,广东公司,广州战区,广东省区,中珠办,关店,专卖店,加盟,综合体,158525659,158525659,,,,,,,,1,是
C02981,南宁市美味集餐饮管理有限公司南宁圭贝路店,广东公司,南宁战区,广西省区,南宁办,关店,专卖店,加盟,,1245995,,,,180608,,,,,1,是
C02983,温州东方店,浙江公司,杭州战区,福建省区,浙南办,关店,专卖店,加盟,街铺,17851468,936141.0,,6014012992849,179241.0,41230131.0,6601195663646525453,6724909544061906926,,1,是
C02985,福州丞相路店,江西公司,福州战区,福建省区,福州办,关店,专卖店,加盟,街铺,,,,,179314,,,,,1,是
C02987,宁德屏南专卖店,江西公司,福州战区,福建省区,闽北办,关店,专卖店,加盟,街铺,5630245,500826829,,,180884,79171870,,,,1,是
C02988,宁德福鼎海口店,江西公司,福州战区,福建省区,闽北办,关店,专卖店,加盟,街铺,780890,780890,,,201206,,,,,1,是
C02989,泉州南安民主店,江西公司,厦门战区,福建省区,闽南办,关店,专卖店,加盟,街铺,8943462,,,6014011383849,181882,162672731,6601169150578526211,6724909544119327216,,1,是
C02991,宝安区西头市场,广东公司,深圳战区,广东省区,宝安办,关店,专卖店,加盟,街铺,4150720,,,,,,,,,1,是
C02992,宝安区公明佳华店,广东公司,深圳战区,广东省区,宝安办,关店,专卖店,加盟,街铺,2318842,162850838,,6014161571849,179503,,cover_C02992_6601181412898899976,,,1,是
C02996,宝安和平中心专卖店,广东公司,深圳战区,广东省区,宝安办,关店,专卖店,加盟,街铺,3756684,161252099,,6015115052849,213506,75008414,6768139218742003715,6724909544059902918,,1,是
C02997,龙岗区金沙摩尔店,广东公司,深圳战区,广东省区,龙岗办,关店,专卖店,加盟,街铺,1583084,1308520,14309304.0,6014172049849,179482,91930318,6601146371653240839,6724909426390307186,2026032011077000000115452102|xiniu_xgc_bgc,1,是
C02998,南山区洲石专卖店,广东公司,深圳战区,广东省区,宝安办,关店,专卖店,加盟,街铺,2114085,156206683,,,,,,,,1,是
C02999,盐田区沙头角,广东公司,深圳战区,广东省区,龙岗办,关店,专卖店,加盟,街铺,1216675,502921565,,,257672,6271699,,,,1,是
C03001,珠海横琴专卖店,广东公司,广州战区,广东省区,中珠办,关店,专卖店,加盟,街铺,2625206,156257519,,6014225047849,210965,cover_C03001_159163700,cover_C03001_6601272070313609229,3002810821635321326,,1,是
C03002,直属厦门中闽百汇火车站2店,江西公司,厦门战区,福建省区,闽南办,关店,专柜店,直营,高势能,,,,,,,,,,1,是
C03003,福州长乐步行街店,江西公司,福州战区,福建省区,福州办,关店,专卖店,加盟,街铺,600826,936133,,6014391788849,181903,4112084,6601168944327837710,2162002863673946202,2026031211077000000115367158|xiniu_xgc_bgc,1,是
C03006,福州罗源滨海店,江西公司,福州战区,福建省区,福州办,正常营业,专卖店,加盟,街铺,2175995,152147694,,6014012352849,200986,156693994,6633891067269744653,2161918791711923379,,1,是
C03007,宁德古田林盛店,江西公司,福州战区,福建省区,闽北办,关店,专卖店,加盟,街铺,3551461,157139409,,6014384946849,216518,163210143,6601162128063727624,6724909544073361589,,1,是
C03009,泉州德化二店,江西公司,厦门战区,福建省区,闽南办,正常营业,专卖店,加盟,街铺,17732032,503076093,16383971.0,6014706785849,179260,41185828,6601181252978477064,6724909544117683037,2025111911077000000113661674|xiniu_xgc_bgc,1,是
C03010,直属惠州好宜多店,广东公司,东莞战区,广东省区,惠汕办,关店,专卖店,直营,综合体,,,,,,,,,,1,是
C03012,广州花都区太子步行街店,广东公司,广州战区,广东省区,广佛办,关店,专柜店,加盟,街铺,3049345,500682258,,6014314804849,169539,41200637,6601199142825904132,,,1,是
C03013,龙岗区天虹,广东公司,深圳战区,广东省区,龙岗办,正常营业,专卖店,加盟,商超,3551448,517045048,17592439.0,6014156773849,201756,617090,6601221424340289540,,,1,是
C03017,南山区依山伴云店,广东公司,深圳战区,广东省区,宝安办,关店,专卖店,加盟,街铺,475300,2181244,,6015118979849,201288,177274079,7548383462097422355,6724909544058838898,2026031311077000000115336289|xiniu_xgc_bgc,1,是
C03019,珠海口岸专卖店,广东公司,广州战区,广东省区,中珠办,关店,专卖店,加盟,街铺,,,,,213512,,,,,1,是
C03020,佛山玉器街店,广东公司,广州战区,广东省区,广佛办,正常营业,专卖店,加盟,街铺,1158330,500812512,17146734.0,6014315016849,194549,5856371,6601192202028713991,4003065481945162291,2026032011077000000115548018|xiniu_xgc_bgc,1,是
C03021,揭阳市惠来惠城店,广东公司,东莞战区,广东省区,惠汕办,关店,专卖店,加盟,街铺,,,,,201433,,,,,1,是
C03022,温州苍南灵溪店,浙江公司,杭州战区,福建省区,浙南办,关店,专卖店,加盟,街铺,14387744,617792,,6014014700849,179244,,,,,1,是
C03023,福州浦上店,江西公司,福州战区,福建省区,福州办,关店,专卖店,加盟,街铺,3397152,147103006,,6014010049849,179275,40313409,,3002710948085141691,,1,是
C03025,福州连江衙门店,江西公司,福州战区,福建省区,福州办,关店,专柜店,加盟,综合体,2931455,146371666,,6014011375849,198657,159990086,6601201440595642382,2161751338734323011,,1,是
C03026,福州永泰冠景店,江西公司,福州战区,福建省区,福州办,关店,专卖店,加盟,街铺,,,,,,,,,,1,是
C03027,厦门海沧阿罗海店,江西公司,厦门战区,福建省区,闽南办,关店,专柜店,加盟,商超,12592929,150882835,,,180856,51540160,,,,1,是
C03028,宁德福鼎太姥山店,江西公司,福州战区,福建省区,福州办,关店,专卖店,加盟,,,,,,,,,,,1,是
C03029,莆田仙游榜头店,江西公司,福州战区,福建省区,福州办,关店,专卖店,加盟,街铺,900670,167691366,,6014412949849,179232,cover_C03029_96415210,6601156081102096391,6724909449930437100,,1,是
C03031,宝安区塘下涌,广东公司,深圳战区,广东省区,宝安办,正常营业,专卖店,加盟,街铺,613527,155336799,14594551.0,6014315372849,195720,5366578,6601149433394497549,4003318479735071848,2026032011077000000115522048|xiniu_xgc_bgc,1,是
C03032,福田区景田,广东公司,深圳战区,广东省区,龙岗办,关店,专卖店,加盟,街铺,18486051,1810051,,6014225394849,181621,113330214,6601245776339273736,＇6724909544066437082,,1,是
C03033,龙岗区中信龙盛广场店,广东公司,深圳战区,广东省区,龙岗办,正常营业,专卖店,加盟,街铺,24558516,521415247,15122781.0,6014175905849,179479,40430371,6601143705711691789,3002590811985355988,,1,是
C03035,南山南新华润专卖店,广东公司,深圳战区,广东省区,宝安办,关店,专柜店,加盟,商超,4034670,,,6014315778849,213501,165001048,,,,1,是
C03036,珠海金鼎店,广东公司,广州战区,广东省区,中珠办,关店,专卖店,加盟,街铺,1306286,157797941,,6014315800849,182108,103898545,6601153846867675149,3002752232324178784,,1,是
C03037,珠海香洲总站店,广东公司,广州战区,广东省区,中珠办,正常营业,专卖店,加盟,街铺,917091,501146452,17279849.0,6014225844849,182107,67311557,6773550311245170702,3002810821706491007,,1,是
C03038,肇庆星湖国际专卖店,广东公司,广州战区,广东省区,广佛办,关店,专卖店,加盟,商超,2420972,504157594,,6014225698849,194548,150435815,6601142894008993796,,,1,是
C03040,东莞横沥中山店,广东公司,东莞战区,广东省区,东莞办,关店,专柜店,加盟,街铺,3494498,1127835032,,6014146526849,181538,5628121,6862512186820970508,3002004340200412124,,1,是
C03041,东莞家宜多店,广东公司,东莞战区,广东省区,东莞办,关店,专卖店,加盟,街铺,,,,,,40008893,,,,1,是
C03046,福州阳光店,江西公司,福州战区,福建省区,福州办,关店,专卖店,加盟,,,,,,,,,,,1,是
C03047,福州永辉红星苑店,江西公司,福州战区,福建省区,福州办,关店,专柜店,加盟,商超,6903778,300736322,,6014012673849,308244,193882841,,,,1,是
C03048,福州福清东张店,江西公司,福州战区,福建省区,福州办,关店,专卖店,加盟,街铺,3153190,,,,,,,,,1,是
C03050,厦门集美嘉庚店,江西公司,厦门战区,福建省区,闽南办,关店,专卖店,加盟,街铺,19798384,354883,,,179248,50494250,,,,1,是
C03052,广州黄埔港湾路店,广东公司,广州战区,广东省区,广佛办,正常营业,专卖店,加盟,街铺,613603,2287448,14823729.0,6014224599849,181610,40198914,6601201397281081348,6724909544078290033,2026032011077000000115463100|xiniu_xgc_bgc,1,是
C03053,宝安凤凰商业中心专卖店,广东公司,深圳战区,广东省区,宝安办,关店,专卖店,加盟,街铺,12192707,502974467,,6015116665849,600934,856570476,,,,1,是
C03056,宝安沙井沃尔玛专卖店,广东公司,深圳战区,广东省区,宝安办,关店,专柜店,加盟,商超,9118737,872732,,6016578002849,328070,1339125585,7167305465460688926,,,1,是
C03057,宝安石岩星城专卖店,广东公司,深圳战区,广东省区,宝安办,关店,专柜店,加盟,街铺,2488716,161891411,14594570.0,6014314983849,195723,158712278,6601148918208137220,3002624218483068949,,1,是
C03058,龙岗上木古地铁专卖店,广东公司,深圳战区,广东省区,龙岗办,关店,专卖店,加盟,交通枢纽,,,,,,159843131.0,,,,1,是
C03062,罗湖中山沃尔玛专卖店,广东公司,深圳战区,广东省区,龙岗办,关店,专柜店,加盟,商超,1626127,,,,,,,,,1,是
C03063,盐田区丽景花园,广东公司,深圳战区,广东省区,龙岗办,关店,专卖店,加盟,街铺,536240,1807404,14876894.0,6014161750849,179471,600140,7133438513034299428,,,1,是
C03065,盐田区深盐华润专卖店,广东公司,深圳战区,广东省区,龙岗办,关店,专卖店,加盟,商超,17721598,1155472678,,6014253197849,224157,40270278,6805076253381593088,,,1,否
C03067,佛山乐平,广东公司,广州战区,广东省区,广佛办,关店,专卖店,加盟,街铺,1869547,155431246,15122758.0,6014264117849,185150,6112626,7142761396055312423,3001917542480225408,,1,是
C03069,福州泰亨系统总店,江西公司,福州战区,福建省区,福州办,关店,渠道店,加盟,特殊渠道,cover_C03069_15694747,1100900651,,,,,,,,1,是
C03070,福州闽侯博士后店,江西公司,福州战区,福建省区,福州办,关店,专卖店,加盟,综合体,657830,48000,,,181900,6449785,,,,1,是
C03072,厦门翔安二店,江西公司,厦门战区,福建省区,闽南办,关店,专卖店,加盟,街铺,2931448,161900619,,6014012980849,180859,50871384,,,,1,是
C03076,广州太阳城专卖店,广东公司,广州战区,广东省区,广佛办,关店,专柜店,加盟,街铺,,,,,,1554286487,,,,1,是
C03079,福田沙尾路专卖店,广东公司,深圳战区,广东省区,龙岗办,关店,专卖店,加盟,街铺,1366887,1347549,,,181623,615552,,,,1,是
C03080,龙岗新木老街店,广东公司,深圳战区,广东省区,龙岗办,关店,专卖店,加盟,街铺,2855186,500792463,,6014373905849,181629,84414895,6601162901363361805,6724909468282491630,,1,是
C03081,龙岗长坑店,广东公司,深圳战区,广东省区,龙岗办,关店,专卖店,加盟,街铺,545148,545176,,6015416482849,181625,75671932,,,,1,是
C03082,罗湖区古玩城,广东公司,深圳战区,广东省区,龙岗办,关店,专卖店,加盟,街铺,417271,403634,,6014176109849,179460,6278437,6601194782301636615,3001977943024439990,,1,是
C03083,惠州比亚迪专卖店,广东公司,东莞战区,广东省区,惠汕办,关店,专卖店,加盟,街铺,16652675,151638453,16638077.0,6014225045849,180899,76283064,6601138500588800014,6724909544132577702,,1,是
C03085,东莞西正,广东公司,东莞战区,广东省区,东莞办,关店,专卖店,加盟,,,,,,,166321164,,,,1,是
C03086,东莞樟木头西城路店,广东公司,东莞战区,广东省区,东莞办,正常营业,专卖店,加盟,街铺,5590061,500682408,16256723.0,6014142241849,181549,156174681,6601178187302963213,6724909544077298667,2026032011077000000115415168|xiniu_xgc_bgc,1,是
C03090,东莞虎门德兴花园专卖店,广东公司,东莞战区,广东省区,东莞办,关店,专卖店,加盟,商超,1953899,151004550,,,,,,,,1,是
C03092,台州温岭银泰楼店,浙江公司,杭州战区,福建省区,浙南办,正常营业,经销,加盟,商超,,,,,,,,,,1,是
C03099,宝安龙华创业花园店,广东公司,深圳战区,广东省区,宝安办,正常营业,专卖店,加盟,街铺,3268359,157699205,14876893.0,6014315776849,181577,96198019,6601200168513587203,2162039968644521632,2026032011077000000115450113|xiniu_xgc_bgc,1,是
C03100,宝安区新沙天虹专卖店,广东公司,深圳战区,广东省区,宝安办,关店,专柜店,加盟,商超,19136175,2042669523,,6014301483849,600020,1040903721,6984620028683520037,＇3002071605130798517,,1,是
C03102,罗湖区太白路,广东公司,深圳战区,广东省区,龙岗办,关店,专卖店,加盟,街铺,449510,478122,,,253490,177796448,,,,1,是
C03103,珠海唐家店,广东公司,广州战区,广东省区,中珠办,关店,专卖店,加盟,街铺,,,,6014224756849,,,6601176048992258051,3003375360067609559,,1,否
C03106,惠州博罗天虹店,广东公司,东莞战区,广东省区,惠汕办,正常营业,专卖店,加盟,综合体,13987511,2135150427,15967975.0,6014226146849,185159,543666624,7095987271765231648,3002673137880535732,2025112011077000000113747600|xiniu_xgc_bgc,1,是
C03107,东莞怡丰广场,广东公司,东莞战区,广东省区,东莞办,关店,专卖店,加盟,街铺,,,,,,2777410,,,,1,是
C03109,东莞塘厦田心店,广东公司,东莞战区,广东省区,东莞办,正常营业,专卖店,加盟,商超,3048102,504037615,15905426.0,6014132294849,199681,104023089,6970098552521459742,6724909362632824968,2026032011077000000115443108|xiniu_xgc_bgc,1,是
C03110,东莞南城阳光店,广东公司,东莞战区,广东省区,东莞办,关店,专卖店,加盟,,,,,,,91257434,,,,1,是
C03111,南宁五一淡村店,广东公司,南宁战区,广西省区,南宁办,关店,专卖店,加盟,街铺,808740,918516,,6014909927849,180698,75336293,6601191983023147015,,,1,是
C03112,广西电力职业技术学院五象校区店,广东公司,南宁战区,广西省区,南宁办,关店,渠道店,加盟,特殊渠道,2254141,,,,,157115883.0,,,,1,是
C03117,厦门同安店,江西公司,厦门战区,福建省区,闽南办,关店,专卖店,加盟,街铺,1264787,936085,16019774.0,6014010998849,179252,4892155,6601198441647310862,3002322057619318181,,1,是
C03118,厦门台湾街专卖店,江西公司,厦门战区,福建省区,闽南办,关店,专卖店,加盟,街铺,,,,,,,,,,1,是
C03119,莆田大润发专卖店,江西公司,福州战区,福建省区,福州办,关店,专卖店,加盟,综合体,11304261,,,,,,,,,1,是
C03121,宝安区观兰格兰郡,广东公司,深圳战区,广东省区,宝安办,正常营业,专卖店,加盟,街铺,613515,1379912,14594541.0,6014173116849,179500,177806661,6601142353577117704,6724909492396440894,2026032011077000000115446086|xiniu_xgc_bgc,1,是
C03126,福田梅林卓悦汇专卖店,广东公司,深圳战区,广东省区,龙岗办,关店,专柜店,加盟,综合体,4291433,161867926,16638109.0,6014161574849,601162,1854147217,7028106335178721287,6724909496979358628,2026032011077000000115414149|xiniu_xgc_bgc,1,是
C03127,龙岗区宝荷店,广东公司,深圳战区,广东省区,龙岗办,关店,专卖店,加盟,街铺,1695061,,16385625.0,6014163052849,179474,117257103,6601198537352939528,6724909544066263760,2026031611077000000115342500|xiniu_xgc_bgc,1,是
C03128,南山前海人人乐专卖店,广东公司,深圳战区,广东省区,宝安办,关店,专柜店,加盟,街铺,,,,,,,,,,1,是
C03129,惠州桥东店,广东公司,东莞战区,广东省区,惠汕办,关店,专卖店,加盟,街铺,,,,6015249915849,196886,,6601211163298498568,,,1,是
C03130,珠海下村店,广东公司,广州战区,广东省区,中珠办,关店,专卖店,加盟,,,,,,,40160333,,,,1,是
C03131,东莞大岭山,广东公司,东莞战区,广东省区,东莞办,正常营业,专卖店,加盟,综合体,4653681,,16638101.0,6014139077849,169536,87083200,6892522501570562052,3002615905237574294,2026031611077000000115391376|xiniu_xgc_bgc,1,是
C03132,东莞桥头,广东公司,东莞战区,广东省区,东莞办,正常营业,专卖店,加盟,街铺,2121091,2043592613,16638168.0,6014139762849,181550,6026084,7275554315538794496,6724909544068073487,2026032011077000000115455059|xiniu_xgc_bgc,1,是
C03136,南宁青秀万达专卖店,广东公司,南宁战区,广西省区,南宁办,关店,专柜店,加盟,综合体,,,,,,,,,,1,是
C03137,温州西城路一店,浙江公司,杭州战区,福建省区,浙南办,关店,专卖店,加盟,街铺,231058,370287,,6014012993849,180843,40176466,6601194619814283267,,,1,是
C03138,福州福盛店,江西公司,福州战区,福建省区,福州办,关店,专卖店,加盟,街铺,5134375,163220134,,6014009959849,201171,50697465,6601198648204199939,6724909544070119879,,1,是
C03139,福州三木店,江西公司,福州战区,福建省区,福州办,关店,专卖店,加盟,街铺,569278,557494,,6014012373849,179309,2755368,6601199279409219598,6724909544066619358,,1,是
C03143,广西河池大洋百货专卖店,广东公司,南宁战区,广西省区,柳桂办,关店,专柜店,加盟,商超,8336510,2001565250,,6014901128849,322093,899949324,,,,1,是
C03146,南山蛇口人人乐专卖店,广东公司,深圳战区,广东省区,宝安办,关店,专柜店,加盟,商超,4291535,161779866,,6015119538849,253475,164701445,6601237178792036355,,,1,是
C03147,宝安光明广场专卖店,广东公司,深圳战区,广东省区,宝安办,关店,专卖店,加盟,商超,4248602,2042678663,,6014175901849,253477,,,,,1,是
C03150,深圳聚辉仁贸易有限公司（潮州店）,广东公司,东莞战区,广东省区,惠汕办,关店,专柜店,加盟,商超,4832627,506236222,17729138.0,6014224592849,253506,166026528,6601148742336808967,3002551423314668973,,1,是
C03155,泉州晋江万达店,江西公司,厦门战区,福建省区,闽南办,关店,专柜店,加盟,综合体,,,,cover_C03155_6014694593849,248066,165063027,7126390653247817758,,,1,是
C03158,广州从化华润专卖店,广东公司,广州战区,广东省区,广佛办,关店,专柜店,加盟,商超,7502749,300175571,,,253520,607887623,,,,1,是
C03159,云浮罗定龙园路专卖店,广东公司,广州战区,广东省区,广佛办,关店,专柜店,加盟,商超,4798132,167691356,,6014295622849,253511,166038869,7122811703729784873,,,1,是
C03163,佛山嘉荣信基广场专卖店,广东公司,广州战区,广东省区,广佛办,关店,专柜店,加盟,商超,4942044,2042699583,,,253516,166033138,,,,1,是
C03166,佛山高明沃尔玛专卖店,广东公司,广州战区,广东省区,广佛办,关店,专柜店,加盟,商超,,,,,,169005696,,,,1,是
C03167,藤县河东二店,广东公司,南宁战区,广西省区,柳桂办,关店,专柜店,加盟,商超,13707113,505536750,,,,,,,,1,是
C03173,直属盈石广场店,江西公司,南昌一战区,江西二区,南昌三办,正常营业,专卖店,直营,街铺,15765859,168034790,14305228.0,6013969311849,248729,1180310578,7134906350865221662,6724909516855116376,2025111911077000000113734611|xiniu_xgc_bgc,1,是
C03177,杭州萧山服务区店,浙江公司,杭州战区,浙江省区,杭州办,正常营业,专卖店,加盟,交通枢纽,,,,,,,,,,1,否
C03181,东岳大道店,江西公司,南昌一战区,江西二区,南昌四办,关店,专柜店,加盟,商超,4653673,,,6015120048849,248687,1047034744,6873083424953878532,,,1,是
C03182,香域花城店,江西公司,南昌一战区,江西二区,南昌三办,关店,专卖店,加盟,街铺,508004097,508004097,,6015117776849,256951,190654623,6601183748534831117,3003014745650769402,,1,是
C03185,江西博谦贸易有限公司,江西公司,南昌一战区,江西一区,南昌一办,正常营业,经销,加盟,特殊渠道,,,,,,,,,,1,是
C03186,鹰抚鹰潭高铁三店,江西公司,抚州战区,江西一区,鹰抚办,正常营业,专卖店,加盟,高势能,,,,6015150404849,,,,,,1,是
C03187,上饶嘉佰乐万力店,江西公司,抚州战区,江西二区,上饶办,关店,专柜店,加盟,商超,,,,6015278367849,248935,,7153979018575644676,,,1,是
C03188,宜春奉新鹏泰超市店,江西公司,南昌二战区,江西二区,宜春办,正常营业,专卖店,加盟,商超,11341541,161851621,,6015119580849,248925,1186896368,6884763594794338312,6724909544074580273,2025111911077000000113615764|xiniu_xgc_bgc,1,是
C03189,吉安国光壹街区店,江西公司,赣州战区,江西一区,吉安办,关店,专卖店,加盟,商超,,,,6015129209849,248944,1522860684,6601199726941440007,6724909544130195458,,1,是
C03190,吉安永丰国光店,江西公司,宜春战区,江西一区,吉安办,正常营业,专卖店,加盟,商超,,,,6015118275849,248945,920797540,7069264937360558119,,2025112011077000000113639774|xiniu_xgc_bgc,1,是
C03191,吉安泰和谢家垅店,江西公司,赣州战区,江西一区,吉安办,关店,专卖店,加盟,街铺,16751742,1137967626,,6015131831849,248942,557912060,6649660716812896270,3003872392243910321,,1,是
C03192,赣州天虹店,江西公司,赣州战区,江西一区,赣州办,关店,专柜店,加盟,综合体,,,,6015165825849,248936,,,,,1,是
C03193,赣州中央星城店,江西公司,赣州战区,江西一区,赣州办,关店,专卖店,加盟,街铺,4389517,305223046,,6015131606849,248937,169012541,6601150562866038788,3002952999340577428,,1,是
C03195,景德镇婺源县东门桥头店,江西公司,抚州战区,江西二区,景德镇办,关店,专卖店,加盟,街铺,,,,,248922,,,,,1,是
C03196,萍乡赤山店,江西公司,宜春战区,江西二区,宜春办,正常营业,专卖店,加盟,街铺,,,,6015117879849,250664,,6931540241329162253,6724909544110158635,,1,是
C03198,长沙红星步步高店,江西公司,长沙战区,湖南省区,长沙办,关店,专柜店,加盟,商超,4163851,161622289,,6015117079849,253549,165053504,6707538179752216584,,,1,是
C03231,珠海富华里尚居专卖店,广东公司,广州战区,广东省区,中珠办,关店,专卖店,加盟,街铺,4641201,171046829,,6014225583849,259893,166288396,,,,1,是
C03234,新余暨阳店,江西公司,宜春战区,江西一区,丰新办,正常营业,专卖店,加盟,街铺,4596633,323966624,,6015119784849,248947,1228504130,6763646138177292299,6724909544089917515,2025111911077000000113625656|xiniu_xgc_bgc,1,是
C03237,西安市场咸阳乐育北路店,陕西公司,西安战区,陕西省区,陕西外阜办,关店,专卖店,加盟,街铺,4106477,161387042,,6013996453849,254175,164864526,6601221601125992452,,,1,是
C03299,保集店,江西公司,南昌一战区,江西二区,南昌四办,正常营业,专卖店,加盟,街铺,18196742,1157696264,,6015118457849,248716,1931856963,7033510603318626341,3002800076161854885,,1,是
C03349,河南新郑市左右邻城市广场店,陕西公司,郑州战区,河南省区,河南外阜办,关店,专卖店,加盟,商超,4449555,502174723,,6013992382849,257679,166014317,6899563196072331264,,,1,是
C03352,河南漯河交通路新玛特店,陕西公司,郑州战区,河南省区,豫南办,关店,专卖店,加盟,街铺,,,,,,,,,,1,是
C03354,景德镇余干天虹商场店,江西公司,南昌二战区,江西二区,景德镇办,关店,专卖店,加盟,商超,,,,6015165186849,248921,,6649352298755524616,,,1,是
C03355,九江德安缤纷广场店,江西公司,九江战区,江西二区,九江办,关店,专卖店,加盟,商超,,,,,248927,,,,,1,是
C03356,吉安泰和天虹店,江西公司,赣州战区,江西一区,吉安办,关店,专卖店,加盟,综合体,,,,6015147914849,266010,,6601211460515268611,,,1,是
C03357,吉安永新粮贸街店,江西公司,赣州战区,江西一区,吉安办,关店,专卖店,加盟,商超,4832747,,,6015129210849,248941,,,,,1,是
C03358,赣州上犹好又多店,江西公司,赣州战区,江西一区,赣州办,关店,专卖店,加盟,综合体,,,,,256976,,,,,1,是
C03359,景德镇高铁车站店,江西公司,九江战区,江西二区,景德镇办,正常营业,专卖店,加盟,高势能,,,,,,,,,,1,是
C03362,九江都昌火车站店,江西公司,九江战区,江西二区,九江办,关店,专卖店,加盟,高势能,,,,6015164373849,,,,,,1,是
C03363,泉州惠安世纪大道专卖店,江西公司,厦门战区,福建省区,闽南办,关店,专卖店,加盟,商超,4389520,161752403,,6014009574849,245470,164772586,6601269404120401928,3002920038771731805,,1,是
C03375,温州柳市现代广场专卖店,浙江公司,杭州战区,福建省区,浙南办,关店,专柜店,加盟,街铺,cover_C03375_5592170,cover_C03375_166878222,,6014011993849,281776,179499341,cover_C03375_6678797723317176333,6724909263300616004,,1,是
C03377,温州新南站专卖店,浙江公司,杭州战区,福建省区,浙南办,关店,专柜店,加盟,街铺,,,,6014010580849,,,,,,1,是
C03386,广州太和人人佳专卖店,广东公司,广州战区,广东省区,广佛办,关店,专卖店,加盟,街铺,,,,6015250559849,255979,1757136433,6642173085351036936,6724909353249637901,,1,是
C03395,丽水万地大润发专卖店,江西公司,福州战区,福建省区,浙南办,关店,专卖店,加盟,商超,,,,,,,,,,1,是
C03407,厦门同安环城南路店,江西公司,厦门战区,福建省区,闽南办,关店,专卖店,加盟,街铺,25503924,162646958,16019779.0,6014009887849,254053,169019474,6601176442917095432,6724909544064860233,,1,是
C03419,泉州洛江安吉路专卖店,江西公司,厦门战区,福建省区,闽南办,关店,专卖店,加盟,商超,4596461,162646957,,6014009894849,254054,166046761,,,,1,是
C03423,漳州龙文迎宾大道专卖店,江西公司,厦门战区,福建省区,闽南办,关店,专卖店,加盟,商超,6206543,302243961,,6014010995849,254057,166036359,6601147980311431172,,,1,是
C03424,漳州冠城国际店,江西公司,厦门战区,福建省区,闽南办,关店,专卖店,加盟,商超,6206544,2020596986,,6014010483849,254055,187336711,,,,1,是
C03447,罗湖布心地铁专卖店,广东公司,深圳战区,广东省区,龙岗办,关店,专卖店,加盟,交通枢纽,4266535,159211201,,6014372414849,253488,715369388,6601195371764910084,6724909544108838847,,1,是
C03458,盐田金港人人乐专卖店,广东公司,深圳战区,广东省区,龙岗办,关店,专卖店,加盟,商超,,,,,,165622611,,,,1,是
C03463,惠州时尚公园店,广东公司,东莞战区,广东省区,惠汕办,正常营业,专卖店,加盟,街铺,4504926,162850835,16019921.0,6014224589849,256937,169028038,6739715439124908035,6724909544070344222,,1,是
C03465,惠州天益城专卖店,广东公司,东莞战区,广东省区,惠汕办,关店,专卖店,加盟,街铺,4504850,162850839,,6014314807849,256938,169030385,6601215291806451719,3004260679698688029,,1,是
C03467,珠海安富街专卖店,广东公司,广州战区,广东省区,中珠办,关店,专卖店,加盟,街铺,613607,2043180257,15967974.0,6014293820849,182104,114926219,6601167599826896900,3002743634592010312,,1,是
C03470,直属沈阳家乐福华府店,陕西公司,沈阳战区,辽吉省区,辽吉直营办,关店,专卖店,直营,商超,4248600,,,,,,,,,1,是
C03482,沈阳苏白店,陕西公司,沈阳战区,辽吉省区,沈阳办,关店,专卖店,加盟,,,,,,,,,,,1,是
C03491,广州白云安华汇专卖店,广东公司,广州战区,广东省区,广佛办,关店,专卖店,加盟,街铺,,,,,,169486487,,,,1,是
C03497,沈阳五中家乐福店,陕西公司,沈阳战区,辽吉省区,沈阳办,关店,专卖店,加盟,商超,5515802,500920262,,6015115161849,218741,179420322,cover_C03497_7121704177176152098,,,1,是
C03510,南宁北湖南人人乐专卖店,广东公司,南宁战区,广西省区,南宁办,关店,专卖店,加盟,街铺,4195885,,,,,165439951,,,,1,是
C03517,北海宝宜步行街专卖店,广东公司,南宁战区,广西省区,南宁办,关店,专卖店,加盟,街铺,4333510,,,6015205295849,253495,169009080,6601155384054908936,,,1,是
C03520,南宁瑞和专卖店,广东公司,南宁战区,广西省区,南宁办,关店,专卖店,加盟,商超,4832629,171047486,,,,160278371,,,,1,是
C03525,广州白云区国际机场二店,广东公司,广州战区,广东省区,广佛办,关店,专卖店,加盟,高势能,,,,,,,,,,1,否
C03552,清远东湖路专卖店,广东公司,广州战区,广东省区,广佛办,关店,专卖店,加盟,街铺,,,,,,165296802,,,,1,是
C03553,潮州汽车总站专卖店,广东公司,东莞战区,广东省区,惠汕办,关店,专卖店,加盟,交通枢纽,,,,,,164579874,,,,1,是
C03565,景德镇鄱阳华润万家店,江西公司,九江战区,江西二区,景德镇办,关店,专卖店,加盟,商超,7254645,,,,248920,,,,,1,是
C03569,东莞东城星河城嘉荣专卖店,广东公司,东莞战区,广东省区,东莞办,关店,专卖店,加盟,综合体,10142249,501886999,,6015116275849,600081,4498830,6912548418590083087,3002528742022484722,,1,是
C03570,东莞麻涌星河城市广场专卖店,广东公司,东莞战区,广东省区,东莞办,关店,专卖店,加盟,街铺,,,,,,178072618,,,,1,是
C03575,福州闽侯信通店,江西公司,福州战区,福建省区,福州办,关店,专卖店,加盟,综合体,,,,,,,,,,1,是
C03577,赣州信丰国光店,江西公司,赣州战区,江西一区,赣州办,关店,专卖店,加盟,综合体,,,,,308476,,,,,1,是
C03578,赣州瑞金中山北路店,江西公司,赣州战区,江西一区,赣州办,正常营业,专卖店,加盟,街铺,,,,6015164355849,600801,,7009842251442440206,3002390072448127092,,1,是
C03579,赣州大学城世纪华联店,江西公司,赣州战区,江西一区,赣州办,关店,专卖店,加盟,商超,17016003,2032761591,16914068.0,6015165256849,255964,,6704891634611423243,3003181758215198486,,1,是
C03581,南宁西乡塘地铁专卖店,广东公司,南宁战区,广西省区,南宁办,关店,专卖店,加盟,交通枢纽,5006608,2044385377,,,261524,,,,,1,是
C03582,桂林联达人人乐专卖店,广东公司,南宁战区,广西省区,柳桂办,关店,专卖店,加盟,商超,5630246,171047479,,,,177899066,,,,1,是
C03585,柳州航一路专卖店,广东公司,南宁战区,广西省区,柳桂办,关店,专卖店,加盟,商超,5760896,506485189,,6014892944849,257677,165482886,6601148781931005966,,,1,是
C03586,桂林火车站专卖店,广东公司,南宁战区,广西省区,柳桂办,关店,专卖店,加盟,高势能,4412390,,,,,,,,,1,是
C03587,南宁永凯华润专卖店,广东公司,南宁战区,广西省区,南宁办,关店,专卖店,加盟,综合体,,,,,,,,,,1,是
C03596,河南郑汴路凯德广场店,陕西公司,郑州战区,河南省区,郑州办,关店,专卖店,加盟,街铺,,,,,,,,,,1,是
C03600,吉安永新世纪华联店,江西公司,赣州战区,江西一区,吉安办,正常营业,专卖店,加盟,街铺,10686349,,,6015147915849,255968,1716406439,6904386023845791759,3002571113564509354,,1,是
C03601,吉安阳明商城店,江西公司,赣州战区,江西一区,吉安办,正常营业,专卖店,加盟,商超,5713992,500827723,,6015131832849,266011,182030985,6652273127210420235,6724909544062855836,,1,是
C03602,九江修水南桥菜场店,江西公司,九江战区,江西二区,九江办,正常营业,专卖店,加盟,街铺,,,,6015165194849,248929,877140987,7302299372455217178,,,1,是
C03603,九江都昌鹏泰超市店,江西公司,九江战区,江西二区,九江办,正常营业,专卖店,加盟,商超,,,,6015130816849,248928,569529908,7208095735726737469,3002024659109385707,2026030511077000000115109742|xiniu_xgc_bgc,1,是
C03607,直属小蓝中路店,江西公司,南昌一战区,江西二区,南昌三办,正常营业,专卖店,直营,街铺,10979238,303660517,14204946.0,6013704752849,2018010800077000000047582472,1451818046,6944087890771052575,3002731551646232035,2025120411077000000114074127|xiniu_xgc_bgc,1,是
C03608,香域中央店（禁用）,江西公司,南昌一战区,江西一区,南昌一办,关店,专卖店,加盟,,,,,,,,,,,1,是
C03609,直属龚村店,江西公司,南昌一战区,江西二区,南昌三办,关店,专卖店,直营,街铺,,,,6014199031849,326015,1386090356.0,,,,1,是
C03610,新建鹏泰店,江西公司,南昌一战区,江西一区,南昌一办,关店,专卖店,加盟,街铺,6947601,161872787,,6016196818849,256953,1206940644,7159478296189601803,3003872391897555113,,1,是
C03612,直属霁亭路店,江西公司,南昌一战区,江西一区,南昌一办,正常营业,专卖店,直营,街铺,16174802,500977374,14305196.0,6014195474849,256956,190660141,6601192859498448909,6724909544101931812,2026031211077000000115305246|xiniu_xgc_bgc,1,是
C03615,火车站候车室三店,江西公司,南昌一战区,江西二区,南昌三办,关店,渠道店,加盟,高势能,,,,,,,,,,1,是
C03616,进贤9店,江西公司,南昌二战区,江西二区,南昌四办,正常营业,专卖店,加盟,街铺,,,,6015164337849,256949,710021874,6601187069190473736,,,1,是
C03618,上饶万达步步高店,江西公司,抚州战区,江西二区,上饶办,关店,专卖店,加盟,综合体,4596459,,,6015279263849,255975,,6601196063342741508,3003909321913147923,,1,是
C03619,阜新顺吉店,陕西公司,沈阳战区,辽吉省区,辽吉外阜办,关店,专卖店,加盟,商超,4291341,500885192,,6015116291849,252417,165396387,6601147149226870798,6724909388219775219,,1,是
C03620,直属沈阳沈新华润店,陕西公司,沈阳战区,辽吉省区,辽吉直营办,关店,专卖店,直营,商超,4357471,161891395,,6015116162849,251137,169015372,,,,1,是
C03621,直属沈阳浑南乐购,陕西公司,沈阳战区,辽吉省区,辽吉直营办,关店,专卖店,直营,综合体,12977403,162646962,,6015115775849,250667,169021609,,,,1,是
C03622,沈阳家乐福金牛店,陕西公司,沈阳战区,辽吉省区,沈阳办,关店,专卖店,加盟,商超,4449571,161891394,,6015115068849,252418,169173342,6884703261949970439,,,1,是
C03623,西安市场临潼世纪华阳超市店,陕西公司,西安战区,陕西省区,西安办,关店,专卖店,加盟,商超,5551668,500948309,,6013996451849,261043,165666202,,,,1,是
C03625,西安市场向上广场店,陕西公司,西安战区,山西办,山西办,关店,专卖店,加盟,商超,,,,6015337999849,261044,1718263265,6873862990416857103,,,1,是
C03626,新余人民医院店,江西公司,宜春战区,江西一区,丰新办,正常营业,专卖店,加盟,街铺,7466934,507289611,16391528.0,6015113798849,255974,1745457137,6764330060548769800,3002573874090353470,2025111911077000000113760115|xiniu_xgc_bgc,1,是
C03628,宜春万载新锦江超市店,江西公司,宜春战区,江西二区,宜春办,正常营业,专卖店,加盟,街铺,26540059,,,6015166129849,255967,1679388895,6601153787606337540,6724909544065046837,2025112011077000000113629759|xiniu_xgc_bgc,1,是
C03629,宜春奉新东门店,江西公司,南昌二战区,江西二区,宜春办,正常营业,专卖店,加盟,街铺,,,,6015119089849,255971,667259710,6601162565714184196,3003729069162934153,2025111911077000000113740537|xiniu_xgc_bgc,1,是
C03630,鹰抚抚州曾巩大道福泰店,江西公司,抚州战区,江西一区,鹰抚办,正常营业,专卖店,加盟,街铺,8712402,528800347,16638064.0,6015166152849,255965,1167133466,7220340254312515645,6724909495712741884,,1,是
C03635,长沙丽发新城步步高店,江西公司,长沙战区,湖南省区,长沙办,关店,专卖店,加盟,综合体,4770496,162850845,,6015167789849,253551,165692207,6601188156383430664,,,1,是
C03636,长沙宁乡天虹店,江西公司,长沙战区,湖南省区,长沙办,关店,专卖店,加盟,综合体,20557381,171181474,,6015268143849,253552,1842595121,6874056105656387596,3002304544486567407,,1,是
C03640,北京市场石家庄3店,陕西公司,北京战区,京津冀省区,北京办,关店,专卖店,加盟,高势能,,,,,,,,,,1,是
C03657,河南新乡宝龙广场永辉店,陕西公司,郑州战区,河南省区,郑州办,关店,专卖店,加盟,商超,10577748,2079350794,,,600155,50902086,,,,1,是
C03668,宝安金海沃尔玛专卖店,广东公司,深圳战区,广东省区,宝安办,关店,专卖店,加盟,商超,5313436,164160244,,,,,,,,1,是
C03670,温州泰顺新城专卖店,浙江公司,杭州战区,福建省区,浙南办,关店,专卖店,加盟,街铺,500826896,500826896,,6014010490849,600091,158810451,,,,1,是
C03671,赣州龙南服务区西区,江西公司,赣州战区,江西一区,赣州办,关店,专卖店,加盟,交通枢纽,,,,,,,,,,1,否
C03672,赣州龙南服务区东区,江西公司,赣州战区,江西一区,赣州办,关店,专卖店,加盟,交通枢纽,,,,,,,,,,1,是
C03705,辽阳罗马假日店,陕西公司,沈阳战区,辽吉省区,辽吉外阜办,关店,专卖店,加盟,,,,,,,,,,,1,是
C03707,宝安光明塘家专卖店,广东公司,深圳战区,广东省区,宝安办,关店,专卖店,加盟,街铺,,,,,,,,,,1,是
C03710,直属大连高新华润二店,陕西公司,沈阳战区,辽吉省区,大连办,关店,专卖店,直营,商超,4357519,161752402,,6015119480849,253207,166015338,6601215266527381507,3002646467909620876,,1,是
C03721,杭州下沙观澜时代店,浙江公司,杭州战区,浙江省区,杭州办,关店,渠道店,加盟,特殊渠道,6632782,170475328,,,305423,192695228,,,,1,是
C03722,长沙劳动路天虹店,江西公司,长沙战区,湖南省区,长沙办,关店,专卖店,加盟,街铺,,,,,,,,,,1,是
C03723,温州平阳百悦专卖店,浙江公司,杭州战区,福建省区,浙南办,关店,专卖店,加盟,街铺,706624,161923524,,,259895,,,,,1,是
C03726,惠州开城大道专卖店,广东公司,东莞战区,广东省区,惠汕办,关店,专卖店,加盟,商超,16948153,162850856,16638218.0,6014225761849,256939,174911381,6884033546613164047,3003011019019821914,,1,是
C03727,抚顺新玛特店,陕西公司,沈阳战区,辽吉省区,辽吉外阜办,关店,专卖店,加盟,综合体,13796842,505567967,,6015118472849,601211,,7154608975864924168,3003218765475718311,,1,是
C03730,沈阳华润紫云府店,陕西公司,沈阳战区,辽吉省区,沈阳办,关店,专卖店,加盟,商超,,,,,,,,,,1,是
C03731,高安鹏泰百货二店,江西公司,南昌二战区,江西二区,宜春办,正常营业,专卖店,加盟,商超,17679467,,17679467.0,6015129906849,262229,1023396643,7185103691685300236,3002697296743638188,2025112011077000000113682782|xiniu_xgc_bgc,1,是
C03732,桂林中山北路沃尔玛专卖店,广东公司,南宁战区,广西省区,柳桂办,关店,专卖店,加盟,商超,5713981,171047491,,6015240922849,278436,167889846,6601153757898082318,3002425865918878390,,1,是
C03733,南宁秀隆商业街专卖店,广东公司,南宁战区,广西省区,南宁办,关店,专卖店,加盟,街铺,5008250,,,,259891,175361963,,,,1,是
C03735,清远顺盈昌大昌专卖店,广东公司,广州战区,广东省区,广佛办,关店,专卖店,加盟,商超,4596630,500707980,,6014224583849,257669,169486860,6852712949962819597,3003028677936325610,,1,是
C03738,西安市场巴县河滨路店,陕西公司,西安战区,陕西省区,陕西外阜办,正常营业,专卖店,加盟,街铺,4438420,,,6013999205849,261045,165825252,6623210079883626504,,,1,是
C03739,青春家园店,江西公司,南昌一战区,江西一区,南昌二办,关店,专卖店,加盟,街铺,,,,,256950,742409725,,,,1,是
C03740,赣州于都大润发店,江西公司,赣州战区,江西一区,赣州办,正常营业,专卖店,加盟,街铺,20901922,516160076,,6015165826849,256975,,6739348758720497676,,,1,是
C03745,衡山盛豪时代广场店,江西公司,长沙战区,湖南省区,衡邵办,关店,专卖店,加盟,街铺,11802889,2096765278,16638052.0,6015120079849,600860,1393006569,6983508983952705550,3003033152017411344,,1,是
C03747,株洲渌口株百超市店,江西公司,长沙战区,湖南省区,长沙办,关店,专卖店,加盟,商超,,,,,,,,,,1,是
C03761,直属世纪万象城店,江西公司,南昌一战区,江西一区,南昌一办,正常营业,专卖店,直营,街铺,5223649,163772046,14700214.0,6014199414849,218768,177940605,6601162343705479171,6724909544072770128,2026031211077000000115327238|xiniu_xgc_bgc,1,是
C03765,长沙芙蓉乔庄店,江西公司,长沙战区,湖南省区,长沙办,正常营业,专卖店,加盟,街铺,4596548,164758720,15861066.0,6015164491849,262228,169038282,6875316468691519503,6724909544122205806,2026031111077000000115369078|xiniu_xgc_bgc,1,是
C03773,西湖万达店,江西公司,南昌一战区,江西二区,南昌三办,正常营业,专卖店,加盟,综合体,6578007,170672528,,6015093868849,283789,192256454,6707221562489194509,3002823611620794929,2026031111077000000115287112|xiniu_xgc_bgc,1,是
C03775,北京市场岳各庄,陕西公司,北京战区,京津冀省区,北京办,正常营业,团购账户（购销）,加盟,特殊渠道,,,,,,,,,,1,是
C03776,北京市场双井店,陕西公司,北京战区,京津冀省区,北京办,正常营业,团购账户（购销）,加盟,特殊渠道,,,,,,,,,,1,是
C03778,安徽阜阳颖河西路大润发店,浙江公司,苏州战区,安徽办,安徽办,关店,专卖店,加盟,商超,4741851,500821876,,6013968681849,261046,166020517,6601176197973936135,6724909364127909985,,1,是
C03780,北京市场南站店,陕西公司,北京战区,京津冀省区,北京办,关店,专卖店,加盟,高势能,,,,,,,,,,1,是
C03781,上饶铁路菜场店,江西公司,抚州战区,江西二区,上饶办,关店,专卖店,加盟,街铺,5134380,,,6015281441849,295669,179434953,6651838982164334595,,,1,是
C03782,鹰抚见贤路临川二中店,江西公司,抚州战区,江西一区,鹰抚办,正常营业,专卖店,加盟,街铺,16286863,2126824856,,6015056414849,268570,1030985474,7270448161401866299,3002556619871982185,2026031111077000000115324094|xiniu_xgc_bgc,1,是
C03790,广西来宾沃尔玛专卖店,广东公司,南宁战区,广西省区,柳桂办,关店,专卖店,加盟,街铺,4449193,171047494,,6014903633849,259890,165828099,,,,1,是
C03791,泉州晋江长兴路专卖店,江西公司,厦门战区,福建省区,闽南办,关店,专卖店,加盟,商超,5008251,162646961,,6014009680849,261525,165377838,6637406286797441028,6724909544065157072,,1,是
C03792,安徽蚌埠大润发明珠店,浙江公司,苏州战区,安徽办,安徽办,关店,专卖店,加盟,商超,4741850,500791930,,6013972212849,261047,166022112,,,,1,是
C03793,沈阳五中专卖店,陕西公司,沈阳战区,辽吉省区,沈阳办,关店,专卖店,加盟,街铺,,,,,,,,,,1,是
C03815,鹰抚上顿渡龙津路店,江西公司,抚州战区,江西一区,鹰抚办,正常营业,专卖店,加盟,街铺,,,,6015055520849,268571,1562213379,6987230920738605093,3003751092262277446,2025111911077000000113712644|xiniu_xgc_bgc,1,是
C03816,长沙大润发人民路店,江西公司,长沙战区,湖南省区,长沙办,关店,专卖店,加盟,商超,,,,,,,,,,1,是
C03818,沈阳龙之梦店,陕西公司,沈阳战区,辽吉省区,沈阳办,正常营业,专卖店,加盟,综合体,17898403,162646976,15967927.0,6015115067849,260839,165706564,6601206164380190728,3002952729167728661,,1,是
C03819,厦门海沧天虹专卖店,江西公司,厦门战区,福建省区,闽南办,关店,专卖店,加盟,街铺,,,,,,,,,,1,是
C03821,宝安福永桥和专卖店,广东公司,深圳战区,广东省区,宝安办,关店,专卖店,加盟,街铺,4504836,166878229,,6014377705849,258977,165748460,6601253232498968579,,,1,是
C03826,沈阳塔湾家乐福店,陕西公司,沈阳战区,辽吉省区,沈阳办,关店,专卖店,加盟,商超,,,,,,,,,,1,是
C03830,柳州步步高南百货专卖店,广东公司,南宁战区,广西省区,柳桂办,关店,专卖店,加盟,街铺,,,,,,,,,,1,是
C03842,沈阳阳城生鲜吉祥店,陕西公司,沈阳战区,辽吉省区,沈阳办,关店,专柜店,加盟,商超,,,,6015295243849,600114,907140329,,,,1,是
C03843,沈阳沈河大润发店,陕西公司,沈阳战区,辽吉省区,沈阳办,关店,专柜店,加盟,商超,4653222,162646975,15968028.0,6015116681849,259897,169140937,6601207754419881997,6724909544097011444,,1,是
C03848,丰城樟树时代广场世纪华联店,江西公司,南昌二战区,江西一区,丰新办,关店,专卖店,加盟,商超,,,,6015131605849,297362,698370347,,,,1,是
C03849,株洲株百天元超市店,江西公司,长沙战区,湖南省区,株洲办,关店,专卖店,加盟,街铺,4653765,,,,248948,166015556,,,,1,是
C03860,景德镇鄱阳高铁店,江西公司,九江战区,江西二区,景德镇办,关店,专卖店,加盟,高势能,,,,,,,,,,1,是
C03861,福田沙尾地铁专卖店,广东公司,深圳战区,广东省区,龙岗办,关店,专卖店,加盟,交通枢纽,,,,,,165343776,,,,1,是
C03866,西安市场全都超市店,陕西公司,西安战区,陕西省区,西安办,关店,专卖店,加盟,商超,cover_C03866_593458,cover_C03866_161623441,,6013996533849,268112,179597483,6862261348588374023,,,1,是
C03873,赣州巨亿城店,江西公司,赣州战区,江西一区,赣州办,关店,专卖店,加盟,街铺,4942051,,,,266016,,,,,1,是
C03875,南宁天河广场专卖店,广东公司,南宁战区,广西省区,南宁办,关店,专柜店,加盟,街铺,,,,,,184043688,,,,1,是
C03877,广州天河漫广场专卖店,广东公司,广州战区,广东省区,广佛办,关店,专卖店,加盟,街铺,5059253,162754381,,,,177495571,,,,1,是
C03878,钦州年年丰广场专卖店,广东公司,南宁战区,广西省区,南宁办,关店,专卖店,加盟,综合体,5008249,166878246,,6015201592849,268536,166117935,6601236697642436615,,,1,是
C03879,台州临海双鸽专卖店,浙江公司,杭州战区,福建省区,浙南办,关店,专卖店,加盟,街铺,4596460,,,,,,,,,1,是
C03881,新建中心店,江西公司,南昌一战区,江西一区,南昌一办,关店,专卖店,加盟,街铺,,,,6015130229849,256952,169035113,,,,1,是
C03882,广州海珠赤岗专卖店,广东公司,广州战区,广东省区,广佛办,关店,专卖店,加盟,街铺,9524923,500799143,,6014225480849,329095,1446828639,,,,1,是
C03883,直属大连胜利广场店,陕西公司,沈阳战区,辽吉省区,大连办,关店,专卖店,直营,街铺,5514855,166878255,,6015116293849,261467,83590613,6601161569323714567,6724909420609119788,,1,是
C03890,南山大学城专卖店,广东公司,深圳战区,广东省区,宝安办,关店,专卖店,加盟,街铺,,,,,,170562533,,,,1,是
C03893,东莞莞城西城楼专卖店,广东公司,东莞战区,广东省区,东莞办,关店,专卖店,加盟,街铺,4729159,174073643,,,269214,4683221,,,,1,是
C03895,宝安龙华沃尔玛专卖店,广东公司,深圳战区,广东省区,宝安办,关店,专卖店,加盟,商超,9231074,2040946464,,6014316163849,268554,,,,,1,是
C03897,万达星城店,江西公司,南昌一战区,江西一区,南昌一办,正常营业,专卖店,加盟,综合体,7149293,166862349,14264573.0,6015120074849,265612,189676819,6773382930719852547,3002367059301179726,2026031111077000000115381060|xiniu_xgc_bgc,1,是
C03899,株洲荷塘区合泰路店,江西公司,长沙战区,湖南省区,长沙办,关店,专卖店,加盟,街铺,,,,,,,,,,1,是
C03902,桂苑大道店,江西公司,南昌一战区,江西一区,南昌一办,关店,专卖店,加盟,街铺,20792113,,,6015117869849,291637,1906904116,6871919532064196622,3002910557598650968,,1,是
C03905,南山学府人人乐专卖店,广东公司,深圳战区,广东省区,宝安办,关店,专卖店,加盟,街铺,,,,,,,,,,1,是
C03913,龙王庙2店,江西公司,南昌一战区,江西二区,南昌三办,关店,专卖店,加盟,商超,5852875,,,,266813,192775041,,,,1,是
C03917,上饶鄱阳大润发商超店,江西公司,九江战区,江西二区,景德镇办,暂停营业,专卖店,加盟,商超,7254646,,,6015166399849,321314,,,,,1,是
C03920,广州新塘金海岸广场专卖店,广东公司,广州战区,广东省区,广佛办,关店,专柜店,加盟,商超,5592169,173333748,,6014226044849,264996,170028387,,,,1,是
C03922,新余御天城店,江西公司,宜春战区,江西一区,丰新办,正常营业,专卖店,加盟,街铺,16212352,1126074982,16256705.0,6015116892849,266009,1016730037,6960061621154629664,3001767167869035144,2025111911077000000113654634|xiniu_xgc_bgc,1,是
C03923,杭州金华义乌大润发店,浙江公司,杭州战区,浙江省区,金衢办,关店,专卖店,加盟,商超,,,,,,,,,,1,是
C03931,上饶玉山将军庙店,江西公司,抚州战区,江西二区,上饶办,关店,专卖店,加盟,,,,,,284580,,,,,1,是
C03935,南山区科技园专卖店,广东公司,深圳战区,广东省区,宝安办,关店,专卖店,加盟,街铺,5592241,166878239,,6014412502849,276904,177527724,6601236675660089348,3001730255797491215,,1,是
C03936,泉州晋江百捷上悦城店,江西公司,厦门战区,福建省区,闽南办,正常营业,专卖店,加盟,综合体,9791674,500950286,16016521.0,6014011094849,600329,1527934306,6862206729044674574,2161879805956733615,2025111911077000000113685658|xiniu_xgc_bgc,1,是
C03937,东莞常平正利广场专卖店,广东公司,东莞战区,广东省区,东莞办,关店,专柜店,加盟,商超,5999908,336823130,,,269213,182438383,,,,1,是
C03938,宝安联昇百货专卖店,广东公司,深圳战区,广东省区,宝安办,关店,专卖店,加盟,街铺,4832738,,,,,,,,,1,是
C03939,盘锦万达店,陕西公司,沈阳战区,辽吉省区,辽吉外阜办,关店,专卖店,加盟,综合体,4653675,,,6015117790849,263811,169013556,6601149178598918148,cover_C03939_3002125555474895867,,1,是
C03940,丹东大润发店,陕西公司,沈阳战区,辽吉省区,大连办,关店,专卖店,加盟,商超,13452601,1178267435,,6015115576849,601104,1590244246,7152010569963604002,3002310542710448771,,1,是
C03941,沈阳积家购物中心店,陕西公司,沈阳战区,辽吉省区,沈阳办,关店,专卖店,加盟,商超,6076246,cover_C03941_168034806,,6015119552849,290562,166059022,,,,1,是
C03943,南昌金沙店,江西公司,南昌一战区,江西二区,南昌四办,正常营业,专卖店,加盟,街铺,4942047,336749317,14292466.0,6015117848849,263601,173311010,6601191750650300419,3002718238680421661,2026031111077000000115276122|xiniu_xgc_bgc,1,是
C03945,沈阳棋盘山赛特奥莱店,陕西公司,沈阳战区,辽吉省区,沈阳办,关店,专卖店,加盟,综合体,,,,,600787,,,,,1,是
C03946,龙岗布吉一村专卖店,广东公司,深圳战区,广东省区,龙岗办,关店,专卖店,加盟,街铺,4942836,162892214,,,,,,,,1,是
C03947,佛山大沥步行街店,广东公司,广州战区,广东省区,广佛办,正常营业,专卖店,加盟,街铺,5134373,163220130,,6014225682849,263806,177508853,7548335524868524083,6724909362577997516,2026031311077000000115282292|xiniu_xgc_bgc,1,是
C03951,吉安遂川国光店,江西公司,赣州战区,江西一区,吉安办,正常营业,专卖店,加盟,商超,25374893,2124231930,16914091.0,6015150105849,282393,1714142469,6745748106786113539,3002509842528539120,2026030511077000000115117767|xiniu_xgc_bgc,1,是
C03956,宜春官塘路店,江西公司,宜春战区,江西二区,宜春办,关店,专卖店,加盟,街铺,4832635,163220129,,,266006,171881474,,,,1,是
C03957,泉州丰泽泉秀街专卖店,江西公司,厦门战区,福建省区,闽南办,关店,专卖店,加盟,街铺,11234326,,,,600331,,,,,1,是
C03962,盛世华庭店,江西公司,南昌一战区,江西一区,南昌一办,正常营业,专卖店,加盟,街铺,7298570,300118670,17904391.0,6015129719849,265217,1494928667,6601192377967200260,3003671957115773504,2026031111077000000115319099|xiniu_xgc_bgc,1,是
C03966,长沙王家湾步步高店,江西公司,长沙战区,湖南省区,长沙办,关店,专卖店,加盟,商超,,,,,,,,,,1,是
C03967,清远英德食娱广场店,广东公司,广州战区,广东省区,广佛办,正常营业,专卖店,加盟,街铺,4832630,2043145728,14725191.0,6014224295849,265003,1963958726,6601192957695494158,6724909544086166830,2025111911077000000113666676|xiniu_xgc_bgc,1,是
C03971,沈阳铁西启工家乐福店,陕西公司,沈阳战区,辽吉省区,沈阳办,关店,专卖店,加盟,商超,5006607,500920259,,6015118995849,264436,175365295.0,6601207534965491719,6724909249746312945,,1,是
C03972,惠州华侨城专卖店,广东公司,东莞战区,广东省区,惠汕办,关店,专卖店,加盟,商超,4942833,501740704.0,,6014225329849,cover_C03972_269442,60131612.0,cover_C03972_66011696869419,cover_C03972_3002499644598919722,,1,是
C03973,广州黄埔夏园专卖店,广东公司,广州战区,广东省区,广佛办,关店,专卖店,加盟,街铺,,,,,,169383251,,,,1,是
C03975,宝安桃源人人乐店,广东公司,深圳战区,广东省区,宝安办,关店,专卖店,加盟,商超,,,,,,,,,,1,是
C03976,南宁西关裕丰专卖店,广东公司,南宁战区,广西省区,南宁办,关店,专卖店,加盟,街铺,13834805,2044395068,,6014893237849,268544,,,,,1,是
C03978,宝安区流塘店,广东公司,深圳战区,广东省区,宝安办,正常营业,专卖店,加盟,街铺,4832537,163078617,14317837.0,6014162252849,268553,169321162,6601191441920165891,3002804507273142853,2026032011077000000115529005|xiniu_xgc_bgc,1,是
C03979,上饶鄱阳永新农贸市场店,江西公司,九江战区,江西二区,景德镇办,正常营业,专卖店,加盟,街铺,7828780,,,6015165205849,266013,1517231423,6601220450410301453,6724909544124254131,2025111911077000000113719605|xiniu_xgc_bgc,1,是
C03980,西安市场西安世纪大道韩非路店,陕西公司,西安战区,陕西省区,陕西外阜办,关店,专卖店,加盟,街铺,5806426,,,6013997730849,267792,169486145,,,,1,是
C03983,辽中家得乐店,陕西公司,沈阳战区,辽吉省区,沈阳办,关店,专卖店,加盟,综合体,8788188,2044177022,,,263812,1778336315,,,,1,是
C03986,福州北站北广场店,江西公司,福州战区,福建省区,福州办,关店,专卖店,加盟,高势能,,,,,,,,,,1,是
C03991,抚南崇仁林业大厦店,江西公司,抚州战区,江西一区,鹰抚办,正常营业,专卖店,加盟,街铺,12315719,,,6015167638849,266007,958996604,6633903583970461703,6724909323594054561,2026030511077000000115123783|xiniu_xgc_bgc,1,是
C03993,温州瓯北镇府专卖店,浙江公司,杭州战区,福建省区,浙南办,关店,专卖店,加盟,街铺,4832634,162850858,,6014011296849,267040,171882044,6601195642524026883,,,1,是
C03995,台州路桥世纪联华专卖店,浙江公司,杭州战区,福建省区,浙南办,关店,专卖店,加盟,街铺,,,,,,,,,,1,是
C03996,福州宝龙广场专卖店,江西公司,福州战区,福建省区,福州办,关店,专卖店,加盟,街铺,17659371,,,,,,,,,1,是
C03999,九江青年路湖滨店,江西公司,九江战区,江西二区,九江办,正常营业,专卖店,加盟,街铺,5204032,503473739,19600604.0,6015167315849,266012,177670724,6650219398214764558,6724909365035965169,2026031111077000000115247178|xiniu_xgc_bgc,1,是
C04000,南平解放路专卖店,江西公司,福州战区,福建省区,闽北办,关店,专卖店,加盟,街铺,25845393,167236944,,6014011078849,266329,169388399,6748813052981954567,,,1,是
C04011,桂林阳朔蟠桃路专卖店,广东公司,南宁战区,广西省区,柳桂办,关店,专卖店,加盟,街铺,164758716,164758716,,,,,,,,1,是
C04012,广州天河棠东专卖店,广东公司,广州战区,广东省区,广佛办,关店,专卖店,加盟,街铺,,,,,,,,,,1,是
C04013,宝安龙华高坳专卖店,广东公司,深圳战区,广东省区,宝安办,关店,专卖店,加盟,街铺,4832740,166991261,,6014315777849,268551,170013126,6601199077755455491,3002772215397523942,,1,是
C04015,梅州兴宁天和专卖店,广东公司,东莞战区,广东省区,惠汕办,关店,专卖店,加盟,街铺,,,,,,178876597,,,,1,是
C04016,广州天河岗顶专卖店,广东公司,广州战区,广东省区,广佛办,关店,专卖店,加盟,商超,5372185,2077930770,,6014224896849,265005,168972002,6601178358208268302,6724909544095405059,,1,是
C04017,南宁恒大苹果园梦时代专卖店,广东公司,南宁战区,广西省区,南宁办,关店,专卖店,加盟,街铺,,,,,,,,,,1,是
C04018,广西北海侨港专卖店,广东公司,南宁战区,广西省区,南宁办,关店,专卖店,加盟,街铺,4942822,337045985,,,268540,175138591,,,,1,是
C04021,宝安龙华龙悦居专卖店,广东公司,深圳战区,广东省区,宝安办,关店,专卖店,加盟,商超,6904025,2042728701,,6014161355849,269219,,6925163155765069835,6724909479423170098,,1,是
C04022,经开南天金源店,江西公司,南昌一战区,江西一区,南昌一办,关店,专卖店,加盟,街铺,5428916,171181471,,6015117868849,266816,1623670670,,,,1,是
C04023,河南濮阳五一大卖场店,陕西公司,郑州战区,河南省区,豫北办,关店,专卖店,加盟,街铺,5134383,,,,270461,178828396,,,,1,是
C04037,韶关学院专卖店,广东公司,广州战区,广东省区,广佛办,关店,专卖店,加盟,特殊渠道,,,,6014315406849,600668,185253374,,,,1,是
C04040,广州萝岗万达专卖店,广东公司,广州战区,广东省区,广佛办,关店,专柜店,加盟,综合体,500804315,500804315,,,,179972248,,,,1,是
C04041,龙岗五和地铁C专卖店,广东公司,深圳战区,广东省区,龙岗办,关店,专卖店,加盟,交通枢纽,,,,,,179298467,,,,1,是
C04042,直属沈阳皇城恒隆广场店,陕西公司,沈阳战区,辽吉省区,辽吉直营办,关店,专卖店,直营,综合体,8870818,2044236816,,6015115164849,269955,1365792357,6860527549345286151,6724909523059026994,,1,是
C04045,福田景田沃尔玛专卖店,广东公司,深圳战区,广东省区,龙岗办,关店,专卖店,加盟,商超,5134451,164160248,,6014173543849,270057,5300712,6601251232394774536,3002292439640747358,,1,是
C04047,东莞高埗嘉荣专卖店,广东公司,东莞战区,广东省区,东莞办,关店,专卖店,加盟,街铺,19899525,163220131,,6014138873849,269211,175467071,cover_C04047_6601247687675217934,6724909449024417941,,1,是
C04048,湖北蕲春漕河大道店,江西公司,九江战区,湖北办,湖北办,关店,专卖店,加盟,商超,5473915,,,,266024,179446229,,,,1,是
C04049,珠海香洲柠溪路专卖店,广东公司,广州战区,广东省区,中珠办,关店,专卖店,加盟,街铺,,,,,,175139381,,,,1,是
C04051,大连旅顺沃尔玛店,陕西公司,沈阳战区,辽吉省区,大连办,关店,专卖店,加盟,商超,4942816,162957314,15967938.0,6015131800849,188963,578306451,6601267367848724483,6724909454251786675,,1,是
C04056,西安市场明光路卜蜂莲花店,陕西公司,西安战区,陕西省区,西安办,关店,专卖店,加盟,商超,,,,,,,,,,1,是
C04062,福州连江万家专卖店,江西公司,福州战区,福建省区,福州办,关店,专卖店,加盟,街铺,4942824,163032369,16130446.0,6014010051849,265011,1880193446,6630002701453232142,,,1,是
C04067,厦门同安永辉店,江西公司,厦门战区,福建省区,闽南办,正常营业,专卖店,加盟,商超,6206541,2035612038,15968185.0,6014009975849,269439,192215025,6714180472001300484,3002591565931450867,,1,是
C04070,中山火炬沃尔玛店,广东公司,广州战区,广东省区,中珠办,正常营业,专卖店,加盟,商超,5134449,500910056,15967905.0,6014224297849,269224,878851964,6601153692810872836,6724909544072591379,2025112011077000000113737688|xiniu_xgc_bgc,1,是
C04072,湖北黄梅宿松黄商店,江西公司,九江战区,湖北办,湖北办,关店,专卖店,加盟,街铺,4942839,,,,,,,,,1,是
C04073,赣州全南宏昌店,江西公司,赣州战区,江西一区,赣州办,关店,专卖店,加盟,街铺,15117821,,,6015131002849,275477,,6601207508969195524,,,1,是
C04077,温州恒隆广场专卖店,浙江公司,杭州战区,福建省区,浙南办,关店,专卖店,加盟,街铺,4798052,163032370,,6014011989849,265613,169071803,6601168463232763907,3002719854675333517,,1,是
C04078,丹东六纬路华润店,陕西公司,沈阳战区,辽吉省区,大连办,关店,专卖店,加盟,商超,5008147,,,6015116171849,265622,169146085,,,,1,是
C04080,中山古镇大信专卖店,广东公司,广州战区,广东省区,中珠办,关店,专卖店,加盟,街铺,9990730,,,6014224886849,308181,,,,,1,是
C04082,河南漯河世纪风生活广场店,陕西公司,郑州战区,河南省区,豫南办,关店,专卖店,加盟,街铺,,,,,,,,,,1,是
C04083,吉安青原步行街店,江西公司,赣州战区,江西一区,吉安办,关店,专卖店,加盟,街铺,5134454,500950996,,6015130726849,280412,177564309,6738231085559220232,6724909508381270969,,1,是
C04085,河南郑州万邦家园店,陕西公司,郑州战区,河南省区,河南外阜办,关店,专卖店,加盟,,,,,,,,,,,1,是
C04096,新城吾悦广场店,江西公司,南昌一战区,江西一区,南昌二办,正常营业,专卖店,加盟,商超,6578013,506228171,14270457.0,6015115584849,266817,170542791,6601219251204261902,6724909361619757196,,1,是
C04097,平安曼哈顿2店,江西公司,南昌一战区,江西二区,南昌四办,关店,专卖店,加盟,街铺,,,,,274621,788101592,,,,1,是
C04101,广州嘉禾丰兴商业广场专卖店,广东公司,广州战区,广东省区,广佛办,关店,专卖店,加盟,街铺,24085447,163220132,14725170.0,6014315407849,269204,177491097,6634871995244742660,6724909544111367148,,1,是
C04102,龙岗坂田佳兆业专卖店,广东公司,深圳战区,广东省区,龙岗办,关店,专卖店,加盟,街铺,4921739,2042699857,,6014340033849,269208,169266896,6601173689364908039,,,1,是
C04103,珠海金湾家和城专卖店,广东公司,广州战区,广东省区,中珠办,关店,专卖店,加盟,街铺,5162927,336863993,,,272911,175304279,,,,1,是
C04107,广西百色爱情海购物广场专卖店,广东公司,南宁战区,广西省区,南宁办,关店,专卖店,加盟,商超,8160785,2001296215,,6014905128849,253494,881801667,6873439852730484744,,,1,是
C04110,娄底连钢沃尔玛店,江西公司,长沙战区,湖南省区,株洲办,正常营业,专卖店,加盟,综合体,5312243,164172078,16383950.0,6015166105849,266029,170588792,6631680692688259080,3003199876774700452,,1,是
C04111,娄底步行街店,江西公司,长沙战区,湖南省区,株洲办,正常营业,专卖店,加盟,街铺,5373897,164171748,16383996.0,6015130810849,266030,178823756,6631806786900854791,3001739706962056020,2026031111077000000115389016|xiniu_xgc_bgc,1,是
C04112,株洲天元区工大株百超市店,江西公司,长沙战区,湖南省区,株洲办,关店,专卖店,加盟,综合体,,,,,,1883051359,,,,1,是
C04116,西安市场汉中南郑佳乐福超市店,陕西公司,西安战区,陕西省区,陕西外阜办,关店,专卖店,加盟,街铺,6632890,170405792,,,600397,,,,,1,是
C04117,西安市场阎良华润万家店,陕西公司,西安战区,陕西省区,西安办,关店,专卖店,加盟,商超,,,,,267795,,6862315876830464000,,,1,是
C04120,娄底万豪店,江西公司,长沙战区,湖南省区,株洲办,正常营业,专卖店,加盟,街铺,10180134,501898078,16638143.0,6015165999849,280594,178018662,7041799035555956749,3002638030724272237,,1,是
C04122,河源源城丽日店,广东公司,东莞战区,广东省区,惠汕办,关店,专卖店,加盟,商超,,,,,,171536866,,,,1,是
C04123,南山区新华园店,广东公司,深圳战区,广东省区,宝安办,正常营业,专卖店,加盟,街铺,5760976,166991254,14394339.0,6014160379849,275540,170564740,6641858521627510791,3002809528120676554,2026032011077000000115289989|xiniu_xgc_bgc,1,是
C04126,龙岗双龙步行街专卖店,广东公司,深圳战区,广东省区,龙岗办,关店,专卖店,加盟,街铺,18476852,163772039,,6014293895849,271023,177778977,7145022615421143054,3002718623856075086,,1,是
C04127,株洲石峰田心东门店,江西公司,长沙战区,湖南省区,长沙办,关店,专卖店,加盟,,,,,,,,,,,1,是
C04128,鞍山汇园华润店,陕西公司,沈阳战区,辽吉省区,大连办,关店,专卖店,加盟,商超,5580396,501896223,,6015115780849,283204,179760848,,,,1,是
C04129,鞍山万达店,陕西公司,沈阳战区,辽吉省区,大连办,关店,专卖店,加盟,综合体,7807609,500819693,,6015116084849,269449,589900724,6746902679970187275,6724909351528592752,,1,是
C04131,四平万达店,陕西公司,沈阳战区,辽吉省区,长春办,关店,专卖店,加盟,综合体,8464439,173584365,16384070.0,6015115766849,269626,193656138,cover_C04131_6860251621603936263,6724909544069132470,,1,是
C04132,赣州南康国光店,江西公司,赣州战区,江西一区,赣州办,正常营业,专卖店,加盟,综合体,5592178,166878253,16189132.0,6015165240849,275476,,6969703408865380393,,2026031111077000000115293117|xiniu_xgc_bgc,1,是
C04133,娄底湘阳街店,江西公司,长沙战区,湖南省区,株洲办,暂停营业,专卖店,加盟,街铺,5373898,164054375,16638148.0,6015165392849,601148,170570250,6601262072011442184,6724909531223143559,,1,是
C04135,安徽林东半岛服务区店,浙江公司,苏州战区,安徽办,安徽办,关店,专卖店,加盟,交通枢纽,,,,,,,,,,1,是
C04138,玉林奥园广场专卖店,广东公司,南宁战区,广西省区,南宁办,关店,专卖店,加盟,商超,8885715,337095345,,,330113,,,,,1,是
C04145,湖北黄石大冶锡通大润发店,江西公司,九江战区,湖北办,湖北办,关店,专卖店,加盟,商超,,,,,,,,,,1,是
C04148,广州海珠富景百佳专卖店,广东公司,广州战区,广东省区,广佛办,关店,专柜店,加盟,商超,5312246,163772053,,6014225335849,269206,171576132,,,,1,是
C04149,福田上沙专卖店,广东公司,深圳战区,广东省区,龙岗办,关店,专柜店,加盟,街铺,,,,,,,,,,1,是
C04152,龙岗沃尔玛大芬专卖店,广东公司,深圳战区,广东省区,龙岗办,关店,专柜店,加盟,综合体,,,,,,150008749,,,,1,是
C04155,宝安民治东龙专卖店,广东公司,深圳战区,广东省区,宝安办,关店,专卖店,加盟,街铺,,,,,,5916478,,,,1,是
C04156,宝安松岗天源隆专卖店,广东公司,深圳战区,广东省区,宝安办,关店,专卖店,加盟,街铺,5059255,166878231,,6014334239849,268560,174850454,6601232050341021710,,,1,是
C04157,宝安区径贝村专卖店,广东公司,深圳战区,广东省区,宝安办,关店,专卖店,加盟,街铺,,,,,,174931790,,,,1,是
C04158,玉林万达广场店,广东公司,南宁战区,广西省区,南宁办,关店,专卖店,加盟,综合体,,,,,,,,,,1,是
C04159,广州海珠中大专卖店,广东公司,广州战区,广东省区,广佛办,关店,专卖店,加盟,街铺,,,,,,,,,,1,是
C04160,南宁华丰城爱琴海店,广东公司,南宁战区,广西省区,南宁办,关店,专卖店,加盟,街铺,13896768,2132171772,,6014903135849,288167,1851823465.0,,,,1,是
C04161,福田梅林中康路专卖店,广东公司,深圳战区,广东省区,龙岗办,关店,专卖店,加盟,街铺,5059249,171046832,,,271021,170574641,,,,1,是
C04162,福田华发北路专卖店,广东公司,深圳战区,广东省区,龙岗办,关店,专卖店,加盟,街铺,164160243,164160243,,,,177466068,,,,1,是
C04163,吉安遂川龙川大道店,江西公司,赣州战区,江西一区,吉安办,关店,专卖店,加盟,街铺,,,,6015130831849,280415,1108837266,6745373409187825677,3003874948269184608,2026030511077000000115230775|xiniu_xgc_bgc,1,是
C04165,惠州陈江沃尔玛专卖店,广东公司,东莞战区,广东省区,惠汕办,关店,专卖店,加盟,商超,7814401,2043378326,,6014268517849,320878,1825223702,7070720469216790566,3003144690208018695,,1,是
C04169,龙岗布吉桂芬园店,广东公司,深圳战区,广东省区,龙岗办,正常营业,专卖店,加盟,街铺,5059259,163078612,14594555.0,6014372512849,269436,169965155,6601181112033085447,6724909351046184792,2026032011077000000115506024|xiniu_xgc_bgc,1,是
C04172,西安市场华润万家长安新都市店,陕西公司,西安战区,陕西省区,西安办,关店,专卖店,加盟,商超,5630541,167691375,,6013997220849,281669,,6864004225001654280,,,1,是
C04173,西安市场咸阳东风路锦绣店,陕西公司,西安战区,陕西省区,陕西外阜办,关店,专卖店,加盟,街铺,5714770,,,,272665,182062977,,,,1,是
C04177,株洲株百栗雨店,江西公司,长沙战区,湖南省区,株洲办,关店,专卖店,加盟,街铺,,,,,,,,,,1,是
C04182,西站大街店,江西公司,南昌一战区,江西一区,南昌一办,关店,专卖店,加盟,街铺,7881130,,,,,,,,,1,是
C04183,厦门湖里万达二店,江西公司,厦门战区,福建省区,闽南办,关店,专卖店,加盟,综合体,,,,,,,,,,1,是
C04184,杭州西田城店,浙江公司,杭州战区,浙江省区,杭州办,关店,专卖店,加盟,综合体,5551585,304905168,,6013953569849,272095,177942456,,,,1,是
C04185,衢州衢江东方广场店,浙江公司,杭州战区,浙江省区,金衢办,关店,专卖店,加盟,商超,5852882,503790357,,6013954745849,286306,182669568,,,,1,是
C04186,沈阳中粮广场店,陕西公司,沈阳战区,辽吉省区,沈阳办,关店,专卖店,加盟,街铺,10105119,502506806,15905519.0,6015119477849,600133,1564598790,6922566325696989191,3001922866531411233,,1,是
C04187,沈阳重工永辉,陕西公司,沈阳战区,辽吉省区,沈阳办,关店,专卖店,加盟,商超,,,,,,,,,,1,是
C04190,赣州瑞金大润发店,江西公司,赣州战区,江西一区,赣州办,正常营业,专卖店,加盟,商超,,,,6015118869849,275480,,6652494835469060107,,,1,是
C04191,上饶余干白马桥店,江西公司,南昌二战区,江西二区,景德镇办,正常营业,专卖店,加盟,街铺,,,,6015128808849,275463,1404638002,6841597325882755087,,2025112011077000000113741651|xiniu_xgc_bgc,1,是
C04192,西安市场大荔北大街店,陕西公司,西安战区,陕西省区,陕西外阜办,关店,专卖店,加盟,商超,,,,,,,,,,1,是
C04193,宝安区百利西城专卖店,广东公司,深圳战区,广东省区,宝安办,关店,专柜店,加盟,街铺,19144550,166878230,,6014162246849,199264,1393763225,6601257403285506051,3002598368448618893,,1,是
C04196,长春永辉店,陕西公司,沈阳战区,辽吉省区,长春办,关店,专卖店,加盟,商超,5259765,164159906,,,270484,177918965,,,,1,是
C04197,西安市场咸阳机场T3检内一店,陕西公司,西安战区,陕西省区,陕西外阜办,关店,专柜店,加盟,高势能,,,,,,,,,,1,是
C04201,北京市场保定,陕西公司,北京战区,京津冀省区,北京办,关店,专卖店,加盟,商超,,,,,297848,,,,,1,是
C04203,厦门同安岳口店,江西公司,厦门战区,福建省区,闽南办,正常营业,专卖店,加盟,街铺,28312390,164767753,15967946.0,6014013684849,267804,174938305,6724226867160729608,3002293499166076257,,1,是
C04206,帝泊湾店,江西公司,南昌一战区,江西一区,南昌一办,正常营业,专卖店,加盟,街铺,5428913,164227488.0,,6015164364849,274625,1964009017,6681047618568620035,3002573699962410453,,1,是
C04208,赣州中央城店,江西公司,赣州战区,江西一区,赣州办,关店,专卖店,加盟,,8631376,,,,275479,1114524726,,,,1,是
C04209,建设西路店,江西公司,南昌一战区,江西二区,南昌三办,关店,专卖店,加盟,街铺,,,,,,,,,,1,是
C04210,沈阳万象汇店,陕西公司,沈阳战区,辽吉省区,沈阳办,关店,专卖店,加盟,综合体,5008075,164159909,,,268563,6362852,,,,1,是
C04211,铁岭哥伦布店,陕西公司,沈阳战区,辽吉省区,沈阳办,关店,专卖店,加盟,综合体,5481272,500900190,,6015116972849,269627,179289746,6871436506083510287,3002725291166634570,,1,是
C04212,直属沈阳南市场店,陕西公司,沈阳战区,辽吉省区,辽吉直营办,关店,专卖店,直营,街铺,5162924,163220140,15905508.0,6014203114849,269263,170014637,6696809528765204492,6724909544116489856,2026031311077000000115287368|xiniu_xgc_bgc,1,是
C04213,泉州田安北路店,江西公司,厦门战区,福建省区,闽南办,关店,专卖店,加盟,街铺,3551516,1933803,,6014014475849,164905,5397026,,,,1,是
C04215,福州罗源万豪专卖店,江西公司,福州战区,福建省区,福州办,关店,专卖店,加盟,街铺,,,,,,,,,,1,是
C04216,宝安区百佳华专卖店,广东公司,深圳战区,广东省区,宝安办,关店,专卖店,加盟,街铺,,,,,,179267536,,,,1,是
C04219,西安市场咸阳机场T2检内一店,陕西公司,西安战区,陕西省区,陕西外阜办,关店,专柜店,加盟,高势能,,,,,,,,,,1,是
C04225,中山古镇曹步店,广东公司,广州战区,广东省区,中珠办,正常营业,专卖店,加盟,街铺,13886370,1197984823,16016520.0,6014225681849,601229,1639753172,7122806083072198692,3002756762189009238,2026032011077000000115251997|xiniu_xgc_bgc,1,是
C04226,沈阳散户,陕西公司,沈阳战区,辽吉省区,辽吉直营办,关店,渠道店,直营,特殊渠道,,,,,,,,,,1,是
C04229,宝安区沙井好万年专卖店,广东公司,深圳战区,广东省区,宝安办,关店,专卖店,加盟,商超,6521615,2001411955,,6014343339849,295295,184168074,,,,1,是
C04233,直属广州天河车陂专卖店,广东公司,广州战区,广东省区,广佛办,关店,专卖店,直营,交通枢纽,,,,,,,,,,1,是
C04235,直属合肥加侨广场店,浙江公司,苏州战区,安徽办,安徽办,关店,专卖店,直营,街铺,,,,,,,,,,1,是
C04238,赣州信丰新华都店,江西公司,赣州战区,江西一区,赣州办,关店,专卖店,加盟,综合体,,,,6015129703849,281797,,6935554953654044676,,,1,是
C04239,河南郑州长江路华联店,陕西公司,郑州战区,河南省区,郑州办,关店,专卖店,加盟,商超,7714452,,,,210990,1212722885,,,,1,是
C04241,长沙韶山服务区东区店,江西公司,长沙战区,湖南省区,长沙办,关店,专卖店,加盟,交通枢纽,,,,,,,,,,1,是
C04243,长沙汽车东站店,江西公司,长沙战区,湖南省区,长沙办,关店,专卖店,加盟,交通枢纽,,,,,,,,,,1,是
C04245,长沙韶山服务区西区店,江西公司,长沙战区,湖南省区,长沙办,关店,专柜店,加盟,交通枢纽,,,,,,,,,,1,是
C04246,红谷十二庭店,江西公司,南昌一战区,江西一区,南昌一办,正常营业,专卖店,加盟,街铺,18338564,1161872084,14264569.0,6015118883849,274658,182500250,6675697503603640324,6724909544059487313,2025112011077000000113715697|xiniu_xgc_bgc,1,是
C04252,龙岩新罗新华都专卖店,江西公司,厦门战区,福建省区,闽南办,关店,专卖店,加盟,商超,5402086,164595992,,,278430,179058729,,,,1,是
C04253,大连金州沃尔玛店,陕西公司,沈阳战区,辽吉省区,大连办,关店,专卖店,加盟,商超,5233907,164159907,,,275167,177835995,,,,1,是
C04256,东莞厚街大汇广场专卖店,广东公司,东莞战区,广东省区,东莞办,关店,专柜店,加盟,商超,,,,,,,,,,1,是
C04257,惠州水口嘉荣专卖店,广东公司,东莞战区,广东省区,惠汕办,关店,专卖店,加盟,商超,8738013,2032496005,,,,,,,,1,是
C04258,茂名茂南为民路专卖店,广东公司,广州战区,广东省区,中珠办,关店,专卖店,加盟,街铺,5059256,2001035443,,6014316103849,269222,175432053,6601170611173591047,6724909544059850738,,1,是
C04260,鹰抚抚州同叔路店,江西公司,抚州战区,江西一区,鹰抚办,正常营业,专卖店,加盟,街铺,,,,6015130324849,275466,1368168539,6650122516226492429,3002001068543386743,,1,是
C04261,地中海阳光店,江西公司,南昌一战区,江西一区,南昌一办,正常营业,专卖店,加盟,街铺,7080229,501560392,17210593.0,6015117049849,274663,1442735688,6700384099363719176,6724909424177526990,2026031111077000000115343063|xiniu_xgc_bgc,1,是
C04265,河南长葛幸福万家店,陕西公司,郑州战区,河南省区,豫南办,关店,专卖店,加盟,,5676250,cover_C04265_1135419998,,,,192529366,cover_C04265_7189552896189401140,,,1,是
C04266,宜春天虹超市店,江西公司,宜春战区,江西二区,宜春办,关店,专卖店,加盟,综合体,9798864,,,6015120089849,284583,,,,,1,是
C04267,宜春枣树园店,江西公司,宜春战区,江西二区,宜春办,正常营业,专卖店,加盟,商超,13202571,504048890,16256730.0,6015165815849,309304,1271128844,7086336132186638350,3003645612905702549,2025111911077000000113639684|xiniu_xgc_bgc,1,是
C04276,鞍山景子街店,陕西公司,沈阳战区,辽吉省区,大连办,关店,专卖店,加盟,商超,5869314,501871483,,,288243,182638523,,,,1,是
C04290,梧州岑溪商贸店,广东公司,南宁战区,广西省区,柳桂办,关店,专卖店,加盟,街铺,5223652,336626909,,6014903532849,273381,,,,,1,是
C04291,罗湖黄贝岭地铁专卖店,广东公司,深圳战区,广东省区,龙岗办,关店,专卖店,加盟,交通枢纽,5999974,172231437,,,273389,177691521,,,,1,是
C04293,广州天河长兴专卖店,广东公司,广州战区,广东省区,广佛办,关店,专柜店,加盟,街铺,,,,,,,,,,1,是
C04295,罗湖翠竹沃尔玛专卖店,广东公司,深圳战区,广东省区,龙岗办,关店,专卖店,加盟,商超,5551583,501104982,,,283661,1186517119,,,,1,是
C04296,直属沈阳西塔店,陕西公司,沈阳战区,辽吉省区,辽吉直营办,关店,专卖店,直营,街铺,20375260,514680360,15905455.0,6015118550849,247787,169023908,6601266456954931204,6724909481421868096,2026031311077000000115385300|xiniu_xgc_bgc,1,是
C04297,沈阳吾悦广场永辉店,陕西公司,沈阳战区,辽吉省区,沈阳办,关店,专卖店,加盟,商超,12936475,2099138387,,6015119285849,311315,1952356413,7019664479818352647,,,1,是
C04298,衢州常山东方商厦店,浙江公司,杭州战区,浙江省区,金衢办,关店,专卖店,加盟,综合体,5372189,,,,,,,,,1,是
C04300,衢州吾悦广场店,浙江公司,杭州战区,浙江省区,金衢办,关店,专卖店,加盟,综合体,5372190,,,6013952867849,,171086365,,,,1,是
C04309,长春前进路沃尔玛店,陕西公司,沈阳战区,辽吉省区,长春办,关店,专卖店,加盟,商超,5324200,502556663,,6015118479849,275484,191191035,6711531498564061188,,,1,是
C04310,西客站五店（橙酷贸易有限公司）,江西公司,南昌一战区,江西一区,南昌一办,正常营业,专卖店,加盟,高势能,,,,6015167062849,317988,,,,,1,是
C04311,肇庆昌大昌专卖店,广东公司,广州战区,广东省区,广佛办,关店,专卖店,加盟,商超,5372186,163842678,,,275132,178814857,,,,1,是
C04312,直属大连开发区安盛店,陕西公司,沈阳战区,辽吉省区,大连办,关店,专卖店,直营,商超,6501470,500943837,,6015120067849,279589,191869467,6701978665623816204,,,1,是
C04313,丰城南服务区南区店,江西公司,南昌二战区,江西一区,丰新办,关店,专卖店,加盟,交通枢纽,,,,,,,,,,1,否
C04315,九江沃尔玛庐山南路店,江西公司,九江战区,江西二区,九江办,关店,专卖店,加盟,商超,8659620,,,6015165195849,275467,1264634968,,,,1,是
C04316,宝安光明甲子塘专卖店,广东公司,深圳战区,广东省区,宝安办,关店,专柜店,加盟,街铺,,,,,,179353009,,,,1,是
C04320,南宁武鸣文化中心广场专卖店,广东公司,南宁战区,广西省区,南宁办,关店,专卖店,加盟,街铺,9178052,2043933376,,,330112,,,,,1,是
C04328,佛山大良专卖店,广东公司,广州战区,广东省区,广佛办,关店,专卖店,加盟,商超,5551667,166347954,,6014225760849,281777,177421058,7147496087471802399,3003164537719263479,,1,是
C04330,宁德沃尔玛专卖店,江西公司,福州战区,福建省区,福州办,关店,专卖店,加盟,商超,,,,,,,,,,1,是
C04332,龙岗平湖凤凰城专卖店,广东公司,深圳战区,广东省区,龙岗办,关店,专卖店,加盟,商超,7342303,174073641,,6014375553849,309319,195981878,6714750816156256268,6724909544062809794,,1,是
C04335,鹰抚抚州服务区南店,江西公司,抚州战区,江西一区,鹰抚办,关店,专卖店,加盟,交通枢纽,,,,,,,,,,1,是
C04336,鹰抚抚州服务区北店,江西公司,抚州战区,江西一区,鹰抚办,关店,专卖店,加盟,交通枢纽,,,,,,,,,,1,是
C04338,丰城南服务区北区店,江西公司,南昌二战区,江西一区,丰新办,关店,专卖店,加盟,交通枢纽,,,,6015132214849,,,,,,1,否
C04339,鹰抚鹰潭凯翔步行街店,江西公司,抚州战区,江西一区,鹰抚办,关店,专卖店,加盟,街铺,,,,,,,,,,1,是
C04342,江苏南通通海路店,浙江公司,苏州战区,江苏省区,苏州办,关店,渠道店,加盟,特殊渠道,,,,,,,,,,1,是
C04345,龙岗布吉慢城专卖店,广东公司,深圳战区,广东省区,龙岗办,关店,专卖店,加盟,街铺,5551666,166878234,14594572.0,6014334143849,275539,179608676,6658779080718059533,2161924027412440773,2026031911077000000115322970|xiniu_xgc_bgc,1,是
C04357,东莞樟木头天一城专卖店,广东公司,东莞战区,广东省区,东莞办,关店,专卖店,加盟,商超,8390845,,,6014151608849,273390,886722634,7208114338467416076,3002541785311977770,,1,是
C04358,北京市场邢台高铁站店,陕西公司,北京战区,京津冀省区,北京办,关店,专卖店,加盟,高势能,,,,,,,,,,1,是
C04360,龙岗平湖天虹专卖店,广东公司,深圳战区,广东省区,龙岗办,关店,专卖店,加盟,商超,10273383,501278016,,,600027,,,,,1,是
C04361,台州金清专卖店,浙江公司,杭州战区,福建省区,浙南办,关店,专卖店,加盟,街铺,5473910,163912830,,,276908,179391751,,,,1,是
C04363,鹰抚东乡煌盛天玺店,江西公司,抚州战区,江西一区,鹰抚办,正常营业,专卖店,加盟,街铺,12919796,503240812,16391140.0,6015150110849,275465,810941149,7010341483685365767,3002312092358222773,2026031111077000000115307094|xiniu_xgc_bgc,1,是
C04367,宝安石岩老街专卖店,广东公司,深圳战区,广东省区,宝安办,关店,专卖店,加盟,街铺,5428906,164767754,,,311910,,6794618504013236231,,,1,是
C04372,中山古镇海州海兴路专卖店,广东公司,广州战区,广东省区,中珠办,关店,专卖店,加盟,街铺,5592171,166878241,,6014225758849,281097,179672723,6619861080006985742,6724909506402711287,,1,是
C04373,西安市场华润万家汉中万邦店,陕西公司,西安战区,陕西省区,陕西外阜办,关店,专卖店,加盟,商超,5423557,,,,,,,,,1,是
C04377,直属厦门前埔总店,江西公司,厦门战区,福建省区,闽南办,关店,专卖店,直营,街铺,,,,,,,,,,1,是
C04378,安徽合肥中环城店,浙江公司,苏州战区,安徽办,安徽办,关店,专卖店,加盟,综合体,5947508,2062332792,,6013974267849,281647,73890599,6601251635828099085,6724909544071153900,,1,是
C04379,泉州浦西万达专卖店,江西公司,厦门战区,福建省区,闽南办,关店,专卖店,加盟,综合体,5428905,164758715,15968026.0,6014009358849,276905,179402669,6637280973174229000,6724909544062713958,2025111911077000000113729579|xiniu_xgc_bgc,1,是
C04380,广西桂林客世界大润发店,广东公司,南宁战区,广西省区,柳桂办,关店,专卖店,加盟,商超,500823718,500823718,,,,,,,,1,是
C04382,南山区茶光专卖店,广东公司,深圳战区,广东省区,宝安办,关店,专卖店,加盟,街铺,,,,,,,,,,1,是
C04383,沈阳碧桂园永辉店,陕西公司,沈阳战区,辽吉省区,沈阳办,关店,专卖店,加盟,商超,,,,,,,,,,1,是
C04385,沈阳特易家专卖店,陕西公司,沈阳战区,辽吉省区,沈阳办,关店,专卖店,加盟,商超,5241028,2044206878,,6015118661849,275486,177801563.0,7128700277667153956,6724909227911242840,,1,是
C04386,杭州化工路店,浙江公司,杭州战区,浙江省区,金衢办,关店,专卖店,加盟,街铺,,,,,,,,,,1,是
C04388,河南郑州升龙广场店,陕西公司,郑州战区,河南省区,郑州办,关店,专卖店,加盟,街铺,,,,,,,,,,1,是
C04389,东莞西平家乐福专卖店,广东公司,东莞战区,广东省区,东莞办,关店,专卖店,加盟,商超,6076239,,,6015116150849,278453,6118213,,,,1,是
C04390,东莞洪梅万和店,广东公司,东莞战区,广东省区,东莞办,正常营业,专卖店,加盟,街铺,5312245,164160245,16638128.0,6014139955849,275544,179145428,6994680409762039815,6724909544127922134,2025112011077000000113767089|xiniu_xgc_bgc,1,是
C04391,东莞虎门黄河专卖店,广东公司,东莞战区,广东省区,东莞办,关店,专卖店,加盟,街铺,,,,,275542,,,,,1,是
C04393,珠海金湾金海路专卖店,广东公司,广州战区,广东省区,中珠办,关店,专卖店,加盟,街铺,,,,,,,,,,1,是
C04396,楞上二店,江西公司,南昌一战区,江西二区,南昌三办,正常营业,专卖店,加盟,街铺,,,,6015167601849,274662,947149959,6721237262744537091,3003010028263444830,,1,是
C04397,河南特通渠道客户,陕西公司,郑州战区,河南省区,郑州办,关店,渠道店,直营,渠道,,,,,,,,,,1,是
C04400,长沙星沙中茂城店,江西公司,长沙战区,湖南省区,长沙办,关店,专卖店,加盟,综合体,5630241,2099350763,,6015115589849,280078,181309241,6861411656631584781,3002803774648886170,,1,是
C04407,珠海华发商都专卖店,广东公司,广州战区,广东省区,中珠办,关店,专卖店,加盟,综合体,7468078,501653777,,6014224699849,308184,194348767.0,cover_C04407_6708554924369709070,cover_C04407_6724909444384490912,,1,是
C04408,福州连江万星广场专卖店,江西公司,福州战区,福建省区,福州办,关店,专卖店,加盟,商超,5760889,166991256,,6014413916849,283672,159990086,6873400699011516424,6724909262121385279,,1,是
C04410,佛山容桂华润专卖店,广东公司,广州战区,广东省区,广佛办,关店,专卖店,加盟,街铺,,,,,,,,,,1,是
C04411,上饶弋阳漆工店,江西公司,抚州战区,江西二区,上饶办,关店,专卖店,加盟,街铺,,,,,284579,,,,,1,是
C04412,江大天虹店,江西公司,南昌一战区,江西一区,南昌二办,关店,专柜店,加盟,综合体,,,,6015167418849,278984,179403756.0,,,,1,是
C04416,娄底金谷大市场店,江西公司,长沙战区,湖南省区,株洲办,关店,专卖店,加盟,街铺,5713987,501898112,,,280480,182068791,,,,1,是
C04435,文化大道店,江西公司,南昌一战区,江西一区,南昌一办,关店,专卖店,加盟,街铺,,,,,278985,192872994,,,,1,是
C04436,直属福州宝龙家乐福专卖店,江西公司,福州战区,福建省区,直营组,关店,专卖店,直营,综合体,21251613,336858485,16384000.0,6013967414849,164897,91834145,7492407277027887141,6724909544062090382,,1,是
C04439,西安市场汉中勉县店,陕西公司,西安战区,陕西省区,陕西外阜办,关店,专卖店,加盟,街铺,,,,,,,,,,1,是
C04446,新化地下商业街店,江西公司,长沙战区,湖南省区,株洲办,关店,专卖店,加盟,街铺,11143291,501897211,,,601023,,,,,1,是
C04447,新余天伦城店,江西公司,宜春战区,江西一区,丰新办,正常营业,专卖店,加盟,街铺,9331192,,,6015145919849,331168,1242988064,6833229825600276492,,,1,是
C04448,西安市场凤城十路客又多店,陕西公司,西安战区,陕西省区,西安办,关店,专卖店,加盟,街铺,,,,,,,,,,1,是
C04449,杭州临平银泰店,浙江公司,杭州战区,浙江省区,杭州办,关店,专柜店,加盟,商超,8012918,,,,221780,179612642,,,,1,是
C04450,莆田仙游鲤城店,江西公司,福州战区,福建省区,福州办,正常营业,专卖店,加盟,街铺,15248460,167691366,15967907.0,6014101356849,282206,180324575,6601253637060560910,,2026031111077000000115277108|xiniu_xgc_bgc,1,是
C04451,广西贵港客世界大润发专卖店,广东公司,南宁战区,广西省区,柳桂办,关店,专卖店,加盟,商超,12388128,,,,601132,,,,,1,是
C04453,广州新市家乐福专卖店,广东公司,广州战区,广东省区,广佛办,关店,专卖店,加盟,商超,,,,,,177875154,,,,1,是
C04455,龙岗南联海航城专卖店,广东公司,深圳战区,广东省区,龙岗办,关店,专卖店,加盟,商超,6716487,336747488,,6014251888849,280041,190546361,6601210064709634061,,,1,是
C04463,二七北路店,江西公司,南昌一战区,江西二区,南昌三办,关店,专卖店,加盟,街铺,5438365,,,6015115559849,601218,192863561,6704757306267125774,,,1,是
C04465,北京市场呼市凯德茂华联店,陕西公司,北京战区,京津冀省区,北京办,关店,专卖店,加盟,商超,,,,,,,,,,1,是
C04468,沈阳三隆世纪购物中心店,陕西公司,沈阳战区,辽吉省区,沈阳办,关店,专卖店,加盟,商超,16169314,1125559711,15905493.0,6015294007849,,1234816529,7173867558339905550,3003597395035690664,,1,是
C04472,韶关武江信美佳专卖店,广东公司,广州战区,广东省区,广佛办,关店,专卖店,加盟,商超,11418954,,,,289126,180085634,,,,1,是
C04473,沈阳道义华润专卖店,陕西公司,沈阳战区,辽吉省区,沈阳办,关店,专卖店,加盟,商超,,,,,,,,,,1,是
C04475,长春临河街沃尔玛店,陕西公司,沈阳战区,辽吉省区,长春办,关店,专卖店,加盟,商超,5622781,,,6015117795849,283205,179978805,,,,1,是
C04476,河源泰华城专卖店,广东公司,东莞战区,广东省区,惠汕办,关店,专卖店,加盟,商超,7254656,174073632,,6014225940849,315045,194635572,6824768679922681869,6724909492462232198,,1,是
C04477,福州连江华润万家专卖店,江西公司,福州战区,福建省区,福州办,关店,专卖店,加盟,综合体,5852979,,,,,,,,,1,是
C04480,安徽利辛翰联商业广场店,浙江公司,苏州战区,安徽办,安徽办,关店,专卖店,加盟,商超,5713994,166990266,,6013973511849,281898,902854207,6886766209518356494,3002426436107281301,,1,是
C04481,沈阳铁西大润发专卖店,陕西公司,沈阳战区,辽吉省区,沈阳办,关店,专卖店,加盟,商超,9452941,2001414264,,6015119883849,283206,1393037838,6865503716255107080,6724909544133025006,,1,是
C04482,龙岗玉岭花园专卖店,广东公司,深圳战区,广东省区,龙岗办,关店,专卖店,加盟,街铺,,,,,,,,,,1,是
C04487,宝安松岗地铁专卖店,广东公司,深圳战区,广东省区,宝安办,关店,专卖店,加盟,交通枢纽,11239936,167691399,,6015115051849,285198,184055802,,,,1,是
C04488,桂林益华城专卖店,广东公司,南宁战区,广西省区,柳桂办,关店,专卖店,加盟,街铺,,,,,299812,,,,,1,是
C04489,柳州万象城沃尔玛专卖店,广东公司,南宁战区,广西省区,柳桂办,关店,专卖店,加盟,商超,6249180,2043881614,,6014894337849,292468,183958437,6873352953768593422,,,1,是
C04490,柳州城中万达冠超市专卖店,广东公司,南宁战区,广西省区,柳桂办,关店,专柜店,加盟,综合体,6248412,,,,,179563607,,,,1,是
C04495,宝安光明盛亚百货专卖店,广东公司,深圳战区,广东省区,宝安办,关店,专卖店,加盟,街铺,,,,,,,,,,1,是
C04496,沈阳地王专卖店,陕西公司,沈阳战区,辽吉省区,沈阳办,关店,专卖店,加盟,街铺,4248599,1171050174,15905448.0,6015117669849,247786,165467569,6601191411154946052,3002944351536062981,,1,是
C04497,厦门朴朴电子商务,江西公司,厦门战区,福建省区,闽南办,正常营业,经销,直营,特殊渠道,,,,,,,,,,1,是
C04501,南宁安吉万达冠超市专卖店,广东公司,南宁战区,广西省区,南宁办,关店,专卖店,加盟,综合体,6855319,500828663,,,295370,193692236,,,,1,是
C04502,泉州晋江新城吾悦店,江西公司,厦门战区,福建省区,闽南办,正常营业,专卖店,加盟,综合体,5806429,167236942,15861081.0,6014010477849,285197,184171525,6745475798540568587,3002293140598297103,2025111911077000000113633785|xiniu_xgc_bgc,1,是
C04506,温州平阳银泰城专卖店,浙江公司,杭州战区,福建省区,浙南办,关店,专卖店,加盟,街铺,,,,,,,,,,1,是
C04508,东莞麻涌嘉荣专卖店,广东公司,东莞战区,广东省区,东莞办,关店,专卖店,加盟,商超,6464650,,,6014151512849,298767,189478460,6866320407117449223,3002448926724461631,,1,是
C04510,福州北站五号候车厅店,江西公司,福州战区,福建省区,福州办,正常营业,专卖店,加盟,高势能,,,,,,,,,,1,是
C04511,丹东宝山华润店,陕西公司,沈阳战区,辽吉省区,大连办,关店,专卖店,加盟,商超,6324434,,,,285740,189305714,,,,1,是
C04512,柳州文慧桥专卖店,广东公司,南宁战区,广西省区,柳桂办,关店,专卖店,加盟,商超,6501661,2043961608,,6014909323849,288166,177889427,6601206838698444808,,,1,是
C04515,宝安松岗溪头专卖店,广东公司,深圳战区,广东省区,宝安办,关店,专卖店,加盟,街铺,5740758,166991257,,6014340037849,283660,179457015,6601271564514101262,6724909544059476460,,1,是
C04516,温州瓯江大厦专卖店,浙江公司,杭州战区,福建省区,浙南办,关店,专卖店,加盟,街铺,3026440,,,6014010487849,282209,179536360,6601240056583686158,6724909544110997437,,1,是
C04519,中山古镇利和广场专卖店,广东公司,广州战区,广东省区,中珠办,关店,专卖店,加盟,街铺,5852975,167541410,,6014299419849,285199,179601401,6871731629916833806,2162005308932174612,,1,是
C04521,中山石岐大信南路专卖店,广东公司,广州战区,广东省区,中珠办,关店,专卖店,加盟,街铺,5947503,171191737,,6014223799849,292469,179160515,,,,1,是
C04522,广州黄埔下沙百佳专卖店,广东公司,广州战区,广东省区,广佛办,关店,专柜店,加盟,商超,6579327,2079355956,,,,,,,,1,是
C04523,河南焦作服务区店,陕西公司,郑州战区,河南省区,河南外阜办,关店,专卖店,加盟,交通枢纽,,,,,,,,,,1,是
C04560,宁德古田万星专卖店,江西公司,福州战区,福建省区,福州办,关店,专卖店,加盟,街铺,,,,,,,,,,1,是
C04561,广州白云沙涌北店,广东公司,广州战区,广东省区,广佛办,正常营业,专卖店,加盟,街铺,8185319,336814290,14725166.0,6014224693849,320120,1123761216,6761669295291320331,6724909278437404328,2026031911077000000115345926|xiniu_xgc_bgc,1,是
C04563,阜新千盛店,陕西公司,沈阳战区,辽吉省区,辽吉外阜办,关店,专卖店,加盟,商超,6716475,500809870,,6015115779849,280884,4251818,6601221552853747719,6724909485467681175,,1,是
C04567,赣州新华都店,江西公司,赣州战区,江西一区,赣州办,关店,专卖店,加盟,街铺,,,,,281791,,,,,1,是
C04568,东莞厚街三屯专卖店,广东公司,东莞战区,广东省区,东莞办,关店,专柜店,加盟,街铺,12560379,503179358,,,600925,1964978709,,,,1,是
C04572,河南濮阳龙祥超市店,陕西公司,郑州战区,河南省区,河南外阜办,关店,专卖店,加盟,商超,11467737,,,,292778,,,,,1,是
C04577,沈阳建大华润专卖店,陕西公司,沈阳战区,辽吉省区,沈阳办,关店,专卖店,加盟,商超,,,,,,,,,,1,是
C04578,湾里服务区东店,江西公司,南昌一战区,江西一区,南昌一办,关店,专卖店,加盟,交通枢纽,,,,,284568,,,,,1,是
C04583,湾里服务区西店,江西公司,南昌一战区,江西一区,南昌一办,关店,专卖店,加盟,交通枢纽,,,,,284569,963578771,,,,1,是
C04585,宝安田寮亿华百货专卖店,广东公司,深圳战区,广东省区,宝安办,关店,专卖店,加盟,商超,5999910,2042719067,,,,,,,,1,是
C04586,上饶万达金街店,江西公司,抚州战区,江西二区,上饶办,关店,专卖店,加盟,综合体,9505943,,,,,,,,,1,是
C04587,西站客运站店,江西公司,南昌一战区,江西一区,南昌一办,关店,专卖店,加盟,高势能,,,,,,,,,,1,是
C04589,直属沈阳南塔店,陕西公司,沈阳战区,辽吉省区,辽吉直营办,关店,专卖店,直营,,,,,,,,,,,1,是
C04590,直属沈阳北站店,陕西公司,沈阳战区,辽吉省区,辽吉直营办,关店,专卖店,直营,高势能,,,,,,,,,,1,是
C04596,进贤十店,江西公司,南昌二战区,江西二区,南昌四办,正常营业,专卖店,加盟,街铺,,,,6015164338849,281790,1446224631,7539791009339246607,,,1,是
C04600,株洲禄口汽车站店,江西公司,长沙战区,湖南省区,株洲办,关店,专卖店,加盟,交通枢纽,5713991,,,,284581,182044453,,,,1,是
C04602,盐田沃尔玛专卖店,广东公司,深圳战区,广东省区,龙岗办,关店,专卖店,加盟,商超,5999103,,,,,,,,,1,是
C04603,台州温岭动车站专卖店,浙江公司,杭州战区,福建省区,浙南办,关店,专卖店,加盟,高势能,,,,,,,,,,1,是
C04606,丹东锦山华润店,陕西公司,沈阳战区,辽吉省区,大连办,关店,专卖店,加盟,商超,5854911,,,6015116860849,285743,182525773,,,,1,是
C04609,吉安吉水国光店,江西公司,宜春战区,江西一区,吉安办,关店,专卖店,加盟,商超,,,,6015128828849,290508,1442151066,7152064441796806667,3003657436761662086,,1,是
C04610,吉安新干好宜多店,江西公司,宜春战区,江西一区,吉安办,正常营业,专卖店,加盟,街铺,,,,6015150600849,285955,897945286,7164292086278293540,3003666117341193552,,1,是
C04612,阜新万达店,陕西公司,沈阳战区,辽吉省区,辽吉外阜办,关店,专卖店,加盟,综合体,6324430,500920171,,6015118552849,285739,189319301,,3002302125020713266,,1,是
C04616,上饶德兴金山大道店,江西公司,抚州战区,江西二区,景德镇办,正常营业,专卖店,加盟,街铺,28327994,528851457,17604987.0,6015167200849,284575,515168867,6660036988244166660,3005947959939442977,2025112011077000000113617836|xiniu_xgc_bgc,1,是
C04621,河南郑州新郑机场检外1店,陕西公司,郑州战区,河南省区,河南外阜办,关店,专卖店,加盟,高势能,,,,,,,,,,1,是
C04623,广州白云永旺金沙洲专卖店,广东公司,广州战区,广东省区,广佛办,关店,专卖店,加盟,街铺,,,,,,186013248,,,,1,是
C04625,龙岩上杭冠超市专卖店,江西公司,厦门战区,福建省区,闽南办,关店,专卖店,加盟,商超,24117552,,,6015205293849,285186,181437639,6601268505469782030,6724909439218899665,,1,是
C04627,煌盛店,江西公司,南昌一战区,江西二区,南昌四办,正常营业,专卖店,加盟,街铺,,,,6015118456849,286992,709556562,6973034214740461598,6724909381158255575,,1,是
C04631,吉安凤凰店,江西公司,赣州战区,江西一区,吉安办,关店,专卖店,加盟,街铺,,,,6015165715849,288393,,,,,1,是
C04633,长沙芙蓉南路天虹冬影店,江西公司,长沙战区,湖南省区,长沙办,关店,专卖店,加盟,综合体,6464656,171048004,,6015118685849,287905,186781632,cover_C04633_6601270270994941959,off_C04633_6724909500238523871,,1,是
C04637,九江湖口三里上埠店,江西公司,九江战区,江西二区,九江办,正常营业,专卖店,加盟,街铺,9993573,,,6015164374849,600263,1450258633,6941002387360335887,,,1,是
C04638,梅州平远喜多多店,广东公司,东莞战区,广东省区,惠汕办,关店,专卖店,加盟,商超,5999068,168034780,16638139.0,6014315107849,289973,186032866,6812891070989404175,6724909544068662338,,1,是
C04639,惠州澳头沃尔玛专卖店,广东公司,东莞战区,广东省区,惠汕办,关店,专卖店,加盟,商超,10315722,501259469,,6014224196849,600053,1652629959,6899012423550765070,6724909544086609053,,1,是
C04649,东莞横沥挺拇指专卖店,广东公司,东莞战区,广东省区,东莞办,关店,专卖店,加盟,商超,7477395,2000727490,,6014140456849,298769,80763986.0,7136092095080564769,,,1,是
C04655,上饶鄱阳芦田店,江西公司,九江战区,江西二区,景德镇办,正常营业,专卖店,加盟,街铺,5852879,,,6015164680849,283956,,6683245541557569544,3002466475535376709,,1,是
C04657,长春红旗永辉店,陕西公司,沈阳战区,辽吉省区,长春办,关店,专卖店,加盟,商超,5861903,507475295,,6015115568849,288242,179659284,6601252211341133832,,,1,是
C04658,长春一汽购物中心店,陕西公司,沈阳战区,辽吉省区,长春办,关店,专卖店,加盟,综合体,,,,,,,,,,1,是
C04663,安徽阜阳沃尔玛店,浙江公司,苏州战区,安徽办,安徽办,关店,专卖店,加盟,商超,9571101,,,,,,,,,1,是
C04664,宝安龙华新围村专卖店,广东公司,深圳战区,广东省区,宝安办,关店,专柜店,加盟,街铺,11240041,501410386,,6015115556849,600019,,6892015247171782670,3002005368395076216,,1,是
C04665,鹰抚银时街店,江西公司,抚州战区,江西一区,鹰抚办,正常营业,专卖店,加盟,街铺,,,,6015150605849,284582,,7216193891799435319,3003728182307169124,,1,是
C04666,沈阳华强永辉店,陕西公司,沈阳战区,辽吉省区,沈阳办,关店,专卖店,加盟,商超,6076303,171404191,,6015118250849,289031,184320669,,,,1,是
C04667,宜春青龙中山路超市店,江西公司,宜春战区,江西二区,宜春办,关店,专卖店,加盟,商超,,,,6015167621849,,,,,,1,是
C04668,宜春体育中心店,江西公司,宜春战区,江西二区,宜春办,正常营业,专卖店,加盟,商超,,,,6015165816849,,,,,,1,是
C04669,温州平阳快乐购专卖店,浙江公司,杭州战区,福建省区,浙南办,关店,专卖店,加盟,综合体,6017334,166987432,,6014012399849,289981,,,,,1,是
C04670,新力方店,江西公司,南昌一战区,江西一区,南昌二办,关店,专卖店,加盟,街铺,,,,,,,,,,1,是
C04671,佛山南海天虹专卖店,广东公司,广州战区,广东省区,广佛办,关店,专卖店,加盟,街铺,,,,,,194600891,,,,1,是
C04672,福州闽侯中铁城专卖店,江西公司,福州战区,福建省区,福州办,关店,专卖店,加盟,街铺,,,,6014012955849,,185183679,,,,1,是
C04673,西安市场运城临猗店,陕西公司,西安战区,山西办,山西办,关店,专卖店,加盟,,,,,,,,,,,1,是
C04675,玺园店,江西公司,南昌一战区,江西二区,南昌四办,正常营业,专卖店,加盟,街铺,14899290,1155275185,,6015116284849,283842,182097796,6647135942618531854,3003657816331198702,2026030911077000000115115942|xiniu_xgc_bgc,1,是
C04676,宜春上高紫金国际广场超市,江西公司,宜春战区,江西二区,宜春办,暂停营业,专卖店,加盟,商超,17452258,167535047,,6015165429849,284584,756066024,7239183033809504291,6724909544098915860,2026031111077000000115362063|xiniu_xgc_bgc,1,是
C04679,安徽合肥中信悦方店,浙江公司,苏州战区,安徽办,安徽办,关店,专卖店,加盟,综合体,5713995,167691369,,6013968680849,283319,181543633,,,,1,是
C04682,福州秀峰沃尔玛专卖店,江西公司,福州战区,福建省区,福州办,关店,专卖店,加盟,综合体,,,,,291457,,,,,1,是
C04683,湾上明珠店,江西公司,南昌一战区,江西一区,南昌一办,正常营业,专卖店,加盟,街铺,6776345,301747488,14264570.0,6015118767849,286338,193465923,6601194074772867076,6724909544058842855,2026031111077000000115301102|xiniu_xgc_bgc,1,是
C04684,福州利嘉沃尔玛专卖店,江西公司,福州战区,福建省区,福州办,关店,专卖店,加盟,综合体,,,,,,,,,,1,是
C04687,西安市场雁塔南路华润万家金辉世界城店,陕西公司,西安战区,陕西省区,西安办,关店,专卖店,加盟,商超,6632790,171048528,,6013997316849,288254,192772457,6708518414475888647,,,1,是
C04692,东莞沙田人和百货专卖店,广东公司,东莞战区,广东省区,东莞办,关店,专柜店,加盟,街铺,,,,,,1802105104,,,,1,是
C04693,东莞寮步香市路专卖店,广东公司,东莞战区,广东省区,东莞办,关店,专卖店,加盟,街铺,5806432,,,6014140748849,600086,182024703,6873001336728832000,3002010097454223467,,1,是
C04694,广州天河东圃大马路店,广东公司,广州战区,广东省区,广佛办,关店,专卖店,加盟,街铺,5760977,500925067.0,,6014224998849,293167,189811141,6601213637602314244,6724909543918597061,,1,是
C04695,上饶高铁站外店,江西公司,抚州战区,江西二区,上饶办,关店,专卖店,加盟,高势能,,,,,291058,,,,,1,是
C04697,厦门翔安新华都专卖店,江西公司,厦门战区,福建省区,闽南办,关店,专卖店,加盟,商超,,,,,,,,,,1,是
C04698,双辽家得乐店,陕西公司,沈阳战区,辽吉省区,长春办,关店,专卖店,加盟,,,,,,,,,,,1,是
C04701,沈阳虹桥路店,陕西公司,沈阳战区,辽吉省区,沈阳办,关店,专卖店,加盟,商超,10105124,,,,,,,,,1,是
C04707,长春欧亚东盛店,陕西公司,沈阳战区,辽吉省区,长春办,关店,专卖店,加盟,商超,11033777,2080343765,,6015119282849,600210,1083985922,6943726766858962983,2161914579260346887,,1,是
C04708,长沙浏阳天虹店,江西公司,长沙战区,湖南省区,长沙办,正常营业,专卖店,加盟,综合体,31362833,540680040,22229048.0,6015167426849,287904,191219481,6873438144935593991,3002803774596321698,2026030511077000000115225776|xiniu_xgc_bgc,1,是
C04710,恒大御景店,江西公司,南昌一战区,江西一区,南昌二办,正常营业,专卖店,加盟,街铺,14016566,506194557.0,,6015119072849,284570,1245178633,6871907134276208654,6724909317085793726,,1,是
C04712,桂林七星万达冠超市专卖店,广东公司,南宁战区,广西省区,柳桂办,关店,专卖店,加盟,综合体,6386928,,,,,190600153,,,,1,是
C04719,湖北浠水步行街洪都店,江西公司,九江战区,湖北办,湖北办,关店,专卖店,加盟,街铺,9086453,,,6015320397849,291060,749850226,,,,1,是
C04720,直属河南郑州中原万达沃尔玛店,陕西公司,郑州战区,河南省区,郑州办,关店,专卖店,直营,综合体,11429936,2043362203,,,292166,186109843,,,,1,是
C04721,昌北机场伊莱雅专柜,江西公司,南昌一战区,江西一区,南昌一办,关店,专柜店,加盟,高势能,,,,,,,,,,1,是
C04722,新建区心怡广场店,江西公司,南昌一战区,江西一区,南昌一办,正常营业,专卖店,加盟,街铺,,,,6015338700849,284574,180599368,6656397510686328844,6724909544110978388,,1,是
C04723,赣州中创店,江西公司,赣州战区,江西一区,赣州办,关店,专卖店,加盟,,6571324,,,,,,,,,1,是
C04724,新建区子实路店,江西公司,南昌一战区,江西一区,南昌一办,关店,专卖店,加盟,街铺,,,,6015337489849,284572,182514738,6799214490819790859,3002718238705558019,,1,是
C04726,高新大道店,江西公司,南昌一战区,江西一区,南昌二办,关店,专卖店,加盟,街铺,,,,6015120039849,284571,185666886,6647216435279988750,,,1,是
C04731,西安高陵马家湾好又多店,陕西公司,西安战区,陕西省区,西安办,关店,专卖店,加盟,商超,2099086302,2099086302,,6013999204849,286304,,,,,1,是
C04732,西安市场华润万家宝鸡大庆路店,陕西公司,西安战区,陕西省区,陕西外阜办,关店,专卖店,加盟,商超,5999077,500970844,,6013999502849,288255,185276956,6871938230317598734,,,1,是
C04735,宝安区松岗永辉专卖店,广东公司,深圳战区,广东省区,宝安办,关店,专柜店,加盟,商超,,,,,,182103194,,,,1,是
C04736,长沙宁乡大润发店,江西公司,长沙战区,湖南省区,长沙办,关店,专卖店,加盟,商超,6120461,,,,287908,187650609,,,,1,是
C04739,温州金虹东街专卖店,浙江公司,杭州战区,福建省区,浙南办,关店,专卖店,加盟,街铺,27189800,167691372,,6014009585849,289979,184198744,6645528047581726734,,,1,是
C04740,宁德华悦超市专卖店,江西公司,福州战区,福建省区,闽北办,关店,专卖店,加盟,商超,8626603,167705868,17475286.0,6014413034849,289980,1160892190,6740749231126005772,6724909257327204291,,1,是
C04743,广西北海和佳广场专卖店,广东公司,南宁战区,广西省区,南宁办,关店,专卖店,加盟,商超,6120468,337075449,,,291464,791035033,,,,1,是
C04745,河南郑州东服务区店,陕西公司,郑州战区,河南省区,河南外阜办,关店,专卖店,加盟,交通枢纽,,,,,,,,,,1,是
C04746,温州泰顺专卖店,浙江公司,杭州战区,福建省区,浙南办,关店,专卖店,加盟,街铺,5999073,,,,,,,,,1,是
C04749,丰城金马步行街店,江西公司,南昌二战区,江西一区,丰新办,正常营业,专卖店,加盟,街铺,5994354,501730931,15968042.0,6015128836849,286464,186228737,6658215664219605003,3004717012788056661,2026031111077000000115333072|xiniu_xgc_bgc,1,是
C04750,通化东昌区万达店,陕西公司,沈阳战区,辽吉省区,长春办,关店,专卖店,加盟,综合体,8609306,2038094501,,6015119281849,290043,1293684394,6892015437857425412,6724909544099956940,,1,是
C04751,鹰抚抚州高铁站二店,江西公司,抚州战区,江西一区,鹰抚办,正常营业,专卖店,加盟,高势能,,,,,,,,,,1,是
C04752,鹰抚抚州凤凰城店,江西公司,抚州战区,江西一区,鹰抚办,正常营业,专卖店,加盟,街铺,14742981,1101936985.0,,6015165838849,286461,921956052,6601139435327195149,3003750988431958564,2025111911077000000113717661|xiniu_xgc_bgc,1,是
C04753,抚南崇仁江重圆盘店,江西公司,抚州战区,江西一区,鹰抚办,关店,渠道店,加盟,特殊渠道,12315625,,,6015164365849,601095,630275572,6865870491643545613,3003728404922735054,,1,是
C04755,长春天富惠店,陕西公司,沈阳战区,辽吉省区,长春办,关店,专柜店,加盟,商超,18008067,512872639,16019884.0,6015116690849,293281,182515043,6873390107093698574,6724909380811127528,,1,是
C04758,杭州湖州高铁站,浙江公司,杭州战区,浙江省区,杭州办,正常营业,专卖店,加盟,高势能,,,,,,,,,,1,否
C04759,宜春万载龙河星城店,江西公司,宜春战区,江西二区,宜春办,关店,专卖店,加盟,街铺,10939628,170972046,,6015166019849,287948,1672853449,6658683157040089099,3002803908335079713,,1,是
C04760,进贤华润店,江西公司,南昌二战区,江西二区,南昌四办,关店,专卖店,加盟,商超,,,,,286230,,,,,1,是
C04761,沈阳北四路地利专卖店,陕西公司,沈阳战区,辽吉省区,沈阳办,关店,专卖店,加盟,商超,,,,,,,,,,1,是
C04762,沈阳万科紫台地利专卖店,陕西公司,沈阳战区,辽吉省区,沈阳办,关店,专卖店,加盟,商超,,,,,,,,,,1,是
C04763,大连罗斯福店,陕西公司,沈阳战区,辽吉省区,大连办,正常营业,专卖店,加盟,综合体,6578006,,16383958.0,6016495010849,289431,159664485,6601154194898421773,3001802764307306037,,1,是
C04764,直属大连商场店,陕西公司,沈阳战区,辽吉省区,大连办,正常营业,专卖店,直营,综合体,10410586,2062142854,,6015118556849,600122,1849952455,6707787586225604611,3002071835393168810,,1,是
C04775,新余太平洋广场店,江西公司,宜春战区,江西一区,丰新办,正常营业,专卖店,加盟,街铺,6716479,305193997,16384058.0,6015147912849,286438,1160179400,6645627391693654030,6724909544136691670,2025111911077000000113676619|xiniu_xgc_bgc,1,是
C04776,广州天河黄村专卖店,广东公司,广州战区,广东省区,广佛办,关店,专柜店,加盟,街铺,,,,,,187430785,,,,1,是
C04777,沈阳联合路地利店,陕西公司,沈阳战区,辽吉省区,沈阳办,关店,专卖店,加盟,商超,5999071,500905196,,,288895,182349349,,,,1,是
C04779,赣州信丰坚强店,江西公司,赣州战区,江西一区,赣州办,关店,专卖店,加盟,商超,8568936,336848390,,,286458,,,,,1,是
C04780,上饶婺源朱熹大道店,江西公司,抚州战区,江西二区,景德镇办,正常营业,专卖店,加盟,街铺,,,,6015165598849,295277,,,,,1,是
C04781,泉州水头时代新城专卖店,江西公司,厦门战区,福建省区,闽南办,关店,专卖店,加盟,综合体,,,,6014009885849,289982,191442969,6626630866275665923,3003040320781326269,,1,是
C04783,龙岩新罗紫金山专卖店,江西公司,厦门战区,福建省区,闽南办,关店,专卖店,加盟,商超,12803430,503494325,,6015210709849,,670493939,7007252485517608974,3002803025374417592,,1,是
C04785,上饶清水店,江西公司,抚州战区,江西二区,上饶办,关店,专卖店,加盟,,,,,,295273,,,,,1,是
C04786,鹰抚上顿渡镇学成路店,江西公司,抚州战区,江西一区,鹰抚办,关店,专卖店,加盟,街铺,,,,6015056611849,601083,1200653970,6647107594798352397,,,1,是
C04787,台州黄岩永辉专卖店,浙江公司,杭州战区,福建省区,浙南办,关店,专卖店,加盟,商超,,,,,,,,,,1,是
C04788,湖坊店,江西公司,南昌一战区,江西一区,南昌二办,关店,专卖店,加盟,街铺,,,,,286231,192143374,,,,1,是
C04789,广州天河员村专卖店,广东公司,广州战区,广东省区,广佛办,关店,专柜店,加盟,街铺,6122545,171046819,,6014225575849,291462,182483182,6601243663815149576,6724909401378157882,,1,是
C04790,龙岩新罗中山街专卖店,江西公司,厦门战区,福建省区,闽南办,关店,专柜店,加盟,街铺,cover_C04790_14627505,506451493,,,,,,,,1,是
C04791,九江沿浔店,江西公司,九江战区,江西二区,九江办,正常营业,专卖店,加盟,街铺,18478854,510612342.0,,6015167640849,285957,192604905,6753144162951923720,3002804177932264031,2025112011077000000113715690|xiniu_xgc_bgc,1,是
C04792,丹东万达店,陕西公司,沈阳战区,辽吉省区,大连办,关店,专卖店,加盟,综合体,6438154,,,6015119066849,289432,190594589,,,,1,是
C04797,南山区水湾地铁专卖店,广东公司,深圳战区,广东省区,宝安办,关店,专卖店,加盟,交通枢纽,5898834,167691361,,6015118540849,288170,601656,6724827844507158536,6724909379468385233,,1,是
C04798,宜春安义开发区店,江西公司,南昌二战区,江西二区,宜春办,关店,专卖店,加盟,街铺,14992431,1105312991.0,,6015165231849,600483,,6711666175773886468,,,1,是
C04801,南宁武鸣康和城专卖店,广东公司,南宁战区,广西省区,南宁办,关店,专柜店,加盟,商超,11985337,501671413,,6014907230849,327084,1925277047,6945949417832712233,3002808452843475024,,1,是
C04802,珠海拱北莲花路专卖店,广东公司,广州战区,广东省区,中珠办,关店,专卖店,加盟,街铺,,,,,,185428599,,,,1,是
C04803,长春吉林大路店,陕西公司,沈阳战区,辽吉省区,长春办,关店,专卖店,加盟,商超,9571974,,,6015118392849,600215,715183888,,,,1,是
C04810,吉安峡江服务区南区,江西公司,宜春战区,江西一区,吉安办,关店,专卖店,加盟,交通枢纽,,,,,,,,,,1,否
C04811,吉安峡江服务区北区,江西公司,宜春战区,江西一区,吉安办,关店,专卖店,加盟,交通枢纽,,,,,,,,,,1,否
C04816,沈阳杨官佳跃店,陕西公司,沈阳战区,辽吉省区,沈阳办,关店,专卖店,加盟,综合体,14223015,506152354,,6015113776849,289133,1046322794,7152029281177045006,3003577339504236113,,1,是
C04817,丰城樟树洋湖店,江西公司,南昌二战区,江西一区,丰新办,关店,专卖店,加盟,街铺,,,,6015118867849,286462,1808774038,,,,1,是
C04818,龙岗吉祥华润专卖店,广东公司,深圳战区,广东省区,龙岗办,关店,专卖店,加盟,街铺,,,,,,184776814,,,,1,是
C04820,长春欧亚七彩城店,陕西公司,沈阳战区,辽吉省区,长春办,关店,专卖店,加盟,,,,,,,,,,,1,是
C04823,长春地利生鲜住邦店,陕西公司,沈阳战区,辽吉省区,长春办,关店,专卖店,加盟,商超,6984229,171404272,,6015118657849,293272,187171531,,,,1,是
C04826,长春欧亚车百总部店,陕西公司,沈阳战区,辽吉省区,长春办,关店,专卖店,加盟,商超,11033776,2056852201,,6015119548849,600212,1850290962,6887831001691588608,6724909544075665286,,1,是
C04827,哈尔滨大商新一百店,陕西公司,沈阳战区,辽吉省区,哈尔滨办,关店,专卖店,加盟,,,,,,,,,,,1,是
C04828,长春欧亚四通路店,陕西公司,沈阳战区,辽吉省区,长春办,关店,专卖店,加盟,商超,6674954,,,,,,,,,1,是
C04830,沈阳营口万达永辉店,陕西公司,沈阳战区,辽吉省区,大连办,关店,专卖店,加盟,综合体,7502840,2062496762,,,cover_C04830_296646,193718843,,,,1,是
C04831,吉安峡江步行街店,江西公司,宜春战区,江西一区,吉安办,关店,专卖店,加盟,街铺,,,,,290507,1237480783,,3002293320422433298,,1,是
C04835,吉安万安万佳广场店,江西公司,赣州战区,江西一区,吉安办,关店,专卖店,加盟,商超,,,,6015130213849,317897,,7152088707879667743,3003730948727840815,,1,是
C04837,上饶鄱阳悦购福总店,江西公司,九江战区,江西二区,景德镇办,正常营业,专卖店,加盟,街铺,,,,6015165408849,286446,,6611777193519351815,6724909456112603686,,1,是
C04841,长春欧亚柳影路店,陕西公司,沈阳战区,辽吉省区,长春办,关店,专卖店,加盟,商超,,,,,,,,,,1,是
C04842,九江沙河好又多超市店,江西公司,九江战区,江西二区,九江办,关店,专卖店,加盟,街铺,14245364,2000915807,,6015165804849,288389,,7075871879071795232,3002706215614354447,,1,是
C04845,长春净月潭沃尔玛店,陕西公司,沈阳战区,辽吉省区,长春办,关店,专卖店,加盟,综合体,cover_C04845_6720948,cover_C04845_502821924,,6015118461849,293276,187920783,6726456382175889422,,,1,是
C04846,青山湖区梦时代广场店,江西公司,南昌一战区,江西一区,南昌二办,关店,专卖店,加盟,街铺,,,,,,,,,,1,是
C04848,盘锦兴隆大厦店,陕西公司,沈阳战区,辽吉省区,辽吉外阜办,关店,专卖店,加盟,商超,6076244,,,,289862,186020841,,,,1,是
C04850,上海马陆大融城店,浙江公司,上海战区,上海省区,上海一办,关店,专卖店,加盟,,,,,,,,,,,1,是
C04852,莆田筱塘易太专卖店,江西公司,福州战区,福建省区,福州办,关店,专卖店,加盟,街铺,,,,,,,,,,1,是
C04855,宜春万载城北农贸市场店,江西公司,宜春战区,江西二区,宜春办,关店,专卖店,加盟,街铺,,,,6015165232849,288395,8755132,6936668502883305503,6724909544100574202,,1,是
C04865,钦州世贸广场店,广东公司,南宁战区,广西省区,南宁办,正常营业,专卖店,加盟,街铺,6165855,2044395066,16384031.0,6015203393849,292459,187738826,6745785333603911684,,2026031911077000000115295933|xiniu_xgc_bgc,1,是
C04866,广西贵港平南通泰百货专卖店,广东公司,南宁战区,广西省区,柳桂办,关店,专卖店,加盟,商超,6277241,501120707,,6014906030849,292133,185768439,6642647117590448135,,,1,是
C04868,安徽永辉生活特通渠道,浙江公司,苏州战区,安徽办,安徽办,关店,渠道店,加盟,特殊渠道,,,,,,,,,,1,是
C04870,上饶铅山富达农贸市场店,江西公司,抚州战区,江西二区,上饶办,正常营业,专卖店,加盟,街铺,6716480,,,6015115396849,176518,1542194740,,3003874947206324429,,1,是
C04873,吉安城北世纪华联店,江西公司,赣州战区,江西一区,吉安办,关店,专卖店,加盟,商超,6386924,1123319324,,6015145927849,291055,1457509615,6923215659174217731,3002505108244698516,,1,是
C04875,九江永修山水美地店,江西公司,九江战区,江西二区,九江办,正常营业,专卖店,加盟,街铺,,,,6015164791849,601096,1958194329,7041041946525042700,,2025112011077000000113723704|xiniu_xgc_bgc,1,是
C04876,大连瓦房店家乐福店,陕西公司,沈阳战区,辽吉省区,大连办,关店,专卖店,加盟,商超,6438156,302309751,,6015120059849,289864,190727863,,,,1,是
C04878,沈阳新隆嘉杨官店,陕西公司,沈阳战区,辽吉省区,沈阳办,关店,专卖店,加盟,商超,6120470,2044187138,,6015119551849,290567,187563362,,,,1,是
C04879,沈阳中兴大厦店,陕西公司,沈阳战区,辽吉省区,沈阳办,关店,专卖店,加盟,综合体,6120520,1180801806,,6015117787849,290515,187524939,6919225682123819023,6724909390913366854,,1,是
C04881,沈阳中街比优特店,陕西公司,沈阳战区,辽吉省区,沈阳办,关店,专卖店,加盟,商超,9545578,2062152613,,6015117789849,290566,1833684448,7055548512376719395,3002646467050017823,,1,是
C04886,梅州平远平兴路专卖店,广东公司,东莞战区,广东省区,惠汕办,关店,专卖店,加盟,商超,9855955,501249605,,6014226145849,600050,190601433,6995408645886478343,,,1,是
C04887,大连瓦房店新玛特旺角店,陕西公司,沈阳战区,辽吉省区,大连办,关店,专卖店,加盟,综合体,12357798,2057069234,,6015116294849,291075,666383579,6887861210507675655,6724909544074748951,,1,是
C04889,盘锦兴隆二百店,陕西公司,沈阳战区,辽吉省区,辽吉外阜办,关店,专卖店,加盟,商超,6325707,171047211,,,290560,189325663,,,,1,是
C04893,沈阳云峰街北四路店,陕西公司,沈阳战区,辽吉省区,沈阳办,关店,专卖店,加盟,街铺,5887151,2001304350,,,288244,187795452,,,,1,是
C04895,沈阳文大路地利专卖店,陕西公司,沈阳战区,辽吉省区,沈阳办,关店,专卖店,加盟,商超,,,,,,,,,,1,是
C04896,广州黄埔永和专卖店,广东公司,广州战区,广东省区,广佛办,关店,专卖店,加盟,街铺,6248409,171046837,,6014225273849,292129,188442988,6644880421169498126,6724909544063588182,,1,是
C04897,厦门翔安郑坂专卖店,江西公司,厦门战区,福建省区,闽南办,关店,专卖店,加盟,街铺,17321919,1147410009,,6014009897849,325011,1541289327,6728818616021567495,,,1,是
C04898,宝安福永益田假日专卖店,广东公司,深圳战区,广东省区,宝安办,关店,专柜店,加盟,综合体,6276381,169408814,,,295382,188857513,,,,1,是
C04899,沈阳浑南奥体万达地利超市店,陕西公司,沈阳战区,辽吉省区,沈阳办,关店,专卖店,加盟,综合体,,,,,,,,,,1,是
C04902,九江永修富民店,江西公司,九江战区,江西二区,九江办,正常营业,专卖店,加盟,街铺,19358068,,,6015164685849,290509,1911578969,6857477491980797952,,2025112011077000000113721683|xiniu_xgc_bgc,1,是
C04905,保利心语店,江西公司,南昌一战区,江西一区,南昌二办,正常营业,专卖店,加盟,街铺,,,,6015118743849,291324,193295576,6905496542241622029,6724909544101567330,2026030511077000000115197784|xiniu_xgc_bgc,1,是
C04910,汕头卜蜂和平专卖店,广东公司,东莞战区,广东省区,惠汕办,关店,专卖店,加盟,街铺,7537015,,,6014225764849,292128,1763990570,6777573556541868036,6724909544073198731,,1,是
C04911,珠海二城广场专卖店,广东公司,广州战区,广东省区,中珠办,关店,专卖店,加盟,街铺,6571394,2000043115,,6014315119849,295373,186485882,6649276547989620739,3002815418605441487,,1,是
C04912,珠海斗门大信专卖店,广东公司,广州战区,广东省区,中珠办,关店,专卖店,加盟,街铺,,,,,,,,,,1,是
C04913,长沙湘江世纪城华润万家店,江西公司,长沙战区,湖南省区,长沙办,关店,专卖店,加盟,商超,6249108,174074334,,6015165183849,291411,186039401,6647277166906099725,3003872392419055122,,1,是
C04917,长春摩天活力城大润发店,陕西公司,沈阳战区,辽吉省区,长春办,关店,专卖店,加盟,综合体,11007879,504708241,15967926.0,6015119957849,600607,185839413,6888133656230037519,6724909462675362160,2026031311077000000115329347|xiniu_xgc_bgc,1,是
C04918,厦门集美新华都专卖店,江西公司,厦门战区,福建省区,闽南办,关店,专卖店,加盟,街铺,17631120,,,,,,,,,1,是
C04921,桂林临桂南城百货专卖店,广东公司,南宁战区,广西省区,柳桂办,关店,专柜店,加盟,商超,8336363,2001545615,,,,,,,,1,是
C04922,杭州千岛湖高铁站,浙江公司,杭州战区,浙江省区,杭州办,关店,专卖店,加盟,高势能,,,,,,,,,,1,否
C04923,娄底涟源开成商悦广场店,江西公司,长沙战区,湖南省区,株洲办,关店,专卖店,加盟,综合体,20499282,1190700415,,6016828698849,293428,188857702,7348279949578471435,6724909474448686022,,1,是
C04925,营口大石桥兴隆店,陕西公司,沈阳战区,辽吉省区,大连办,关店,专卖店,加盟,,,,,,,,,,,1,是
C04926,新余劳动北路店,江西公司,宜春战区,江西一区,丰新办,正常营业,专卖店,加盟,街铺,6716478,1127862941,16256722.0,6015165432849,297360,1926287291,6673096426139961352,6724909543917783383,,1,是
C04928,直属大连庄河万达店,陕西公司,沈阳战区,辽吉省区,大连办,关店,专柜店,直营,综合体,cover_C04928_6776351,cover_C04928_501120468,,cover_C04928_6015130705849,177508.0,193358266.0,6748028411714881544,6724909374521182836,,1,是
C04929,大连张前路乐购店,陕西公司,沈阳战区,辽吉省区,大连办,关店,专卖店,加盟,商超,6578014,2044041087,,6015116089849,293283,88995175,,,,1,否
C04930,大连奥林匹克店,陕西公司,沈阳战区,辽吉省区,大连办,关店,专卖店,加盟,商超,,,,,293282,192101288,,,,1,是
C04931,广州白云江夏西路专卖店,广东公司,广州战区,广东省区,广佛办,关店,专柜店,加盟,街铺,13977230,506008080,,6014268512849,292130,189376180,6829235992256350208,6724909407445435994,,1,是
C04936,墅溪路店,江西公司,南昌一战区,江西二区,南昌三办,关店,专卖店,加盟,街铺,16189391,,16189391.0,6015337294849,291325,920977724,6724568857463326724,3001811085134111201,,1,是
C04938,温州梅泉专卖店,浙江公司,杭州战区,福建省区,浙南办,关店,专卖店,加盟,街铺,6248408,,,,,,,,,1,是
C04940,柳州鹿寨广佰汇专卖店,广东公司,南宁战区,广西省区,柳桂办,关店,专卖店,加盟,商超,8209606,501716056,,6014895031849,299816,1281424392,6944920383925602307,3002075989866582209,,1,是
C04941,广西靖西广百汇超市专卖店,广东公司,南宁战区,广西省区,南宁办,关店,专卖店,加盟,商超,11981301,502528157,,,601141,580801693,,,,1,是
C04942,南宁科德路专卖店,广东公司,南宁战区,广西省区,南宁办,关店,专卖店,加盟,街铺,6248411,,,,292132,,,,,1,是
C04943,赣州宁都坚强店,江西公司,赣州战区,江西一区,赣州办,关店,专卖店,加盟,,,,,,308477,,,,,1,是
C04945,赣州赣县宏昌店,江西公司,赣州战区,江西一区,赣州办,关店,专卖店,加盟,街铺,,,,,291052,,,,,1,是
C04946,上饶玉山汽车站店,江西公司,抚州战区,江西二区,上饶办,正常营业,专卖店,加盟,交通枢纽,6120463,,16383952.0,6015280271849,291063,1445753561,6658184162257700878,,2025111911077000000113649646|xiniu_xgc_bgc,1,是
C04947,双马石路店,江西公司,南昌一战区,江西一区,南昌一办,关店,专卖店,加盟,街铺,6801781,329591401,,,291638,193474679,,,,1,是
C04949,西安市场甘肃天水南站店,陕西公司,西安战区,陕西省区,兰州办,关店,专卖店,加盟,高势能,,,,,,,,,,1,是
C04950,直属永辉新城吾悦店,江西公司,南昌一战区,江西一区,南昌一办,关店,专柜店,直营,商超,,,,,,,,,,1,是
C04956,杭州嘉兴银泰城店,浙江公司,杭州战区,浙江省区,杭州办,关店,专卖店,加盟,,9607909,,,,,,,,,1,是
C04958,龙岗仙人岭市场专卖店,广东公司,深圳战区,广东省区,龙岗办,关店,专卖店,加盟,街铺,10444439,501314173,,6014171932849,600031,187921077,6899561305783404544,6724909544109187298,,1,是
C04959,东莞厚街汉邦广场专卖店,广东公司,东莞战区,广东省区,东莞办,关店,专卖店,加盟,街铺,6277165,2042668694,,6014146646849,292465,188554348,6779052788262520846,6724909544071062533,,1,是
C04960,直属孺子路2店,江西公司,南昌一战区,江西二区,南昌三办,关店,专卖店,直营,街铺,15166229,171048438,,6013966428849,291891,189357934,,,,1,是
C04961,直属杭州凤起路地铁站店,浙江公司,杭州战区,浙江省区,杭州办,关店,专卖店,直营,交通枢纽,,,,,,,,,,1,是
C04965,九江大树下店,江西公司,九江战区,江西二区,九江办,正常营业,专卖店,加盟,街铺,12745831,500829387,,6015115194849,291053,,6708607325667690508,3002074043308908968,,1,是
C04966,南宁西乡塘金陵镇专卖店,广东公司,南宁战区,广西省区,南宁办,关店,专卖店,加盟,街铺,,,,6014905430849,322089,,6884583128329979918,,,1,是
C04968,广西来宾武宣日新百货专卖店,广东公司,南宁战区,广西省区,柳桂办,关店,专卖店,加盟,商超,6716481,,,6014907936849,293120,185746112,6854224723539232782,3003054935924742118,,1,是
C04969,南宁万达茂专卖店,广东公司,南宁战区,广西省区,南宁办,关店,专卖店,加盟,综合体,6324417,169775920,,,292456,187187154,,,,1,是
C04970,东莞东城世博广场专卖店,广东公司,东莞战区,广东省区,东莞办,关店,专卖店,加盟,综合体,6276380,336976749,,,,,,,,1,是
C04972,台州玉环吾悦广场专卖店,浙江公司,杭州战区,福建省区,浙南办,关店,专卖店,加盟,街铺,6438161,300022107,,6014015501849,301269,189314425,,,,1,是
C04973,长春宽城永辉店,陕西公司,沈阳战区,辽吉省区,长春办,关店,专卖店,加盟,商超,6531402,,,,,1730407171,,,,1,是
C04975,长春吾悦广场永辉店,陕西公司,沈阳战区,辽吉省区,长春办,关店,专卖店,加盟,综合体,6438153,502571609,,6015118991849,293271,190693984,6860317678729447437,6724909489681462173,,1,是
C04976,长春欧亚春城店,陕西公司,沈阳战区,辽吉省区,长春办,关店,专卖店,加盟,综合体,12174845,2123954138,15967918.0,6015118246849,293273,1522574494,7010216588271945741,3002255962032743206,,1,是
C04977,佛山大信新都汇顺德专卖店,广东公司,广州战区,广东省区,广佛办,关店,专卖店,加盟,街铺,,,,,,,,,,1,是
C04983,南宁会展航洋城广场专卖店,广东公司,南宁战区,广西省区,南宁办,关店,专卖店,加盟,街铺,,,,,292461,,,,,1,是
C04985,莆田正荣财富中心专卖店,江西公司,福州战区,福建省区,福州办,关店,专柜店,加盟,商超,6276377,cover_C04985_300152024,,6014010148849,295395,186460563,,,,1,是
C04986,鞍山板芙小镇新隆嘉店,陕西公司,沈阳战区,辽吉省区,大连办,关店,专卖店,加盟,街铺,7477498,501858771,,6015119961849,296950,1581495358,,6724909295991736904,,1,是
C04987,莆田南门专卖店,江西公司,福州战区,福建省区,福州办,关店,专卖店,加盟,街铺,,,,,,,,,,1,是
C04988,广州员村家乐福专卖店,广东公司,广州战区,广东省区,广佛办,关店,专卖店,加盟,商超,6578010,171046821,,,293168,186810585,,,,1,是
C04989,抚南荣山店,江西公司,抚州战区,江西一区,鹰抚办,关店,专卖店,加盟,街铺,,,,,293425,,,,,1,是
C04990,宝安区灵芝华润专卖店,广东公司,深圳战区,广东省区,宝安办,关店,专柜店,加盟,商超,6674947,171046835,,,,,,,,1,是
C04993,长沙黄兴路步行街沃尔玛店,江西公司,长沙战区,湖南省区,长沙办,关店,专卖店,加盟,商超,12717031,172760941,,6015164994849,307406,189988876,,,,1,是
C04995,长沙雨花亭沃尔玛店,江西公司,长沙战区,湖南省区,长沙办,关店,专卖店,加盟,商超,6554308,171048001,,6014905059849,302788,190688446,cover_C04995_6647297738188883982,,,1,是
C04996,东莞虎门国际购物中心专卖店,广东公司,东莞战区,广东省区,东莞办,关店,专卖店,加盟,商超,7342301,501638673,,6014139768849,293166,4786524,6601188181419231245,6724909544099088195,,1,是
C04997,东莞望牛墩嘉荣专卖店,广东公司,东莞战区,广东省区,东莞办,关店,专卖店,加盟,街铺,12397639,,,,600926,,,,,1,是
C04998,南宁火车站专卖店,广东公司,南宁战区,广西省区,南宁办,关店,专卖店,加盟,高势能,,,,,,,,,,1,是
C04999,龙岗坪山站店,广东公司,深圳战区,广东省区,龙岗办,关店,专柜店,加盟,高势能,,,,,,,,,,1,是
C05001,直属杭州萧山宝龙店,浙江公司,杭州战区,浙江省区,杭州办,关店,专卖店,直营,商超,7712303,502741314,15905534.0,6013954046849,295420,1567181868,6680282306260912131,6724909544070995647,,1,是
C05005,西安市场未央路盒马鲜生店,陕西公司,西安战区,陕西省区,西安办,关店,专卖店,加盟,商超,6386922,171048525,,,292167,1691546776,,,,1,是
C05006,宝安龙华清湖新村专卖店,广东公司,深圳战区,广东省区,宝安办,关店,专柜店,加盟,街铺,,,,,,602788,,,,1,是
C05007,直属上海家乐福宝山店,浙江公司,上海战区,上海省区,上海一办,关店,专卖店,直营,商超,6903779,336611158,,6013775328849,305424,190430004,,,,1,是
C05008,直属东莞南城印象汇专卖店,广东公司,东莞战区,广东省区,东莞办,关店,专卖店,直营,综合体,13128446,2099290753,,6013970979849,601015,2679881.0,,,,1,是
C05010,惠州南站广场专卖店,广东公司,东莞战区,广东省区,惠汕办,关店,专卖店,加盟,高势能,,,,,,,,,,1,否
C05011,盘锦水游城店,陕西公司,沈阳战区,辽吉省区,辽吉外阜办,关店,专卖店,加盟,商超,6571312,,,,,,,,,1,是
C05015,沈阳昆山新隆嘉店,陕西公司,沈阳战区,辽吉省区,沈阳办,关店,专卖店,加盟,街铺,6571314,2044187111,,6015115066849,293279,190367116,6860229416417593357,,,1,否
C05016,沈阳黄河大街新隆嘉,陕西公司,沈阳战区,辽吉省区,沈阳办,关店,专卖店,加盟,街铺,7080224,171404301,,6015116286849,292944,190757273,6651936390034606091,3002996560002420978,,1,是
C05017,鹰抚抚州硕果时代店,江西公司,抚州战区,江西一区,鹰抚办,正常营业,专卖店,加盟,商超,8516324,1112447809,17082652.0,6015150606849,296948,1648303069,6635804805740627982,3003728987225957045,2026031011077000000115349033|xiniu_xgc_bgc,1,是
C05021,赣州赣县国光店,江西公司,赣州战区,江西一区,赣州办,关店,专卖店,加盟,商超,10211327,170972875,,6015167628849,295268,,6944460037796399119,3002965938070695416,,1,是
C05022,沈阳丰乐一街新隆嘉超市店,陕西公司,沈阳战区,辽吉省区,沈阳办,关店,专卖店,加盟,商超,6842036,,,,,,,,,1,是
C05023,盘锦兴隆三百店,陕西公司,沈阳战区,辽吉省区,辽吉外阜办,关店,专卖店,加盟,商超,6324436,500860009,,6015118395849,295423,189320490,6652492797867870211,,,1,是
C05025,西安市场运城沃尔玛店,陕西公司,西安战区,山西办,山西办,关店,专卖店,加盟,商超,,,,6015300555849,307652,1145761307,6699579602647500812,,,1,是
C05026,长春车城万达永辉店,陕西公司,沈阳战区,辽吉省区,长春办,关店,专卖店,加盟,综合体,6722540,1108585894,,6015115077849,296647,187887926,7040668652294801438,3001822490800723342,,1,是
C05028,厦门杏林苑亭路专卖店,江西公司,厦门战区,福建省区,闽南办,关店,专卖店,加盟,街铺,,,,,,,,,,1,是
C05031,南山区万象新园专卖店,广东公司,深圳战区,广东省区,宝安办,关店,专卖店,加盟,街铺,6501473,171046826,,,,,,,,1,是
C05032,宝安区康乐专卖店,广东公司,深圳战区,广东省区,宝安办,关店,专柜店,加盟,商超,6410800,171046839,,,295384,190420808,,,,1,是
C05033,广西北海火车站专卖店,广东公司,南宁战区,广西省区,南宁办,关店,专卖店,加盟,高势能,,,,,,,,,,1,是
C05035,义乌浦江商业路店,浙江公司,杭州战区,浙江省区,金衢办,关店,专卖店,加盟,街铺,11760202,502599690,,,,,,,,1,是
C05040,沈阳万象生活城永辉超市店,陕西公司,沈阳战区,辽吉省区,沈阳办,关店,专卖店,加盟,商超,6386920,,,,296462,,,,,1,是
C05041,上饶铅山县汪二镇店,江西公司,抚州战区,江西二区,上饶办,关店,专卖店,加盟,街铺,,,,,295269,,,,,1,是
C05043,鹰抚抚州高铁站店,江西公司,抚州战区,江西一区,鹰抚办,正常营业,专卖店,加盟,高势能,,,,6015146307849,,,,,,1,是
C05045,长沙麓山通程广场店,江西公司,长沙战区,湖南省区,长沙办,关店,专卖店,加盟,街铺,,,,,,,,,,1,是
C05047,福州路店,江西公司,南昌一战区,江西二区,南昌三办,正常营业,专卖店,加盟,街铺,6276374,172985252,14264562.0,6015115056849,295286,188927081,6651806381777111043,4003069450920830136,2026031011077000000115359022|xiniu_xgc_bgc,1,是
C05051,珠海奥园广场专卖店,广东公司,广州战区,广东省区,中珠办,关店,专卖店,加盟,商超,6521614,171404373,,6014260227849,301492,189770747,6872918970060654603,3002815634528277962,,1,是
C05052,牡丹江大润发东安店,陕西公司,沈阳战区,辽吉省区,哈尔滨办,关店,专柜店,加盟,商超,9511530,169400755,,6015117058849,296451,1875921598,6900303193020827662,6724909544067333787,,1,是
C05055,宜春上高华润万家超市店,江西公司,宜春战区,江西二区,宜春办,关店,专卖店,加盟,商超,168740197,168740197,,6015167040849,295666,,,,,1,是
C05056,鹰抚抚州梦湖店,江西公司,抚州战区,江西一区,鹰抚办,正常营业,专卖店,加盟,街铺,6842035,313401815,15968003.0,6015150405849,300134,1265272948,6750961665195460622,6724909462633544142,2025111911077000000113718656|xiniu_xgc_bgc,1,是
C05057,厦门闽南古镇永辉专卖店,江西公司,厦门战区,福建省区,闽南办,关店,专卖店,加盟,商超,,,,,,,,,,1,是
C05059,九江沙河泉塘小区店,江西公司,九江战区,江西二区,九江办,正常营业,专卖店,加盟,街铺,6410798,168036482,,6015115596849,295275,1512650145,6645951297335953415,3002889039007748525,2025112011077000000113671761|xiniu_xgc_bgc,1,是
C05060,赣州步步高店,江西公司,赣州战区,江西一区,赣州办,关店,专卖店,加盟,综合体,14407404,169701410,,6015131607849,298176,,,,,1,是
C05062,抚顺新隆嘉绥化店,陕西公司,沈阳战区,辽吉省区,辽吉外阜办,关店,专卖店,加盟,街铺,,,,,,,,,,1,是
C05063,抚顺新隆嘉万科店,陕西公司,沈阳战区,辽吉省区,辽吉外阜办,关店,专卖店,加盟,街铺,,,,,,,,,,1,是
C05065,抚顺新隆嘉天丰店,陕西公司,沈阳战区,辽吉省区,辽吉外阜办,关店,专卖店,加盟,街铺,,,,,,,,,,1,是
C05066,长沙东湖区优选食品商行（南昌春喆商贸）,江西公司,长沙战区,湖南省区,长沙办,关店,渠道店,加盟,特殊渠道,,,,,,,,,,1,是
C05067,广州白云新市新街专卖店,广东公司,广州战区,广东省区,广佛办,关店,渠道店,加盟,街铺,6464651,171046836,,6014225688849,295374,187857686,6645912673965967374,3002958340816605226,,1,是
C05068,直属大连青泥洼新玛特店,陕西公司,沈阳战区,辽吉省区,大连办,关店,专卖店,直营,商超,10410586,2062142854,15905456.0,6015118556849,600122,1849952455,6707787586225604611,3002071835393168810,2026031311077000000115389282|xiniu_xgc_bgc,1,是
C05069,福州东泰禾专卖店,江西公司,福州战区,福建省区,福州办,关店,专卖店,加盟,商超,,,,,,,,,,1,是
C05070,娄底碧桂园步步高店,江西公司,长沙战区,湖南省区,株洲办,关店,专卖店,加盟,街铺,8632336,501903146,,6015119773849,304899,1673662323,6873403766431811595,6724909544118870258,,1,是
C05071,直属北京市场天津站店,陕西公司,北京战区,京津冀省区,天津办,关店,专卖店,直营,高势能,,,,,,,,,,1,是
C05072,河源龙川培英专卖店,广东公司,东莞战区,广东省区,惠汕办,关店,专卖店,加盟,街铺,6578009,171046820,,6015250907849,298766,192600413,6654068845462013959,6724909433144498936,,1,是
C05076,长沙万家丽国际购物广场店,江西公司,长沙战区,湖南省区,长沙办,关店,专卖店,加盟,综合体,,,,,,,,,,1,是
C05077,北京市场天津华润万家西青道店,陕西公司,北京战区,京津冀省区,天津办,关店,专卖店,加盟,商超,7466930,2001521949,,,,1516972173,,,,1,是
C05080,宝安公明塘尾专卖店,广东公司,深圳战区,广东省区,宝安办,关店,专柜店,加盟,街铺,10464637,501319008,,6014173734849,600021,1408577933,6889375219509708800,3002791845987128818,,1,是
C05081,厦门湖里蔡塘专卖店,江西公司,厦门战区,福建省区,闽南办,关店,专卖店,加盟,街铺,,,,,,,,,,1,是
C05082,南宁正恒沃尔玛专卖店,广东公司,南宁战区,广西省区,南宁办,关店,专柜店,加盟,综合体,6904027,,,,,188738702,,,,1,是
C05086,松原飞宇超市店,陕西公司,沈阳战区,辽吉省区,长春办,关店,专卖店,加盟,商超,8212927,144427562,,6015116156849,296446,1380353759,6930357145527388174,6724909544109426140,,1,是
C05087,泉州南安永辉专卖店,江西公司,厦门战区,福建省区,闽南办,关店,专柜店,加盟,商超,6571319,300152040,,6014708402849,299048,192692736,6862661401283020815,3002890310031086283,,1,是
C05089,西安韦曲南店,陕西公司,西安战区,陕西省区,西安办,关店,专卖店,加盟,商超,,,,,,,,,,1,是
C05090,西安市场咸阳世纪金花金山店,陕西公司,西安战区,陕西省区,陕西外阜办,关店,专卖店,加盟,商超,,,,,,,,,,1,是
C05091,湖北省阳新县白沙镇店,江西公司,九江战区,湖北办,湖北办,关店,专卖店,加盟,,,,,,,,,,,1,是
C05093,鹰抚抚州恒心超市,江西公司,抚州战区,江西一区,鹰抚办,正常营业,专卖店,加盟,街铺,14016862,,16638230.0,6015147919849,300132,661576649,6760496941961971720,3002173791276835643,,1,是
C05095,河南郑州绿都澜湾店,陕西公司,郑州战区,河南省区,郑州办,关店,专卖店,加盟,街铺,6464645,2042698196,,6013995482849,298076,191123490,,,,1,是
C05098,长沙韶山南路大润发专卖店,江西公司,长沙战区,湖南省区,长沙办,关店,专卖店,加盟,商超,7583224,,,,311415,551963956,,,,1,是
C05101,东莞万江天和百货专卖店,广东公司,东莞战区,广东省区,东莞办,关店,专卖店,加盟,商超,,,,,,188655339,,,,1,是
C05102,广州三元里地铁专卖店,广东公司,广州战区,广东省区,广佛办,关店,专卖店,加盟,交通枢纽,11227108,501422918,,6014264127849,298761,188723010,,,,1,是
C05103,广西贵港万达汇上佳专卖店,广东公司,南宁战区,广西省区,柳桂办,关店,专卖店,加盟,综合体,6632784,500828664,,,299815,192968341,,,,1,是
C05105,直属福州达道路专卖店,江西公司,福州战区,福建省区,直营组,关店,专卖店,直营,街铺,19742015,300042062.0,,6013965542849,296793.0,188772931.0,6740407404799870988,6724909544062808832,,1,是
C05106,金域华府店,江西公司,南昌一战区,江西二区,南昌四办,正常营业,专卖店,加盟,街铺,6904194,,16170645.0,6015115565849,295278,193876996,6707462306328086535,6724909400659597416,,1,是
C05107,东莞大岭山领尚沃尔玛专卖店,广东公司,东莞战区,广东省区,东莞办,关店,专柜店,加盟,商超,7618981,501400668,,6014139960849,320873,189551693,6601193060791502852,6724909544106428121,,1,是
C05111,直属广州大道北专卖店,广东公司,广州战区,广东省区,广佛办,关店,专卖店,直营,商超,,,,,,,,,,1,是
C05112,吉林昌邑万达店,陕西公司,沈阳战区,辽吉省区,长春办,关店,专卖店,加盟,综合体,8464440,,,,296659,1284948088,,,,1,是
C05113,宜春安义文峰路店,江西公司,南昌二战区,江西二区,宜春办,关店,专卖店,加盟,街铺,,,,,297214,,,,,1,是
C05116,阜新大润发店,陕西公司,沈阳战区,辽吉省区,辽吉外阜办,关店,专卖店,加盟,商超,10245448,501285567,,6015118754849,296661,531694884,,,,1,是
C05117,哈尔滨永泰城家得乐店,陕西公司,沈阳战区,辽吉省区,哈尔滨办,关店,专卖店,加盟,商超,9518175,2042816303,,6015115167849,296464,1359112623,6955509269026375687,,,1,是
C05118,福州闽侯万家永辉专卖店,江西公司,福州战区,福建省区,福州办,关店,专卖店,加盟,商超,6903777,300676556.0,,6014416316849,308239.0,1952843239.0,6630002701453232142,,,1,是
C05121,福州万家广场专卖店,江西公司,福州战区,福建省区,福州办,关店,专卖店,加盟,综合体,6903890,2089246273,,6014412171849,308237,193291730,6894750902243035149,cover_C05121_3002060330814513817,,1,是
C05125,抚南南城大润发超市店,江西公司,抚州战区,江西一区,鹰抚办,关店,专卖店,加盟,商超,7080231,,,6015130219849,300135,,6673939468489066503,,,1,是
C05127,吉安服务区西区,江西公司,赣州战区,江西一区,吉安办,关店,专卖店,加盟,交通枢纽,,,,6015166149849,,,,,,1,否
C05128,涟源芙蓉广场店,江西公司,长沙战区,湖南省区,株洲办,正常营业,专卖店,加盟,街铺,6776350,501878978,16914067.0,6015119081849,294304,193538754,6701236596202604551,6724909544102337437,,1,是
C05129,莆田正荣广场专卖店,江西公司,福州战区,福建省区,福州办,关店,专卖店,加盟,街铺,6571321,300152024,,6014372484849,305397,190885197,6732779698935449604,3002762657144705044,,1,是
C05130,宜春润达国际步步高店,江西公司,宜春战区,江西二区,宜春办,关店,专卖店,加盟,综合体,8755134,,,,297218,1064132478,,,,1,是
C05131,萍乡朝阳西路店,江西公司,宜春战区,江西二区,宜春办,关店,专卖店,加盟,街铺,,,,6015147906849,297215,,7056230467187509263,,,1,是
C05132,龙岗坪山沙新路专卖店,广东公司,深圳战区,广东省区,龙岗办,关店,专卖店,加盟,街铺,6501663,500943648.0,,6014159663849,299739.0,190390608.0,6647107123274647565,4003340566349521285,,1,是
C05133,宜春奉新赤岸店,江西公司,南昌二战区,江西二区,宜春办,正常营业,专卖店,加盟,街铺,,,,6015129912849,297213,539635630,6658165289093449732,3003725691262146701,2025111911077000000113736582|xiniu_xgc_bgc,1,是
C05135,宝安区东方沃尔玛专卖店,广东公司,深圳战区,广东省区,宝安办,关店,专柜店,加盟,商超,6721722,501618840,,6014161749849,299731,873474385.0,cover_C05135_6896223483257161742,,,1,是
C05136,株洲荷塘区大润发超市店,江西公司,长沙战区,湖南省区,株洲办,关店,专卖店,加盟,综合体,6632887,,,,309390,193715909,,,,1,是
C05138,直属八一广场店,江西公司,南昌一战区,江西二区,南昌三办,正常营业,专卖店,直营,街铺,8914692,2066883640,14270468.0,6013965488849,306037,193419495,6834818641716889608,3001927807930175685,2026031211077000000115373191|xiniu_xgc_bgc,1,是
C05139,景德镇乐平嘉里购物中心店,江西公司,抚州战区,江西二区,景德镇办,关店,专卖店,加盟,商超,9146996,,,,297216,595887911,,,,1,是
C05140,抚顺百货店,陕西公司,沈阳战区,辽吉省区,辽吉外阜办,正常营业,专卖店,加盟,商超,26816279,502205996,15905777.0,6015115781849,306522,1468852,6699523962533120014,3002484729627386584,2026031311077000000115360364|xiniu_xgc_bgc,1,是
C05142,南山区塘朗村专卖店,广东公司,深圳战区,广东省区,宝安办,关店,专卖店,加盟,街铺,6579325,171046830,,,,,,,,1,是
C05143,温州滨海置信广场专卖店,浙江公司,杭州战区,福建省区,浙南办,关店,专卖店,加盟,商超,6674948,336734882,,,305392,193795365,,,,1,是
C05145,沈阳辽中商业城店,陕西公司,沈阳战区,辽吉省区,沈阳办,关店,专卖店,加盟,综合体,6501471,500905198,,,298184,191492852,,,,1,是
C05146,鞍山大润发中华店,陕西公司,沈阳战区,辽吉省区,大连办,关店,专柜店,加盟,商超,,,,,311309,,,,,1,是
C05148,广州新塘万达永辉专卖店,广东公司,广州战区,广东省区,广佛办,关店,专柜店,加盟,综合体,,,,,,,,,,1,是
C05149,直属永辉青山湖万达店,江西公司,南昌一战区,江西二区,南昌三办,关店,,连锁商超,,,,,,,,,,,1,否
C05150,长春欧亚万豪购物中心,陕西公司,沈阳战区,辽吉省区,长春办,关店,专卖店,加盟,商超,10864878,2078127911,,6015119067849,600589,1074213483,6994683836776843271,3003631778010538819,,1,是
C05152,直属博物馆无人店,其他,南昌区域,江西二区,南昌三办,正常营业,经销,直营,交通枢纽,,,,,,,,,,1,否
C05155,惠州新三新专卖店,广东公司,东莞战区,广东省区,惠汕办,关店,专卖店,加盟,街铺,6578011,171046818,16638082.0,6014253126849,298763,189984500,6601157063743637512,6724909509766433109,2026031911077000000115330904|xiniu_xgc_bgc,1,是
C05156,长春欧亚站前店,陕西公司,沈阳战区,辽吉省区,长春办,关店,专卖店,加盟,高势能,,,,,,,,,,1,是
C05157,哈尔滨家得乐滨才店,陕西公司,沈阳战区,辽吉省区,哈尔滨办,关店,专卖店,加盟,商超,6632788,503175776,,,297997,192796744,,,,1,是
C05158,哈尔滨家得乐财富店,陕西公司,沈阳战区,辽吉省区,哈尔滨办,关店,专卖店,加盟,商超,6632787,2090912139,,,cover_C05158_297992,192789918,,,,1,是
C05159,长春欧亚新天地店,陕西公司,沈阳战区,辽吉省区,长春办,关店,专卖店,加盟,综合体,6720947,,,,298322,190593013,,,,1,是
C05160,哈尔滨中央红新东方店,陕西公司,沈阳战区,辽吉省区,哈尔滨办,正常营业,专卖店,加盟,商超,9511532,302446590,15905431.0,6015116165849,298316,591159201,6810794448792946691,6724909239792481063,2025111911077000000113669654|xiniu_xgc_bgc,1,是
C05161,沈阳沈辽路万达店,陕西公司,沈阳战区,辽吉省区,沈阳办,关店,专卖店,加盟,综合体,,,,,,,,,,1,是
C05162,哈尔滨哈西万达店,陕西公司,沈阳战区,辽吉省区,哈尔滨办,关店,专卖店,加盟,综合体,9521652,2041494466,,6015116087849,296952,1323837706,6861594676240140301,6724909544100506434,,1,是
C05163,哈尔滨乐松家乐福店,陕西公司,沈阳战区,辽吉省区,哈尔滨办,关店,专卖店,加盟,综合体,,,,,,,,,,1,是
C05165,哈尔滨家乐福国展店,陕西公司,沈阳战区,辽吉省区,哈尔滨办,关店,专卖店,加盟,综合体,,,,,,,,,,1,是
C05168,长春太阳树专柜店,陕西公司,沈阳战区,辽吉省区,长春办,关店,专柜店,加盟,商超,23964546,520160163,,6016944416849,297992,558877868,6861040829847455759,3004922452855396934,,1,是
C05169,永辉超市青山湖万达店,江西公司,南昌一战区,江西一区,南昌二办,正常营业,经销,加盟,综合体,8693775,2035106780,14292465.0,6015118384849,296726,848902579,6967193536835930145,3002354978642465086,,1,是
C05171,西安市场华润万家朱雀南路店,陕西公司,西安战区,陕西省区,西安办,关店,专卖店,加盟,商超,6438158,500953275,,6013997725849,298080,191262878,6865271541555382283,,,1,是
C05172,赣州南康发到家超市店,江西公司,赣州战区,江西一区,赣州办,关店,专卖店,加盟,综合体,8745342,,,,302789,1610458053,,,,1,是
C05173,赣州于都坚强店,江西公司,赣州战区,江西一区,赣州办,关店,专卖店,加盟,商超,,,,,255962,,,,,1,是
C05174,娄底地下商场2店,江西公司,长沙战区,湖南省区,株洲办,关店,专卖店,加盟,街铺,10180131,501888323,,6015167303849,329085,705681136,,,,1,是
C05175,南宁五象大康惠专卖店,广东公司,南宁战区,广西省区,南宁办,关店,专卖店,加盟,商超,10395306,501307163,,,308223,190370620,,,,1,是
C05176,阜新佳百超市店,陕西公司,沈阳战区,辽吉省区,辽吉外阜办,关店,专柜店,加盟,商超,,,,,,,,,,1,是
C05178,中山坦洲新万悦专卖店,广东公司,广州战区,广东省区,中珠办,关店,专卖店,加盟,商超,6716483,2001062546,,6014226140849,301493,192727375,6707471311360247822,6724909364757136600,,1,是
C05179,东莞石碣合信嘉荣专卖店,广东公司,东莞战区,广东省区,东莞办,关店,专卖店,加盟,商超,6716485,2043483004,,6014132585849,301536,189931696,6651055593740109831,3001750287099008648,,1,是
C05180,吉林白山万达店,陕西公司,沈阳战区,辽吉省区,长春办,关店,专卖店,加盟,综合体,13457780,2098797764,,6015649958849,309384,,,,,1,是
C05186,宝安观澜富士康A专卖店,广东公司,深圳战区,广东省区,宝安办,关店,专卖店,加盟,特殊渠道,7466919,,,,600023,,,,,1,是
C05187,宝安民治天虹专卖店,广东公司,深圳战区,广东省区,宝安办,关店,专卖店,加盟,商超,8030420,304823639,,6016578003849,320889,,6859780634739476494,,,1,是
C05190,北京市场天津河东区华润万家万达店,陕西公司,北京战区,京津冀省区,天津办,关店,专卖店,加盟,综合体,6464654,,,,,cover_C05190_1821325952,,,,1,是
C05191,大连机场万达店,陕西公司,沈阳战区,辽吉省区,大连办,关店,专卖店,加盟,综合体,8424069,2001509509,,6015115074849,310538,608116120,6914774573271484423,6724909544071107595,,1,是
C05192,长春欧亚北湖一店,陕西公司,沈阳战区,辽吉省区,长春办,关店,专卖店,加盟,商超,9490172,506664779,,6015119294849,600209,1973083702,6873367011364325384,6724909498018113077,,1,是
C05193,大连大有恬园华联店,陕西公司,沈阳战区,辽吉省区,大连办,关店,专卖店,加盟,商超,10105127,2044201858,,,600124,,,,,1,是
C05195,沈阳皇姑大润发店,陕西公司,沈阳战区,辽吉省区,沈阳办,关店,专卖店,加盟,商超,6947607,1105413418.0,,6015119882849,296447,190599601,7149363608336795686,6724909357618171168,,1,是
C05197,罗湖区东门永新街专卖店,广东公司,深圳战区,广东省区,龙岗办,关店,专卖店,加盟,街铺,,,,,,190397343,,,,1,是
C05199,南山区西丽天虹专卖店,广东公司,深圳战区,广东省区,宝安办,关店,专卖店,加盟,商超,6501472,171046841,,6016576584849,299736,189940093,6647128817812899848,3002154297764647375,,1,是
C05200,杭州宁波镇海爱琴海公园店,浙江公司,杭州战区,浙江省区,宁波办,关店,专卖店,加盟,综合体,6466423,169722872,,,298077,189568872,,,,1,是
C05201,金台店,江西公司,南昌一战区,江西二区,南昌三办,正常营业,专卖店,加盟,街铺,6464648,530375113,16256675.0,6015119050849,297164,191143849,6692040459335829508,6724909458358761357,2026031011077000000115372015|xiniu_xgc_bgc,1,是
C05202,上海叮咚买菜松江叶发仓,浙江公司,上海战区,上海省区,上海一办,关店,经销,加盟,特殊渠道,,,,,,,,,,1,是
C05203,景德镇梨树园店,江西公司,九江战区,江西二区,景德镇办,关店,专卖店,加盟,街铺,24392686,520660663,15968041.0,6015129813849,300138,1834780340,6754981818426001419,6724909458552111347,,1,是
C05205,佛山龙江专卖店,广东公司,广州战区,广东省区,广佛办,关店,专卖店,加盟,商超,,,,,325026,,,,,1,是
C05209,营口大石桥真实惠超市店,陕西公司,沈阳战区,辽吉省区,大连办,关店,专卖店,加盟,商超,,,,,,,,,,1,是
C05211,宝安北站美食街专卖店,广东公司,深圳战区,广东省区,宝安办,关店,专柜店,加盟,高势能,,,,,,713004354,,,,1,是
C05215,长春洋浦大街店,陕西公司,沈阳战区,辽吉省区,长春办,关店,专柜店,加盟,商超,9835778,2046826466,16383961.0,6015115787849,329185,1638610732,6950774253767624740,6724909544107236471,,1,是
C05217,杭州桐庐服务区,浙江公司,杭州战区,浙江省区,杭州办,关店,专卖店,加盟,交通枢纽,,,,,,,,,,1,是
C05222,宜春火车站候车室店,江西公司,宜春战区,江西二区,宜春办,正常营业,专卖店,加盟,高势能,,,,6015164343849,,,,,,1,是
C05226,西安市场山西永济市百货大楼店,陕西公司,西安战区,山西办,山西办,关店,专卖店,加盟,综合体,,,,,,,,,,1,是
C05227,贵溪城南汽车站店,江西公司,抚州战区,江西一区,鹰抚办,正常营业,专卖店,加盟,交通枢纽,9784039,337653618,,6015130315849,323239,1189919663,6834807911701612547,6724909484947285961,2025112011077000000113680767|xiniu_xgc_bgc,1,是
C05228,鹰抚贵溪太平洋超市店,江西公司,抚州战区,江西一区,鹰抚办,关店,专卖店,加盟,综合体,9784131,305198405.0,,6015150616849,323245.0,,6832641535834687495,6724909342591658412,,1,是
C05231,宝安区华盛路店,广东公司,深圳战区,广东省区,宝安办,正常营业,专卖店,加盟,街铺,6716484,2001514807,14657070.0,6014253199849,299734,781029060,6661880786347689998,3002389997725590405,2025112011077000000113626916|xiniu_xgc_bgc,1,是
C05233,鹰抚东乡金峰路店,江西公司,抚州战区,江西一区,鹰抚办,关店,专卖店,加盟,街铺,11838519,505927435,,6015131013849,319919,,7261911525453989940,3003745153613145255,,1,是
C05236,长沙星沙通程广场店,江西公司,长沙战区,湖南省区,长沙办,关店,专卖店,加盟,街铺,6571316,171181472,,,304149,192647794,,,,1,是
C05237,沃华广场店,江西公司,南昌一战区,江西一区,南昌一办,正常营业,专卖店,加盟,综合体,7880796,172782761,16256696.0,6015116671849,309839,194412161,6871215137999652879,3001833145713009208,2026031011077000000115308054|xiniu_xgc_bgc,1,是
C05241,湖北浠水城北大市场店,江西公司,九江战区,湖北办,湖北办,关店,专卖店,加盟,街铺,8886818,,,,297231,1567313605,,,,1,是
C05243,广州逸臣专柜一店,广东公司,广州战区,广东省区,广佛办,关店,专柜店,加盟,高势能,,,,,,,,,,1,是
C05246,云南瑞铁商贸有限公司,重庆公司,贵阳战区,云贵省区,昆明办,关店,渠道店,加盟,特殊渠道,,,,,,,,,,1,是
C05248,哈尔滨中央红群力店,陕西公司,沈阳战区,辽吉省区,哈尔滨办,关店,专卖店,加盟,商超,12266817,2035623638,,6015119963849,303194,1050067608,6647110508858066951,,,1,是
C05249,大连华南沃尔玛店,陕西公司,沈阳战区,辽吉省区,大连办,关店,专柜店,加盟,商超,6903800,2062187670,,,304277,190135349,6647100781864454152,6724909544072389651,,1,否
C05250,长春宽城万达店,陕西公司,沈阳战区,辽吉省区,长春办,关店,专卖店,加盟,综合体,,,,,,,,,,1,是
C05252,锦州万维超市店,陕西公司,沈阳战区,辽吉省区,辽吉外阜办,关店,专卖店,加盟,综合体,6984228,171404250,,6015118397849,300119,190882866,6873921494934652928,,,1,是
C05256,东莞寮步欧尚专卖店,广东公司,东莞战区,广东省区,东莞办,关店,专卖店,加盟,商超,7342302,2043492910,,6014133780849,311541,1396120303,6909578164385613838,3002624578252480877,,1,是
C05257,福州王庄专卖店,江西公司,福州战区,福建省区,福州办,关店,专卖店,加盟,街铺,6571396,169823613,,6014012653849,179290,115863606,6735751059077122056,6724909322829241440,,1,是
C05268,泉州中骏世界城专卖店,江西公司,厦门战区,福建省区,闽南办,关店,专卖店,加盟,综合体,7576693,335771096,16016518.0,6014693798849,313470,190578568,6647292646031230990,3002153736390447785,2025111911077000000113698619|xiniu_xgc_bgc,1,是
C05269,直属安徽合肥天鹅湖万达店,浙江公司,苏州战区,安徽办,安徽办,关店,专卖店,加盟,综合体,,,,,,,,,,1,是
C05271,包头永盛成欧鹿店,陕西公司,北京战区,京津冀省区,北京办,关店,专卖店,加盟,商超,6675041,,,,301271,,,,,1,是
C05275,包头九原万达店,陕西公司,北京战区,京津冀省区,北京办,关店,专卖店,加盟,综合体,6554290,,,6015115082849,301267,,6871179148988073984,3003750932987748888,,1,是
C05276,包头东河维多利摩尔城店,陕西公司,北京战区,京津冀省区,北京办,关店,专卖店,加盟,商超,11152569,,,,301268,,,,,1,是
C05277,广西防城港新大新专卖店,广东公司,南宁战区,广西省区,南宁办,关店,专卖店,加盟,街铺,6903773,,,,308221,193250446,,,,1,是
C05278,长春欧亚新竹路店,陕西公司,沈阳战区,辽吉省区,长春办,关店,专卖店,加盟,商超,9835535,2052986356,,6015116968849,600213,191938685,6863343915601365007,3002333256246927659,,1,是
C05281,景德镇余干盛世联华店,江西公司,南昌二战区,江西二区,景德镇办,关店,专卖店,加盟,商超,,,,6015131819849,316194,,6758325516459198472,,,1,是
C05282,东莞虎门万达金街专卖店,广东公司,东莞战区,广东省区,东莞办,关店,专卖店,加盟,综合体,,,,,,,,,,1,是
C05286,泉州东海泰禾专卖店,江西公司,厦门战区,福建省区,闽南办,关店,专卖店,加盟,商超,,,,6014010991849,318506,191295968.0,7148185119646287887,3002293140625069488,,1,是
C05287,直属河南郑州陇海路大润发店,陕西公司,郑州战区,河南省区,郑州办,关店,专卖店,直营,商超,cover_C05287_8385310,cover_C05287_500712940,,,cover_C05287_324232,cover_C05287_948050830,,,,1,是
C05296,哈尔滨比优特顾乡店,陕西公司,沈阳战区,辽吉省区,哈尔滨办,关店,专卖店,加盟,商超,6632786,171404256,,6015115381849,303199,191316553,,,,1,是
C05298,哈尔滨奋斗副食店,陕西公司,沈阳战区,辽吉省区,哈尔滨办,关店,专卖店,加盟,商超,6632789,,,,,,,,,1,是
C05299,东港黄海店,陕西公司,沈阳战区,辽吉省区,大连办,关店,专卖店,加盟,,,,,,,,,,,1,是
C05301,安徽枞阳县医院店,浙江公司,苏州战区,安徽办,安徽办,关店,渠道店,加盟,街铺,6571306,170627132,,6013974201849,305662,192248744,6660286124507908107,,,1,是
C05302,福州洪湾路专卖店,江西公司,福州战区,福建省区,福州办,关店,专卖店,加盟,综合体,6842032,171174246,,6014012564849,305398,192622096,6722034430598301709,3002601860350972610,,1,是
C05306,赣州崇义坚强店,江西公司,赣州战区,江西一区,赣州办,关店,专卖店,加盟,综合体,,,,,302790,,,,,1,是
C05307,大连高新区盒马鲜生店,陕西公司,沈阳战区,辽吉省区,大连办,关店,渠道店,加盟,特殊渠道,,,,,,,,,,1,是
C05308,龙岩新罗龙岩大道专卖店,江西公司,厦门战区,福建省区,闽南办,关店,专柜店,加盟,综合体,13898651,170909943,,6015202297849,305394,192037096,6601149154662025220,3002586700472495454,,1,是
C05309,长春亚泰庆丰路店,陕西公司,沈阳战区,辽吉省区,长春办,关店,专卖店,加盟,商超,12357152,,,6015119474849,600211,1620907337,,,,1,是
C05312,沈阳新民富源店,陕西公司,沈阳战区,辽吉省区,沈阳办,正常营业,专卖店,加盟,商超,6842037,500915237,15967921.0,6015117685849,304281,193667340,6875682284993923079,6724909418877203692,2026031311077000000115261376|xiniu_xgc_bgc,1,是
C05315,湖北黄梅鹏泰商超店,江西公司,九江战区,湖北办,湖北办,关店,专卖店,加盟,商超,6776342,501377604,,6015320278849,300136,193431802,6873395207992395776,,,1,是
C05319,长春北湖永辉店,陕西公司,沈阳战区,辽吉省区,长春办,关店,专卖店,加盟,综合体,10423315,501886430,,6015119958849,600208,,7030722920313784333,3002581102452544544,,1,是
C05321,直属南京新街口地铁站二店,浙江公司,苏州战区,江苏省区,南京办,关店,专卖店,直营,交通枢纽,6948282,501105476,,6013973407849,304781,194305683,,,,1,是
C05323,长春欧亚生态购物中心店,陕西公司,沈阳战区,辽吉省区,长春办,关店,专卖店,加盟,商超,6984230,,,,303249,191806197,,,,1,是
C05326,创新二店,江西公司,南昌一战区,江西一区,南昌二办,关店,专卖店,加盟,街铺,,,,6015116985849,307095,191492492.0,cover_C05326_6710407389713057803,,,1,是
C05328,上海顾村上疏永辉店,浙江公司,上海战区,上海省区,上海办,关店,专卖店,加盟,商超,,,,,,,,,,1,是
C05331,福州福清街心专卖店,江西公司,福州战区,福建省区,福州办,关店,专卖店,加盟,街铺,4333426,157024081,15905479.0,6014009666849,308229,835118,6737615684685137927,,2026031011077000000115356020|xiniu_xgc_bgc,1,是
C05333,长春重庆路沃尔玛店,陕西公司,沈阳战区,辽吉省区,长春办,关店,专卖店,加盟,商超,6803768,171404258,,6015116848849,303201,191988582,6705024959124686861,3002564445103493545,,1,是
C05335,宜春安义中天购物广场店,江西公司,南昌二战区,江西二区,宜春办,关店,专卖店,加盟,街铺,,,,,332424,,,,,1,是
C05336,沈阳盛京大奥莱店,陕西公司,沈阳战区,辽吉省区,沈阳办,正常营业,专卖店,加盟,综合体,6674953,500915239,15967944.0,6015119559849,304280,193255288,6707444833000196110,3002930691040154699,2026031311077000000115276388|xiniu_xgc_bgc,1,是
C05338,南宁泸田街专卖店,广东公司,南宁战区,广西省区,南宁办,关店,专卖店,加盟,街铺,6904193,172230821,,6014893323849,308228,193926281,6724734530210596867,6724909496584822591,,1,是
C05339,厦门万达沃尔玛专卖店,江西公司,厦门战区,福建省区,闽南办,关店,专卖店,加盟,综合体,,,,,,,,,,1,是
C05342,抚南南城服务区南站店,江西公司,抚州战区,江西一区,鹰抚办,关店,专卖店,加盟,交通枢纽,,,,,,,,,,1,是
C05345,抚南南城服务区北站店,江西公司,抚州战区,江西一区,鹰抚办,关店,专卖店,加盟,交通枢纽,,,,,,,,,,1,是
C05347,鹰抚余江中童镇店,江西公司,抚州战区,江西一区,鹰抚办,正常营业,专卖店,加盟,街铺,,,,6015143315849,601085,1843511591,6737595543083550733,6724909326025008073,2025111911077000000113639682|xiniu_xgc_bgc,1,是
C05351,钦州协盛广场专卖店,广东公司,南宁战区,广西省区,南宁办,关店,专卖店,加盟,街铺,,,,,,,,,,1,是
C05357,茂名高州金港湾专卖店,广东公司,广州战区,广东省区,中珠办,关店,专卖店,加盟,综合体,7254644,171030267,,6014268523849,304204,194940165,6707463392736593931,3002558403327730814,,1,是
C05362,营口鲅鱼圈红旺广场店,陕西公司,沈阳战区,辽吉省区,大连办,关店,专卖店,加盟,商超,7080226,171404299,,6015113779849,310541,1231725800,6708543776509397000,,,1,是
C05366,长沙旭辉mall店,江西公司,长沙战区,湖南省区,长沙办,关店,专卖店,加盟,综合体,7467986,174074339,,6015164675849,309394,cover_C05366_194349546,,,,1,是
C05367,广西贺州昭平泰兴广场专卖店,广东公司,南宁战区,广西省区,柳桂办,关店,专卖店,加盟,商超,7225407,2043823004,,6014904439849,308227,194931573,6708556570340378636,,,1,是
C05368,广州天河朱村专卖店,广东公司,广州战区,广东省区,广佛办,关店,专卖店,加盟,街铺,7190046,336814291,16130460.0,6014225271849,309318,194844177,6687866992914909187,6724909296168079661,2026031911077000000115275979|xiniu_xgc_bgc,1,是
C05370,上海松江飞航广场物美店,浙江公司,上海战区,上海省区,上海办,关店,专卖店,加盟,街铺,,,,,,,,,,1,是
C05371,长沙客运西站步步高超市店,江西公司,长沙战区,湖南省区,长沙办,关店,专柜店,加盟,综合体,8076547,336719491,,,322693,1196584467,,,,1,是
C05376,长沙高桥中心火焰城8区,江西公司,长沙战区,湖南省区,长沙办,关店,渠道店,加盟,特殊渠道,,,,6015166393849,,,,,,1,是
C05377,哈尔滨比优特体育公园店,陕西公司,沈阳战区,辽吉省区,哈尔滨办,关店,专卖店,加盟,商超,7149153,500850960,,6015118476849,304863,194739455,6957133604946249765,3002757501233898555,,1,是
C05378,玉林南兴广场专卖店,广东公司,南宁战区,广西省区,南宁办,关店,专卖店,加盟,商超,8657308,2032488792,,,,,,,,1,是
C05379,汕头金砂沃尔玛专卖店,广东公司,东莞战区,广东省区,惠汕办,关店,专卖店,加盟,商超,,,,,,,,,,1,是
C05380,营口鲅鱼圈万达店,陕西公司,沈阳战区,辽吉省区,大连办,关店,专卖店,加盟,综合体,7080225,171404300,,6015119890849,304279,192568724,,,,1,是
C05381,宁德福鼎沃尔玛专卖店,江西公司,福州战区,福建省区,福州办,关店,专卖店,加盟,商超,6984732,,,,,,,,,1,是
C05387,长沙八方小区沃尔玛店,江西公司,长沙战区,湖南省区,长沙办,关店,专卖店,加盟,商超,7080234,171404332,,6015166103849,307408,194462994,6871284014649444363,3002147304887357916,,1,是
C05388,厦门思明华润万象城专卖店,江西公司,厦门战区,福建省区,闽南办,关店,专卖店,加盟,街铺,,,,,,,,,,1,是
C05389,龙岩连城新华都专卖店,江西公司,厦门战区,福建省区,闽南办,关店,专卖店,加盟,商超,6948284,170893147,,,308234,179949968,,,,1,是
C05391,长沙麓山南路天马步步高店,江西公司,长沙战区,湖南省区,长沙办,关店,专柜店,加盟,综合体,9934624,2057918754,,6015164320849,600363,669178971,6942982759400867874,,,1,是
C05392,宝安区龙华清泉路店,广东公司,深圳战区,广东省区,宝安办,关店,专卖店,加盟,街铺,11202498,2042709241,,6014268599849,306566,1963402529,6761234559993464839,3003055791269096782,,1,是
C05397,杭州上亿广场店,浙江公司,杭州战区,浙江省区,杭州办,关店,专卖店,加盟,综合体,6842038,171252016,,6013953359849,307655,1728784341,6969681689769445390,3003620047041110734,,1,是
C05400,河南濮阳建业城市花园店,陕西公司,郑州战区,河南省区,河南外阜办,关店,专卖店,加盟,街铺,9911413,,,,600163,192490231,,,,1,是
C05402,直属沈阳太原街店,陕西公司,沈阳战区,辽吉省区,辽吉直营办,正常营业,专卖店,直营,街铺,6984701,171404274,15905435.0,6015119561849,305663,114781335,6706368588703336456,6724909526443157807,,1,是
C05403,龙岗尚峰花园专卖店,广东公司,深圳战区,广东省区,龙岗办,关店,专卖店,加盟,街铺,21707716,174073622,,6014334146849,307656,194715236,6763784882821793804,3003039648299393710,,1,是
C05405,衢州龙游兴龙路店,浙江公司,杭州战区,浙江省区,金衢办,关店,专卖店,加盟,街铺,cover_C05405_8354711,,,,cover_C05405_600320,cover_C05405_1145053995,,,,1,是
C05406,杭州宁波镇海万科店,浙江公司,杭州战区,浙江省区,宁波办,关店,专卖店,加盟,街铺,,,,,,,,,,1,是
C05409,南宁朝阳广场专卖店,广东公司,南宁战区,广西省区,南宁办,关店,专卖店,加盟,综合体,7298569,172760938,,6014895128849,309403,1103298664,7142827583107926046,,,1,是
C05410,直属北京万达西铁营店,陕西公司,北京战区,京津冀省区,北京办,关店,专卖店,直营,综合体,25468781,300113636,14394344.0,6014202529849,304888,822228655,7073715450038716429,6724909544074044483,,1,是
C05411,直属北京望京华联店,陕西公司,北京战区,京津冀省区,北京办,关店,专卖店,直营,商超,,,,,,,,,,1,是
C05416,直属北京翠微华联店,陕西公司,北京战区,京津冀省区,北京办,关店,专卖店,直营,商超,,,,,600461,1260055762,,,,1,是
C05417,直属北京同成华联店,陕西公司,北京战区,京津冀省区,北京办,关店,专卖店,直营,商超,10124969,,,,304891,1208782902,,,,1,是
C05419,南昌金沙2店,江西公司,南昌一战区,江西二区,南昌四办,正常营业,专卖店,加盟,街铺,25504532,523021682,,6015128805849,309840,871340462,6976840704366479368,3001962132347069440,2026030511077000000115145834|xiniu_xgc_bgc,1,是
C05421,佛山里水永润广场专卖店,广东公司,广州战区,广东省区,广佛办,关店,专卖店,加盟,商超,,,,,,,,,,1,是
C05423,珠海南屏十二村专卖店,广东公司,广州战区,广东省区,中珠办,关店,专卖店,加盟,街铺,11616644,2096037177,,6014251822849,600771,597411301,6963460681697855503,4003147066409031653,2025112011077000000113653776|xiniu_xgc_bgc,1,是
C05426,玉林市玉州区南动休闲店煌上煌,广东公司,南宁战区,广西省区,南宁办,关店,专卖店,加盟,高势能,,,,,,,,,,1,是
C05427,直属王府井店,江西公司,南昌一战区,江西二区,南昌三办,关店,渠道店,直营,商超,8042348,500822271,,,312948,,,,,1,是
C05429,东莞沙田嘉荣专卖店,广东公司,东莞战区,广东省区,东莞办,关店,专卖店,加盟,街铺,7254642,,,6014133777849,306571,192914755,,,,1,是
C05430,湖北鄂州花都荟店,江西公司,九江战区,湖北办,湖北办,关店,专卖店,加盟,街铺,7299622,,,,310710,1318120435,,,,1,是
C05431,广州市粤鑫休闲食品店,广东公司,广州战区,广东省区,广佛办,关店,专卖店,加盟,街铺,7254635,2043548634,15047319.0,6015253050849,306569,193394419,6684612678578653197,6724909314693047661,,1,是
C05432,银亿尚上城店,江西公司,南昌一战区,江西二区,南昌四办,关店,专卖店,加盟,街铺,6904195,,,6015117052849,306574,193876793,6745746948382361612,cover_C05432_6724909544095262354,,1,是
C05433,玉林银丰广场专卖店,广东公司,南宁战区,广西省区,南宁办,关店,专卖店,加盟,商超,7618475,500813785,,6015211123849,316227,177546397,6726365098601875460,,,1,否
C05435,安徽阜阳宝龙广场店,浙江公司,苏州战区,安徽办,安徽办,关店,专卖店,加盟,综合体,6947603,171404311,,6013968682849,307647,192922473,,,,1,是
C05440,柳州河池广百汇专卖店,广东公司,南宁战区,广西省区,柳桂办,关店,专卖店,加盟,商超,7573845,2044123856,16638144.0,6014895030849,311635,1127827493,6873410224955394048,,,1,是
C05441,迎宾店,江西公司,南昌一战区,江西二区,南昌三办,关店,专卖店,加盟,,,,,,,,,,,1,是
C05446,中山东凤兴华中路店,广东公司,广州战区,广东省区,中珠办,正常营业,专卖店,加盟,街铺,9117554,500930073,15967911.0,6014295608849,329127,1349977767,6870817261616236556,3002760234629862752,2026031911077000000115331939|xiniu_xgc_bgc,1,是
C05447,宝安大浪华霆路专卖店,广东公司,深圳战区,广东省区,宝安办,关店,专卖店,加盟,街铺,7564970,2001555292,,6014165405849,307658,193286324,6709311676400797710,3002575207871324847,,1,是
C05449,哈尔滨华联六顺店,陕西公司,沈阳战区,辽吉省区,哈尔滨办,关店,专卖店,加盟,商超,8398342,,,,313465,1294831933,,,,1,是
C05450,长春欧亚卖场专柜店,陕西公司,沈阳战区,辽吉省区,长春办,关店,专卖店,加盟,综合体,10935086,501861635,16016526.0,6015116849849,,,6995046320394209310,3003619709062227389,,1,是
C05451,吉安铜锣湾天虹店,江西公司,赣州战区,江西一区,吉安办,关店,专卖店,加盟,综合体,,,,6015117885849,311112,1703116223,,,,1,是
C05452,南宁五象宋厢路专卖店,广东公司,南宁战区,广西省区,南宁办,关店,专卖店,加盟,街铺,9398725,2037041350,,6014908031849,319493,1070025595,6862084213001275405,,,1,是
C05453,宝安塘下涌一村专卖店,广东公司,深圳战区,广东省区,宝安办,关店,专卖店,加盟,街铺,7149166,174073627,,6014315659849,307654,193954581,6601260488070285325,6724909376042744862,,1,是
C05457,贵阳安顺万绿城购物中心店,重庆公司,贵阳战区,云贵省区,遵义办,关店,专卖店,加盟,商超,7342293,174074075,16638116.0,6014905289849,308889,195792905,6744609955548055563,6724909383690937397,,1,是
C05458,广西防城港万家福超市专卖店,广东公司,南宁战区,广西省区,南宁办,关店,专卖店,加盟,商超,7466925,171226051,,6014907934849,308222,1332351527,6871032981230782476,3002920656330887791,,1,是
C05459,长沙浏阳九方店,江西公司,长沙战区,湖南省区,长沙办,关店,专卖店,加盟,,,,,,,,,,,1,是
C05460,台州仙居车站专卖店,浙江公司,杭州战区,福建省区,浙南办,关店,专卖店,加盟,交通枢纽,6903775,171226106,,,308242,,,,,1,是
C05461,宝安石岩豪迈店,广东公司,深圳战区,广东省区,宝安办,正常营业,专卖店,加盟,街铺,7025893,300162080,16256678.0,6016578109849,311586,1751258947,7167198872912005152,6724909544066944693,2025112011077000000113620922|xiniu_xgc_bgc,1,是
C05465,吉林市大润发船营店,陕西公司,沈阳战区,辽吉省区,长春办,关店,专卖店,加盟,商超,7149152,,,,,,,,,1,是
C05467,长沙星沙万象汇店,江西公司,长沙战区,湖南省区,长沙办,关店,专卖店,加盟,综合体,7149156,172760942,,6015167301849,307407,193256017,,,,1,是
C05468,吉林市大润发东市店,陕西公司,沈阳战区,辽吉省区,长春办,关店,专卖店,加盟,商超,7149151,,,,311306,194925140,,,,1,是
C05470,长沙望城世纪华联店,江西公司,长沙战区,湖南省区,长沙办,关店,专柜店,加盟,商超,,,,,,,,,,1,是
C05472,莆田万达金街专卖店,江西公司,福州战区,福建省区,福州办,关店,专卖店,加盟,综合体,,,,,,,,,,1,是
C05473,西安市场华润万家莲湖店,陕西公司,西安战区,陕西省区,西安办,关店,专卖店,加盟,商超,6984731,,,,311431,193415544,,,,1,是
C05475,西安市场华润万家太华路店,陕西公司,西安战区,陕西省区,西安办,关店,专卖店,加盟,商超,7628789,,,6013997727849,311432,1236283660,7047423208307296264,3003824542596698220,,1,是
C05477,桂平新天地店,广东公司,南宁战区,广西省区,柳桂办,正常营业,专卖店,加盟,街铺,13653715,2110699569,16383990.0,6014893325849,601134,1905272140,7046613669475518478,,2026031911077000000115294967|xiniu_xgc_bgc,1,是
C05478,上海每日优鲜店,浙江公司,上海战区,上海省区,上海一办,关店,渠道店,加盟,特殊渠道,,,,,,,,,,1,是
C05479,长沙曙光步步高店,江西公司,长沙战区,湖南省区,长沙办,关店,专卖店,加盟,商超,,,,,,,,,,1,是
C05480,长沙友谊路富兴店,江西公司,长沙战区,湖南省区,长沙办,关店,专卖店,加盟,街铺,,,,,,,,,,1,是
C05481,福州江厝路专卖店,江西公司,福州战区,福建省区,福州办,关店,专卖店,加盟,街铺,,,,,,,,,,1,是
C05482,娄底步行街2店,江西公司,长沙战区,湖南省区,株洲办,正常营业,专卖店,加盟,街铺,5311757,501873345,17092250.0,6015164323849,307645,986348007,6907355528767211531,6724909460483596990,,1,是
C05483,广州海珠鹭江店,广东公司,广州战区,广东省区,广佛办,关店,专卖店,加盟,街铺,7149163,174073629,15861062.0,6014299430849,307661,193447790,6722644989207152648,6724909318056000974,2026031911077000000115363854|xiniu_xgc_bgc,1,是
C05485,沧州西站店,陕西公司,北京战区,京津冀省区,天津办,关店,专卖店,加盟,高势能,,,,,,,,,,1,否
C05486,宝安观澜福城天虹专卖店,广东公司,深圳战区,广东省区,宝安办,关店,专卖店,加盟,综合体,9231068,2062975244,,6015252961849,329125,1915574370.0,cover_C05486_6819247742146185216,cover_C05486_3002893210500501772,,1,是
C05487,龙岗横岗联合路专卖店,广东公司,深圳战区,广东省区,龙岗办,关店,专卖店,加盟,街铺,7254638,500943638,,6014158397849,307657,195844038,6712352923264780291,3002969870658703750,,1,是
C05488,直属上海卜蜂莲花杨高北路店,浙江公司,上海战区,上海省区,上海一办,关店,专卖店,直营,商超,12039523,336591207,,,306369,1687209802,,,,1,是
C05489,西安龙城名苑人人乐店,陕西公司,西安战区,陕西省区,西安办,关店,专卖店,加盟,商超,7900430,500953641,,,311433,,,,,1,是
C05490,西安市场咸阳百特城市店,陕西公司,西安战区,陕西省区,陕西外阜办,关店,专卖店,加盟,街铺,,,,,,,,,,1,是
C05491,直属杭州湖滨店,浙江公司,杭州战区,浙江省区,杭州办,关店,专卖店,直营,街铺,6947600,,,,307405,193964703,,,,1,是
C05492,直属昌北机场T2检外店,江西公司,南昌一战区,江西一区,南昌一办,正常营业,专卖店,直营,高势能,,,,,,,,,,1,是
C05493,珠海大剧院专卖店,广东公司,广州战区,广东省区,中珠办,关店,专卖店,加盟,交通枢纽,,,,6014225695849,,,,,,1,是
C05497,长沙金星路步步高店,江西公司,长沙战区,湖南省区,长沙办,关店,专卖店,加盟,商超,,,,,,,,,,1,是
C05503,吉安安福国光店,江西公司,宜春战区,江西一区,吉安办,正常营业,专卖店,加盟,商超,,,,6015130301849,311111,1255021361,7148832039372851234,3002800283737887119,2025112011077000000113758209|xiniu_xgc_bgc,1,是
C05505,湛江赤坎寸金路专卖店,广东公司,广州战区,广东省区,中珠办,关店,专卖店,加盟,街铺,7191949,172531535,,6014315301849,311543,194272601,,,,1,是
C05506,直属大连东特沃尔玛店,陕西公司,沈阳战区,辽吉省区,大连办,关店,专柜店,直营,商超,5135036,501085640,,6015119761849,306371,177492861,6634865600537561092,3002991672435511510,,1,是
C05509,惠州江北沃尔玛专卖店,广东公司,东莞战区,广东省区,惠汕办,关店,专卖店,加盟,商超,8185316,300801210,,6014225268849,320114,1814547736.0,6978228541091497998,,,1,是
C05512,河南郑州郑东敬业路店,陕西公司,郑州战区,河南省区,河南外阜办,关店,专卖店,加盟,街铺,7573848,,,,,187233605,,,,1,是
C05513,华润澄湖店,江西公司,南昌一战区,江西二区,南昌四办,暂停营业,专卖店,加盟,商超,7080228,1157770507,,6015119755849,307096,194590236,6762669966048200717,6724909485876520466,,1,是
C05515,华润象山店,江西公司,南昌一战区,江西二区,南昌三办,关店,专卖店,加盟,商超,8914694,,,,308022,1207243461,,,,1,是
C05516,江西邦途贸易有限公司2,江西公司,南昌一战区,江西二区,南昌三办,关店,专卖店,加盟,,,,,,,,,,,1,是
C05523,直属广州人和鹤龙六路专卖店,广东公司,广州战区,广东省区,广佛办,关店,专卖店,直营,交通枢纽,8185303,336957115,16638076.0,6013993221849,309315,194166323,6752506121027635212,3002220117179182355,,1,是
C05525,贵阳永辉新添大道店,重庆公司,贵阳战区,云贵省区,贵阳办,关店,专卖店,加盟,商超,7101660,501115422,,,308888,194020170,,,,1,是
C05526,贵州金沙合力超市店,重庆公司,贵阳战区,云贵省区,遵义办,关店,专卖店,加盟,商超,7190043,,,6015020402849,309306,194679794,6707471584329730051,3002576120142668631,,1,是
C05527,南平鼓楼专卖店,江西公司,福州战区,福建省区,闽北办,关店,专卖店,加盟,街铺,7791728,304985807,,,318507,693137060,,,,1,是
C05528,广西北海上海路专卖店,广东公司,南宁战区,广西省区,南宁办,关店,专卖店,加盟,街铺,,,,,,,,,,1,是
C05529,珠海新香洲华润万家专卖店,广东公司,广州战区,广东省区,中珠办,关店,专卖店,加盟,商超,9990719,2044513930,,6014299424849,600079,660968458,,,,1,是
C05531,贵阳花果园兰花广场店,重庆公司,贵阳战区,云贵省区,贵阳办,关店,专卖店,加盟,街铺,,,,,,,,,,1,是
C05533,泉州磁灶冠超市店,江西公司,厦门战区,福建省区,闽南办,正常营业,专卖店,加盟,街铺,7467915,305176296,15967934.0,6014010188849,309843,1362002345,6601194306063566862,3002652168619565871,2025111911077000000113718658|xiniu_xgc_bgc,1,是
C05535,贵阳网红街专卖店,重庆公司,贵阳战区,云贵省区,贵阳办,关店,专卖店,加盟,交通枢纽,,,,,,,,,,1,是
C05536,泉州鲤城新天广场专卖店,江西公司,厦门战区,福建省区,闽南办,关店,专卖店,加盟,综合体,9964528,161705007,15968016.0,6014009575849,309847,165474458,7059211804525725733,3002752226862342582,,1,是
C05541,韶关浈江宏昌专卖店,广东公司,广州战区,广东省区,广佛办,关店,专卖店,加盟,商超,7025972,500707995,,,307665,194573099,,,,1,是
C05542,湖北黄冈英山飞达店,江西公司,九江战区,湖北办,湖北办,关店,专卖店,加盟,街铺,7190009,,,6015320398849,309380,194769075.0,6707496540191213571,,,1,是
C05543,鹰抚鹰潭盛世华庭店,江西公司,抚州战区,江西一区,鹰抚办,正常营业,专卖店,加盟,综合体,,,,6015117891849,317887,601602128,7241400796246444044,3004303212960688186,2025111911077000000113744556|xiniu_xgc_bgc,1,是
C05552,大连开发区万达店,陕西公司,沈阳战区,辽吉省区,大连办,关店,专卖店,加盟,综合体,8531557,302309432,15905462.0,6015116976849,311325,1875318623,6845912400655321091,6724909544070952866,,1,是
C05553,广州嘉禾望岗地铁专卖店,广东公司,广州战区,广东省区,广佛办,关店,专卖店,加盟,交通枢纽,,,,,,195845152,,,,1,是
C05555,广西桂平广百汇店,广东公司,南宁战区,广西省区,柳桂办,正常营业,专卖店,加盟,商超,7810474,2000518292,16383959.0,6014893238849,311636,660934637,6927389353534556160,3002952815289275118,2026031911077000000115352865|xiniu_xgc_bgc,1,是
C05562,河南汝州绿洲广场店,陕西公司,郑州战区,河南省区,豫南办,关店,专卖店,加盟,街铺,,,,,,,,,,1,是
C05563,惠州崇雅专卖店,广东公司,东莞战区,广东省区,惠汕办,关店,专卖店,加盟,商超,8234963,500798976,,6014225328849,309310,1922638885,,,,1,是
C05565,直属长沙高铁三店,江西公司,长沙战区,湖南省区,长沙办,关店,专卖店,直营,高势能,,,,,311030,1401475287,,,,1,是
C05566,河南中牟世纪城店,陕西公司,郑州战区,河南省区,河南外阜办,关店,专卖店,加盟,商超,7080220,501297185,,6013998043849,309382,194748004,6601156646922094595,,,1,是
C05568,德惠新东方店,陕西公司,沈阳战区,辽吉省区,长春办,关店,专卖店,加盟,,6984227,,,,,,,,,1,是
C05569,站西盛世广场店,江西公司,南昌一战区,江西一区,南昌一办,正常营业,专卖店,加盟,街铺,7191944,172985256,,6015118745849,309838,194483807,6871380505791563776,3002804202468938139,,1,是
C05571,万湖阳光花园店,江西公司,南昌一战区,江西二区,南昌四办,正常营业,专卖店,加盟,街铺,18876859,,,6015115154849,309389,195061295,6744441383794280456,6724909544068612077,,1,是
C05572,杭州临平永辉万宝城店,浙江公司,杭州战区,浙江省区,杭州办,关店,专卖店,加盟,商超,7342368,173995920,,,313092,195606813,,,,1,是
C05573,杭州永辉客运中心店,浙江公司,杭州战区,浙江省区,杭州办,关店,专卖店,加盟,商超,6984222,502623062,,,308481,100552821,,,,1,是
C05575,上海北京优之行科技有限公司,浙江公司,上海战区,上海省区,上海一办,关店,经销,加盟,特殊渠道,,,,,,,,,,1,是
C05580,长沙芙蓉区杨帆小区店,江西公司,长沙战区,湖南省区,长沙办,关店,专卖店,加盟,街铺,7190013,172985236,,,311397,194685333,,,,1,是
C05581,珠海吉大景和街专卖店,广东公司,广州战区,广东省区,中珠办,关店,专卖店,加盟,街铺,7191947,2000067614,,6014315014849,309309,193665513,6722346918325831694,,,1,是
C05582,杭州壹佰米网络科技有限公司,浙江公司,杭州战区,浙江省区,杭州办,关店,渠道店,加盟,特殊渠道,,,,,,,,,,1,是
C05583,宝安区观澜宝润专卖店,广东公司,深圳战区,广东省区,宝安办,关店,专柜店,加盟,街铺,7190045,174073623,,6014315371849,311544,194848711,6691461721598609419,6724909362603079328,,1,是
C05588,南宁仙葫广场专卖店,广东公司,南宁战区,广西省区,南宁办,关店,专卖店,加盟,街铺,8981813,2036835441,,6014907229849,311639,1334880040,,,,1,是
C05591,东莞虎门万业专卖店,广东公司,东莞战区,广东省区,东莞办,关店,专卖店,加盟,街铺,7342289,161280803,,6014132584849,311540,195878660,cover_C05591_6601219731821185038,3002277505034260541,,1,是
C05593,贵阳万科北京华联专卖店,重庆公司,贵阳战区,云贵省区,贵阳办,关店,专卖店,加盟,商超,7191941,172985114,,6014997610849,308893,193844651,6873681110040135687,3003009585004287793,,1,是
C05595,贵阳世纪金源永辉专卖店,重庆公司,贵阳战区,云贵省区,贵阳办,关店,专卖店,加盟,商超,7191946,172985113,,6014997609849,308891,194668876,7024426723282257933,6724909368444350318,,1,是
C05598,汕头金峰万达专卖店,广东公司,东莞战区,广东省区,惠汕办,关店,专卖店,加盟,综合体,7477503,,,,318272,934338228,,,,1,是
C05601,贵阳观山湖福州街专卖店,重庆公司,贵阳战区,云贵省区,贵阳办,关店,专卖店,加盟,街铺,,,,,,,,,,1,是
C05603,东莞虎门龙眼专卖店,广东公司,东莞战区,广东省区,东莞办,关店,专卖店,加盟,街铺,7254640,174073624,,,311542,,,,,1,是
C05605,江门新会启超大道专卖店,广东公司,广州战区,广东省区,中珠办,关店,专卖店,加盟,综合体,10276777,501331495,,6014315117849,600044,163210462,7089342268788475937,3002933533770847275,,1,是
C05606,赣州宁都大润发店,江西公司,赣州战区,江西一区,赣州办,关店,专卖店,加盟,商超,,,,,311106,,,,,1,是
C05607,广西宜州万象地下街专卖店,广东公司,南宁战区,广西省区,柳桂办,关店,专卖店,加盟,街铺,7274928,336750866,,6014905127849,311317,1368422650,7146040076156274726,3002839865502376932,,1,是
C05609,九江彭泽新天地大润发店,江西公司,九江战区,江西二区,九江办,关店,专卖店,加盟,商超,,,,6015166795849,310712,,,,,1,是
C05611,宜春万载谭埠店,江西公司,宜春战区,江西二区,宜春办,正常营业,专卖店,加盟,街铺,,,,6015167409849,309305,,6871781286839633935,3003101473068983275,,1,是
C05612,河南郑州万科大都会店,陕西公司,郑州战区,河南省区,郑州办,关店,专卖店,加盟,街铺,7714454,2042700176,,,309381,1115286706,,,,1,是
C05613,广州花都万达永辉专卖店,广东公司,广州战区,广东省区,广佛办,关店,专卖店,加盟,综合体,7477505,500707279,,6014224989849,312752,194628457,6708542130207410189,,,1,是
C05615,江苏徐州汇邻湾广场店,浙江公司,苏州战区,江苏省区,南京办,关店,专卖店,加盟,综合体,7466921,335742055,,6013970681849,309400,193868242,6888630894450591744,,,1,是
C05617,哈尔滨王府井店,陕西公司,沈阳战区,辽吉省区,哈尔滨办,关店,专柜店,加盟,综合体,9388330,501415904,,6015117791849,600574,595563459,6916628733554067456,6724909467769268549,,1,是
C05619,河南巩义市丹尼斯店,陕西公司,郑州战区,河南省区,郑州办,关店,专卖店,加盟,商超,7466941,2077990751,,,316238,196005692,,,,1,是
C05620,保定沃尔玛专卖店,陕西公司,北京战区,京津冀省区,石家庄办,关店,专卖店,加盟,综合体,,,,,,,,,,1,是
C05622,河南郑州上街丹尼斯店,陕西公司,郑州战区,河南省区,郑州办,关店,专卖店,加盟,商超,,,,,,879500443,,,,1,是
C05623,北京市场家乐福方圆店,陕西公司,北京战区,京津冀省区,北京办,关店,专柜店,加盟,商超,7615976,2080468118,,6015118671849,310539,194342370,6770613577251325963,,,1,是
C05627,台州椒江平桥商业街专卖店,浙江公司,杭州战区,福建省区,浙南办,关店,专卖店,加盟,街铺,,,,,,,,,,1,是
C05628,南宁马山中学店,广东公司,南宁战区,广西省区,南宁办,关店,专卖店,加盟,商超,13623911,2001365805,,6014892946849,318252,,7039546051761702949,,,1,是
C05630,昌东广场店,江西公司,南昌一战区,江西一区,南昌二办,正常营业,专卖店,加盟,街铺,,,,6015150611849,307404,1297411739,6601149527149774852,3002392099997029868,,1,是
C05635,宝安区沙井庄村专卖店,广东公司,深圳战区,广东省区,宝安办,关店,专卖店,加盟,街铺,7342304,300042068,,6014171931849,311533,195893015,6712623497778087944,,,1,是
C05636,通辽万达店,陕西公司,沈阳战区,辽吉省区,辽吉外阜办,正常营业,专卖店,加盟,综合体,8317388,1105558232,17146728.0,6015116980849,310531,626665288,6707114380791695372,3002276024380924862,2026031311077000000115358327|xiniu_xgc_bgc,1,是
C05637,云南昆明南站一店,重庆公司,贵阳战区,云贵省区,昆明办,关店,专柜店,加盟,高势能,,,,,,,,,,1,是
C05642,洪都中大道店,江西公司,南昌一战区,江西二区,南昌三办,关店,专卖店,加盟,街铺,,,,,312956,,,,,1,是
C05643,墩子塘店,江西公司,南昌一战区,江西二区,南昌三办,关店,专卖店,加盟,街铺,7149154,,,6015131820849,309387,194638931,6708605596637169667,6724909498010696974,,1,是
C05650,长沙润和七彩mall店,江西公司,长沙战区,湖南省区,长沙办,关店,专柜店,加盟,综合体,7225409,300172117,,,309396,1372871058,,,,1,是
C05652,遵义播州西大街专卖店,重庆公司,贵阳战区,云贵省区,遵义办,关店,专卖店,加盟,商超,7342294,501090450,16638123.0,6015017613849,308894,195834990,6712315225867061262,3002313233549763044,,1,是
C05653,贵阳观山湖会展中心专卖店,重庆公司,贵阳战区,云贵省区,贵阳办,关店,专卖店,加盟,街铺,7342371,,,,,194496481,,,,1,是
C05655,龙岗布吉格塘路专卖店,广东公司,深圳战区,广东省区,龙岗办,关店,专柜店,加盟,街铺,7342300,174073640,,6014340664849,311531,846191518,,,,1,是
C05662,江苏徐州君盛广场店,浙江公司,苏州战区,江苏省区,南京办,关店,专卖店,加盟,商超,7773792,172986109,,6013970576849,311078,194551994,,,,1,是
C05663,衡阳香江百货高兴店,江西公司,长沙战区,湖南省区,衡邵办,关店,专卖店,加盟,综合体,,,,,,,,,,1,是
C05668,烟台机场专柜店,浙江公司,青岛战区,山东省区,青岛办,关店,专卖店,加盟,高势能,,,,,,,,,,1,是
C05670,北京市场天津东丽区新业广场店,陕西公司,北京战区,京津冀省区,天津办,关店,专卖店,加盟,商超,7466927,2001531947,,,312608,1337779852,,,,1,是
C05671,衡阳常宁中银时代广场店,江西公司,长沙战区,湖南省区,衡邵办,正常营业,专卖店,加盟,商超,7298566,,,6015130712849,312553,195206810,6709263455746000904,3002547777466573909,2026030511077000000115182774|xiniu_xgc_bgc,1,是
C05672,景德镇机场店,江西公司,九江战区,江西二区,景德镇办,关店,专卖店,加盟,高势能,,,,,,,,,,1,是
C05673,福州三盛长岛专卖店,江西公司,福州战区,福建省区,福州办,关店,专卖店,加盟,街铺,,,,,,,,,,1,是
C05686,河南郑州沃金华联店,陕西公司,郑州战区,河南省区,河南外阜办,关店,专卖店,加盟,商超,8068964,337682248,,,332903,182493797,,,,1,是
C05687,九江安庆八佰伴超市店,江西公司,九江战区,江西二区,九江办,关店,专卖店,加盟,商超,501257471,501257471,,,,,,,,1,是
C05689,陕西首信商贸有限责任公司江西分公司,江西公司,南昌一战区,江西一区,南昌一办,关店,专柜店,加盟,高势能,,,,,,,,,,1,是
C05690,直属河南郑州锦艺城世纪联华店,陕西公司,郑州战区,河南省区,郑州办,关店,专卖店,直营,商超,8978786,2038609119,,,328856,177922495,,,,1,是
C05691,包头华联正翔店,陕西公司,北京战区,京津冀省区,北京办,关店,专柜店,加盟,商超,7466931,,,6015118672849,310536,,7001325082630948878,,,1,是
C05693,广州马务南街专卖店,广东公司,广州战区,广东省区,广佛办,关店,专柜店,加盟,街铺,7466920,336873859,,6015252549849,312742,195808102,6711493840110356492,3001990417861911091,,1,是
C05695,丰城樟树大路口店,江西公司,南昌二战区,江西一区,丰新办,关店,专卖店,加盟,街铺,17806517,1149271116,,6015130719849,311114,1924614991,6749795966406133767,6724909544095081874,,1,是
C05699,鹰抚鹰潭大观园店（怡辰卤菜一分店）,江西公司,抚州战区,江西一区,鹰抚办,关店,专卖店,加盟,综合体,13625893,1128314585,,6015118877849,317888,945880946,6745809039579432967,6724909544073480445,,1,是
C05700,直属贵阳沃尔玛人民广场店,重庆公司,贵阳战区,云贵省区,贵阳办,关店,专卖店,直营,商超,7342295,501136692,,,,195011127,,,,1,是
C05703,贵州兴义市兴义商超店,重庆公司,贵阳战区,云贵省区,遵义办,正常营业,专卖店,加盟,商超,23741750,516993411,16130453.0,6015017326849,310726,195816633,6694510895256602632,3002856177418277282,,1,是
C05705,湖北阳新好又多超市店,江西公司,九江战区,湖北办,湖北办,关店,专卖店,加盟,商超,7299469,337662373,,,310709,195602839,,,,1,是
C05707,东莞万江华南摩尔专卖店,广东公司,东莞战区,广东省区,东莞办,关店,专柜店,加盟,商超,15071527,1108561273,,6015250415849,313893,1384291309,6675114889616361475,3002802748579747210,,1,是
C05710,直属鞍山西站店,陕西公司,沈阳战区,辽吉省区,大连办,关店,专卖店,直营,高势能,,,,,,,,,,1,是
C05711,北海万达店,广东公司,南宁战区,广西省区,南宁办,关店,专柜店,加盟,综合体,7819152,2000508335,,,322088,165379967,,,,1,是
C05712,广西防城港企沙专卖店,广东公司,南宁战区,广西省区,南宁办,关店,专柜店,加盟,商超,8681393,502242794,,6014904435849,327081,1139210069,6884033908669679628,6724909544129169231,,1,是
C05713,南山登良地铁站,广东公司,深圳战区,广东省区,宝安办,关店,专卖店,加盟,交通枢纽,7640391,300152044,,6014412501849,311556,194721561,6860061556420528128,3002318968034239471,,1,是
C05715,河源宝成专卖店,广东公司,东莞战区,广东省区,惠汕办,关店,专卖店,加盟,商超,7254659,500920002,,6014260229849,311549,194292983,6708571719482820611,3002994412037378640,,1,是
C05716,赣州华坚店,江西公司,赣州战区,江西一区,赣州办,关店,专卖店,加盟,街铺,7301689,336672709,,6015150002849,311107,,,,,1,是
C05719,贵阳火车站广场专卖店,重庆公司,贵阳战区,云贵省区,贵阳办,关店,专卖店,加盟,街铺,7342296,174074070,,6015017615849,311070,1839201232,,,,1,是
C05720,宝安福海天源隆专卖店,广东公司,深圳战区,广东省区,宝安办,关店,专卖店,加盟,街铺,,,,,,5123774,,,,1,是
C05722,抚南鹏溪镇店,江西公司,抚州战区,江西一区,鹰抚办,正常营业,专卖店,加盟,街铺,,,,6015167522849,190522,,7086362983487522823,3003733688131199167,,1,是
C05723,河南郑州海邻茂店,陕西公司,郑州战区,河南省区,河南外阜办,关店,专卖店,加盟,商超,7254650,,,,600969,822982855,,,,1,是
C05725,直属河南郑州德化六道巷店,陕西公司,郑州战区,河南省区,郑州办,关店,专卖店,直营,街铺,8385421,500683010,,,,1285809694,,,,1,是
C05726,直属河南郑州火车站东广场店,陕西公司,郑州战区,河南省区,郑州办,关店,专卖店,直营,高势能,,,,,,,,,,1,是
C05727,直属河南郑州德化新街二店,陕西公司,郑州战区,河南省区,郑州办,正常营业,专卖店,直营,街铺,26065394,524905424,16189141.0,6014132519849,324648,1335071623,6862834945933527040,,2026031311077000000115285478|xiniu_xgc_bgc,1,是
C05728,直属沈阳长青街沃尔玛店,陕西公司,沈阳战区,辽吉省区,辽吉直营办,关店,专卖店,直营,商超,7502758,2044226888,,6015119885849,309383,194799627,6708594074963757069,,,1,是
C05731,泉州丰泽沃尔玛专卖店,江西公司,厦门战区,福建省区,闽南办,关店,专卖店,加盟,综合体,7466932,,,,313471,,,,,1,是
C05733,八一沃尔玛,江西公司,南昌一战区,江西二区,南昌三办,关店,专卖店,加盟,综合体,,,,,,,,,,1,是
C05736,长沙星沙泉塘店,江西公司,长沙战区,湖南省区,长沙办,正常营业,专卖店,加盟,街铺,7477504,2073253142,15861057.0,6015166783849,312551,194332895,6702553394155997195,6724909346275785331,,1,是
C05737,赣州安居店,江西公司,赣州战区,江西一区,赣州办,关店,专卖店,加盟,街铺,,,,6015131827849,313926,,7152446684461533223,,,1,是
C05738,湖北英山金石店,江西公司,九江战区,湖北办,湖北办,关店,专卖店,加盟,街铺,,,,,329540,1957459945,,,,1,是
C05740,高新胡家花园店,江西公司,南昌一战区,江西一区,南昌二办,正常营业,专卖店,加盟,街铺,,,,6015116153849,309388,1592889512,6822214479548368907,2161875022419810576,,1,是
C05742,赣州和谐家园店,江西公司,赣州战区,江西一区,赣州办,正常营业,专卖店,加盟,街铺,,,,6015130208849,313924,,6872836551626246157,,2026030511077000000115089795|xiniu_xgc_bgc,1,是
C05745,杭州湖州汇金广场店,浙江公司,杭州战区,浙江省区,杭州办,关店,专卖店,加盟,街铺,7254647,173064850,,6013951799849,310487,195020942,6762176017500063747,3002289293532341117,,1,是
C05748,安徽临泉大润发店,浙江公司,苏州战区,安徽办,安徽办,关店,专卖店,加盟,商超,24173539,,16383944.0,,601240,695752250,7159155420216363023,3003589695746447598,,1,是
C05756,直属北京市场华联亦庄店,陕西公司,北京战区,京津冀省区,北京办,关店,专卖店,直营,商超,,,,6015116983849,312213,927025596,,,,1,是
C05757,宁波嵊州吾悦店,浙江公司,杭州战区,浙江省区,宁波办,关店,专卖店,加盟,,,,,,,,,,,1,是
C05758,杭州义乌吾悦店,浙江公司,杭州战区,浙江省区,金衢办,关店,专卖店,加盟,综合体,,,,,,,,,,1,是
C05759,杭州宁波鄞州金沙店,浙江公司,杭州战区,浙江省区,宁波办,关店,专柜店,加盟,,,,,,,,,,,1,是
C05761,西安人人乐临潼店,陕西公司,西安战区,陕西省区,西安办,关店,专卖店,加盟,商超,7466938,500953280,,6013997523849,179763,819091990,6601200142471137284,,,1,是
C05762,西安未央区凤城一路店,陕西公司,西安战区,陕西省区,西安办,关店,专卖店,加盟,街铺,,,,,,,,,,1,是
C05763,西安华润万家科技路店,陕西公司,西安战区,陕西省区,西安办,关店,专卖店,加盟,街铺,7466939,173056457,,6013999318849,313457,194707211,6740089155633645579,,,1,是
C05765,河南新乡胖东来店(特通),陕西公司,郑州战区,河南省区,郑州办,正常营业,经销,加盟,特殊渠道,,,,,,,,,,1,是
C05767,湖北罗田公路局店,江西公司,九江战区,湖北办,湖北办,关店,专卖店,加盟,街铺,8871888,,,,,748862734,,,,1,是
C05768,天津南开家乐福店,陕西公司,北京战区,京津冀省区,天津办,关店,专卖店,加盟,商超,8038074,,,,,,,,,1,是
C05769,丰城华润万家,江西公司,南昌二战区,江西一区,丰新办,关店,专卖店,加盟,综合体,,,,,,1725752543,,,,1,是
C05770,杭州舟山机场店,浙江公司,杭州战区,浙江省区,宁波办,正常营业,经销,加盟,高势能,,,,,,,,,,1,是
C05771,赣州瑞金路店,江西公司,赣州战区,江西一区,赣州办,关店,专卖店,加盟,街铺,,,,,,,,,,1,是
C05772,萍乡世纪广场洪呈福超市店,江西公司,宜春战区,江西二区,宜春办,关店,专卖店,加盟,商超,8753778,,,6015165227849,323248,,6886740880779266059,,,1,是
C05773,怀化大润发店,江西公司,长沙战区,湖南省区,衡邵办,关店,专卖店,加盟,商超,10471943,,,,,1968088496,,,,1,是
C05775,广州白云东平专卖店,广东公司,广州战区,广东省区,广佛办,关店,专柜店,加盟,街铺,7342287,173024318,,,,,,,,1,是
C05778,福州国棉永辉专卖店,江西公司,福州战区,福建省区,福州办,关店,专卖店,加盟,商超,7466923,,,,,,,,,1,是
C05779,安徽阜阳东方恒隆店,浙江公司,苏州战区,安徽办,安徽办,关店,专卖店,加盟,综合体,8383649,500655873,,6013971821849,320689,1804565266,,,,1,是
C05780,珠海金鼎宝龙城店,广东公司,广州战区,广东省区,中珠办,正常营业,专卖店,加盟,商超,29539859,1302105496,20200808.0,6014315013849,311555,194434966,7122067285757397004,3003170494284342337,2026031611077000000115313488|xiniu_xgc_bgc,1,是
C05781,珠海摩尔广场专卖店,广东公司,广州战区,广东省区,中珠办,关店,专卖店,加盟,商超,,,,,,,,,,1,是
C05782,贵州都匀石板街专卖店,重庆公司,贵阳战区,云贵省区,贵阳办,关店,专卖店,加盟,街铺,7342292,174074076,,6014905294849,311298,195563832,6999824512300615718,3001996576689525394,,1,是
C05783,北京市场家乐福良乡店,陕西公司,北京战区,京津冀省区,北京办,关店,专柜店,加盟,商超,11730274,2095908507,,6015131808849,601120,669097453,,,,1,是
C05785,凯里友庄路金地花园店,重庆公司,贵阳战区,云贵省区,贵阳办,关店,专卖店,加盟,街铺,8520919,501176513,,6014905295849,310733,702113329,6848949495942678543,3003672038270506714,,1,是
C05786,娄底仙桥街店,江西公司,长沙战区,湖南省区,株洲办,关店,专卖店,加盟,街铺,13807538,504683802,,6015166106849,317170,,7160124669922641956,3003112074195113815,,1,是
C05789,河南郑州汝河路世纪联华店,陕西公司,郑州战区,河南省区,郑州办,关店,专卖店,加盟,商超,7502753,500712926,,,,1968352246,,,,1,是
C05790,河南郑州冉屯路世纪联华店,陕西公司,郑州战区,河南省区,郑州办,关店,专卖店,加盟,商超,,,,,,,,,,1,是
C05791,唐山瑞莎超市店,陕西公司,北京战区,京津冀省区,天津办,关店,专卖店,加盟,商超,,,,,,,,,,1,是
C05792,深圳朴朴电商,广东公司,深圳战区,广东省区,龙岗办,关店,渠道店,加盟,特殊渠道,,,,,,,,,,1,否
C05795,长沙市芙蓉区芙蓉苑店,江西公司,长沙战区,湖南省区,长沙办,关店,专柜店,加盟,街铺,7477606,174074337,,6015119492849,313177,195206134,,,,1,是
C05798,中山远洋城店,广东公司,广州战区,广东省区,中珠办,正常营业,专卖店,加盟,综合体,7502754,300517667,15967941.0,6014251818849,318258,997185718,6732843276719720459,6724909544067822167,2026031911077000000115387884|xiniu_xgc_bgc,1,是
C05799,萍乡塞纳名城老地方店,江西公司,宜春战区,江西二区,宜春办,正常营业,专卖店,加盟,街铺,,,,6015119579849,311102,847825557,6794266469631789056,3003660240199885945,2025111911077000000113733608|xiniu_xgc_bgc,1,是
C05800,江苏连云港万达广场店,浙江公司,苏州战区,江苏省区,南京办,关店,专卖店,加盟,综合体,9791676,,,6013967287849,600339,1899412291,,,,1,是
C05801,绿地国博城店,江西公司,南昌一战区,江西一区,南昌一办,关店,专卖店,加盟,街铺,7477502,2058261513,,,312955,578913092,,,,1,是
C05802,廊坊家乐福店,陕西公司,北京战区,京津冀省区,北京办,关店,专柜店,加盟,商超,8038072,2032052752,,6015116172849,313464,548540483,6733009995786373132,3002288073773224313,,1,是
C05805,直属沈阳营口鲅鱼圈站店,陕西公司,沈阳战区,辽吉省区,大连办,关店,专卖店,直营,高势能,,,,,,,,,,1,是
C05806,贵阳中大国际店,重庆公司,贵阳战区,云贵省区,贵阳办,关店,专卖店,加盟,商超,7342298,501141817,,6015021509849,311297,195892526,6712787165111191565,3003724879572545522,,1,是
C05807,凯里市金桥路店,重庆公司,贵阳战区,云贵省区,贵阳办,关店,专卖店,加盟,街铺,9727547,501170301,,6014997611849,333015,1760856434,,,,1,是
C05808,中山百汇时代广场专卖店,广东公司,广州战区,广东省区,中珠办,关店,专卖店,加盟,综合体,7502762,,,6014226139849,318257,195563193,,,,1,是
C05809,赣州华润万象城店,江西公司,赣州战区,江西一区,赣州办,关店,专卖店,加盟,商超,7537002,173007910.0,,6015145947849,311110.0,,6732897826382071822,,,1,是
C05810,杭州义乌商贸城店,浙江公司,杭州战区,浙江省区,金衢办,关店,渠道店,加盟,特殊渠道,,,,,,,,,,1,是
C05812,湛江永福花园专卖店,广东公司,广州战区,广东省区,中珠办,关店,专卖店,加盟,街铺,,,,,,,,,,1,是
C05813,长沙望城外国语学院街店,江西公司,长沙战区,湖南省区,长沙办,关店,专卖店,加盟,街铺,12984156,2099317712,,6015166033849,601027,,7024765541139105805,3002239834998576672,,1,是
C05815,直属沈阳辽阳站店,陕西公司,沈阳战区,辽吉省区,辽吉外阜办,关店,专卖店,直营,高势能,,,,,,,,,,1,是
C05816,江苏常州万达沃尔玛店,浙江公司,苏州战区,江苏省区,苏州办,关店,专卖店,加盟,综合体,,,,,,,,,,1,是
C05817,贵州省六盘水锦绣商业广场店,重庆公司,贵阳战区,云贵省区,遵义办,正常营业,专卖店,加盟,商超,27368303,2139556817,16638124.0,6015021103849,313455,596538375,6896022321467754507,3003171629944246997,2026031311077000000115295381|xiniu_xgc_bgc,1,是
C05818,上海青浦万达超级物种店,浙江公司,上海战区,上海省区,上海办,关店,专卖店,加盟,综合体,7466935,,,,,,,,,1,是
C05819,广西北海国际客运港专卖店,广东公司,南宁战区,广西省区,南宁办,关店,专卖店,加盟,交通枢纽,,,,,,,,,,1,是
C05820,龙岗爱南路星河专卖店,广东公司,深圳战区,广东省区,龙岗办,关店,专卖店,加盟,街铺,7537010,2042719556,,6014315477849,313892,195887656,,,,1,是
C05821,罗湖晒布地铁专卖店,广东公司,深圳战区,广东省区,龙岗办,关店,专卖店,加盟,交通枢纽,8185307,500812999,,,,158775540,,,,1,是
C05822,贵州六盘水帝都新城店,重庆公司,贵阳战区,云贵省区,遵义办,关店,专卖店,加盟,商超,14706886,174074072,,6014909187849,313141,195608446,6947057689075648549,6724909544118099293,,1,是
C05823,萍乡沃尔玛超市店,江西公司,宜春战区,江西二区,宜春办,关店,专卖店,加盟,综合体,,,,,,,,,,1,是
C05825,遵义东欣彩虹城店,重庆公司,贵阳战区,云贵省区,遵义办,关店,专卖店,加盟,商超,,,,,,,,,,1,是
C05826,梅州兴宁兴将路专卖店,广东公司,东莞战区,广东省区,惠汕办,关店,专卖店,加盟,商超,7884515,,,6014224193849,320113,996125569,,,,1,是
C05829,杭州拱墅万达物美店,浙江公司,杭州战区,浙江省区,杭州办,关店,专卖店,加盟,综合体,7755470,,,,,,,,,1,是
C05831,湛江鼎盛广场专卖店,广东公司,广州战区,广东省区,中珠办,关店,专卖店,加盟,综合体,7564975,336814293,16384072.0,6014315708849,318254,157064743,6601155805301442563,3002065497087389061,,1,是
C05833,安徽蚌埠万达超市店,浙江公司,苏州战区,安徽办,安徽办,关店,专卖店,加盟,综合体,7774041,,,,313461,882271791,,,,1,是
C05835,春平食品商行,江西公司,南昌一战区,江西一区,南昌二办,关店,渠道店,加盟,特殊渠道,,,,,,,,,,1,是
C05836,重庆家乐福杨家坪店,重庆公司,重庆战区,川渝省区,重庆办,关店,专卖店,加盟,商超,,,,,,,,,,1,是
C05839,阿城华仁印象城家得乐店,陕西公司,沈阳战区,辽吉省区,哈尔滨办,关店,专卖店,加盟,综合体,,,,,,,,,,1,是
C05840,唐山百货八方店,陕西公司,北京战区,京津冀省区,天津办,正常营业,专卖店,加盟,商超,7502761,1126215507,16130433.0,6015119296849,316809,548478476,6864202859387389965,,2025111911077000000113675629|xiniu_xgc_bgc,1,是
C05841,梅州兴宁欧尚专卖店,广东公司,东莞战区,广东省区,惠汕办,关店,专卖店,加盟,商超,7466945,,,,,,,,,1,是
C05843,大连庄河华联店,陕西公司,沈阳战区,辽吉省区,大连办,关店,专柜店,加盟,商超,8399873,173147479,,6015130804849,312181,1914860064,6881468192292653056,3002326321613672452,,1,是
C05856,泉州城东万达专卖店,江西公司,厦门战区,福建省区,闽南办,关店,专卖店,加盟,综合体,11590571,2084744713,,6014010176849,600667,,,,,1,是
C05857,珠海站青贸口岸专卖店,广东公司,广州战区,广东省区,中珠办,关店,专卖店,加盟,高势能,20287484,507329560,,6014295619849,600770,965686187,6970808501425670180,3003651138716640365,,1,是
C05858,西安韩城中环店,陕西公司,西安战区,陕西省区,陕西外阜办,关店,专卖店,加盟,街铺,7573851,502045888,,6013996764849,313702,663944865,6824282811629864973,,,1,是
C05859,上海每日优鲜杭州仓,浙江公司,杭州战区,浙江省区,杭州办,关店,渠道店,加盟,特殊渠道,,,,,,,,,,1,是
C05860,西安商洛永辉店,陕西公司,西安战区,陕西省区,陕西外阜办,关店,专卖店,加盟,商超,7466937,,,6013996356849,313707,1536886603,6873438457268570126,,,1,是
C05861,衡阳步步高供大店,江西公司,长沙战区,湖南省区,衡邵办,关店,专卖店,加盟,商超,,,,,,,,,,1,是
C05862,北京每日优鲜南京仓,浙江公司,苏州战区,江苏省区,南京办,关店,渠道店,加盟,特殊渠道,,,,,,,,,,1,是
C05865,贵阳新世界店,重庆公司,贵阳战区,云贵省区,贵阳办,关店,专卖店,加盟,商超,7573854,500968743,,6015014629849,313987,1644476849,6856749169567188992,6724909259755250303,,1,是
C05866,贵阳花果园中央商务区店,重庆公司,贵阳战区,云贵省区,贵阳办,关店,专卖店,加盟,,7726519,,,,,1186641057,,,,1,是
C05870,重庆永辉大渡口店,重庆公司,重庆战区,川渝省区,重庆办,关店,专卖店,加盟,商超,18390068,,,6015020403849,313454,195909919,6712613960236959751,3003131854263329128,,1,是
C05871,西安韩城新城区二小店,陕西公司,西安战区,陕西省区,陕西外阜办,关店,专卖店,加盟,街铺,7466928,500823895,,,313701,,,,,1,是
C05875,河南郑州长江路世纪联华店,陕西公司,郑州战区,河南省区,郑州办,关店,专卖店,加盟,商超,,,,,,,,,,1,是
C05876,西安市城东地铁站,陕西公司,西安战区,陕西省区,西安办,关店,专卖店,加盟,交通枢纽,7648357,174317520,,,317073,1177356400,,,,1,是
C05883,杭州海宁银泰永辉店,浙江公司,杭州战区,浙江省区,杭州办,关店,专卖店,加盟,商超,,,,,,,,,,1,是
C05886,西安市场安康紫阳店,陕西公司,西安战区,陕西省区,陕西外阜办,关店,专卖店,加盟,街铺,8855876,174173677,,6013998223849,313704,1875644986,6750021899654383627,,,1,是
C05887,直属青岛城阳丽达店,浙江公司,青岛战区,山东省区,直属办,关店,专卖店,直营,商超,cover_C05887_8029653,174131307,,6015069018849,316095,cover_C05887_195848981,cover_C05887_6712315938076706830,cover_C05887_6724909238801635826,,1,是
C05888,西安市场安康岚皋店,陕西公司,西安战区,陕西省区,陕西外阜办,关店,专卖店,加盟,街铺,,,,6013999312849,313705,1226789056,,,,1,是
C05890,华润莲塘店,江西公司,南昌一战区,江西二区,南昌四办,关店,专卖店,加盟,商超,7640390,,,,312712,1460226709,,,,1,是
C05891,温州永商联华专卖店,浙江公司,杭州战区,福建省区,浙南办,关店,专卖店,加盟,商超,,,,,,,,,,1,是
C05892,河南许昌胖东来,陕西公司,郑州战区,河南省区,河南外阜办,正常营业,经销,加盟,特殊渠道,8985059,2043177048,,6013997323849,316241,195918384,6744887618330249224,,,1,是
C05893,贵阳中铁国际城店,重庆公司,贵阳战区,云贵省区,贵阳办,关店,专卖店,加盟,商超,7717201,501114337,,6014907693849,313988,1836794259,,,,1,是
C05896,宁德福安永辉专卖店,江西公司,福州战区,福建省区,福州办,关店,专卖店,加盟,商超,,,,,,,,,,1,是
C05897,长沙洋湖沃尔玛店,江西公司,长沙战区,湖南省区,长沙办,关店,专卖店,加盟,商超,10840071,2073297856,,6015164492849,600369,615731086,6994447737513052164,3002803774585737735,,1,是
C05899,直属河南郑州德化新街三店,陕西公司,郑州战区,河南省区,郑州办,关店,专卖店,直营,街铺,,,,,,,,,,1,是
C05901,上饶婺源家润福商超店,江西公司,抚州战区,江西二区,景德镇办,正常营业,专卖店,加盟,商超,17805681,507965016,,6016782158849,316195,728317446,6727966032004155403,,2026031011077000000115093998|xiniu_xgc_bgc,1,是
C05902,天津天佑城店,陕西公司,北京战区,京津冀省区,天津办,关店,专卖店,加盟,商超,4572884,505541432,,6015116862849,318276,165897437,,,,1,是
C05905,丽水景宁人民中路专卖店,浙江公司,杭州战区,福建省区,浙南办,关店,专卖店,加盟,街铺,,,,,,,,,,1,是
C05907,江苏徐州金地家乐福店,浙江公司,苏州战区,江苏省区,南京办,关店,专卖店,加盟,商超,7727832,,,,317995,195893358,,,,1,是
C05908,宝安龙华牛栏前店,广东公司,深圳战区,广东省区,宝安办,正常营业,专卖店,加盟,街铺,10052945,501145506,22881688.0,6014251891849,600025,1059938047,6915517523593005071,3002750876819886157,,1,是
C05913,惠州中信水岸城店,广东公司,东莞战区,广东省区,惠汕办,关店,专柜店,加盟,街铺,,,,6014225843849,,,,,,1,是
C05915,宁波镇海吾悦广场店,浙江公司,杭州战区,浙江省区,宁波办,关店,专卖店,加盟,综合体,,,,,,,,,,1,是
C05916,杭州义乌万达物美店,浙江公司,杭州战区,浙江省区,金衢办,关店,专卖店,加盟,综合体,,,,,,,,,,1,是
C05917,西安运城新绛县学府康城店,陕西公司,西安战区,山西办,山西办,关店,专卖店,加盟,,,,,,,,,,,1,是
C05918,海口南沙路专卖店,广东公司,海口战区,海南办,海南办,关店,专卖店,加盟,街铺,,,,,,195232311,,,,1,是
C05920,江苏丹阳金鹰广场店,浙江公司,苏州战区,江苏省区,南京办,关店,专卖店,加盟,街铺,,,,,,,,,,1,是
C05922,福州三坊七巷专卖店,江西公司,福州战区,福建省区,福州办,关店,专卖店,加盟,街铺,,,,,,,,,,1,是
C05925,高新南大道地铁口店,江西公司,南昌一战区,江西一区,南昌二办,关店,专卖店,加盟,街铺,,,,,313932,1384747225,,,,1,是
C05926,泉州石狮摩天城专卖店,江西公司,厦门战区,福建省区,闽南办,关店,专卖店,加盟,街铺,18847827,511096291.0,,6014010762849,318511.0,727713588.0,,3002298974929522935,,1,是
C05927,罗湖红宝家乐福专卖店,广东公司,深圳战区,广东省区,龙岗办,关店,专卖店,加盟,商超,,,,,,,,,,1,是
C05928,安徽池州秋浦花园店,浙江公司,苏州战区,安徽办,安徽办,关店,专卖店,加盟,,,,,,,,,,,1,是
C05929,北京市场望京家乐福店,陕西公司,北京战区,京津冀省区,北京办,关店,专卖店,加盟,商超,cover_C05929_11730150,2035580213,,cover_C05929_6015118558849,313462,856911504,,,,1,是
C05932,湖北黄石富星农贸市场店,江西公司,九江战区,湖北办,湖北办,关店,专卖店,加盟,街铺,,,,,,,,,,1,是
C05933,北京市场家乐福天竺店,陕西公司,北京战区,京津冀省区,北京办,关店,专柜店,加盟,商超,8718055,2019469787,,6015118257849,313138,609694216,6857347428425713664,,,1,是
C05935,重庆永辉金源不夜城店,重庆公司,重庆战区,川渝省区,重庆办,关店,专卖店,连锁商超,综合体,,,,,,,,,,1,否
C05936,北京市场天津华润奥园店,陕西公司,北京战区,京津冀省区,天津办,关店,专卖店,加盟,商超,,,,,,,,,,1,是
C05937,北京市场华联太阳宫店,陕西公司,北京战区,京津冀省区,北京办,关店,专柜店,加盟,商超,,,,6015117069849,313463,619942056,,,,1,是
C05938,贵阳中铁逸都店,重庆公司,贵阳战区,云贵省区,贵阳办,关店,专卖店,加盟,,,,,,,,,,,1,是
C05940,哈尔滨三大动力松雷店,陕西公司,沈阳战区,辽吉省区,哈尔滨办,关店,专卖店,加盟,综合体,9387285,501415910,,6015119065849,316170,1458420294,6884770860763236364,3002318917637280913,,1,是
C05945,吉安遂川城东国光店,江西公司,赣州战区,江西一区,吉安办,关店,专卖店,加盟,商超,,,,,600518,,,,,1,是
C05946,中山横栏四沙专卖店,广东公司,广州战区,广东省区,中珠办,关店,专卖店,加盟,街铺,,,,,,,,,,1,是
C05947,佛山狮山万民百货专卖店,广东公司,广州战区,广东省区,广佛办,关店,专卖店,加盟,商超,7537013,300587145,,6014268519849,322594,195892878,,,,1,是
C05949,吉安遂川甘雨亭店,江西公司,赣州战区,江西一区,吉安办,关店,专卖店,加盟,商超,300851347,300851347,,,316069,,,,,1,是
C05950,广西北海和安商港专卖店,广东公司,南宁战区,广西省区,南宁办,关店,专柜店,加盟,街铺,,,,,,,,,,1,是
C05951,惠州龙丰店,广东公司,东莞战区,广东省区,惠汕办,关店,专卖店,加盟,,,,,,,,,,,1,是
C05952,赣州吉埠新村店,江西公司,赣州战区,江西一区,赣州办,关店,专卖店,加盟,街铺,500124032,500124032,,,600267,,,,,1,是
C05953,宜春袁山东路一百生鲜店,江西公司,宜春战区,江西二区,宜春办,正常营业,专卖店,加盟,商超,7717587,171477643,,6015135702849,323236,1754779548,6902903217877682191,,,1,是
C05955,大连普兰店万达店,陕西公司,沈阳战区,辽吉省区,大连办,关店,专柜店,加盟,综合体,26321901,300086874,15905532.0,6015119965849,316161,873029063,6968220310864660488,3004717012413551183,2026031311077000000115370289|xiniu_xgc_bgc,1,是
C05956,珠海明珠华润专卖店,广东公司,广州战区,广东省区,中珠办,关店,专卖店,加盟,商超,7819424,2001522216,,,318255,150076694,,,,1,是
C05959,龙岩万达专卖店,江西公司,厦门战区,福建省区,闽南办,关店,专卖店,加盟,综合体,7695649,300062048,,6015205891849,318512,1461811790,6732902090953295886,6724909544059012944,,1,是
C05961,直属安徽合肥国购家乐福店,浙江公司,苏州战区,安徽办,安徽办,关店,专卖店,加盟,商超,,,,,,,,,,1,是
C05969,安徽蚌埠欧尚店,浙江公司,苏州战区,安徽办,安徽办,关店,专卖店,加盟,商超,12579527,,,6013971088849,601147,,,,,1,是
C05970,重庆沙坪坝万达广场店,重庆公司,重庆战区,川渝省区,重庆办,关店,专卖店,加盟,综合体,,,,,,,,,,1,是
C05973,长沙芙蓉区火车站昌沙店,江西公司,长沙战区,湖南省区,长沙办,正常营业,专卖店,加盟,高势能,,,,6015166784849,317478,,,,,1,是
C05975,台州温岭汽车西站,浙江公司,杭州战区,福建省区,浙南办,关店,专卖店,加盟,交通枢纽,,,,,,,,,,1,是
C05976,西安阎良永辉店,陕西公司,西安战区,陕西省区,西安办,关店,专卖店,加盟,综合体,,,,,,,,,,1,是
C05978,重庆沙坪坝永辉双碑店,重庆公司,重庆战区,川渝省区,重庆办,关店,专卖店,加盟,综合体,7537008,,,,,619567774,,,,1,是
C05979,河南新郑万佳时代广场店,陕西公司,郑州战区,河南省区,豫南办,关店,专卖店,加盟,街铺,,,,,,,,,,1,是
C05981,直属福州东街口专卖店,江西公司,福州战区,福建省区,福州办,关店,专卖店,直营,街铺,,,,,,,,,,1,是
C05982,厦门思明火车站专卖店,江西公司,厦门战区,福建省区,闽南办,关店,专卖店,加盟,高势能,,,,,,,,,,1,是
C05986,营口熊岳正大广场店,陕西公司,沈阳战区,辽吉省区,大连办,关店,专卖店,加盟,综合体,,,,,,,,,,1,是
C05987,贵阳凯里合力超市店,重庆公司,贵阳战区,云贵省区,贵阳办,关店,专卖店,加盟,商超,7829303,301132572,,6014910197849,317091,1103482174,6889192061308913664,6724909332969412508,,1,是
C05988,贵阳大剧院南悦里店,重庆公司,贵阳战区,云贵省区,贵阳办,关店,专卖店,加盟,街铺,9854261,501150257,,6015016921849,600401,1573719906,7304093705953085478,3002567283291034962,,1,是
C05989,山东聊城东昌府金鼎店,浙江公司,青岛战区,山东省区,济南办,关店,专卖店,加盟,商超,8458034,2032043884,,6015068916849,316093,842886982,6744769379143026700,3002655275531343136,,1,是
C05990,海口海垦路专卖店,广东公司,海口战区,海南办,海南办,关店,专卖店,加盟,街铺,7669177,336757352,,6014908062849,315048,1384153702,6745384026086934539,,,1,是
C05991,海口阳光城旺豪专卖店,广东公司,海口战区,海南办,海南办,关店,专卖店,加盟,商超,8039074,304955767,,6014893059849,315049,528961696,,,,1,是
C05992,青岛黄岛新城吾悦广场,浙江公司,青岛战区,山东省区,青岛办,关店,专卖店,加盟,综合体,7805906,2001361205,,,316091,909828273,,,,1,是
C05993,直属西安火车站店,陕西公司,西安战区,陕西省区,西安办,关店,专卖店,直营,高势能,,,,,,,,,,1,是
C05995,广州天河棠东牌坊专卖店,广东公司,广州战区,广东省区,广佛办,关店,专柜店,加盟,街铺,7669173,163220133,,6014225946849,318265,1408933969,6768862003239880712,6724909444377065103,,1,是
C05996,湖北阳新家联购物广场店,江西公司,九江战区,湖北办,湖北办,关店,专卖店,加盟,综合体,7828785,,,,328868,1049838153,,,,1,是
C05997,上饶三清山服务区南区,江西公司,抚州战区,江西二区,上饶办,正常营业,专卖店,加盟,交通枢纽,,,,,,,,,,1,是
C05998,上饶三清山服务区北区,江西公司,抚州战区,江西二区,上饶办,正常营业,专卖店,加盟,交通枢纽,,,,,,,,,,1,是
C06000,青岛黄岛中泽国货店,浙江公司,青岛战区,山东省区,青岛办,关店,专卖店,加盟,商超,7805909,2001295744,,,314838,952011682,,,,1,是
C06002,河南郑州东明路丹尼斯店,陕西公司,郑州战区,河南省区,郑州办,关店,专卖店,加盟,商超,9315800,cover_C06002_2043166932,,6013997731849,332898,934599344,6863038755956082695,,,1,是
C06003,上饶茶亭农产品交易城,江西公司,抚州战区,江西二区,上饶办,关店,专卖店,加盟,街铺,,,,6015339139849,317901,,,,,1,是
C06005,西安高陵好又多店,陕西公司,西安战区,陕西省区,西安办,关店,专柜店,加盟,商超,9044942,,,,,,,,,1,是
C06006,直属独椒戏万达金街店,其他,南昌区域,独椒戏,独椒戏(南昌),正常营业,专卖店,直营,综合体,,,,,,,,,,1,否
C06007,广州白云东平北路专卖店,广东公司,广州战区,广东省区,广佛办,关店,专柜店,加盟,街铺,,,,,,1342472349,,,,1,是
C06008,青岛黄岛融创茂购物广场,浙江公司,青岛战区,山东省区,青岛办,正常营业,专卖店,加盟,综合体,7805907,300537822,16384008.0,6015070606849,318006,541236461,6909209080078796815,3002046433766379908,2026031311077000000115298408|xiniu_xgc_bgc,1,是
C06011,西安凤城五路人人乐店,陕西公司,西安战区,陕西省区,西安办,关店,专卖店,加盟,街铺,,,,,,,,,,1,是
C06012,三明尤溪大润发专卖店,江西公司,福州战区,福建省区,闽北办,关店,专卖店,加盟,商超,17191876,300676557,,6014015168849,318513,1204520383,6903640964280092672,6724909544086933511,,1,是
C06013,高新阳门外贸学院店,江西公司,南昌一战区,江西一区,南昌二办,正常营业,专卖店,加盟,街铺,7879952,304891615,16189137.0,6015116175849,317985,970601761,6728310097803544587,6724909377448552517,2026031011077000000115354015|xiniu_xgc_bgc,1,是
C06015,三明沙县新华都专卖店,江西公司,福州战区,福建省区,福州办,关店,专卖店,加盟,商超,7714137,,,,318514,,,,,1,是
C06016,河源紫金步行街专卖店,广东公司,东莞战区,广东省区,惠汕办,关店,专卖店,加盟,街铺,,,,,,1404537346,,,,1,是
C06017,宜春国安路店,江西公司,宜春战区,江西二区,宜春办,正常营业,专卖店,加盟,街铺,18433172,167535057,16256693.0,6015167831849,600299,1881706272,6737551506964269059,3003872393211651498,,1,是
C06018,青岛市南家乐福名达店,浙江公司,青岛战区,山东省区,青岛办,关店,专卖店,加盟,商超,7957460,2001415647,,6015070300849,316092,1053356102,,,,1,是
C06019,西安华润万家朝阳门店,陕西公司,西安战区,陕西省区,西安办,关店,专卖店,加盟,商超,7576694,500948304,,,317013,552632275,,,,1,是
C06020,河南郑州港区长安路丹尼斯店,陕西公司,郑州战区,河南省区,河南外阜办,关店,专卖店,加盟,商超,18632337,2043390619,,6013998618849,316243,1224491757,6850100614945376256,,,1,是
C06021,广州番禺钟村雄峰城店,广东公司,广州战区,广东省区,广佛办,关店,专卖店,加盟,街铺,10052954,,,6014299429849,600071,,,,,1,是
C06022,广州花都卜蜂莲花专卖店,广东公司,广州战区,广东省区,广佛办,关店,专柜店,加盟,商超,7958435,2043593204,,,,,,,,1,是
C06025,宜春礼江生活超市店,江西公司,宜春战区,江西二区,宜春办,关店,专卖店,加盟,商超,9680792,,,,,,,,,1,是
C06028,杭州余杭万达永辉店,浙江公司,杭州战区,浙江省区,杭州办,关店,专卖店,加盟,综合体,7712598,300661186,,,318002,849976975,,,,1,是
C06029,赤峰万达店,陕西公司,沈阳战区,辽吉省区,辽吉外阜办,关店,专卖店,加盟,综合体,8103869,502566582,,6015119297849,320785,1187945023,6720051121236330504,6724909487905603596,,1,是
C06030,重庆渝北沃尔玛园区店,重庆公司,重庆战区,川渝省区,重庆办,关店,专卖店,加盟,商超,7798484,336822701,,,,522835623,,,,1,是
C06031,醴陵人人乐店,江西公司,长沙战区,湖南省区,株洲办,关店,专卖店,加盟,综合体,7892875,,,,320905,1940105769,,,,1,是
C06032,宜春高士北路步步高超市店,江西公司,宜春战区,江西二区,宜春办,关店,专卖店,加盟,综合体,,,,,,,,,,1,是
C06033,北京永辉尚峰广场店,陕西公司,北京战区,京津冀省区,北京办,关店,专卖店,加盟,商超,13485437,506245964,,6015115580849,316178,,,6724909488501642250,,1,是
C06035,河源市和平县宏昌专卖店,广东公司,东莞战区,广东省区,惠汕办,关店,专卖店,加盟,综合体,8276685,300651499,,6014253128849,318260,1099211008,6937781157429774369,6724909308178071033,,1,是
C06036,山东聊城东昌府大润发店,浙江公司,青岛战区,山东省区,济南办,关店,专卖店,加盟,商超,8458032,2032115037,,6015061197849,316152,1403627816,6743791456273680396,2161848582064707834,,1,是
C06037,安徽太和大润发,浙江公司,苏州战区,安徽办,安徽办,正常营业,专卖店,加盟,街铺,15316757,1102754838,16383943.0,6015465517849,,1223582581,7099399403500210209,3002913706740749356,2025112011077000000113754351|xiniu_xgc_bgc,1,是
C06039,青岛黄岛利群长江商厦,浙江公司,青岛战区,山东省区,青岛办,关店,专卖店,加盟,商超,cover_C06039_7725691,cover_C06039_300651339,,6015071108849,316094,641680267,,,,1,是
C06040,钦州仟仟万家超市专卖店,广东公司,南宁战区,广西省区,南宁办,关店,专卖店,加盟,商超,,,,,,699794974,,,,1,是
C06041,直属北京宣化永辉店,陕西公司,北京战区,京津冀省区,北京办,关店,专卖店,直营,街铺,13485438,,,,318277,663367796,,,,1,是
C06042,济南市中山水大润发店,浙江公司,青岛战区,山东省区,济南办,关店,专卖店,加盟,商超,7923339,2001305624,,6015060197849,316151,1022040615,,6724909544107434390,,1,是
C06043,杭州东站出发层4店,浙江公司,杭州战区,浙江省区,杭州办,关店,专卖店,加盟,高势能,,,,,,,,,,1,是
C06046,鹰抚鹰潭三角线店,江西公司,抚州战区,江西一区,鹰抚办,关店,专卖店,加盟,街铺,,,,,317886,1863576311,,,,1,是
C06047,桂林正阳步行街钟楼专卖店,广东公司,南宁战区,广西省区,柳桂办,关店,专卖店,加盟,街铺,5551665,,,,,1181363020,,,,1,是
C06048,大连中央大道店（禁用）,陕西公司,沈阳战区,辽吉省区,大连办,关店,专卖店,加盟,,,,,,,,,,,1,是
C06049,龙岩武平新天广场专卖店,江西公司,厦门战区,福建省区,闽南办,关店,专卖店,加盟,街铺,cover_C06049_8567600,,,,,,,,,1,是
C06050,湖北通山广福购物广场店,江西公司,九江战区,湖北办,湖北办,关店,专卖店,加盟,商超,7828783,500797224.0,,6015320843849,317892,979699624,6810926453887076356,,,1,是
C06051,九江东至香隅店,江西公司,九江战区,江西二区,九江办,关店,专卖店,加盟,街铺,,,,6015674914849,319916,,7223578316605753384,3003730920990807386,,1,是
C06053,直属万达金街嗨鸭店,江西公司,嗨鸭项目组,江西一区,南昌一办,关店,专卖店,直营,综合体,13402509,2119665667,,,,1039311634.0,6601167011428960269,3003807947995715859,,1,是
C06055,赣州张家围店,江西公司,赣州战区,江西一区,赣州办,关店,专卖店,加盟,街铺,,,,6015166143849,316072,,6601139828379617284,3002504153527657161,,1,是
C06056,郴州友阿国际广场店,江西公司,长沙战区,湖南省区,衡邵办,关店,专卖店,加盟,综合体,7890986,,,,318623,831366515,,,,1,是
C06058,贵阳观山湖云上方舟店,重庆公司,贵阳战区,云贵省区,贵阳办,关店,专卖店,加盟,商超,7858091,501085931,,6015018320849,318248,1471891432,6995059620016293902,3002076499422253420,,1,是
C06061,温州谢池商城专卖店,浙江公司,杭州战区,福建省区,浙南办,关店,专卖店,加盟,特殊渠道,,,,,,,,,,1,是
C06062,杭州上亿广场2店,浙江公司,杭州战区,浙江省区,杭州办,关店,专卖店,加盟,综合体,7697589,300023691,,6013952861849,318001,1661173970,6852970484825393165,3003589689239809887,,1,是
C06063,韶关乳源专卖店,广东公司,广州战区,广东省区,广佛办,关店,专卖店,加盟,商超,9457721,2135936302,,6014224582849,317493,1877306758,6870412582080071695,,,1,是
C06067,河源连平万悦店,广东公司,东莞战区,广东省区,惠汕办,关店,专卖店,加盟,商超,7964710,,,6015264276849,318262,530637167,6732861767942277124,6724909544079479229,,1,是
C06068,贵阳清镇新华路店,重庆公司,贵阳战区,云贵省区,贵阳办,关店,专卖店,加盟,街铺,18406882,501171461,,6015018321849,318242,1098236255,6861965395130124291,6724909544069338792,,1,是
C06070,河南郑州人民路丹尼斯店,陕西公司,郑州战区,河南省区,郑州办,关店,专卖店,加盟,街铺,8374854,2042708123,,,,95417747,,,,1,是
C06071,西安市场延安二道街中鼓楼店,陕西公司,西安战区,陕西省区,陕西外阜办,正常营业,专卖店,加盟,街铺,7690707,2019431294,17210596.0,6013997223849,318806,641285179,6813916087634200589,,2026031311077000000115310390|xiniu_xgc_bgc,1,是
C06072,西安市场二道街万达店,陕西公司,西安战区,陕西省区,陕西外阜办,关店,专卖店,加盟,综合体,,,,,318804,1162834796,,,,1,是
C06073,直属北京健翔大厦店,陕西公司,北京战区,京津冀省区,北京办,关店,专卖店,直营,商超,cover_C06073_14244563,cover_C06073_1127560084,,cover_C06073_6015116866849,cover_C06073_316177,,cover_C06073_6951533544606795816,,,1,是
C06076,直属北京家乐福姚家园店,陕西公司,北京战区,京津冀省区,北京办,关店,专卖店,直营,商超,8834533,503346515,,6015116865849,316176,1082680205,7143799796086605835,,,1,是
C06078,直属家家乐购物广场店,江西公司,南昌一战区,江西二区,南昌三办,关店,专卖店,直营,商超,,,,6013968528849,316324,1071610049,,,,1,是
C06080,萍乡芦溪凌云南路家家乐超市店,江西公司,宜春战区,江西二区,宜春办,关店,专卖店,加盟,商超,,,,,316076,,,,,1,是
C06081,萍乡芦溪金鹰路家家乐超市店,江西公司,宜春战区,江西二区,宜春办,关店,专卖店,加盟,商超,9798875,,,6015168026849,316077,,6835549335883761664,,,1,是
C06082,海口望海国际店,广东公司,海口战区,海南办,海南办,正常营业,专卖店,加盟,街铺,9009268,500701711,16130468.0,6014908061849,320095,1859499404,6839853190968625156,,2026031911077000000115418002|xiniu_xgc_bgc,1,是
C06085,河南郑州航海路丹尼斯店,陕西公司,郑州战区,河南省区,郑州办,关店,专卖店,加盟,综合体,8063038,500658209,,6013999427849,320804,1859313231,6862679700393789455,,,1,是
C06087,海口远大购物中心店,广东公司,海口战区,海南办,海南办,关店,专卖店,加盟,商超,8825286,337622853,,6014893270849,322788,1884410540,6869977644457396232,,2026031311077000000115334263|xiniu_xgc_bgc,1,是
C06088,广州萝岗奥园广场专卖店,广东公司,广州战区,广东省区,广佛办,关店,专卖店,加盟,街铺,,,,,,1075239149,,,,1,是
C06089,九江八里湖一中,江西公司,九江战区,江西二区,九江办,关店,专卖店,加盟,街铺,8659618,312336749,,,317900,946015887,,,,1,是
C06090,贵州毕节麻园路店,重庆公司,贵阳战区,云贵省区,遵义办,关店,专卖店,加盟,街铺,7942740,501125130,,6014906398849,318251,1847003635,6905499536311977984,6724909521551728055,,1,是
C06091,宝安西乡步行街专卖店,广东公司,深圳战区,广东省区,宝安办,关店,专卖店,加盟,街铺,502798287,502798287,,6015119463849,318271,,,,,1,是
C06095,杭州办事处,浙江公司,杭州战区,浙江省区,杭州办,关店,渠道店,加盟,特殊渠道,,,,,,,,,,1,是
C06096,衡阳南岳独秀店,江西公司,长沙战区,湖南省区,衡邵办,关店,专卖店,加盟,街铺,7863610,300751025,,,318627,702241961,,,,1,是
C06099,佛山火车站专卖店,广东公司,广州战区,广东省区,广佛办,关店,专柜店,加盟,高势能,,,,,,,,,,1,否
C06100,广州从化南方学院专卖店,广东公司,广州战区,广东省区,广佛办,关店,专卖店,加盟,特殊渠道,,,,6014224695849,320872,,,,,1,是
C06101,宝安上合优城专卖店,广东公司,深圳战区,广东省区,宝安办,关店,专卖店,加盟,街铺,,,,,,694996414,,,,1,是
C06102,肇庆高铁站店,广东公司,广州战区,广东省区,广佛办,正常营业,专卖店,加盟,高势能,,,,,,,,,,1,否
C06103,西安临汾曲沃兴隆街店,陕西公司,西安战区,山西办,山西办,关店,专卖店,加盟,街铺,5668786,,,,601068,1522376690,,,,1,是
C06105,西安城市运动公园店,陕西公司,西安战区,陕西省区,西安办,关店,专卖店,加盟,,,,,,,,,,,1,是
C06106,江苏南通机场,浙江公司,苏州战区,江苏省区,苏州办,正常营业,经销,加盟,高势能,,,,6013974205849,,,,,,1,是
C06107,哈尔滨悦荟广场店,陕西公司,沈阳战区,辽吉省区,哈尔滨办,关店,专卖店,加盟,街铺,,,,,,,,,,1,是
C06108,海南文昌嘉年华专卖店,广东公司,海口战区,海南办,海南办,关店,专卖店,加盟,商超,7775534,500795455,,6014892978849,317497,1355890280,6723869681691756555,3002810369066509522,,1,是
C06110,天津人人乐店,陕西公司,北京战区,京津冀省区,天津办,关店,专卖店,加盟,,,,,,,,,,,1,是
C06111,广州天河元岗专卖店,广东公司,广州战区,广东省区,广佛办,关店,专卖店,加盟,街铺,,,,,318275,1149978148.0,,,,1,是
C06112,天津华润万家秀谷店,陕西公司,北京战区,京津冀省区,天津办,关店,专卖店,加盟,综合体,,,,,,,,,,1,是
C06113,北京永辉绿源店,陕西公司,北京战区,京津冀省区,北京办,关店,专卖店,加盟,商超,8238016,2019389667,,,316175,,,,,1,是
C06115,西安中海九号店,陕西公司,西安战区,陕西省区,西安办,关店,专卖店,加盟,街铺,8004688,,,,,,,,,1,是
C06116,衡阳庙街店,江西公司,长沙战区,湖南省区,衡邵办,关店,专卖店,加盟,街铺,,,,,,,,,,1,是
C06117,宝安塘尾地铁店,广东公司,深圳战区,广东省区,宝安办,正常营业,专卖店,加盟,交通枢纽,8073992,304955769,16130448.0,6015118830849,318269,587764347,6767981416857831432,3001893632075993218,2025111911077000000113643651|xiniu_xgc_bgc,1,是
C06119,宝安沙井新二村专卖店,广东公司,深圳战区,广东省区,宝安办,关店,专卖店,加盟,街铺,,,,,,1792055694,,,,1,是
C06121,云南艺术学院呈贡店,重庆公司,贵阳战区,云贵省区,昆明办,关店,专卖店,加盟,街铺,,,,,329763,1169586459,,,,1,是
C06123,龙岗布吉吉华路专卖店,广东公司,深圳战区,广东省区,龙岗办,关店,专卖店,加盟,街铺,7988200,500683049,,6014340663849,320110,5080283,,,,1,是
C06126,福州树汤路店,江西公司,福州战区,福建省区,福州办,正常营业,专卖店,加盟,街铺,7814540,300716291,15905430.0,6014416315849,318516,158436556,6730388308674873358,3002830756733752396,2026031011077000000115343023|xiniu_xgc_bgc,1,是
C06130,吉林财富店,陕西公司,沈阳战区,辽吉省区,长春办,关店,专卖店,加盟,综合体,,,,,,,,,,1,是
C06131,湛江万达广场专卖店,广东公司,广州战区,广东省区,中珠办,关店,专卖店,加盟,综合体,,,,,,1034668957,,,,1,是
C06132,河南濮阳恒丰广场店,陕西公司,郑州战区,河南省区,豫北办,关店,专卖店,加盟,街铺,,,,,,,,,,1,是
C06133,文昌中学教育路专卖店,广东公司,海口战区,海南办,海南办,关店,专卖店,加盟,街铺,11098893,,,6014905170849,600774,99318567,7000749877109983245,,,1,是
C06135,江苏常州名都超市店,浙江公司,苏州战区,江苏省区,苏州办,关店,专卖店,加盟,商超,,,,,,,,,,1,是
C06136,宝安龙华郭吓村专卖店,广东公司,深圳战区,广东省区,宝安办,关店,专卖店,加盟,街铺,,,,,,551232192,,,,1,是
C06137,山东聊城大学店,浙江公司,青岛战区,山东省区,济南办,关店,专卖店,加盟,特殊渠道,14000168,,,6015069012849,318529,1188872334,6743579162939852804,,,1,是
C06138,新建新城吾悦广场店,江西公司,南昌一战区,江西一区,南昌一办,暂停营业,专卖店,加盟,街铺,7894441,507676785,16638136.0,6015338546849,317990,1787795735,6899931664021981198,3002760171969385932,,1,是
C06139,广州白云横沙专卖店,广东公司,广州战区,广东省区,广佛办,关店,专卖店,加盟,街铺,,,,,,1113895469,,,,1,是
C06141,哈尔滨万象汇店,陕西公司,沈阳战区,辽吉省区,哈尔滨办,关店,专卖店,加盟,商超,8398339,1102758994,,6015119964849,320799,918494963,6861627487114332173,,,1,是
C06142,贵港高铁站专柜店,广东公司,南宁战区,广西省区,柳桂办,关店,专卖店,加盟,高势能,,,,,,,,,,1,否
C06145,平南高铁站店,广东公司,南宁战区,广西省区,柳桂办,关店,专卖店,加盟,高势能,,,,,,,,,,1,否
C06146,桂林西高铁站专柜店,广东公司,南宁战区,广西省区,柳桂办,关店,专卖店,加盟,高势能,,,,,,,,,,1,否
C06147,三亚蓝海专卖店,广东公司,海口战区,海南办,海南办,关店,专卖店,加盟,街铺,,,,,,,,,,1,是
C06151,九江学院店,江西公司,九江战区,江西二区,九江办,关店,专卖店,加盟,特殊渠道,304943513,304943513,,6015164686849,317899,,,,,1,是
C06152,安徽太白岛服务区店,浙江公司,苏州战区,安徽办,安徽办,关店,专卖店,加盟,交通枢纽,,,,,,,,,,1,否
C06153,惠州机场专卖店,广东公司,东莞战区,广东省区,惠汕办,关店,专卖店,加盟,高势能,,,,,,,,,,1,是
C06160,莆田仙游天博专卖店,江西公司,福州战区,福建省区,福州办,关店,专卖店,加盟,商超,19474810,336737561,,6014011050849,322753,957579874,6864778327861839887,,,1,是
C06161,杭州东阳横店店,浙江公司,杭州战区,浙江省区,金衢办,关店,专卖店,加盟,街铺,7963903,335712286,,,322742,984302660,,,,1,是
C06163,火车站西广场小罗食品店,江西公司,南昌一战区,江西二区,南昌三办,关店,专卖店,加盟,高势能,,,,,,,,,,1,是
C06166,陕西咸阳沣西吾悦华润万家店,陕西公司,西安战区,陕西省区,陕西外阜办,关店,专卖店,加盟,商超,13151419,2099351610,16384009.0,6013998533849,600966,,7027338758315837447,,,1,是
C06172,青岛市北台东利群万达,浙江公司,青岛战区,山东省区,青岛办,关店,专卖店,加盟,综合体,,,,,,,,,,1,是
C06175,延安永辉吾悦广场店,陕西公司,西安战区,陕西省区,陕西外阜办,关店,专卖店,加盟,商超,8172899,2001409491,,6013997317849,320771,914126992,6862349765678581773,,,1,是
C06178,直属哈尔滨哈尔信学府路店,陕西公司,沈阳战区,辽吉省区,哈尔滨办,正常营业,专卖店,直营,商超,8398338,502014088,15968183.0,6015120058849,320788,1514639964,6862168223039670275,6724909544109499834,,1,是
C06179,广州人和地铁C专卖店,广东公司,广州战区,广东省区,广佛办,关店,渠道店,加盟,街铺,18291396,501141464,,6014225849849,320119,1784073184,7028106905964775437,,,1,是
C06180,福州西园专卖店,江西公司,福州战区,福建省区,福州办,关店,专卖店,加盟,街铺,,,,,,,,,,1,是
C06181,梅州丰顺鹏泰专卖店,广东公司,东莞战区,广东省区,惠汕办,关店,专卖店,加盟,商超,14634571,1174767179,,6015250127849,320112,1283005488,6812997209039095819,3003643307092615263,,1,是
C06182,广州番禺荔园新天地专卖店,广东公司,广州战区,广东省区,广佛办,关店,专卖店,加盟,街铺,,,,,,,,,,1,是
C06183,福州汇达永辉专卖店,江西公司,福州战区,福建省区,福州办,关店,专卖店,加盟,商超,7822031,300676345,,6014011466849,322763,165285219.0,,,,1,是
C06187,哈尔滨哈尔信阳光农园超市店,陕西公司,沈阳战区,辽吉省区,哈尔滨办,关店,专卖店,加盟,商超,7807599,500803507,,6015115783849,318289,1130268327,6820348287069997069,,,1,是
C06188,东莞金域松湖专卖店,广东公司,东莞战区,广东省区,东莞办,关店,专卖店,加盟,街铺,7884518,336757346,,6014147725849,320111,50686132,6729820853837531148,6724909544120491854,,1,是
C06189,安徽阜阳颖泉万达店,浙江公司,苏州战区,安徽办,安徽办,关店,专卖店,加盟,综合体,8383647,500655874,,6013970754849,320688,536086730,,,,1,是
C06191,葫芦岛北站店,陕西公司,沈阳战区,辽吉省区,辽吉外阜办,关店,专卖店,加盟,高势能,,,,,,,,,,1,是
C06192,茂名东汇城专卖店,广东公司,广州战区,广东省区,中珠办,关店,专卖店,加盟,街铺,,,,,,,,,,1,是
C06195,温州学院中路专卖店,浙江公司,杭州战区,福建省区,浙南办,关店,专卖店,加盟,街铺,,,,,,,,,,1,是
C06197,西安中贸广场永辉店,陕西公司,西安战区,陕西省区,西安办,关店,专卖店,加盟,商超,,,,,,,,,,1,是
C06198,丽水龙泉剑川大道专卖店,浙江公司,杭州战区,福建省区,浙南办,关店,专卖店,加盟,街铺,,,,,,,,,,1,是
C06199,丽水龙泉万家惠专卖店,浙江公司,杭州战区,福建省区,浙南办,关店,专卖店,加盟,街铺,,,,,,,,,,1,是
C06201,直属广州天河中心专卖店,广东公司,广州战区,广东省区,广佛办,关店,专卖店,直营,街铺,,,,,,,,,,1,是
C06203,百色田东中心广场专卖店,广东公司,南宁战区,广西省区,南宁办,关店,专卖店,加盟,街铺,7764656,500707690,,6014893026849,324628,,,,,1,是
C06206,三亚盛万佳专卖店,广东公司,海口战区,海南办,海南办,关店,专卖店,加盟,商超,7960816,304955768,,6014907972849,320087,1730813546,6807247510264956939,,,1,是
C06207,广东兴盛优选,广东公司,广州战区,广东省区,广佛办,关店,渠道店,加盟,特殊渠道,,,,,,,,,,1,是
C06208,三亚风情街专卖店,广东公司,海口战区,海南办,海南办,关店,专卖店,加盟,街铺,7960817,304905693,,,320088,773352428,,,,1,是
C06209,三亚机场一店,广东公司,海口战区,海南办,海南办,关店,专卖店,加盟,高势能,,,,,,,,,,1,是
C06210,三亚机场二店,广东公司,海口战区,海南办,海南办,关店,专卖店,加盟,高势能,,,,,,,,,,1,否
C06211,济南历下天联购物广场,浙江公司,青岛战区,山东省区,济南办,关店,专卖店,加盟,综合体,,,,,,,,,,1,是
C06213,长沙榔梨丰崇超市店,江西公司,长沙战区,湖南省区,长沙办,关店,专卖店,加盟,商超,,,,,,,,,,1,是
C06214,台州三门时代联华专卖店,浙江公司,杭州战区,福建省区,浙南办,关店,专卖店,加盟,街铺,,,,,,,,,,1,是
C06215,安徽枞阳新世界店,浙江公司,苏州战区,安徽办,安徽办,关店,专卖店,加盟,,,,,,,,,,,1,是
C06217,南京溧水华润苏果店,浙江公司,苏州战区,江苏省区,南京办,关店,专卖店,加盟,商超,,,,,,,,,,1,是
C06218,景德镇圆丰超市店,江西公司,九江战区,江西二区,景德镇办,关店,专卖店,加盟,商超,,,,,,,,,,1,是
C06219,贵阳花溪贵筑路店,重庆公司,贵阳战区,云贵省区,贵阳办,关店,专卖店,加盟,街铺,,,,,,,,,,1,是
C06220,贵阳金阳德福中心店,重庆公司,贵阳战区,云贵省区,贵阳办,关店,专卖店,加盟,街铺,7942742,1155456093,,6015017423849,318249,1679169610,6868036110170310656,6724909544073197778,,1,是
C06222,聊城东昌府亿沣生活广场店,浙江公司,青岛战区,山东省区,济南办,关店,专卖店,加盟,商超,8458031,2032043879,,6015059388849,318528,1963511113,6744588395617519630,6724909544111798585,,1,是
C06223,乌兰浩特万达店,陕西公司,北京战区,京津冀省区,北京办,关店,专卖店,加盟,综合体,8532917,,,,318281,,6873438669248743431,,,1,是
C06225,南宁江宇世纪沃尔玛专卖店,广东公司,南宁战区,广西省区,南宁办,关店,专卖店,加盟,综合体,,,,,,,,,,1,是
C06226,奉新冯川三小店,江西公司,南昌二战区,江西二区,宜春办,正常营业,专卖店,加盟,街铺,,,,6015167410849,,1243636128,7254868037378803749,,2026030511077000000115224761|xiniu_xgc_bgc,1,是
C06227,株洲中心广场王府井店,江西公司,长沙战区,湖南省区,株洲办,关店,专卖店,加盟,街铺,,,,,,,,,,1,是
C06228,璜垦新力钰珑湾,江西公司,南昌一战区,江西一区,南昌一办,正常营业,专卖店,加盟,街铺,19152056,312218838,16189122.0,6015116844849,317989,1341857753,6999826706370398239,6724909426008941519,,1,是
C06229,贵阳瑞金南路店,重庆公司,贵阳战区,云贵省区,贵阳办,关店,专卖店,加盟,街铺,7798483,501156714,,,,967221186,,,,1,是
C06230,河源龙川水贝专卖店,广东公司,东莞战区,广东省区,惠汕办,关店,专卖店,加盟,街铺,,,,,,,,,,1,是
C06231,河南鹤壁裕隆中心店,陕西公司,郑州战区,河南省区,河南外阜办,关店,专卖店,加盟,综合体,8265547,2042718034,,6013996258849,322733,1486905539,6863095902358308878,,,1,是
C06232,汕尾信利广场专卖店,广东公司,东莞战区,广东省区,惠汕办,关店,专卖店,加盟,商超,8073995,304985806,,,320875,164885127,,,,1,是
C06233,温州乐清正泰园区专卖店,浙江公司,杭州战区,福建省区,浙南办,关店,专卖店,加盟,街铺,,,,,,,,,,1,是
C06234,营销团购(员工),江西公司,南昌一战区,江西一区,南昌二办,关店,渠道店,直营,特殊渠道,,,,,,,,,,1,是
C06235,九江彭泽海正明湖联盛店,江西公司,九江战区,江西二区,九江办,关店,专卖店,加盟,街铺,,,,6015167210849,319855,,,,,1,是
C06236,北京南站3店,陕西公司,北京战区,京津冀省区,北京办,关店,专柜店,加盟,高势能,,,,,,,,,,1,是
C06238,山西长治美市多超市店,陕西公司,西安战区,山西办,山西办,关店,专卖店,加盟,商超,8172900,2083985675,,6015300348849,319617,1397497500,,,,1,是
C06239,山西长治博源超市店,陕西公司,西安战区,山西办,山西办,关店,专卖店,加盟,商超,8172668,505961314.0,,6015300458849,319614,,6862491629824083968,,,1,是
C06240,九江鄱阳湖服务区南店,江西公司,九江战区,江西二区,九江办,关店,专卖店,加盟,交通枢纽,,,,,,,,,,1,是
C06241,九江鄱阳湖服务区北店,江西公司,九江战区,江西二区,九江办,关店,专卖店,加盟,交通枢纽,,,,,,,,,,1,是
C06242,三明大润发专卖店,江西公司,福州战区,福建省区,闽北办,关店,专卖店,加盟,商超,9279228,337672394,,6014010261849,322765,168874982,,,,1,是
C06245,文昌百佳汇专卖店,广东公司,海口战区,海南办,海南办,关店,专卖店,加盟,街铺,,,,,,1599411039,,,,1,是
C06246,岳阳友阿国际广场店,江西公司,长沙战区,湖南省区,长沙办,关店,专卖店,加盟,商超,,,,,,,,,,1,是
C06249,直属哈尔滨大润发通乡店,陕西公司,沈阳战区,辽吉省区,哈尔滨办,关店,专卖店,直营,商超,,,,,,,,,,1,是
C06250,济南章丘大润发店（禁用）,浙江公司,青岛战区,山东省区,济南办,关店,专卖店,加盟,商超,cover_C06250_12788608,502940138,,,cover_C06250_600989,cover_C06250_1503120313,,,,1,是
C06252,湖北麻城沃尔玛店,江西公司,九江战区,湖北办,湖北办,关店,专卖店,加盟,商超,8872720,,,,319859,1494117228,,,,1,是
C06253,江苏常州华润万家巢湖店,浙江公司,苏州战区,江苏省区,苏州办,关店,专卖店,加盟,综合体,,,,,,,,,,1,是
C06255,墨山梅村店,江西公司,南昌二战区,江西二区,南昌四办,关店,专卖店,加盟,街铺,,,,,,,,,,1,是
C06256,安顺平坝中山中路店,重庆公司,贵阳战区,云贵省区,遵义办,关店,专卖店,加盟,街铺,8043522,305249175,,6015014625849,320907,1004231062,6849307424013223943,3002695881137007897,,1,是
C06257,广州萝岗香雪地铁专卖店,广东公司,广州战区,广东省区,广佛办,关店,专卖店,加盟,街铺,8212913,300752880.0,,6014314812849,320123,1501858777,6730432892717041677,2161722482272805566,,1,是
C06258,海口和信广场店,广东公司,海口战区,海南办,海南办,正常营业,专卖店,加盟,综合体,25863313,522338758,15905445.0,6014903173849,320096,903906096,6815407026177378312,,,1,是
C06259,宝安沙井共和店,广东公司,深圳战区,广东省区,宝安办,正常营业,专卖店,加盟,街铺,8563969,2074628171,14594565.0,6014151782849,319569,1072559495,6977189480637663268,2161875996305457769,2026031911077000000115284971|xiniu_xgc_bgc,1,是
C06261,惠州机场店,广东公司,东莞战区,广东省区,惠汕办,关店,专柜店,加盟,高势能,,,,,,,,,,1,否
C06262,直属厦门思北专卖店,江西公司,厦门战区,福建省区,直营组,关店,专卖店,直营,街铺,8166803,501093819,,6013965350849,318518,164096153,,,,1,是
C06263,直属杭州新风路店,浙江公司,杭州战区,浙江省区,杭州办,关店,专卖店,加盟,街铺,7840904,2035622356,,,318005,1600738246,,,,1,是
C06265,牡丹江大润发西安店,陕西公司,沈阳战区,辽吉省区,哈尔滨办,关店,专卖店,加盟,商超,8398343,322335510,,6015118475849,322695,1354784560,6900300546817656839,,,1,是
C06266,西安永辉西咸吾悦广场店,陕西公司,西安战区,陕西省区,西安办,关店,专卖店,加盟,商超,26825310,2001401260,,6013996638849,320774,1324762695,7069681794538276864,,,1,是
C06267,韶关翁源惠民专卖店,广东公司,广州战区,广东省区,广佛办,关店,专卖店,加盟,商超,7884511,,,6014251826849,319570,575615717,,,,1,是
C06268,湖北阳新三溪店,江西公司,九江战区,湖北办,湖北办,关店,专卖店,加盟,,8871918,,,,319860,1888188430,,,,1,是
C06269,佛山南舜嘉荣专卖店,广东公司,广州战区,广东省区,广佛办,关店,专卖店,加盟,街铺,,,,,,,,,,1,是
C06271,井冈山机场店（吉安市宏诺商贸有限公司）,江西公司,赣州战区,江西一区,吉安办,正常营业,专卖店,加盟,高势能,,,,6015167632849,,,,,,1,是
C06272,合肥四里河永辉店,浙江公司,苏州战区,安徽办,安徽办,关店,专卖店,加盟,商超,8080634,2001765693,,6013973404849,317994,837672533,,,,1,是
C06273,合肥万象汇永辉店,浙江公司,苏州战区,安徽办,安徽办,关店,专卖店,加盟,商超,,,,,,,,,,1,是
C06275,温州平阳水头专卖店,浙江公司,杭州战区,福建省区,浙南办,关店,专卖店,加盟,街铺,7854093,336628400,,,320865,1697708725,,,,1,是
C06277,韶关始兴发到家专卖店,广东公司,广州战区,广东省区,广佛办,关店,专卖店,加盟,商超,12955371,304831888,,6014225331849,320886,1590826140,6900304389240522752,3002767973060284847,,1,是
C06278,宁德柘荣华宁超市专卖店,江西公司,福州战区,福建省区,闽北办,关店,专卖店,加盟,商超,8645741,336759208,,,322793,1728976127,,,,1,是
C06281,直属独椒戏梦时代店,其他,南昌区域,独椒戏,独椒戏(南昌),正常营业,专卖店,直营,综合体,,,,,,,,,,1,否
C06282,天津武清万达人人乐店,陕西公司,北京战区,京津冀省区,天津办,关店,专卖店,加盟,综合体,11604300,2091192532,,6015118667849,318284,942817638,7023666284952815624,3002318833900163142,,1,是
C06285,烟台芝罘万达店,浙江公司,青岛战区,山东省区,青岛办,关店,专卖店,加盟,综合体,8082038,2001375539,,6015069129849,318532,2001375539,6761658992700704772,3002883083010944448,,1,是
C06286,宝安福永新围专卖店,广东公司,深圳战区,广东省区,宝安办,关店,专卖店,加盟,街铺,17961094,1157832193,,6015113763849,320097,1943904974,7150617908837386255,3002851320421291337,,1,是
C06288,唐山唐百友谊超市店,陕西公司,北京战区,京津冀省区,天津办,关店,专卖店,加盟,商超,10261850,300642005,,6016774537849,318283,1565295175,6881842639658878987,3002306670082658992,,1,是
C06289,直属桂林中心广场直营店,广东公司,南宁战区,广西省区,柳桂办,关店,专卖店,直营,街铺,,,,,318648,,,,,1,是
C06291,河源紫金广场路专卖店,广东公司,东莞战区,广东省区,惠汕办,关店,专卖店,加盟,街铺,8030419,500958049,,6014224754849,320117,617775122,6841384011344939023,,,1,是
C06292,九江南山公园店,江西公司,九江战区,江西二区,九江办,关店,专卖店,加盟,街铺,9798876,,,,319856,,,,,1,是
C06293,大连甘井子华联店,陕西公司,沈阳战区,辽吉省区,大连办,关店,专柜店,加盟,商超,8591189,335780124,,,320800,619377923,,,,1,是
C06294,江苏常州站候车厅店,浙江公司,苏州战区,江苏省区,苏州办,关店,专卖店,加盟,高势能,,,,6013969680849,,,,,,1,是
C06300,宜春朝阳广场亿东家超市店,江西公司,宜春战区,江西二区,宜春办,关店,专卖店,加盟,商超,8996818,,,6015164344849,319858,1100027292,6748616905529001992,3003076645718303654,,1,是
C06305,河南中牟商都路丹尼斯店,陕西公司,郑州战区,河南省区,河南外阜办,关店,专卖店,加盟,商超,8700988,2042708138,,6013997641849,332897,1598591905,7025821805789055007,,,1,是
C06306,赣州谭东店,江西公司,赣州战区,江西一区,赣州办,关店,专卖店,加盟,街铺,,,,6015130209849,322484,,6745751943328663564,,,1,是
C06307,河源连平财富广场专卖店,广东公司,东莞战区,广东省区,惠汕办,关店,专卖店,加盟,街铺,8358960,501365879,,6014315402849,600704,1433140763,6837365792351324164,2161948500685038914,,1,是
C06308,长沙香江百货精彩生活店,江西公司,长沙战区,湖南省区,长沙办,关店,专卖店,加盟,商超,,,,,,,,,,1,是
C06309,三亚解放路步行街店,广东公司,海口战区,海南办,海南办,关店,专卖店,加盟,街铺,8039210,304885813,,,320086,528710598,,,,1,是
C06310,宝安区公明马田专卖店,广东公司,深圳战区,广东省区,宝安办,关店,专卖店,加盟,街铺,8185317,300663333,,6014161354849,320104,1239528327,6764669548663670797,6724909543919762916,,1,是
C06312,厦门同安潘涂专卖店,江西公司,厦门战区,福建省区,闽南办,关店,专卖店,加盟,街铺,,,,6014011273849,322770,711597038.0,cover_C06312_6739831109661526023,,,1,是
C06313,江苏徐州苹果汇邻湾店,浙江公司,苏州战区,江苏省区,南京办,关店,专卖店,加盟,综合体,8121711,,,,317998,1692615775,,,,1,是
C06315,鄱阳新天地店,江西公司,九江战区,江西二区,景德镇办,关店,专卖店,加盟,街铺,,,,,319872,,,,,1,是
C06316,广州番禺南村专卖店,广东公司,广州战区,广东省区,广佛办,关店,专卖店,加盟,街铺,8278602,501633773,,6014295616849,320105,6175197,6758046880179193870,,,1,是
C06317,万宁广百汇专卖店,广东公司,海口战区,海南办,海南办,关店,专卖店,加盟,商超,8056320,,,,,,,,,1,是
C06318,陕西省安康市石泉县城关镇店,陕西公司,西安战区,陕西省区,陕西外阜办,关店,专卖店,加盟,街铺,7802907,502152789,,6013999313849,600965,872349312,,,,1,是
C06319,杭州义乌篁园店,浙江公司,杭州战区,浙江省区,金衢办,关店,专柜店,加盟,,,,,,,,,,,1,是
C06321,红谷滩铜锣湾店,江西公司,南昌一战区,江西一区,南昌一办,关店,专卖店,加盟,综合体,14481871,503419237.0,,6015131814849,317991.0,1338802881.0,6986471963162052616,3002804947866592224,,1,是
C06322,南京马鞍山万达永辉店,浙江公司,苏州战区,江苏省区,南京办,关店,专卖店,加盟,综合体,,,,,,,,,,1,是
C06323,淄博临淄泰东广场联华店,浙江公司,青岛战区,山东省区,济南办,关店,专卖店,加盟,商超,9521953,500811851,,6015061796849,320412,1632069877,,3001769485910938609,,1,是
C06325,毕节盘古中心众力佳诚店,重庆公司,贵阳战区,云贵省区,遵义办,关店,专卖店,加盟,商超,17023291,2044373341,,6014905291849,320165,1149584257,6888125080627415040,3003074277253714624,,1,是
C06326,南昌火车站红土情店,江西公司,南昌一战区,江西二区,南昌三办,关店,专卖店,加盟,高势能,,,,,,,,,,1,是
C06327,直属沈阳太原街地铁口,陕西公司,沈阳战区,辽吉省区,辽吉直营办,关店,专卖店,直营,交通枢纽,,,,,,,,,,1,是
C06328,聊城东昌府万达店,浙江公司,青岛战区,山东省区,济南办,关店,专卖店,加盟,综合体,8458030,2032056687,,6015061278849,318530,1238299610,6835633212048443400,6724909544094881624,,1,是
C06329,东莞虎门金洲沃尔玛专卖店,广东公司,东莞战区,广东省区,东莞办,关店,专卖店,加盟,商超,,,,,,,6846528798838605824,,,1,是
C06330,东莞清溪步行街专卖店,广东公司,东莞战区,广东省区,东莞办,关店,专卖店,加盟,街铺,8235017,2042666519,,6014147831849,320118,1543680292,6601190190968997896,3002804087440450575,,1,是
C06332,赣州机场三店,江西公司,赣州战区,江西一区,赣州办,正常营业,专卖店,加盟,高势能,,,,,,,,,,1,是
C06337,吉安永丰南洋购物广场店,江西公司,宜春战区,江西一区,吉安办,关店,专卖店,加盟,商超,,,,6015147916849,600519,1839719650,7159177866603825159,3002977902536663697,,1,是
C06338,中骏蓝湾店,江西公司,南昌一战区,江西一区,南昌二办,正常营业,专卖店,加盟,街铺,,,,6015130805849,320868,799991595,,,,1,是
C06340,中山张家边壹加壹专卖店,广东公司,广州战区,广东省区,中珠办,关店,专卖店,加盟,街铺,8185322,2043851466,,6014226041849,329126,52748121,6601177921312786439,,,1,是
C06342,赣州安远财富广场店,江西公司,赣州战区,江西一区,赣州办,正常营业,专卖店,加盟,街铺,26772372,304901119,16189111.0,6015118782849,322485,1907476979,6741303677245523971,,2026031011077000000115338023|xiniu_xgc_bgc,1,是
C06343,西安大唐芙蓉园地铁站店,陕西公司,西安战区,陕西省区,西安办,关店,专卖店,加盟,交通枢纽,,,,,,,,,,1,是
C06346,宝安观澜领域广场店,广东公司,深圳战区,广东省区,宝安办,关店,专卖店,加盟,综合体,8411970,336235990,,6014315656849,325040,978222484,6995039732073760775,3002291137312134223,2026031911077000000115264971|xiniu_xgc_bgc,1,是
C06351,涿州家乐福范阳路店,陕西公司,北京战区,京津冀省区,北京办,关店,专卖店,加盟,商超,9463280,,,6015118677849,318286,,,,,1,是
C06352,惠州惠阳新世界店,广东公司,东莞战区,广东省区,惠汕办,关店,专卖店,加盟,街铺,8185320,335784708,15905422.0,6014315102849,320877,626382801,6760672152757749773,6724909400559362106,2026031911077000000115302910|xiniu_xgc_bgc,1,是
C06353,珠海明珠北路店,广东公司,广州战区,广东省区,中珠办,正常营业,专卖店,加盟,高势能,7964709,2001220555,,6014315106849,320101,1405559913,6746795889362241544,6724909514661162383,,1,是
C06355,温州龙湾万达永辉专卖店,浙江公司,杭州战区,福建省区,浙南办,关店,专卖店,加盟,综合体,,,,,,,,,,1,是
C06356,贵阳小河转盘店,重庆公司,贵阳战区,云贵省区,贵阳办,关店,专卖店,加盟,街铺,8006239,cover_C06356_301122650,,,,,,,,1,是
C06357,聊城东昌府亿沣建设路店,浙江公司,青岛战区,山东省区,济南办,关店,专卖店,加盟,商超,8458029,2032095380,,6015057383849,320409,1753993217,6891539687656130575,2161847686208056624,,1,是
C06358,湛江西站专卖店,广东公司,广州战区,广东省区,中珠办,关店,专卖店,加盟,高势能,,,,,,,,,,1,是
C06359,西安汉中望江麦德龙店,陕西公司,西安战区,陕西省区,陕西外阜办,关店,专卖店,加盟,街铺,7948440,2000936437,,,319613,623938390,,,,1,是
C06361,长沙富兴卜蜂莲花店,江西公司,长沙战区,湖南省区,长沙办,关店,专卖店,加盟,综合体,8145260,335724844,,,320899,1917832241,,,,1,是
C06362,泉州晋江上悦城专卖店,江西公司,厦门战区,福建省区,闽南办,关店,专柜店,加盟,综合体,8083515,501110242,,,322767,,,,,1,是
C06363,河南鹤壁爱之城店,陕西公司,郑州战区,河南省区,河南外阜办,关店,专卖店,加盟,综合体,8427760,2042668408,16383989.0,6013998227849,328860,1997132686,6784471301932320782,,,1,是
C06365,衡阳常宁东升百货店,江西公司,长沙战区,湖南省区,衡邵办,关店,专卖店,加盟,商超,,,,,,,,,,1,是
C06366,三亚胜利旺豪店,广东公司,海口战区,海南办,海南办,关店,专卖店,加盟,商超,7980019,304915837,16130461.0,6014894567849,320090,719780112,6861495551494572039,,2026031911077000000115319890|xiniu_xgc_bgc,1,是
C06367,九江联盛超市,江西公司,九江战区,江西二区,九江办,关店,渠道店,加盟,特殊渠道,,,,,,,,,,1,是
C06368,华南壹佰米科技（叮咚买菜）,广东公司,深圳战区,广东省区,龙岗办,正常营业,经销,加盟,特殊渠道,,,,,,,,,,1,否
C06369,江苏兴化安达汽车站店,浙江公司,苏州战区,江苏省区,南京办,关店,专卖店,加盟,交通枢纽,,,,,,,,,,1,是
C06370,丽水庆元石龙新街专卖店,浙江公司,杭州战区,福建省区,浙南办,关店,专卖店,加盟,街铺,8191611,,,,,,,,,1,是
C06372,西安高新四路店,陕西公司,西安战区,陕西省区,西安办,关店,专卖店,加盟,街铺,,,,,,,,,,1,是
C06375,茂名化州步行街专卖店,广东公司,广州战区,广东省区,中珠办,关店,专卖店,加盟,街铺,7966721,500804432,,6014314814849,320891,601837885,,,,1,是
C06377,广州南洲沃尔玛专卖店,广东公司,广州战区,广东省区,广佛办,关店,专卖店,加盟,综合体,,,,,,662550763,,,,1,是
C06378,直属杭州武林路店,浙江公司,杭州战区,浙江省区,杭州办,关店,专卖店,直营,街铺,8131389,300550466,,,318865,757043287,,,,1,是
C06379,九江国棉一厂店,江西公司,九江战区,江西二区,九江办,关店,专卖店,加盟,商超,8659624,,,,319857,1757451113.0,,,,1,是
C06381,河南封丘服务区店,陕西公司,郑州战区,河南省区,河南外阜办,关店,专卖店,加盟,交通枢纽,,,,,,,,,,1,是
C06382,广西钦州西服务区专卖店,广东公司,南宁战区,广西省区,南宁办,关店,专卖店,加盟,交通枢纽,,,,,,,,,,1,是
C06383,遵义会址步行街店,重庆公司,贵阳战区,云贵省区,遵义办,关店,专卖店,加盟,街铺,,,,,,,,,,1,是
C06385,直属大连金州柏都荟店,陕西公司,沈阳战区,辽吉省区,大连办,正常营业,专卖店,直营,综合体,8745153,500958868,15967935.0,cover_C06385_6015116687849,,852330666,6881198841425692675,3002302076576507300,,1,是
C06386,江苏徐州美的广场店,浙江公司,苏州战区,江苏省区,南京办,关店,专卖店,加盟,综合体,8249946,300624375,,6013968683849,319487,1461665110,,,,1,是
C06387,岳阳东茅岭路天虹百货店,江西公司,长沙战区,湖南省区,长沙办,关店,专卖店,加盟,综合体,8989288,336217971,,,,,,,,1,是
C06388,河源尖基沃尔玛专卖店,广东公司,东莞战区,广东省区,惠汕办,关店,专卖店,加盟,商超,8238146,2032770024,16914055.0,6014226249849,320125,1891318275,6859953450126510095,6724909366575900217,,1,是
C06389,惠州港惠沃尔玛专卖店,广东公司,东莞战区,广东省区,惠汕办,关店,专卖店,加盟,商超,8035629,2043575916,,,,,,,,1,是
C06390,杭州塘栖店,浙江公司,杭州战区,浙江省区,杭州办,关店,专卖店,加盟,街铺,8012920,301143276,,6013952952849,320782,1190861157,6750246091645667335,6724909486954435559,,1,是
C06392,聊城东昌府绿城乐华城,浙江公司,青岛战区,山东省区,济南办,关店,专卖店,加盟,,,,,,,,,,,1,是
C06393,宁波余姚服务区店,浙江公司,杭州战区,浙江省区,宁波办,关店,专卖店,加盟,交通枢纽,,,,,,,,,,1,否
C06395,青岛黄岛鲁疆购物广场店,浙江公司,青岛战区,山东省区,青岛办,关店,专卖店,加盟,商超,8152233,,,,320057,825650493,,,,1,是
C06396,琼海博鳌店,广东公司,海口战区,海南办,海南办,正常营业,专卖店,加盟,街铺,8113862,304955773,15905457.0,6014893362849,320093,1969368242,6974755552479938600,,2025112011077000000113702900|xiniu_xgc_bgc,1,是
C06397,衡阳卜蜂莲花购物中心店,江西公司,长沙战区,湖南省区,衡邵办,关店,专卖店,加盟,综合体,,,,,,,,,,1,是
C06398,直属青山湖区梦时代广场嗨鸭店,江西公司,南昌一战区,江西一区,南昌二办,关店,专卖店,直营,街铺,,,,,,,,,,1,是
C06399,鄱阳实验中学店,江西公司,九江战区,江西二区,景德镇办,正常营业,专卖店,加盟,街铺,,,,6015166112849,319915,1780895593,6758438839745873928,3002271106233738195,2025111911077000000113755147|xiniu_xgc_bgc,1,是
C06400,直属青岛火车站店,浙江公司,青岛战区,山东省区,直属办,关店,专卖店,直营,高势能,,,,,,,,,,1,是
C06401,海口解放西步行街专卖店,广东公司,海口战区,海南办,海南办,关店,专卖店,加盟,街铺,7910513,500805276,,6014901163849,320094,1679854785,,,,1,是
C06402,邵阳金百汇商业街店,江西公司,长沙战区,湖南省区,衡邵办,关店,专卖店,加盟,街铺,,,,,,,,,,1,是
C06403,邵阳友阿国际广场店,江西公司,长沙战区,湖南省区,衡邵办,正常营业,专卖店,加盟,综合体,8358043,304831897,16256710.0,6015115190849,320862,568303921,6860029730201110543,3003714240906928958,2026031011077000000115349020|xiniu_xgc_bgc,1,是
C06405,南山西丽旺棠专卖店,广东公司,深圳战区,广东省区,宝安办,关店,专卖店,加盟,街铺,9457861,305424255,,6014334240849,322606,,6892013741567641608,,,1,是
C06407,湘潭湘乡正大街店,江西公司,长沙战区,湖南省区,株洲办,关店,专卖店,加盟,街铺,,,,,,,,,,1,是
C06411,湘潭湘乡家多旺店,江西公司,长沙战区,湖南省区,长沙办,关店,专卖店,加盟,,304788631,304788631,,,,,,,,1,是
C06412,直属济南机场一店,浙江公司,青岛战区,山东省区,直属办,关店,专卖店,直营,高势能,,,,,,,,,,1,是
C06413,安顺西秀区体育路店,重庆公司,贵阳战区,云贵省区,遵义办,关店,专卖店,加盟,街铺,8099494,337692205,,6014971522849,320170,1780421309,6744542877059221512,6724909432137419173,,1,是
C06415,天津沃尔玛新开路店,陕西公司,北京战区,京津冀省区,天津办,关店,专卖店,加盟,综合体,,,,,,,,,,1,是
C06416,直属上海松江新理想广场店,浙江公司,上海战区,上海省区,上海一办,关店,专卖店,直营,商超,8355013,336611159,,6013773669849,320781,1005883315,,,,1,是
C06417,河南濮阳凯旋城店,陕西公司,郑州战区,河南省区,豫北办,关店,专卖店,加盟,商超,9673529,2043573495,,,332415,1548504023,,,,1,是
C06418,衡阳祁东汇吃美食街店,江西公司,长沙战区,湖南省区,衡邵办,关店,专卖店,加盟,街铺,,,,,,,,,,1,是
C06419,进贤世纪华联店,江西公司,南昌二战区,江西二区,南昌四办,正常营业,专卖店,加盟,商超,,,,6015167819849,319920,1278152493,6862463086914226184,6724909465872353348,,1,是
C06421,莲塘一中店,江西公司,南昌一战区,江西二区,南昌四办,关店,专卖店,加盟,,,,,,,,,,,1,是
C06422,温莎城堡店,江西公司,南昌一战区,江西一区,南昌二办,正常营业,专卖店,加盟,街铺,,,,6015119073849,320869,1961001923,,,,1,是
C06423,高新中兴和园店,江西公司,南昌一战区,江西一区,南昌二办,正常营业,专卖店,加盟,街铺,14016570,2001264255,14331986.0,6015118487849,320867,964929961,6752411641985484811,6724909544120054495,2026031011077000000115088972|xiniu_xgc_bgc,1,是
C06425,株洲天元区庐山株百店,江西公司,长沙战区,湖南省区,株洲办,关店,专卖店,加盟,街铺,,,,,,,,,,1,是
C06426,安徽望江县步行街店,浙江公司,苏州战区,安徽办,安徽办,关店,专卖店,加盟,街铺,8188023,,,,,,,,,1,是
C06427,东莞翔龙天地广场店,广东公司,东莞战区,广东省区,东莞办,正常营业,专卖店,加盟,商超,8348101,322277716,15385936.0,6014132579849,322614,569194424,7003932206993246216,6724909503554444371,2026031911077000000115281933|xiniu_xgc_bgc,1,是
C06428,烟台大悦城店,浙江公司,青岛战区,山东省区,青岛办,关店,专卖店,加盟,商超,8275004,2019402773,16130811.0,6015070203849,320055,1157070956,6811398154810902543,6724909544072427905,,1,是
C06429,怀化市委广场店,江西公司,长沙战区,湖南省区,衡邵办,关店,专卖店,加盟,街铺,,,,,,,,,,1,是
C06430,怀化河西店,江西公司,长沙战区,湖南省区,衡邵办,关店,专卖店,加盟,商超,8452982,,,6015145901849,320894,1960629885,,,,1,是
C06433,衡阳连卡福商业广场店,江西公司,长沙战区,湖南省区,衡邵办,关店,专卖店,加盟,街铺,8076731,,,,329088,932718406,,,,1,是
C06435,陕西省区地推（加盟店）,陕西公司,西安战区,陕西省区,西安办,关店,渠道店,加盟,特殊渠道,,,,,,,,,,1,是
C06436,汕头卜峰莲花中旅专卖店,广东公司,东莞战区,广东省区,惠汕办,关店,专卖店,加盟,街铺,8246911,336986662,,6014225279849,322600,1356582043,6771772850954094600,,,1,是
C06438,珠海中安广场专卖店,广东公司,广州战区,广东省区,中珠办,关店,专卖店,加盟,商超,8106438,2001180290,,6014315400849,320874,641326490,6892527600334276611,3003114261742363723,,1,是
C06439,琼海人民路百佳汇专卖店,广东公司,海口战区,海南办,海南办,关店,专卖店,加盟,商超,8039072,500805252,,,320880,1564832251,,,,1,是
C06440,宝安福永白石店,广东公司,深圳战区,广东省区,宝安办,关店,专卖店,加盟,街铺,8370812,300801247,16130480.0,6014162253849,320107,1556157568,6768443872679839748,6724909544072269125,2026031911077000000115297884|xiniu_xgc_bgc,1,是
C06441,南平光泽新华都专卖店,江西公司,福州战区,福建省区,闽北办,关店,专卖店,加盟,综合体,7977958,300710726,,6014009565849,325012,1625199354,7139806613196277795,6724909544064949514,,1,是
C06442,花果园T区佳慧超市店,重庆公司,贵阳战区,云贵省区,贵阳办,关店,专卖店,加盟,商超,8005990,,,,320169,1823197791,,,,1,是
C06443,聊城东昌府振华开发区店,浙江公司,青岛战区,山东省区,济南办,关店,专卖店,加盟,商超,8458033,2032056684,,6015071003849,320852,759163431,6834070419545393152,6724909544068766314,,1,是
C06445,大连柏威年店,陕西公司,沈阳战区,辽吉省区,大连办,关店,专卖店,加盟,综合体,11745806,305268634,,,322706,989475009,,,,1,是
C06446,直属辽阳友谊商场店,陕西公司,沈阳战区,辽吉省区,辽吉外阜办,关店,专卖店,直营,综合体,,,,,,,,,,1,是
C06448,大连开发区华联店,陕西公司,沈阳战区,辽吉省区,大连办,关店,专卖店,加盟,商超,8424068,304841131,,,320801,636049103,,,,1,是
C06449,直属廊坊沃尔玛店,陕西公司,北京战区,京津冀省区,北京办,关店,专卖店,直营,商超,,,,,,,,,,1,是
C06451,东莞大朗卓为城专卖店,广东公司,东莞战区,广东省区,东莞办,关店,专卖店,加盟,综合体,8390765,322290620,,6014139075849,322609,510101628,6871472923744503811,6724909316128606429,,1,是
C06453,杭州拱墅温州路店,浙江公司,杭州战区,浙江省区,杭州办,关店,专卖店,加盟,街铺,8034476,304780711,,6013952866849,600324,905524869,6753495907683010573,3002990493133738206,,1,是
C06455,温州邻里广场专卖店,浙江公司,杭州战区,福建省区,浙南办,关店,专柜店,加盟,街铺,,,,,,,,,,1,是
C06456,毕节文博路沃尔玛店,重庆公司,贵阳战区,云贵省区,遵义办,关店,专卖店,加盟,商超,8178375,2044393200,,6015016718849,322019,1770717183,6927089645889062919,3002277234075149643,,1,是
C06457,赣州五龙三路店,江西公司,赣州战区,江西一区,赣州办,关店,专卖店,加盟,街铺,,,,,322486,,,,,1,是
C06458,西安城东永辉华阳城店,陕西公司,西安战区,陕西省区,西安办,关店,专卖店,加盟,商超,,,,,,,,,,1,是
C06459,京东天虹店,江西公司,南昌一战区,江西一区,南昌二办,正常营业,专卖店,加盟,商超,8578080,,,6015120040849,320058,569049248,6873364167227721743,6724909544093115112,,1,是
C06460,湖北蕲春大中华购物广场店,江西公司,九江战区,湖北办,湖北办,关店,专卖店,加盟,商超,8873235,337632523,,,322561,1391028972,,,,1,是
C06461,佛山顺德大融城专卖店,广东公司,广州战区,广东省区,广佛办,关店,专卖店,加盟,商超,10095478,501166397,,6014225945849,322604,1657861384,6901418272613206027,3002111989344735536,,1,是
C06462,海口琼台师范专卖店,广东公司,海口战区,海南办,海南办,关店,专卖店,加盟,特殊渠道,,,,,,,,,,1,是
C06467,延安市吴起县迎宾店,陕西公司,西安战区,陕西省区,陕西外阜办,关店,专卖店,加盟,街铺,8172665,304895765,,,320778,1680064675,,,,1,是
C06468,安康市文昌路店,陕西公司,西安战区,陕西省区,陕西外阜办,关店,专卖店,加盟,街铺,8256798,,,,,1281284855,,,,1,是
C06475,海口滨涯路专卖店,广东公司,海口战区,海南办,海南办,关店,专卖店,加盟,街铺,8227358,500790356,,,,,,,,1,是
C06476,东莞东坑四季广场店,广东公司,东莞战区,广东省区,东莞办,关店,专卖店,加盟,综合体,8640498,336727643,16638096.0,6014133057849,322618,1140453651,6899011429261641743,3001968078035030774,,1,是
C06478,南京汉中门欧尚店,浙江公司,苏州战区,江苏省区,南京办,关店,专卖店,加盟,,,,,,,,,,,1,是
C06479,衡阳县富森百货天鹅丽都店,江西公司,长沙战区,湖南省区,衡邵办,关店,专卖店,加盟,商超,,,,,,,,,,1,是
C06480,汕尾陆丰生福百货店,广东公司,东莞战区,广东省区,惠汕办,正常营业,专卖店,加盟,街铺,8976726,2043503589,15905481.0,6015249951849,329098,4222633,6614255432930166787,2161994246993512678,2026031911077000000115279950|xiniu_xgc_bgc,1,是
C06481,佛山三水恒福广场专卖店,广东公司,广州战区,广东省区,广佛办,关店,专卖店,加盟,商超,8358962,2043558455,,,322617,650256829,,,,1,是
C06482,重庆沙坪坝小龙坎地铁店,重庆公司,重庆战区,川渝省区,重庆办,关店,专卖店,加盟,街铺,8099492,500791928,,,322018,1291552183,,,,1,是
C06483,宝安沙井新万众专卖店,广东公司,深圳战区,广东省区,宝安办,关店,专柜店,加盟,街铺,,,,,,,,,,1,是
C06486,衡阳祁东大润发购物广场店,江西公司,长沙战区,湖南省区,衡邵办,关店,专卖店,加盟,综合体,,,,,,,,,,1,是
C06487,衡阳县富森百货蒸阳店,江西公司,长沙战区,湖南省区,衡邵办,关店,专卖店,加盟,商超,8076545,,,,320896,1969436884,,,,1,是
C06488,厦门同安官浔专卖店,江西公司,厦门战区,福建省区,闽南办,关店,专卖店,加盟,街铺,8068009,304955771,,6014012573849,322771,1497244147,,,,1,是
C06489,赣州南康横市服务区西区,江西公司,赣州战区,江西一区,赣州办,关店,专卖店,加盟,交通枢纽,,,,,,,,,,1,是
C06490,赣州南康横市服务区东区,江西公司,赣州战区,江西一区,赣州办,关店,专卖店,加盟,交通枢纽,,,,,,,,,,1,是
C06492,安顺西秀区中华路店,重庆公司,贵阳战区,云贵省区,遵义办,关店,专卖店,加盟,街铺,8172439,,,,310808,1730984498,,,,1,是
C06493,直属株洲芦淞区旺角魔方店,江西公司,长沙战区,湖南省区,长沙办,关店,专卖店,直营,,,,,,,,,,,1,是
C06497,都匀尚城财富中心店,重庆公司,贵阳战区,云贵省区,贵阳办,关店,专卖店,加盟,街铺,12436698,2096986182,,6015017331849,601140,1364483102,6978228405636433957,3003190953784124266,,1,是
C06499,潮州财富中心专卖店,广东公司,东莞战区,广东省区,惠汕办,关店,专卖店,加盟,街铺,,,,,,1650828498,,,,1,是
C06500,山西长治金威超市店,陕西公司,西安战区,山西办,山西办,关店,专卖店,加盟,商超,8172666,505310792.0,,6015299955849,320776,1693408295,6862640570548979712,,,1,是
C06501,陕西汉中永辉吾悦店,陕西公司,西安战区,陕西省区,陕西外阜办,关店,专卖店,加盟,商超,8246644,,,6013997408849,322718,1597617751,,,,1,是
C06502,广西钦州灵山家润佳专卖店,广东公司,南宁战区,广西省区,南宁办,关店,专卖店,加盟,街铺,8160784,,,,,1795620069,,,,1,是
C06503,安顺西高铁站店,重庆公司,贵阳战区,云贵省区,遵义办,关店,专卖店,加盟,高势能,,,,,,,,,,1,是
C06505,直属重庆大渡口中交丽景店,重庆公司,重庆战区,川渝省区,重庆办,关店,专卖店,直营,,,,,,,,,,,1,是
C06506,直属贵阳新天汇宾隆专卖店,重庆公司,贵阳战区,云贵省区,贵阳办,关店,专卖店,直营,街铺,7149162,,,,,195060436,,,,1,是
C06507,海口下坎路专卖店,广东公司,海口战区,海南办,海南办,关店,专卖店,加盟,商超,13572044,2127337165,,6014894266849,322595,1810470994,7099399425056376866,,,1,是
C06508,东莞塘厦时代城专卖店,广东公司,东莞战区,广东省区,东莞办,关店,专柜店,加盟,街铺,305183436,305183436,,6014142242849,322613,875566939,,,,1,是
C06509,河南上蔡上海联华店,陕西公司,郑州战区,河南省区,驻马店办,关店,专卖店,加盟,商超,24085107,501760642,16383969.0,6013997414849,332902,620844082,6870472102827264004,,,1,是
C06510,杭州翁梅店,浙江公司,杭州战区,浙江省区,杭州办,关店,专卖店,加盟,综合体,cover_C06510_8131229,cover_C06510_304881566,,,cover_C06510_322738,cover_C06510_609733274,,,,1,是
C06511,宜春上高友谊路店,江西公司,宜春战区,江西二区,宜春办,关店,专卖店,加盟,街铺,,,,6015166209849,322620,,,,,1,是
C06512,哈尔滨佰易购连锁超市,陕西公司,沈阳战区,辽吉省区,哈尔滨办,关店,专卖店,加盟,商超,,,,,,,,,,1,是
C06515,毕节博泰仕府店,重庆公司,贵阳战区,云贵省区,遵义办,关店,专卖店,加盟,商超,11162911,,,,322020,1646802548,,,,1,是
C06516,六盘水钟山路永辉店,重庆公司,贵阳战区,云贵省区,遵义办,关店,专卖店,加盟,商超,8178374,501120288,,,322022,1848494774,,,,1,是
C06517,泉州晋江翠山苑专卖店,江西公司,厦门战区,福建省区,闽南办,关店,专卖店,加盟,商超,8645937,503844233,,6014012491849,322795,914612128,,,,1,是
C06518,长沙搜农坊店,江西公司,长沙战区,湖南省区,长沙办,关店,渠道店,加盟,特殊渠道,,,,,,,,,,1,是
C06519,吉安洲湖店,江西公司,赣州战区,江西一区,吉安办,关店,专卖店,加盟,,,,,,,,,,,1,是
C06520,北京永辉千禧店,陕西公司,北京战区,京津冀省区,北京办,关店,专卖店,加盟,商超,,,,,,,,,,1,是
C06521,北京永辉山水文园店,陕西公司,北京战区,京津冀省区,北京办,关店,专卖店,加盟,商超,,,,,320795,1829383156,,,,1,是
C06522,北京永辉龙湖天街店,陕西公司,北京战区,京津冀省区,北京办,关店,专卖店,加盟,商超,,,,,cover_C06522_320797,,,,,1,是
C06525,宝安大浪商业中心专卖店,广东公司,深圳战区,广东省区,宝安办,关店,专卖店,加盟,街铺,13172295,,,6015240295849,601009,,cover_C06525_6601172327793166344,,,1,否
C06526,三亚百花谷专卖店,广东公司,海口战区,海南办,海南办,关店,专卖店,加盟,街铺,8456480,2019456665,,6014909366849,322596,1404511624,,,,1,是
C06527,长春欧亚卫星路店,陕西公司,沈阳战区,辽吉省区,长春办,关店,专卖店,加盟,商超,8283367,501881494,,6015118841849,322705,1974134959,6872541249316980744,3003003191625523939,,1,是
C06528,延吉步行街千盛店,陕西公司,沈阳战区,辽吉省区,长春办,关店,专卖店,加盟,商超,8618919,,,6015131810849,322710,1894479486,6838968201443936271,6724909544132654019,,1,是
C06529,青岛城阳青特万达广场,浙江公司,青岛战区,山东省区,青岛办,关店,专卖店,加盟,综合体,8398522,,,6015059195849,321383,cover_C06529_1436003171,,,,1,是
C06530,望城乾源国际步步高店,江西公司,长沙战区,湖南省区,长沙办,关店,专卖店,加盟,综合体,,,,6015117873849,601028,,,,,1,是
C06531,延吉百货大楼店,陕西公司,沈阳战区,辽吉省区,长春办,正常营业,专卖店,加盟,综合体,,,,,,,,,,1,是
C06532,延吉大学千盛店,陕西公司,沈阳战区,辽吉省区,长春办,关店,专卖店,加盟,商超,,,,,,,,,,1,是
C06535,梅州畲江喜多多专卖店,广东公司,东莞战区,广东省区,惠汕办,关店,专卖店,加盟,商超,8447766,,,6014225851849,322602,569428286,,,,1,是
C06536,江苏无锡惠山万达永辉超市店,浙江公司,苏州战区,江苏省区,苏州办,关店,专柜店,加盟,综合体,,,,,,,,,,1,是
C06537,赣州水西店,江西公司,赣州战区,江西一区,赣州办,关店,专卖店,加盟,商超,10744718,,,,322487,,,,,1,是
C06538,广州广氮服务区专卖店,广东公司,广州战区,广东省区,广佛办,关店,专柜店,加盟,交通枢纽,,,,,,,,,,1,是
C06539,直属重庆渝北沃尔玛金港国际店,重庆公司,重庆战区,川渝省区,重庆办,关店,专卖店,直营,综合体,,,,,,,,,,1,是
C06540,直属哈尔滨百年购物广场店,陕西公司,沈阳战区,辽吉省区,哈尔滨办,关店,专卖店,直营,商超,9526801,502014098,,6015115168849,325088,1340589072,6861543532906235919,,,1,是
C06541,莲塘家家乐,江西公司,南昌一战区,江西二区,南昌四办,关店,专卖店,加盟,商超,,,,6015117780849,320871,1440501125,7071420923131365384,3003656609016980315,,1,是
C06542,安徽阜阳颍上1店,浙江公司,苏州战区,安徽办,安徽办,关店,专卖店,加盟,街铺,9124908,500821885,,,324921,775015979,,,,1,是
C06543,保定钟楼店,陕西公司,北京战区,京津冀省区,石家庄办,关店,专卖店,加盟,,,,,,,,,,,1,是
C06545,直属重庆南岸新欧鹏南湖店,重庆公司,重庆战区,川渝省区,重庆办,关店,专卖店,直营,,9388902,,,,,1345615515,,,,1,是
C06546,河南永城欧亚路店,陕西公司,郑州战区,河南省区,郑州办,关店,专卖店,加盟,商超,9934633,2079350836,,6013996458849,600151,1197091170,6876276106425681923,,,1,是
C06547,河南郑州上街济源路店,陕西公司,郑州战区,河南省区,郑州办,关店,专卖店,加盟,商超,7466942,500845244,,,316237,1436547736,,,,1,是
C06548,衡阳鑫都国际广场店,江西公司,长沙战区,湖南省区,衡邵办,关店,专卖店,加盟,商超,,,,,,,,,,1,是
C06549,宝安中心华润专卖店,广东公司,深圳战区,广东省区,宝安办,关店,专卖店,加盟,商超,,,,,,1942642092,,,,1,是
C06550,烟台莱州利群店,浙江公司,青岛战区,山东省区,烟威办,关店,专卖店,加盟,商超,8383177,2019362690,,,322567,950590931,,,,1,是
C06553,都匀沃尔玛店,重庆公司,贵阳战区,云贵省区,贵阳办,关店,专卖店,加盟,商超,8293410,322298522,,6015017617849,322830,705136204,6763080231004817421,2161760499492136846,,1,是
C06556,上饶县光学城店,江西公司,抚州战区,江西二区,上饶办,关店,专卖店,加盟,街铺,14409121,1101876895,,6015338372849,328888,,,,,1,是
C06558,义乌苏溪店,浙江公司,杭州战区,浙江省区,金衢办,正常营业,专卖店,加盟,商超,8354708,305119532,16638111.0,6013951687849,322480,1921751841,6901789123862857739,6724909544120522014,2026031311077000000115280441|xiniu_xgc_bgc,1,是
C06559,上海火车南站店,浙江公司,上海战区,上海省区,上海一办,关店,专卖店,加盟,高势能,,,,6013775329849,,,,,,1,是
C06561,佛山大沥新都汇专卖店,广东公司,广州战区,广东省区,广佛办,关店,专卖店,加盟,街铺,,,,,,,,,,1,是
C06562,长沙宁乡格林春天和润店,江西公司,长沙战区,湖南省区,长沙办,关店,专卖店,加盟,综合体,8989289,2036524729,,6015267788849,330281,1746226758,,,,1,是
C06563,河南鹤壁万达店,陕西公司,郑州战区,河南省区,河南外阜办,关店,专卖店,加盟,综合体,8750018,2042668636,16389400.0,6013997136849,332906,1609664681,6862821917431171087,,,1,是
C06566,九江新五中怡康店,江西公司,九江战区,江西二区,九江办,关店,专卖店,加盟,街铺,8659621,500827722,,,322574,700034058,,,,1,是
C06567,宜春张家山菜场店,江西公司,宜春战区,江西二区,宜春办,关店,专卖店,加盟,街铺,8996821,2077292205.0,,cover_C06567_6015166130849,322654.0,1758140279.0,6905125883644741632,3002047486306849358,,1,是
C06568,宜春文体路天乐超市店,江西公司,宜春战区,江西二区,宜春办,关店,专卖店,加盟,商超,501876420,501876420,,6015167411849,600662,,,,,1,是
C06570,贵阳清镇工商学院店,重庆公司,贵阳战区,云贵省区,贵阳办,关店,专卖店,加盟,特殊渠道,8470987,,,,,511232739,,,,1,是
C06571,福州鹤林永辉专卖店,江西公司,福州战区,福建省区,福州办,关店,专卖店,加盟,商超,,,,,,,,,,1,是
C06572,上海浦东新区周浦店,浙江公司,上海战区,上海省区,上海办,关店,专卖店,加盟,,,,,,,,,,,1,是
C06573,海口明珠路专卖店,广东公司,海口战区,海南办,海南办,关店,专卖店,加盟,街铺,8204745,500825271,,,322597,1842847519,,,,1,是
C06575,珠海香洲围基路专卖店,广东公司,广州战区,广东省区,中珠办,关店,专卖店,加盟,街铺,8246912,2043671046,,6014225942849,322599,1401662538,6601274687014045710,3002051936109106049,,1,是
C06577,直属石家庄家乐福中华店,陕西公司,北京战区,京津冀省区,北京办,关店,专卖店,直营,商超,9463282,322280970,,,322700,1590012105,,,,1,是
C06581,直属哈尔滨中央红中央大街店,陕西公司,沈阳战区,辽吉省区,哈尔滨办,关店,专卖店,直营,综合体,8398561,322318671,15967979.0,6015119291849,322310,1196274552,6845526585538398216,3002278796867113113,,1,是
C06582,直属哈尔滨永辉群力店,陕西公司,沈阳战区,辽吉省区,哈尔滨办,关店,专卖店,直营,商超,9526714,336218090,,6015115574849,325086,586091867,,,,1,是
C06585,怀化城市中央店,江西公司,长沙战区,湖南省区,衡邵办,关店,专卖店,加盟,,8358964,,,,,,,,,1,是
C06588,西安长乐中路通化门商城店,陕西公司,西安战区,陕西省区,西安办,关店,专卖店,加盟,特殊渠道,,,,,,,,,,1,是
C06589,福州闽侯昙石永辉专卖店,江西公司,福州战区,福建省区,福州办,关店,专卖店,加盟,商超,8453235,,,,,,,,,1,是
C06591,福州新天宇永辉专卖店,江西公司,福州战区,福建省区,福州办,关店,专柜店,加盟,商超,8545716,336717566,,6014014953849,325014,1035027073,,,,1,是
C06592,宝安沙井恒生超市专卖店,广东公司,深圳战区,广东省区,宝安办,关店,专柜店,加盟,街铺,9738765,2043149166,,6014165409849,322616,1847859469,6932957127006750724,2161843781850123207,,1,是
C06593,台州椒江康平路专卖店,浙江公司,杭州战区,福建省区,浙南办,关店,专卖店,加盟,街铺,9222010,2001148333,,6014011992849,325016,1451866305,,,,1,是
C06595,直属殷家巷店,江西公司,南昌一战区,江西二区,南昌三办,关店,专卖店,直营,,cover_C06595_5438365,,,,,cover_C06595_192863561,,,,1,是
C06596,重庆大坪英利大融城店,重庆公司,重庆战区,川渝省区,重庆办,关店,专卖店,加盟,综合体,8470324,336832674,,,324644,1990106873,,,,1,是
C06598,长春王府井赛特奥莱店,陕西公司,沈阳战区,辽吉省区,长春办,关店,专卖店,加盟,商超,8212453,500797978,,6015116978849,322708,1992670577,6934442403935815695,6724909544090127268,,1,是
C06599,怀化万达店,江西公司,长沙战区,湖南省区,衡邵办,关店,专卖店,加盟,综合体,8452981,,,6015117078849,327085,1132649869,,,,1,是
C06600,长沙岳麓区麦德龙广场店,江西公司,长沙战区,湖南省区,长沙办,关店,专卖店,加盟,综合体,8452978,322297816,,,322676,1185289409,,,,1,是
C06601,沈阳华润万家联合路店,陕西公司,沈阳战区,辽吉省区,沈阳办,关店,专卖店,加盟,商超,8788190,,,,,,,,,1,是
C06602,龙岗麟恒中心专卖店,广东公司,深圳战区,广东省区,龙岗办,关店,专卖店,加盟,街铺,8331445,336844035,,,,,,,,1,是
C06603,茂名电白沙琅专卖店,广东公司,广州战区,广东省区,中珠办,关店,专卖店,加盟,街铺,,,,6014251829849,322608,1694670520,6763209724465825804,2161935904865666634,,1,否
C06605,泉州晋江沙塘专卖店,江西公司,厦门战区,福建省区,闽南办,关店,专卖店,加盟,街铺,8318771,,,,,,,,,1,是
C06611,秦皇岛万达永辉店,陕西公司,北京战区,京津冀省区,天津办,关店,专柜店,加盟,综合体,8242821,,,6015113781849,322309,1761225011,,,,1,是
C06612,河南濮阳万达丹尼斯店,陕西公司,郑州战区,河南省区,豫北办,关店,专卖店,加盟,综合体,9760828,,,,,910147115,,,,1,是
C06616,西安办惠欧超市店,陕西公司,西安战区,陕西省区,西安办,关店,专卖店,加盟,综合体,,,,,,,,,,1,是
C06617,九江沙河万客汇店,江西公司,九江战区,江西二区,九江办,关店,专卖店,加盟,街铺,9798873,500799376.0,,6015164792849,322578,1025042813,6859691724718065679,6724909544095283681,,1,是
C06618,衡阳县帝龙时代广场店,江西公司,长沙战区,湖南省区,衡邵办,关店,专卖店,加盟,街铺,11644020,,,6015164316849,330292,1773207126,,,,1,是
C06619,义乌供销社超市店,浙江公司,杭州战区,浙江省区,金衢办,关店,专柜店,加盟,商超,8354711,,,,600320,1145053995,,,,1,是
C06620,义乌电商大厦店,浙江公司,杭州战区,浙江省区,金衢办,关店,专柜店,加盟,,,,,,,,,,,1,是
C06625,太原龙湖万达永辉店,陕西公司,西安战区,山西办,山西办,关店,专卖店,加盟,综合体,8532919,335571101,,,600467,1144992176,,,,1,是
C06626,汕尾陆河岁宝店,广东公司,东莞战区,广东省区,惠汕办,正常营业,专卖店,加盟,商超,31174152,2043493785,15905494.0,6014226046849,329097,1215890633,7032971657446688809,3002279784881136935,,1,是
C06628,贵阳云岩盐务街店,重庆公司,贵阳战区,云贵省区,贵阳办,关店,专卖店,加盟,商超,8282644,501111494,,,322833,796997458,,,,1,是
C06630,天津武清海达家乐三店,陕西公司,北京战区,京津冀省区,天津办,关店,专卖店,加盟,商超,,,,6015117861849,322702,1478986115,,,,1,是
C06631,直属天津兴福亿家购物广场店,陕西公司,北京战区,京津冀省区,天津办,关店,专卖店,直营,商超,2097598480,2097598480,,,,,,,,1,是
C06637,宁德福安永辉新华专卖店,江西公司,福州战区,福建省区,福州办,关店,专柜店,加盟,商超,,,,,,,,,,1,是
C06638,上海松江东明广场店,浙江公司,上海战区,上海省区,上海一办,关店,专卖店,加盟,街铺,8431607,322290579,,,322483,1924674826,,,,1,是
C06639,义乌商贸区店,浙江公司,杭州战区,浙江省区,金衢办,关店,专卖店,加盟,,,,,,,,,,,1,是
C06640,西安GOGO街区永辉店,陕西公司,西安战区,陕西省区,西安办,关店,专卖店,加盟,综合体,,,,,,,,,,1,是
C06641,江苏徐州吾悦家家悦店,浙江公司,苏州战区,江苏省区,南京办,关店,专卖店,加盟,商超,10773100,,,,600651,598460562,,,,1,是
C06642,济南历下省博大润发店,浙江公司,青岛战区,山东省区,济南办,关店,专卖店,加盟,商超,8659590,2036825448,,6015059099849,322656,1675574327,6834308027911309316,3002411270201680269,,1,是
C06643,济南历城荣盛大润发店,浙江公司,青岛战区,山东省区,济南办,关店,专卖店,加盟,商超,9851773,2043959031,,6015062072849,332575,546823229,6946321357130958887,6724909519831582914,,1,是
C06645,福州北大路专卖店,江西公司,福州战区,福建省区,福州办,关店,专卖店,加盟,街铺,8423039,336769246,,6014009661849,325018,1445314092,,,,1,是
C06650,经开天虹小罗食品店,江西公司,南昌一战区,江西一区,南昌一办,正常营业,专卖店,加盟,综合体,8698962,,,6015118681849,322111,1358940893,7082239742271555619,6724909466498567422,,1,是
C06651,江苏兴化吾悦广场店,浙江公司,苏州战区,江苏省区,南京办,关店,专柜店,加盟,商超,10229395,,,,600346,,,,,1,是
C06653,万方圆餐饮,江西公司,南昌一战区,江西一区,南昌二办,关店,渠道店,加盟,特殊渠道,,,,,,,,,,1,是
C06655,莲塘店,江西公司,南昌一战区,江西二区,南昌四办,关店,专卖店,加盟,街铺,20791144,,,6015115763849,147218,1979536029,6601147963353860103,3002046039023493540,2025112011077000000113647749|xiniu_xgc_bgc,1,是
C06656,吉安青原金鑫未来港店,江西公司,赣州战区,江西一区,吉安办,关店,专柜店,加盟,商超,12022381,502519370,,6015119589849,322565,,6901788196082829320,,,1,是
C06657,直属永辉富地广场店,陕西公司,北京战区,京津冀省区,北京办,关店,专柜店,直营,商超,,,,,,,,,,1,是
C06660,义乌佛山古镇店,浙江公司,杭州战区,浙江省区,金衢办,关店,专卖店,加盟,街铺,8586453,305148443,,6013954540849,328840,916082278,6818000402470946830,3002317544917275229,,1,是
C06663,三明永安大润发专卖店,江西公司,福州战区,福建省区,福州办,关店,专柜店,加盟,商超,,,,,,,,,,1,是
C06668,河南荥阳建业购物广场店,陕西公司,郑州战区,河南省区,郑州办,关店,专卖店,加盟,商超,,,,,,,,,,1,是
C06669,南宁时代茗城专卖店,广东公司,南宁战区,广西省区,南宁办,关店,专卖店,加盟,街铺,8336508,2001565254,,,324622,848088005,,,,1,是
C06670,广州南沙万达永辉专卖店,广东公司,广州战区,广东省区,广佛办,关店,专卖店,加盟,综合体,9345203,500800001,,6014224491849,322615,1648784533,6823621764371744783,6724909544075052502,,1,是
C06671,广西防城港公车镇专卖店,广东公司,南宁战区,广西省区,南宁办,关店,专卖店,加盟,特殊渠道,8681392,,,6014905428849,322840,805408854,6862201360373303308,,,1,是
C06672,直属南岸弹子石泽科店,重庆公司,重庆战区,川渝省区,重庆办,关店,专卖店,直营,,,,,,,,,,,1,是
C06678,珠海三灶鹏泰专卖店,广东公司,广州战区,广东省区,中珠办,关店,专卖店,加盟,商超,,,,,,,,,,1,是
C06679,重庆南岸四公里青龙路店,重庆公司,重庆战区,川渝省区,重庆办,关店,专卖店,加盟,街铺,,,,,,,,,,1,是
C06680,南昌朝阳天虹店,江西公司,南昌一战区,江西二区,南昌三办,正常营业,专卖店,加盟,商超,20790347,,,6015093867849,322112,836519235,6901042568616740879,3002596230279500820,,1,是
C06681,岳阳青年路路沃尔玛店,江西公司,长沙战区,湖南省区,长沙办,关店,专卖店,加盟,商超,8452980,502117211,,6015120080849,329089,755916687,,,,1,是
C06682,宜春农民街林桥店,江西公司,宜春战区,江西二区,宜春办,正常营业,专卖店,加盟,商超,12785684,502734681,16256711.0,6015165235849,600297,840563491,7220723607599581195,3002803857575486329,2025111911077000000113751156|xiniu_xgc_bgc,1,是
C06686,河南鹤壁地王广场店,陕西公司,郑州战区,河南省区,河南外阜办,关店,专卖店,加盟,街铺,cover_C06686_8846067,337662370,,6013996759849,332905,1720604016,6848971095417128960,,,1,是
C06687,河源紫金城南专卖店,广东公司,东莞战区,广东省区,惠汕办,关店,专卖店,加盟,街铺,8475878,,,,,943020838,,,,1,是
C06688,惠州陈江兴勤专卖店,广东公司,东莞战区,广东省区,惠汕办,关店,专卖店,加盟,商超,12955372,503595791,,6014253122849,600918,1254084161,7102287840935053319,cover_C06688_3003080348251235512,,1,是
C06690,汕头大悦沃尔玛专卖店,广东公司,东莞战区,广东省区,惠汕办,关店,专卖店,加盟,商超,8470918,,,,329120,1716736036,,,,1,是
C06691,凯里韶山北路佳慧店,重庆公司,贵阳战区,云贵省区,贵阳办,关店,专卖店,加盟,商超,,,,6014909194849,,,6884539277154322447,,,1,是
C06695,佛山银州城专卖店,广东公司,广州战区,广东省区,广佛办,关店,专卖店,加盟,街铺,,,,,,1607260984,,,,1,是
C06697,聊城东昌府华盛公园首府店,浙江公司,青岛战区,山东省区,济南办,关店,专卖店,加盟,,,,,,,,,,,1,是
C06698,淄博张店淄博商厦店,浙江公司,青岛战区,山东省区,济南办,关店,专卖店,加盟,商超,8426945,2036925348,,6015071007849,322659,1774867936,6881596826596804608,3002314523220714076,,1,是
C06699,江苏无锡江阴港龙店,浙江公司,苏州战区,江苏省区,苏州办,关店,专卖店,加盟,,,,,,,,,,,1,是
C06701,临泉凯悦店,浙江公司,苏州战区,安徽办,安徽办,关店,专卖店,加盟,综合体,,,,,,,,,,1,是
C06702,中山坦洲壹加壹店,广东公司,广州战区,广东省区,中珠办,正常营业,专卖店,加盟,商超,8667166,500915066,16914085.0,6014225193849,329130,1343061225,6877787130010093572,3002278437205184894,2026031911077000000115249969|xiniu_xgc_bgc,1,是
C06703,中山大涌壹加壹专卖店,广东公司,广州战区,广东省区,中珠办,关店,专卖店,加盟,街铺,,,,,,1085534333,,,,1,是
C06705,宜春华润万家鼓楼店,江西公司,宜春战区,江西二区,宜春办,关店,专卖店,加盟,商超,,,,6015167412849,323190,,,,,1,是
C06706,天津梅江永旺店,陕西公司,北京战区,京津冀省区,天津办,关店,专卖店,加盟,商超,13990306,502818281,14394331.0,6015116169849,322703,801929825,7003923026681006111,3002068671667613144,,1,是
C06707,大庆新村新玛特店,陕西公司,沈阳战区,辽吉省区,哈尔滨办,关店,专卖店,加盟,商超,9511607,335625596,15967917.0,6015117686849,332891,843893579,6964615429281024007,3002194207351251853,,1,是
C06708,百盛综合体店,江西公司,南昌一战区,江西二区,南昌三办,关店,专卖店,加盟,,,,,,,,,,,1,是
C06709,琼海教育路专卖店,广东公司,海口战区,海南办,海南办,关店,专卖店,加盟,街铺,8390975,336727647,,6014893178849,322787,728508842,6881121820469250051,,,1,是
C06710,龙岗金地龙城专卖店,广东公司,深圳战区,广东省区,龙岗办,关店,专卖店,加盟,街铺,8390762,336727642,,,325033,1822000857,cover_C06710_7356806791012812837,,,1,是
C06711,揭阳霖磐旺佳兴专卖店,广东公司,东莞战区,广东省区,惠汕办,关店,专卖店,加盟,商超,9075157,335581646,,,329117,1360748256,,,,1,是
C06712,济南历下高新万达圣豪超市店,浙江公司,青岛战区,山东省区,济南办,关店,专卖店,加盟,综合体,8519091,2032453170.0,,6015068914849,322660.0,1794509592.0,6834328159639308302,3003145655946519661,,1,是
C06713,吉安万安开发路店,江西公司,赣州战区,江西一区,吉安办,关店,专卖店,加盟,街铺,9798860,500957418,,6015118588849,322563,1500506619,7145658837675018278,4003093378347440071,,1,是
C06715,重庆綦江汽车站专卖店,重庆公司,重庆战区,川渝省区,重庆办,关店,专卖店,加盟,交通枢纽,8394053,336842668,,,324642,1776580806,,,,1,是
C06716,怀化顺天店,江西公司,长沙战区,湖南省区,衡邵办,关店,专卖店,加盟,,,,,,,,,,,1,是
C06717,昌东邓坊店,江西公司,南昌一战区,江西一区,南昌二办,正常营业,专卖店,加盟,街铺,,,,6015130806849,332580,813891663,7154288687000324137,,,1,是
C06718,吉安县发到家超市,江西公司,赣州战区,江西一区,吉安办,关店,专卖店,加盟,特殊渠道,,,,,322562,,,,,1,是
C06719,温州龙港新鸿世纪广场专卖店,浙江公司,杭州战区,福建省区,浙南办,关店,专柜店,加盟,商超,14940095,335762086,,6014011297849,325023,,6892232398298155008,3002957951499641232,,1,是
C06720,国博九龙店,江西公司,南昌一战区,江西一区,南昌一办,正常营业,专卖店,加盟,街铺,9571549,323870272,16256689.0,6015118746849,329155,1012592134,6873053554811209728,3002804947841789342,,1,是
C06721,衡阳县财富花园店,江西公司,长沙战区,湖南省区,衡邵办,关店,专卖店,加盟,街铺,,,,,330291,1429541638,,,,1,是
C06722,景德镇余干紫阳路店,江西公司,南昌二战区,江西二区,景德镇办,关店,专卖店,加盟,商超,,,,6015130713849,600293,,7266236238544259072,,,1,是
C06723,宝安观澜富士康南门店,广东公司,深圳战区,广东省区,宝安办,关店,专卖店,加盟,街铺,10566916,,,,,,,,,1,是
C06724,都匀剑江北路店,重庆公司,贵阳战区,云贵省区,贵阳办,正常营业,专卖店,加盟,街铺,8471115,336218040,16130439.0,6014907198849,324645,1507352612,6889088254872684558,6724909544091333174,,1,是
C06726,哈尔滨银泰城店,陕西公司,沈阳战区,辽吉省区,哈尔滨办,关店,专卖店,加盟,综合体,12758282,2074687116,,6015115784849,600586,1276500548,6955281124037756928,,,1,是
C06731,宜春名爵豪苑店,江西公司,宜春战区,江西二区,宜春办,关店,专卖店,加盟,综合体,,,,,323189,,,,,1,是
C06732,直属永辉超市长阳半岛店,陕西公司,北京战区,京津冀省区,北京办,关店,专卖店,直营,商超,,,,,325085,1750261416,,,,1,是
C06733,宁波海港城店,浙江公司,杭州战区,浙江省区,宁波办,关店,专卖店,加盟,综合体,,,,,,,,,,1,是
C06734,宜春比一比超市店,江西公司,宜春战区,江西二区,宜春办,正常营业,专卖店,加盟,商超,8996822,502164181,16257048.0,6015167337849,323188,1628340310,6906981778469160960,3002288488013996810,2026031011077000000115260076|xiniu_xgc_bgc,1,是
C06737,长沙望城砂之船店,江西公司,长沙战区,湖南省区,长沙办,关店,专柜店,加盟,,,,,,,,,,,1,是
C06738,直属宁波慈溪爱琴海永辉店,浙江公司,杭州战区,浙江省区,宁波办,关店,专卖店,直营,商超,,,,,,,,,,1,是
C06740,河南郑州庆丰街佰佳超市店,陕西公司,郑州战区,河南省区,郑州办,关店,专卖店,加盟,商超,,,,,,,,,,1,是
C06741,烟台开发区大润发衡山店,浙江公司,青岛战区,山东省区,青岛办,关店,专卖店,加盟,商超,9239466,2043960744,,6015056395849,325118,1376617527,6867030882427897869,6724909544061108766,,1,是
C06743,大连甘井子万达店,陕西公司,沈阳战区,辽吉省区,大连办,关店,专柜店,加盟,综合体,,,,,cover_C06743_310538,,,,,1,是
C06744,西安临潼全都石油城超市店,陕西公司,西安战区,陕西省区,西安办,关店,专卖店,加盟,商超,8732808,500930282,,6013997633849,281900,586620331,,,,1,是
C06745,直属南京天元东路店,浙江公司,苏州战区,江苏省区,南京办,关店,专卖店,直营,街铺,,,,,,,,,,1,是
C06746,南山区南油店,广东公司,深圳战区,广东省区,宝安办,关店,专卖店,加盟,街铺,9197284,303392165,,,,,,,,1,是
C06747,直属河南郑州陇海路大润发店,陕西公司,郑州战区,河南省区,郑州办,关店,专卖店,直营,商超,8385310,500712940,,,324232,948050830,,,,1,是
C06748,河南郑州锦艺城世纪联华店,陕西公司,郑州战区,河南省区,郑州办,关店,专卖店,加盟,商超,,,,,,1354493157,,,,1,是
C06749,广州黄埔大沙地专卖店,广东公司,广州战区,广东省区,广佛办,关店,专柜店,加盟,街铺,,,,,325030,936926030,,,,1,是
C06752,大庆新潮尚品店,陕西公司,沈阳战区,辽吉省区,哈尔滨办,关店,专卖店,加盟,商超,9511531,335633968,,6015294524849,332892,1550159801,,,,1,是
C06753,南昌新建花果山店,江西公司,南昌一战区,江西一区,南昌一办,正常营业,专卖店,加盟,街铺,25986203,524525151,,6015338703849,328091,1678924433,6987221643378559013,3002883854415336585,2026030511077000000115229787|xiniu_xgc_bgc,1,是
C06756,景德镇乐平华达人民路店,江西公司,抚州战区,江西二区,景德镇办,关店,专卖店,加盟,街铺,,,,,,,,,,1,是
C06759,直属哈尔滨工农大润发店,陕西公司,沈阳战区,辽吉省区,哈尔滨办,关店,专卖店,直营,商超,13853867,505820769,,6015116163849,601217,,,,,1,是
C06760,九江武宁东阳店,江西公司,九江战区,江西二区,九江办,正常营业,专卖店,加盟,商超,8645938,1137965609,,6015115195849,600258,1339818001,6922568340204423182,6724909544113793892,,1,是
C06765,广州永泰地铁A专卖店,广东公司,广州战区,广东省区,广佛办,关店,专柜店,加盟,街铺,,,,6015250561849,325029,1879586205,6769212701840345095,6724909453061073865,,1,是
C06766,直属北京卜蜂莲花朝阳店,陕西公司,北京战区,京津冀省区,北京办,关店,专卖店,直营,商超,8893776,336245451,,,325084,510981656,,,,1,是
C06770,广西贵港平南东湖广场专卖店,广东公司,南宁战区,广西省区,柳桂办,关店,专卖店,加盟,商超,8719941,2034953800,,6014904535849,327083,1350045541,6805363941234034703,,,1,是
C06771,福州上渡永辉专卖店,江西公司,福州战区,福建省区,福州办,关店,专卖店,加盟,商超,,,,,,,,,,1,是
C06772,三明宁化新桥专卖店,江西公司,福州战区,福建省区,闽北办,关店,专卖店,加盟,街铺,8453410,336255199,,6014009663849,325020,866502853,6649157176227088388,3002092108549333616,,1,是
C06775,广西防城嘉乐城广场店,广东公司,南宁战区,广西省区,南宁办,关店,专卖店,加盟,商超,13331003,2035789563,,6014902238849,327082,1297921305,6865207705540233228,3002827267245970898,,1,是
C06776,河源连平发到家专卖店,广东公司,东莞战区,广东省区,惠汕办,关店,专卖店,加盟,商超,,,,,329124,1466007954,,,,1,是
C06777,陵水珊瑚汇专卖店,广东公司,海口战区,海南办,海南办,关店,专卖店,加盟,综合体,500670195,500670195,,6014906071849,325037,804016266,cover_C06777_6871430024340244491,,,1,是
C06787,江苏连云港赣榆家得福店,浙江公司,苏州战区,江苏省区,南京办,关店,专卖店,加盟,,,,,,,,,,,1,是
C06789,赣州国光店,江西公司,赣州战区,江西一区,赣州办,关店,专卖店,加盟,综合体,8747303,,,6015168041849,600300,,,,,1,是
C06790,莆田仙游中骏冠超市专卖店,江西公司,福州战区,福建省区,福州办,关店,专卖店,加盟,商超,14521072,cover_C06790_506378031,,,325017,,,,,1,是
C06793,江苏江阴万达广场店,浙江公司,苏州战区,江苏省区,苏州办,关店,专卖店,加盟,综合体,,,,,,,,,,1,是
C06795,直属长沙星沙卜蜂莲花店,江西公司,长沙战区,湖南省区,长沙办,关店,专卖店,直营,,,,,,,,,,,1,是
C06798,直属沈阳北站二店,陕西公司,沈阳战区,辽吉省区,辽吉直营办,关店,专卖店,直营,高势能,,,,6015269004849,,,,,,1,是
C06799,直属吉林火车站店,陕西公司,沈阳战区,辽吉省区,长春办,关店,专卖店,直营,高势能,,,,,,,,,,1,是
C06800,温州五马街专卖店,浙江公司,杭州战区,福建省区,浙南办,关店,专柜店,加盟,街铺,,,,,,,,,,1,是
C06802,河南郑州高新万达永辉店,陕西公司,郑州战区,河南省区,郑州办,关店,专柜店,加盟,综合体,,,,,,,,,,1,是
C06803,天津华润万家王顶堤店新店,陕西公司,北京战区,京津冀省区,天津办,关店,专卖店,加盟,商超,16734142,508340087,,6015115384849,600457,510582420,6863232598576072712,3003001632604169444,,1,否
C06804,赣州全南路店,江西公司,赣州战区,江西一区,赣州办,关店,专卖店,加盟,街铺,13300043,,,,600272,,6992777887061379080,,,1,是
C06805,杭州萧山义蓬店,浙江公司,杭州战区,浙江省区,杭州办,关店,专卖店,加盟,街铺,8452060,2032093077,,,328842,1073905236,,,,1,是
C06806,海口国兴专卖店,广东公司,海口战区,海南办,海南办,关店,专卖店,加盟,商超,8524257,336767341,,6014902294849,325034,686283343,,,,1,是
C06809,福田彩田华润专卖店,广东公司,深圳战区,广东省区,龙岗办,关店,专柜店,加盟,街铺,8447767,2043930619,,,329138,1465824346,,,,1,是
C06811,茂名电白万达广场专卖店,广东公司,广州战区,广东省区,中珠办,关店,专卖店,加盟,综合体,8450280,500794428,,6014314815849,329115,796854071,6885155084024563720,6724909544069638016,,1,是
C06812,杭州杭行金座店,浙江公司,杭州战区,浙江省区,宁波办,关店,专柜店,加盟,综合体,,,,,,,,,,1,是
C06813,南宁民族古城路专卖店,广东公司,南宁战区,广西省区,南宁办,关店,专卖店,加盟,街铺,9717074,500794084,,,,1339173089,,,,1,是
C06814,重庆巴南马王坪新世纪店,重庆公司,重庆战区,川渝省区,重庆办,关店,专卖店,加盟,,,,,,,,,,,1,是
C06815,广西钦州灵山步行街专卖店,广东公司,南宁战区,广西省区,南宁办,关店,专卖店,加盟,街铺,10459460,,,,,1395462193.0,,,,1,是
C06816,罗家集二店,江西公司,南昌一战区,江西一区,南昌二办,正常营业,专卖店,加盟,街铺,,,,6015116868849,600241,1840597366,7358379232596887606,3003932349908619509,,1,是
C06817,烟台蓬莱海景苑利群店,浙江公司,青岛战区,山东省区,青岛办,关店,专卖店,加盟,商超,8658219,2036825447,,6015057796849,325122,870225675,6865319738029950976,6724909544076317344,,1,是
C06818,定岗二店,江西公司,南昌一战区,江西二区,南昌四办,正常营业,专卖店,加盟,街铺,,,,6015113774849,324659,666718485,6921453377163380749,3003949414078030107,,1,是
C06819,赣州福安店,江西公司,赣州战区,江西一区,赣州办,正常营业,专卖店,加盟,街铺,8745379,2121230653,16914089.0,6015167629849,600268,773451773,6817236619788044288,3003782458126307702,2026031011077000000115349015|xiniu_xgc_bgc,1,是
C06820,中山坦洲十四村专卖店,广东公司,广州战区,广东省区,中珠办,关店,专卖店,加盟,街铺,13755432,505629693,,6014224493849,601221,1430262858,7046961484999591972,3002815545936482650,,1,是
C06822,萍乡天虹超市店,江西公司,宜春战区,江西二区,宜春办,关店,专卖店,加盟,商超,,,,6015118578849,600482,,cover_C06822_6873439232392775688,cover_C06822_3003363508637738242,,1,是
C06823,台州天台祥生世纪广场专卖店,浙江公司,杭州战区,福建省区,浙南办,关店,专卖店,加盟,综合体,15096555,336719422,,6014907145849,328914,1270706986,6870867398761744399,,,1,是
C06825,广州增城万达广场专卖店,广东公司,广州战区,广东省区,广佛办,关店,专柜店,加盟,综合体,8643373,501755683,,6014225275849,329106,888778761,,,,1,是
C06826,昆明沃尔玛国贸店,重庆公司,贵阳战区,云贵省区,昆明办,关店,专卖店,加盟,商超,8466920,335785479,,,325786,1172315170,,,,1,是
C06827,广州荔湾华润万家专卖店,广东公司,广州战区,广东省区,广佛办,关店,专柜店,加盟,综合体,,,,,,,,,,1,是
C06832,江苏盐城高铁世纪华联店,浙江公司,苏州战区,江苏省区,南京办,关店,渠道店,加盟,高势能,,,,,,,,,,1,是
C06834,唐山遵化永辉金缘购物店,陕西公司,北京战区,京津冀省区,天津办,关店,专卖店,加盟,商超,9135919,2031324976,,6015116979849,325077,999320684,,,,1,是
C06835,三亚乐天城专卖店,广东公司,海口战区,海南办,海南办,关店,专卖店,加盟,街铺,8641408,336757353,,6014909365849,325038,968919395,6884529028275931151,,,1,是
C06836,重庆南坪四公里枢纽店,重庆公司,重庆战区,川渝省区,重庆办,关店,专卖店,加盟,交通枢纽,,,,,328871,1404596249,,,,1,是
C06839,三亚百佳汇专卖店,广东公司,海口战区,海南办,海南办,关店,专卖店,加盟,商超,17930439,,,6014893174849,329076.0,626970888.0,6896594941145942016,,,1,否
C06840,沈阳全运万达店,陕西公司,沈阳战区,辽吉省区,沈阳办,关店,专卖店,加盟,综合体,8788189,2044206669,,,329179,735180840.0,,,,1,是
C06841,琼海东风路店,广东公司,海口战区,海南办,海南办,正常营业,专卖店,加盟,商超,8641561,337642451,15905518.0,6014906070849,325035,1698377474,6849317087639357455,,2026031911077000000115311893|xiniu_xgc_bgc,1,是
C06843,南宁桃源百佳华专卖店,广东公司,南宁战区,广西省区,南宁办,关店,专柜店,加盟,街铺,8658285,,,,330110,1367372007,,,,1,是
C06845,邵阳新天地步步高店,江西公司,长沙战区,湖南省区,衡邵办,关店,专卖店,加盟,综合体,12785529,2085755795,,6015164599849,600362,1815074995,,,,1,是
C06846,毕节麻园路二店,重庆公司,贵阳战区,云贵省区,遵义办,关店,专卖店,加盟,街铺,8674813,500974910,,,329758,1563823295,,,,1,是
C06847,烟台芝罘大悦城,浙江公司,青岛战区,山东省区,青岛办,关店,专卖店,加盟,综合体,15588571,507497110,16130474.0,6015070202849,600647,740375734,6955640947263490086,3002389005922280325,2026031311077000000115298407|xiniu_xgc_bgc,1,是
C06848,青岛黄岛永旺购物中心,浙江公司,青岛战区,山东省区,青岛办,关店,专卖店,加盟,商超,8426947,2036835430,,,325119,864824332,,,,1,是
C06849,昆明沃尔玛万宏路店,重庆公司,贵阳战区,云贵省区,昆明办,关店,专卖店,加盟,商超,8467032,,,,325785,801097390,,,,1,是
C06850,安徽丰乐服务区店,浙江公司,苏州战区,安徽办,安徽办,关店,专卖店,加盟,交通枢纽,,,,,,,,,,1,否
C06851,鹰抚鹰潭天虹超市店,江西公司,抚州战区,江西一区,鹰抚办,关店,专卖店,加盟,商超,,,,6015128830849,600515,,cover_C06851_6966523041635371039,3002623802808440175,,1,是
C06852,安徽周谭服务区店,浙江公司,苏州战区,安徽办,安徽办,关店,专卖店,加盟,交通枢纽,,,,,,,,,,1,否
C06854,台州路桥马铺路专卖店,浙江公司,杭州战区,福建省区,浙南办,关店,专卖店,加盟,街铺,,,,,,,,,,1,是
C06855,揭阳普宁星河专卖店,广东公司,东莞战区,广东省区,惠汕办,关店,专卖店,加盟,街铺,2031536612,2031536612,,,,1102701989,,,,1,是
C06856,珠海横琴购专卖店,广东公司,广州战区,广东省区,中珠办,关店,专卖店,加盟,街铺,,,,,,,,,,1,是
C06857,珠海金湾华发商都专卖店,广东公司,广州战区,广东省区,中珠办,关店,专卖店,加盟,商超,23462571,1110749496,16914060.0,6015251141849,329122,1433799675,7121615537024698383,3003232212738713080,2025111911077000000113745527|xiniu_xgc_bgc,1,是
C06858,海口桂林洋喜乐多专卖店,广东公司,海口战区,海南办,海南办,关店,专卖店,加盟,商超,8524203,,,6014909964849,329069,958479441,6943724866159773709,,,1,是
C06860,九江大润发超市店,江西公司,九江战区,江西二区,九江办,关店,专卖店,加盟,商超,,,,,,,,,,1,是
C06861,温州杨府山乐联专卖店,浙江公司,杭州战区,福建省区,浙南办,关店,专柜店,加盟,街铺,,,,,,,,,,1,是
C06862,宁波宁海店,浙江公司,杭州战区,浙江省区,宁波办,关店,专卖店,加盟,,,,,,,,,,,1,是
C06863,广西来宾武宣大洋百货专卖店,广东公司,南宁战区,广西省区,柳桂办,关店,专柜店,加盟,街铺,,,,,,,,,,1,是
C06864,华润青山湖店,江西公司,南昌一战区,江西一区,南昌二办,关店,专卖店,加盟,商超,,,,,329173,1079193286,,,,1,是
C06865,直属沈阳站地铁口店,陕西公司,沈阳战区,辽吉省区,辽吉直营办,关店,专卖店,直营,交通枢纽,,,,,,,,,,1,是
C06870,济南市中领秀城北京华联店,浙江公司,青岛战区,山东省区,济南办,关店,专卖店,加盟,商超,8530436,2032802384,,6015075903849,325394,1191423176,6845761431103621131,3002298584142423458,,1,是
C06871,景德镇余干华润万家店,江西公司,南昌二战区,江西二区,景德镇办,关店,专卖店,加盟,商超,,,,,331169,,,,,1,是
C06873,直属柳州五星商业街专卖店,广东公司,南宁战区,广西省区,柳桂办,关店,专卖店,直营,街铺,,,,,,,,,,1,否
C06874,佛山万益广场专卖店,广东公司,广州战区,广东省区,广佛办,关店,专卖店,加盟,商超,,,,6014315600849,329123,1569221190,,,,1,是
C06877,南山前海小镇华润专卖店,广东公司,深圳战区,广东省区,宝安办,关店,专柜店,加盟,街铺,,,,,,,,,,1,是
C06878,广州黄埔南岗万达专卖店,广东公司,广州战区,广东省区,广佛办,关店,专柜店,加盟,综合体,,,,,600077,,,,,1,是
C06879,海口海甸岛宝真专卖店,广东公司,海口战区,海南办,海南办,关店,专卖店,加盟,商超,8478769,2032100283,,,329067,94866,,,,1,是
C06880,三亚青春里专卖店,广东公司,海口战区,海南办,海南办,关店,专卖店,加盟,商超,,,,,,1666738786,,,,1,是
C06881,龙岩武平新百佳专卖店,江西公司,厦门战区,福建省区,闽南办,关店,专柜店,加盟,街铺,8567600,335762868,,6015461964849,328911,763742351,6873439141657446413,,,1,是
C06884,宁乡翡翠湖国际广场店,江西公司,长沙战区,湖南省区,长沙办,关店,专卖店,加盟,综合体,11146107,503399827,,6015167012849,601029,543802240,6914774923281958927,3003670262050726753,,1,是
C06885,宁德财富广场专卖店,江西公司,福州战区,福建省区,闽北办,关店,专卖店,加盟,综合体,13980765,506110035,16256699.0,6014012548849,328897,1031500119,6859196866349844480,3002713560888910135,,1,是
C06886,长沙汽车南站2店,江西公司,长沙战区,湖南省区,长沙办,关店,专柜店,加盟,交通枢纽,,,,,330285,,,,,1,是
C06888,海口泰龙城专卖店,广东公司,海口战区,海南办,海南办,关店,专卖店,加盟,街铺,8472750,336697671,,6014892869849,325036,1166351459,6860242936114841608,,,1,是
C06890,河南郑州正弘城长申超市店,陕西公司,郑州战区,河南省区,河南外阜办,关店,专卖店,加盟,综合体,8543313,336848377,,6013997640849,325042,771138417,6824258983340132352,,,1,是
C06891,河南通许新峰超市店,陕西公司,郑州战区,河南省区,郑州办,关店,专卖店,加盟,商超,9210882,2078000460,,,,1061861458,,,,1,是
C06892,温圳二店,江西公司,南昌二战区,江西二区,南昌四办,正常营业,专卖店,加盟,街铺,,,,6015145909849,329159,1730710372,6924421248709560332,6724909544105734368,,1,是
C06897,直营陕西省区山西运城永辉国科店,陕西公司,西安战区,山西办,山西办,关店,专卖店,直营,商超,,,,,,,,,,1,是
C06898,杭州致力贸易有限公司,浙江公司,杭州战区,浙江省区,杭州办,关店,渠道店,加盟,特殊渠道,,,,,,,,,,1,是
C06900,太原永辉绿地缤纷店,陕西公司,西安战区,山西办,山西办,关店,专柜店,加盟,商超,,,,,,,,,,1,是
C06901,呼和浩特润宇华联店,陕西公司,北京战区,京津冀省区,北京办,关店,专卖店,加盟,商超,,,,,,,,,,1,是
C06902,抚南黎川大润发超市店,江西公司,抚州战区,江西一区,鹰抚办,关店,专卖店,加盟,商超,8714541,2035224408,16638073.0,6015165249849,600281,1304126802,6804353988117465092,6724909474884274643,,1,是
C06904,唐山大润发华岩北路店,陕西公司,北京战区,京津冀省区,天津办,关店,专卖店,加盟,商超,14859553,500972768,,6015117862849,600453,505147055,,6724909544079070281,,1,否
C06905,河源连平中信大厦专卖店,广东公司,东莞战区,广东省区,惠汕办,关店,专卖店,加盟,商超,9030562,,,,329100,1293093996,,,,1,是
C06906,赤峰维多利广场店,陕西公司,沈阳战区,辽吉省区,辽吉外阜办,关店,专卖店,加盟,综合体,8745155,336235697,,6015120065849,325080,563176898,6967839388839446562,6724909544116015542,,1,是
C06907,直属大连高新万达店,陕西公司,沈阳战区,辽吉省区,大连办,关店,专柜店,直营,综合体,,,,,,,,,,1,是
C06908,海口滨江帝景店,广东公司,海口战区,海南办,海南办,关店,专卖店,加盟,街铺,17865101,510032942,15967933.0,6016945854849,,975377031,7208098199267969024,3003532026865820040,,1,是
C06909,海口金牛专卖店,广东公司,海口战区,海南办,海南办,关店,专卖店,加盟,商超,12761686,2098321304,,6014894479849,600997,,,,,1,是
C06910,沈阳站一店,陕西公司,沈阳战区,辽吉省区,沈阳办,关店,专卖店,加盟,高势能,,,,,,,,,,1,是
C06911,南宁火车站地铁商业街专卖店,广东公司,南宁战区,广西省区,南宁办,关店,专卖店,加盟,交通枢纽,501725846,501725846,,,600137,1317587673,,,,1,是
C06912,桐乡高铁店,浙江公司,杭州战区,浙江省区,杭州办,关店,专卖店,加盟,高势能,,,,,,,,,,1,否
C06913,西安山西长治襄垣县乐趣生活超市店,陕西公司,西安战区,山西办,山西办,关店,专卖店,加盟,商超,,,,,,,,,,1,是
C06914,青岛城阳万象汇丽达店,浙江公司,青岛战区,山东省区,青岛办,关店,专卖店,加盟,商超,cover_C06914_8759468,,,6015070120849,325120,819750169,6859639062752413709,,,1,是
C06915,韶关仁化专卖店,广东公司,广州战区,广东省区,广佛办,关店,专卖店,加盟,商超,9271334,,14725195.0,6014268511849,329108,1642968854,6945574889776482312,6724909544084390938,,1,是
C06918,河南荥阳建业百货店,陕西公司,郑州战区,河南省区,郑州办,关店,专卖店,加盟,商超,9250404,2077910740,,,328867,1423113824,,,,1,是
C06919,青岛即墨大润发店,浙江公司,青岛战区,山东省区,青岛办,正常营业,专卖店,加盟,商超,9415691,,,6015071302849,325391,1748976666,6870407160170416135,6724909544081713748,,1,是
C06920,青岛崂山丽达店,浙江公司,青岛战区,山东省区,青岛办,关店,专卖店,加盟,商超,8759346,,,6015057998849,326817,1997130392,6859931386426542087,3002664235377795900,,1,是
C06921,直属杭州东站东广场店,浙江公司,杭州战区,浙江省区,杭州办,关店,专卖店,加盟,交通枢纽,8786453,,,6013954638849,328966,1839179141,,,,1,是
C06922,温州永嘉万潮广场专卖店,浙江公司,杭州战区,福建省区,浙南办,关店,专柜店,加盟,商超,8598644,cover_C06922_336764735,,6014011483849,328907,1823025648,6964919668356155407,3002363358823916937,,1,是
C06923,义乌永康高镇店,浙江公司,杭州战区,浙江省区,金衢办,关店,专卖店,加盟,,,,,,,,,,,1,是
C06924,三明清流新天意超市专卖店,江西公司,福州战区,福建省区,福州办,关店,专卖店,加盟,商超,,,,,,,,,,1,是
C06925,河南濮阳南海路隆祥超市店,陕西公司,郑州战区,河南省区,河南外阜办,关店,专卖店,加盟,商超,11467876,502179554,,,600164,,,,,1,是
C06926,九江城西港店,江西公司,九江战区,江西二区,九江办,正常营业,专卖店,加盟,街铺,20360959,1126056508,,6015166797849,328891,1017051128,6822808641314392077,6724909544096101685,2025112011077000000113692744|xiniu_xgc_bgc,1,是
C06927,杭州运河上街店,浙江公司,杭州战区,浙江省区,杭州办,关店,专卖店,加盟,综合体,13028195,503743837,,6013953656849,601056,1646185367,,,,1,是
C06928,吉林中东新生活店,陕西公司,沈阳战区,辽吉省区,长春办,关店,专卖店,加盟,商超,10300600,,,,,,,,,1,是
C06929,宜春万达广场店,江西公司,宜春战区,江西二区,宜春办,关店,专卖店,加盟,综合体,9680795,2043419890,,6015165430849,600485,,6887818882724186115,,,1,是
C06930,湖北浠水民福店,江西公司,九江战区,湖北办,湖北办,关店,专卖店,加盟,街铺,,,,6015320471849,328869,1542069588,6862514918936119304,,,1,是
C06931,直属遵义民主路步行街店,重庆公司,贵阳战区,云贵省区,遵义办,关店,专卖店,直营,街铺,7537004,501080492,,6014202640849,313989,1867397395,6747163078363711491,6724909423646935858,,1,是
C06932,宜春万象广场店,江西公司,宜春战区,江西二区,宜春办,关店,专卖店,加盟,商超,16256708,,16256708.0,6015165818849,332423,818675334,7001681599615993870,3003656672803660827,2026030511077000000115223778|xiniu_xgc_bgc,1,是
C06933,江门开平东汇城专卖店,广东公司,广州战区,广东省区,中珠办,关店,专卖店,加盟,商超,,,,,,878907607,,,,1,是
C06934,华润万家万达店,江西公司,南昌一战区,江西一区,南昌一办,正常营业,专卖店,加盟,综合体,9675664,2072347578.0,,6015117694849,332578,927621833,7159488008847427592,6724909429251968537,2025112011077000000113762153|xiniu_xgc_bgc,1,是
C06935,华润第一街区店,江西公司,南昌一战区,江西一区,南昌一办,正常营业,专卖店,加盟,商超,9832071,,,6015119768849,329169,1602646659,6884980059187333120,6724909544084846923,2026030511077000000115104779|xiniu_xgc_bgc,1,是
C06936,进贤中山大道店,江西公司,南昌二战区,江西二区,南昌四办,关店,专卖店,加盟,商超,9475842,507667762,,6015145910849,329160,1935325158,7163120743042009100,,,1,是
C06938,重庆南岸奥园天地店,重庆公司,重庆战区,川渝省区,重庆办,关店,专卖店,加盟,街铺,8724905,501884973,,,330266,1005091619,,,,1,是
C06940,贵阳黄河路经贸大厦店,重庆公司,贵阳战区,云贵省区,贵阳办,关店,专卖店,加盟,街铺,8781487,501148158,,6014906599849,329771,1144982439,6834810913909000192,3002112125872972118,,1,是
C06943,景德镇乐平众埠店,江西公司,抚州战区,江西二区,景德镇办,关店,专卖店,加盟,街铺,,,,,,,,,,1,是
C06944,河南中牟天泽城店,陕西公司,郑州战区,河南省区,河南外阜办,关店,专卖店,加盟,商超,9350484,501385892,,,332899,1550616388,,,,1,是
C06945,河南鹤壁裕隆爱尚城店,陕西公司,郑州战区,河南省区,豫北办,关店,专卖店,加盟,综合体,8769743,,,,332907,1206260616,,,,1,是
C06948,贵阳宝山北路师大店,重庆公司,贵阳战区,云贵省区,贵阳办,关店,专卖店,加盟,街铺,9379223,501153139,,6015017330849,329776,508762947,6906239745781663752,6724909544085102306,,1,是
C06949,淄博北站专柜,浙江公司,青岛战区,山东省区,济南办,关店,专柜店,加盟,高势能,,,,,,,,,,1,是
C06950,九江星子秀峰大道店,江西公司,九江战区,江西二区,九江办,关店,专卖店,加盟,街铺,,,,,328892,,,,,1,是
C06951,河南濮阳黄河路隆祥店,陕西公司,郑州战区,河南省区,豫北办,关店,专卖店,加盟,街铺,,,,,,,,,,1,是
C06952,长春亚泰新动力店,陕西公司,沈阳战区,辽吉省区,长春办,关店,专卖店,加盟,综合体,10792663,2071695738,,6015119756849,600585,,7003929965028722719,3001859136250188049,,1,是
C06954,云锦华润店,江西公司,南昌一战区,江西二区,南昌三办,关店,专卖店,加盟,商超,9832069,,,,,837490797,,,,1,是
C06955,北京常楹华联店,陕西公司,北京战区,京津冀省区,北京办,关店,专柜店,加盟,商超,,,,,,,,,,1,是
C06956,重庆大渡口香港城店,重庆公司,重庆战区,川渝省区,重庆办,关店,专卖店,加盟,街铺,10530396,501894931,,,328870,,,,,1,是
C06957,直属鞍山大润发中华路店,陕西公司,沈阳战区,辽吉省区,大连办,关店,专卖店,直营,商超,10245454,503160824,,6015118755849,325091,1585386096,6708576157253568524,,,1,是
C06959,直属鞍山大润发立山店,陕西公司,沈阳战区,辽吉省区,辽吉外阜办,关店,专卖店,直营,商超,8870813,2062507381,,,325090,1887323086,,,,1,是
C06961,临沂北站专柜,浙江公司,青岛战区,山东省区,青岛办,关店,专柜店,加盟,高势能,,,,,,,,,,1,是
C06962,直属哈尔滨阿城比优特店,陕西公司,沈阳战区,辽吉省区,哈尔滨办,关店,专卖店,直营,商超,9526718,336264732,,,325094,511173686,,,,1,是
C06963,江苏常州邹区易买得超市店,浙江公司,苏州战区,江苏省区,苏州办,关店,专卖店,加盟,商超,2032813136,2032813136,,,,,,,,1,是
C06964,天津华润万家友谊路店,陕西公司,北京战区,京津冀省区,天津办,关店,专卖店,加盟,商超,9786767,500957754,14394338.0,6015113782849,600447,1173203570,6864385288878295053,3002575837824396665,,1,是
C06968,汕头潮阳区西胪专卖店,广东公司,东莞战区,广东省区,惠汕办,关店,专卖店,加盟,商超,2042706711,2042706711,,6014315304849,600070,595556970,7001319191353493540,3001992330088780050,,1,是
C06969,三亚丹州旺豪专卖店,广东公司,海口战区,海南办,海南办,关店,专卖店,加盟,商超,8941002,500705227,,6014892868849,329075,985982828,6935182601904719913,,,1,是
C06970,江苏徐州铜山万达广场三楼店,浙江公司,苏州战区,江苏省区,南京办,关店,专卖店,加盟,综合体,13288198,504036655,,6013971828849,330103,1512744106,6846678960386934798,3003072440377058053,,1,是
C06972,山西长治金威东街店,陕西公司,西安战区,山西办,山西办,正常营业,专卖店,加盟,商超,9316936,2042671448,17146739.0,6015300745849,600392,1420297882,6862893803158734856,,2025111911077000000113689612|xiniu_xgc_bgc,1,是
C06973,山西长治金威超市太西店,陕西公司,西安战区,山西办,山西办,关店,专卖店,加盟,商超,cover_C06973_14830139,cover_C06973_506472748,,6015300254849,600393,,7096386556214282252,,,1,是
C06975,怀化辰溪店,江西公司,长沙战区,湖南省区,衡邵办,关店,专卖店,加盟,商超,9127455,,,,329078,1165950577,,,,1,是
C06976,安徽颍上服务区店,浙江公司,苏州战区,安徽办,安徽办,关店,专卖店,加盟,交通枢纽,,,,,,,,,,1,否
C06977,贵阳云岩区中山东路店,重庆公司,贵阳战区,云贵省区,贵阳办,关店,专卖店,加盟,街铺,,,,,,1284375309,,,,1,是
C06979,呼市佰斯特优鲜超市店,陕西公司,北京战区,京津冀省区,北京办,关店,专柜店,加盟,商超,,,,,,,,,,1,是
C06981,直属上海嘉定江桥万达店,浙江公司,上海战区,上海省区,上海办,关店,专卖店,直营,综合体,,,,,,,,,,1,是
C06982,直属石家庄北国超市华夏店,陕西公司,北京战区,京津冀省区,北京办,关店,专卖店,直营,商超,8834532,,,,325093,1040165695,,,,1,是
C06983,怀化溆浦流金广场店,江西公司,长沙战区,湖南省区,衡邵办,关店,专卖店,加盟,商超,,,,,,,,,,1,是
C06984,怀化溆浦佳惠兆龙店,江西公司,长沙战区,湖南省区,衡邵办,关店,专卖店,加盟,商超,,,,,,,,,,1,是
C06993,衡阳华新步步高店,江西公司,长沙战区,湖南省区,衡邵办,关店,专卖店,加盟,商超,,,,,,,,,,1,是
C06994,台州椒江现代天地大润发专卖店,浙江公司,杭州战区,福建省区,浙南办,关店,专卖店,加盟,街铺,,,,,,,,,,1,是
C06995,台州椒江解放路专卖店,浙江公司,杭州战区,福建省区,浙南办,关店,专卖店,加盟,街铺,,,,,,,,,,1,是
C06996,重庆大渡口中交丽景店,重庆公司,重庆战区,川渝省区,重庆办,关店,专卖店,加盟,街铺,8370019,500801992,,6015018316849,322017,941705125,,,,1,是
C06997,重庆南岸弹子石泽科店,重庆公司,重庆战区,川渝省区,重庆办,关店,专卖店,加盟,,,,,,,,,,,1,是
C06998,海口万达百佳汇专卖店,广东公司,海口战区,海南办,海南办,关店,专卖店,加盟,综合体,10996440,501882504,,6014903172849,600775,,6965613877740439552,,,1,是
C07024,奉新城东菜场店,江西公司,南昌二战区,江西二区,宜春办,正常营业,专卖店,加盟,街铺,,,,6015129200849,,565230953,6890412747973052429,3002477481153598177,2025112011077000000113730711|xiniu_xgc_bgc,1,是
C07025,宁德古田中央名城专卖店,江西公司,福州战区,福建省区,闽北办,关店,专卖店,加盟,街铺,3026443,161408983,16638051.0,6014417416849,328898,1932738592,6745392757461878796,6724909544083229234,,1,是
C07026,直属哈尔滨新阳家乐福店,陕西公司,沈阳战区,辽吉省区,哈尔滨办,关店,专卖店,直营,商超,9526631,,,,332889,1367491604,,,,1,是
C07027,江门鹤山共和专卖店,广东公司,广州战区,广东省区,中珠办,关店,专卖店,加盟,街铺,15166188,1109715684,,6015274867849,329113,1907605998,7120036396208293896,3002961909258757412,,1,是
C07028,邵东百富渠道店,江西公司,长沙战区,湖南省区,衡邵办,关店,渠道店,加盟,综合体,,,,6015119078849,329080,920299887,,3002038834267198410,,1,是
C07029,天津大润发紫金山店,陕西公司,北京战区,京津冀省区,天津办,关店,专卖店,加盟,商超,10194758,502803160,,6015118481849,600451,825383153,6860249186114226189,3002431419173512307,,1,是
C07030,河南开封鲜风生活店,陕西公司,郑州战区,河南省区,郑州办,关店,渠道店,加盟,特殊渠道,,,,,,,,,,1,是
C07031,河南郑州商学院渠道店,陕西公司,郑州战区,河南省区,郑州办,关店,渠道店,加盟,渠道,,,,,,1846760400,,,,1,是
C07032,河南郑州惠济万达丹尼斯店,陕西公司,郑州战区,河南省区,郑州办,关店,专卖店,加盟,综合体,cover_C07032_9588646,cover_C07032_2043057050,,6013996843849,332588,827690013,cover_C07032_6862919130178193411,,,1,是
C07035,天津大润发大沽南路店新店,陕西公司,北京战区,京津冀省区,天津办,关店,专卖店,加盟,商超,10194768,500962718,,6015115579849,600452,1782515702,6860253146988431374,,,1,是
C07036,河南漯河世纪华联店,陕西公司,郑州战区,河南省区,河南外阜办,关店,专卖店,加盟,商超,,,,,,,,,,1,是
C07037,陕西安康汉阴店,陕西公司,西安战区,陕西省区,陕西外阜办,关店,专卖店,加盟,街铺,9044943,505013971,,6013996454849,329152,630751111,,,,1,是
C07039,河南永城金博大店,陕西公司,郑州战区,河南省区,郑州办,关店,专卖店,加盟,,,,,,,,,,,1,是
C07047,八一大润发店,江西公司,南昌一战区,江西二区,南昌四办,关店,专卖店,加盟,商超,,,,,329168,893780063,,,,1,是
C07051,河南新乡平原华联店,陕西公司,郑州战区,河南省区,郑州办,关店,专卖店,加盟,商超,12443450,2097719118,,,600889,1311839406,,,,1,是
C07052,昆明南部汽车站店,重庆公司,贵阳战区,云贵省区,昆明办,关店,专卖店,加盟,交通枢纽,9279081,,,,,968798315,,,,1,是
C07053,抚生路店,江西公司,南昌一战区,江西二区,南昌三办,关店,专卖店,加盟,街铺,,,,,,,,,,1,是
C07054,红谷好妈妈超市店,江西公司,南昌一战区,江西一区,南昌一办,关店,专卖店,加盟,街铺,12850678,2062082165.0,,6015118263849,325942.0,163408654.0,7081938068327893028,6724909544105671932,,1,是
C07055,新建３店,江西公司,南昌一战区,江西一区,南昌一办,关店,专卖店,加盟,,,,,,cover_C07055_325943,163414176.0,,,,1,是
C07056,永叔路菜场店,江西公司,南昌一战区,江西二区,南昌三办,关店,专卖店,加盟,街铺,,,,,326017,184947345,6601200109059328013,,,1,是
C07057,新建米罗2店,江西公司,南昌一战区,江西一区,南昌一办,关店,专卖店,加盟,,,,,,,,,,,1,是
C07058,新村店,江西公司,南昌二战区,江西二区,南昌三办,关店,专卖店,加盟,,,,,,,,,,,1,是
C07059,云锦路店（禁用）,江西公司,南昌一战区,江西二区,南昌三办,关店,,加盟,,,,,,,,,,,1,是
C07060,龚村店（禁用）,江西公司,南昌一战区,江西二区,南昌四办,关店,专卖店,加盟,,,,,,,,,,,1,是
C07061,青岛莱西利客来店,浙江公司,青岛战区,山东省区,青岛办,关店,专卖店,加盟,商超,9415690,501466882,,,325393,766045358,,,,1,是
C07062,宝安福永下十围专卖店,广东公司,深圳战区,广东省区,宝安办,关店,专卖店,加盟,街铺,9615343,2038419076,,6015117771849,329790,189940093.0,6908464808832550916,6724909544095171511,,1,是
C07063,福州福飞永辉专卖店,江西公司,福州战区,福建省区,福州办,关店,专卖店,加盟,商超,,,,,,,,,,1,是
C07064,百色高铁站专柜店,广东公司,南宁战区,广西省区,南宁办,关店,专柜店,加盟,高势能,,,,,,,,,,1,是
C07065,杭州萧山创融店,浙江公司,杭州战区,浙江省区,杭州办,关店,专卖店,加盟,街铺,8586454,2032443352,,6013954133849,328837,1213218943,6849353518558513152,3002334761398117680,,1,是
C07066,杭州绍兴中兴大道店,浙江公司,杭州战区,浙江省区,杭州办,关店,专柜店,加盟,街铺,8586449,336764314,,,328843,1710370604,,,,1,是
C07067,江苏溧阳昆仑鑫万家超市店,浙江公司,苏州战区,江苏省区,南京办,关店,专卖店,加盟,特殊渠道,8894745,337192706,,6013971831849,600543,1608011783,,,,1,是
C07068,丰城火车站二店,江西公司,南昌二战区,江西一区,丰新办,关店,专卖店,加盟,高势能,,,,,,,,,,1,是
C07069,直属长春欧亚连锁总部店,陕西公司,沈阳战区,辽吉省区,长春办,关店,专卖店,直营,综合体,9483268,2042018505,,6015116159849,600204,,6813336320035784719,3002367628373529713,,1,是
C07070,直属长春火车站候车室一店,陕西公司,沈阳战区,辽吉省区,长春办,关店,专卖店,直营,高势能,,,,,,,,,,1,是
C07071,直属石家庄裕华万达店,陕西公司,北京战区,京津冀省区,北京办,关店,专卖店,直营,综合体,9784953,,,6015116298849,327090,1986455441,6863120283428079631,,,1,是
C07072,直属胜利路2店,江西公司,南昌一战区,江西二区,南昌三办,正常营业,专卖店,直营,街铺,15932094,1105294510,14930734.0,6014199117849,325949,1253020134,6861199352782800911,6724909329835704428,2026031211077000000115264272|xiniu_xgc_bgc,1,是
C07073,直属黄石万达专卖店,江西公司,九江战区,湖北办,湖北办,关店,专卖店,直营,综合体,,,,,,,,,,1,是
C07075,红岭花园二店,江西公司,南昌一战区,江西一区,南昌一办,正常营业,专卖店,加盟,街铺,7080230,172985253,,6015116871849,329175,860202422,7036642158438254599,3002068584490930244,2026031011077000000115109956|xiniu_xgc_bgc,1,是
C07077,福州连江华光专卖店,江西公司,福州战区,福建省区,福州办,关店,专卖店,加盟,街铺,,,,,,,,,,1,是
C07079,直属沈阳太原街万达二店,陕西公司,沈阳战区,辽吉省区,辽吉直营办,关店,专卖店,直营,综合体,10773670,2044236989,,,325999,1322845217,,,,1,是
C07080,直属沈阳SK客运站店,陕西公司,沈阳战区,辽吉省区,辽吉直营办,关店,专卖店,直营,交通枢纽,8872434,2044246722,,,326000,1427339712,,,,1,是
C07081,直属北京凯德大峡谷店,陕西公司,北京战区,京津冀省区,北京办,关店,专卖店,直营,综合体,14645539,2050321893,,6015115386849,600478,1694642256,7067761616158214152,6724909472630039912,,1,是
C07082,直属石家庄北国超市益东店,陕西公司,北京战区,京津冀省区,北京办,关店,专卖店,直营,商超,9773444,,,,600464,1680731044,,,,1,是
C07088,赣州崇义好又多店,江西公司,赣州战区,江西一区,赣州办,关店,专卖店,加盟,商超,,,,,600486,,,,,1,是
C07091,海口南宝路专卖店,广东公司,海口战区,海南办,海南办,关店,专卖店,加盟,街铺,,,,,,1863941245,,,,1,是
C07092,海口盒马专卖店,广东公司,海口战区,海南办,海南办,关店,专柜店,加盟,特殊渠道,,,,,,,,,,1,否
C07095,三亚海花路专卖店,广东公司,海口战区,海南办,海南办,关店,专卖店,加盟,街铺,8773520,337692209,16914087.0,6014903171849,329077,1849460010,6839703339278665743,6724909308084430847,2025111911077000000113709620|xiniu_xgc_bgc,1,是
C07097,华润解放店,江西公司,南昌一战区,江西一区,南昌二办,暂停营业,专卖店,加盟,商超,9832073,,,6015119949849,329167,1314409920,7513044694058666018,3002290843710460177,,1,是
C07103,海口美兰机场一店,广东公司,海口战区,海南办,海南办,关店,专卖店,加盟,高势能,,,,,,,,,,1,是
C07113,保亭呀诺达专卖店,广东公司,海口战区,海南办,海南办,关店,专卖店,加盟,交通枢纽,,,,,,,,,,1,是
C07114,海口美兰机场T2三店,广东公司,海口战区,海南办,海南办,关店,专卖店,加盟,高势能,,,,,,,,,,1,是
C07117,重庆万州万达永辉店,重庆公司,重庆战区,川渝省区,重庆办,关店,专卖店,加盟,综合体,,,,,,,,,,1,是
C07118,重庆万州万达金街店,重庆公司,重庆战区,川渝省区,重庆办,关店,专卖店,加盟,综合体,,,,,,,,,,1,是
C07119,谢岗润生振兴路店,广东公司,东莞战区,广东省区,东莞办,正常营业,专卖店,加盟,街铺,8991603,500652989,16384114.0,6014132667849,330204,513054167,6810205308695152647,6724909544068464238,,1,是
C07120,直属洪都邮政店,江西公司,南昌一战区,江西二区,南昌三办,正常营业,专卖店,直营,街铺,9176225,1108746781,14311012.0,6014190196849,329176,1692024882,7140580506294454310,3003668991332226483,2025112011077000000113660794|xiniu_xgc_bgc,1,是
C07121,重庆杨家坪轻轨站店,重庆公司,重庆战区,川渝省区,重庆办,关店,专卖店,加盟,高势能,8794580,,,,,1258255096,,,,1,是
C07123,直属洪都旺中旺新店,江西公司,南昌一战区,江西二区,南昌三办,关店,专卖店,直营,,9176226,,,,,676257250,,,,1,是
C07126,华润象湖店,江西公司,南昌一战区,江西二区,南昌四办,正常营业,专卖店,加盟,商超,9832141,2097372944.0,,6015119547849,329171,506705026,6871422464409307150,3003872392993580256,2026032511077000000115558469|xiniu_xgc_bgc,1,是
C07129,红角洲二店,江西公司,南昌一战区,江西一区,南昌一办,正常营业,专卖店,加盟,街铺,8645180,2083849749,,6015119766849,326820,1116296306,6601155479706011661,3002411384739245422,,1,是
C07130,长春欧亚迎宾路店,陕西公司,沈阳战区,辽吉省区,长春办,关店,专卖店,加盟,商超,10383177,2069249540,,,329182,,,,,1,是
C07132,吉安新干国光店,江西公司,宜春战区,江西一区,吉安办,关店,专卖店,加盟,商超,,,,6015118589849,600286,554519133,6639518887941605380,3002864182871135361,,1,是
C07134,旺中旺海上传奇店,江西公司,南昌一战区,江西一区,南昌二办,关店,专卖店,加盟,商超,8914844,,,6015116699849,329174,1717880141,6892967367895156739,3002290324514578913,,1,是
C07135,腾大餐饮杭州西田城店,浙江公司,杭州战区,浙江省区,杭州办,关店,渠道店,加盟,商超,,,,,,,,,,1,是
C07136,腾大餐饮杭州龙湖天街店,浙江公司,杭州战区,浙江省区,杭州办,关店,渠道店,加盟,商超,,,,,,,,,,1,是
C07137,三亚上新村专卖店,广东公司,海口战区,海南办,海南办,关店,专卖店,加盟,商超,13923085,1101934000,,6014904478849,329074,1065562988,7100111349543340069,,,1,是
C07142,海口名门广场专卖店,广东公司,海口战区,海南办,海南办,关店,专卖店,加盟,商超,13915732,506128783,,6014895075849,600999,1907637235,7096008368363407368,,,1,是
C07146,安徽包河万达店,浙江公司,苏州战区,安徽办,安徽办,关店,专柜店,加盟,综合体,,,,,,,,,,1,是
C07147,长春欧亚东南湖大路店,陕西公司,沈阳战区,辽吉省区,长春办,关店,专卖店,加盟,商超,10383175,,,,,,,,,1,是
C07148,长春欧亚临河街店,陕西公司,沈阳战区,辽吉省区,长春办,关店,专卖店,加盟,商超,10383518,501871494,,6015117061849,329184,,6888125915344160771,3001817948837089351,,1,是
C07151,直属南宁琅西专卖店,广东公司,南宁战区,广西省区,南宁办,关店,专卖店,直营,街铺,9034472,311272450,,6013993731849,330109,1915130657,6935163021840893960,6724909307359292267,,1,是
C07152,贵阳黄河路经贸大厦二店,重庆公司,贵阳战区,云贵省区,贵阳办,关店,专卖店,加盟,街铺,9105443,501153151,,6015015303849,329772,1271990541,7062965457988372512,3003673884458852901,,1,是
C07155,湛江海滨昌大昌专卖店,广东公司,广州战区,广东省区,中珠办,关店,专卖店,加盟,街铺,,,,,,1396680019,,,,1,是
C07156,贵阳火车站广场二店,重庆公司,贵阳战区,云贵省区,贵阳办,关店,专卖店,加盟,街铺,8989018,501166599,,,329762,686955936,,,,1,是
C07157,赣州于都长征广场店,江西公司,赣州战区,江西一区,赣州办,正常营业,专卖店,加盟,街铺,501641101,501641101,,6015164356849,600280,,,,,1,是
C07158,邵阳红旗路一店,江西公司,长沙战区,湖南省区,衡邵办,关店,专卖店,加盟,街铺,9349065,,,,329083,1487966474,,,,1,是
C07160,厦门同安禹州大学城店,江西公司,厦门战区,福建省区,闽南办,正常营业,专卖店,加盟,街铺,8914323,337672395,15861086.0,6014010670849,328902,774647740,6875835139423782927,6724909544089426656,2026031011077000000115108993|xiniu_xgc_bgc,1,是
C07161,广州朴朴电商,广东公司,广州战区,广东省区,广佛办,关店,渠道店,加盟,特殊渠道,,,,,,,,,,1,否
C07162,安顺市德胜花园店,重庆公司,贵阳战区,云贵省区,遵义办,正常营业,专卖店,加盟,街铺,9104934,500950020,16638122.0,6014905290849,329753,735032859,6825773742191364108,6724909544130113391,2026031311077000000115372350|xiniu_xgc_bgc,1,是
C07163,邵东缤纷城店,江西公司,长沙战区,湖南省区,衡邵办,关店,专卖店,加盟,街铺,15516109,503361525,,6015164317849,329081,906593899,,3003162641372586664,,1,是
C07164,长沙直属客运西站店,江西公司,长沙战区,湖南省区,长沙办,关店,专卖店,直营,交通枢纽,6610199,,,,311417,195169404,,,,1,是
C07165,进贤军湖路店,江西公司,南昌二战区,江西二区,南昌四办,正常营业,专卖店,加盟,街铺,9474804,502910416,17727218.0,6015119985849,329161,698419673,6862443014946637827,3002803826423702663,,1,是
C07166,赣州于都鹏泰店,江西公司,赣州战区,江西一区,赣州办,关店,专柜店,加盟,商超,,,,6015167417849,600273,,,,,1,是
C07168,大连奥林匹克东门店,陕西公司,沈阳战区,辽吉省区,大连办,关店,专卖店,加盟,综合体,,,,6016495602849,329536,827020301,,,,1,否
C07169,揭阳揭西家家乐专卖店,广东公司,东莞战区,广东省区,惠汕办,关店,专卖店,加盟,街铺,9172658,501171270,,6014224888849,329118,987073883,6860242259787483143,3002425369117958503,,1,是
C07171,直属长春欧亚吉顺店,陕西公司,沈阳战区,辽吉省区,长春办,关店,专卖店,直营,商超,9483266,2043039275,,,600207,,,,,1,是
C07172,贵州六盘水火车站一店,重庆公司,贵阳战区,云贵省区,遵义办,关店,专卖店,加盟,高势能,,,,,cover_C07172_329782,cover_C07172_1323079509,,,,1,是
C07173,贵州六盘水火车站二店,重庆公司,贵阳战区,云贵省区,遵义办,关店,专卖店,加盟,高势能,,,,6015021102849,,940179222,,,,1,是
C07174,北京华联天通中苑店,陕西公司,北京战区,京津冀省区,北京办,关店,专卖店,加盟,商超,,,,,,,,,,1,是
C07175,毕节松山路店,重庆公司,贵阳战区,云贵省区,遵义办,关店,专卖店,加盟,街铺,20982161,,,6014909188849,329759,690756939,6940749387270195232,6724909544097362504,,1,是
C07176,安顺市塔山西路店,重庆公司,贵阳战区,云贵省区,遵义办,关店,专卖店,加盟,街铺,8884364,337043130,16638170.0,6015021909849,329752,1551003914,6838496619923556367,6724909425106245164,2026031311077000000115295379|xiniu_xgc_bgc,1,是
C07177,上饶铅山万盛花园,江西公司,抚州战区,江西二区,上饶办,正常营业,专卖店,加盟,街铺,,,,6015166125849,600294,1629575682,6877807597404112911,,2025111911077000000113669656|xiniu_xgc_bgc,1,是
C07184,河南郑州家家欣购物中心店,陕西公司,郑州战区,河南省区,河南外阜办,关店,专卖店,加盟,商超,9095277,501623749,,,328850,912962332,,,,1,是
C07185,温州龙港人民路专卖店,浙江公司,杭州战区,福建省区,浙南办,关店,专卖店,加盟,街铺,8838310,337682247,,6014010287849,328908,193111977,,,,1,是
C07186,遵义马家湾合力超市店,重庆公司,贵阳战区,云贵省区,遵义办,关店,专卖店,加盟,商超,9032187,500954907,,6015024505849,329755,1239990355,6920711799717234688,3002294612084171351,,1,是
C07191,上海家乐福古北店,浙江公司,上海战区,上海省区,上海办,关店,专卖店,加盟,商超,,,,,,,,,,1,是
C07192,东莞国贸城专卖店,广东公司,东莞战区,广东省区,东莞办,关店,专卖店,加盟,综合体,9615365,,,,330570,1825356087,,,,1,是
C07193,抚南宜黄大润发超市店,江西公司,抚州战区,江西一区,鹰抚办,正常营业,专卖店,加盟,商超,24182576,501961863,15968013.0,6015164367849,600491,961036755,6960661447999227938,6724909544137007013,2026030511077000000115141773|xiniu_xgc_bgc,1,是
C07196,安顺关岭玉屏路店,重庆公司,贵阳战区,云贵省区,遵义办,关店,专卖店,加盟,街铺,9522585,2040948703,,,329751,1445497301,,,,1,是
C07200,直属大连福佳新天地店,陕西公司,沈阳战区,辽吉省区,大连办,关店,专卖店,直营,综合体,,,,,,,,,,1,是
C07201,直属上海家乐福金桥店,浙江公司,上海战区,上海省区,上海一办,关店,专卖店,直营,商超,2038767391,2038767391,,,,,,,,1,是
C07202,东莞松山湖专卖店,广东公司,东莞战区,广东省区,东莞办,关店,专卖店,加盟,街铺,,,,,,,,,,1,是
C07203,衡阳万达步步高店,江西公司,长沙战区,湖南省区,衡邵办,关店,专卖店,加盟,综合体,,,,6015165403849,329086,663042336,6891545393889282048,2161960164409924125,,1,是
C07204,东莞企石华洲专卖店,广东公司,东莞战区,广东省区,东莞办,关店,专卖店,加盟,街铺,,,,,,1537920058.0,,,,1,是
C07205,韶关翁源建国路专卖店,广东公司,广州战区,广东省区,广佛办,关店,专卖店,加盟,街铺,,,,,,1072123275.0,,,,1,是
C07206,三亚崖城佳美专卖店,广东公司,海口战区,海南办,海南办,关店,专卖店,加盟,商超,9270364,2043367471,,,600189,1182375648,,,,1,是
C07207,中山横栏三沙专卖店,广东公司,广州战区,广东省区,中珠办,关店,专卖店,加盟,街铺,20603788,2043843074.0,15967985.0,6014299417849,329129,1551742343,6825873479175358464,3002051135728062937,2026031311077000000115345293|xiniu_xgc_bgc,1,是
C07208,儋州广百家专卖店,广东公司,海口战区,海南办,海南办,关店,专卖店,加盟,商超,,,,,,1451757135,,,,1,是
C07209,临高亿佳百货专卖店,广东公司,海口战区,海南办,海南办,关店,专卖店,加盟,商超,9349798,500676731,,6014893180849,600183,1265557999,,,,1,是
C07213,昆明五华区东风西路店,重庆公司,贵阳战区,云贵省区,昆明办,关店,专卖店,加盟,商超,11045044,,,,,725330654,,,,1,是
C07214,五指山三月三专卖店,广东公司,海口战区,海南办,海南办,关店,专卖店,加盟,商超,9114531,501345476,,6014893063849,600943,1491925120,cover_C07214_6862203235868968964,,,1,是
C07215,北京市场中关村家乐福店,陕西公司,北京战区,京津冀省区,北京办,关店,专卖店,加盟,商超,,,,,,,,,,1,是
C07216,龙岩长汀金碧花园专卖店,江西公司,厦门战区,福建省区,闽南办,关店,专卖店,加盟,街铺,8954105,501755762,,6015209217849,328903,1140882585,6601173325941049357,3002026040471294073,,1,是
C07217,昌东长胜店,江西公司,南昌一战区,江西一区,南昌二办,正常营业,专卖店,加盟,街铺,27467282,171123829,17727230.0,6015130202849,329163,90112199,6601197729559365646,,,1,是
C07218,上海十荟团,浙江公司,上海战区,上海省区,上海一办,关店,渠道店,加盟,特殊渠道,,,,,,,,,,1,是
C07220,贵阳贵乌北路合力超市店,重庆公司,贵阳战区,云贵省区,贵阳办,关店,专卖店,加盟,商超,9034620,501166685,,6015015302849,329775,1361878919,,,,1,是
C07221,贵阳花溪步行街二店,重庆公司,贵阳战区,云贵省区,贵阳办,关店,专卖店,加盟,街铺,7502757,501161659,,6014905299849,329774,9034618,7215156334826620989,6724909544067395611,,1,是
C07222,吉安青原滨江首府店,江西公司,赣州战区,江西一区,吉安办,正常营业,专卖店,加盟,街铺,9798874,500957419,16189385.0,6015130215849,600282,553287361,6896966533239539726,3002140465688421860,,1,是
C07223,杭州柯桥天虹店,浙江公司,杭州战区,浙江省区,杭州办,关店,专卖店,加盟,,,,,,,,,,,1,是
C07224,北京每日优鲜店,陕西公司,北京战区,京津冀省区,北京办,关店,渠道店,加盟,特殊渠道,,,,,,,,,,1,是
C07226,西安永辉丰禾路店,陕西公司,西安战区,陕西省区,西安办,关店,专卖店,加盟,商超,9155730,2041800495,,6013999421849,329552,1112602628,6722964733907060743,,,1,是
C07227,贵阳市清镇富强路店,重庆公司,贵阳战区,云贵省区,贵阳办,关店,专卖店,加盟,街铺,9273176,501166680,,6015024509849,329766,667162735,6841695375548614663,6724909544100932677,,1,是
C07228,邵阳沃尔玛店,江西公司,长沙战区,湖南省区,衡邵办,关店,专卖店,加盟,商超,,,,,,,,,,1,是
C07229,南山区海岸城专卖店,广东公司,深圳战区,广东省区,宝安办,关店,专卖店,加盟,街铺,,,,,,,,,,1,是
C07233,黄岛维客运海城店,浙江公司,青岛战区,山东省区,青岛办,关店,专柜店,加盟,商超,9019292,2036905512,,,328591,1425670676,,,,1,是
C07235,烟台开发区万达（烟台港银商贸有限公司）,浙江公司,青岛战区,山东省区,青岛办,关店,专卖店,加盟,综合体,9389176,2043960767,16130465.0,6015069716849,328593,542059625,6859382992809232388,,,1,是
C07236,柳州鹿寨西路专卖店,广东公司,南宁战区,广西省区,柳桂办,关店,专卖店,加盟,街铺,9088678,501100810,,6014904234849,330121,1084823063,,,,1,是
C07237,吉安五里店,江西公司,赣州战区,江西一区,吉安办,关店,专卖店,加盟,街铺,14937897,,,6015596323849,,1939481378,7148230763589142528,3003326114604032600,,1,是
C07238,东莞虎门大宁专卖店,广东公司,东莞战区,广东省区,东莞办,关店,专卖店,加盟,街铺,9231071,500677844,,,329140,1771105487.0,,,,1,是
C07239,株洲天元区天虹百货店,江西公司,长沙战区,湖南省区,长沙办,关店,专卖店,加盟,综合体,,,,,,,,,,1,是
C07240,钦州巨龙中心广场专卖店,广东公司,南宁战区,广西省区,南宁办,关店,专卖店,加盟,街铺,9034473,337547724,16384010.0,6014893236849,330114,1022149810,6870276797251045380,,,1,是
C07241,西安永辉友谊东路店,陕西公司,西安战区,陕西省区,西安办,关店,专卖店,加盟,商超,9158756,500591408,,6013998413849,329545,835767795,6906611997425534991,,,1,是
C07242,青岛胶州大润发宝龙店,浙江公司,青岛战区,山东省区,青岛办,关店,专柜店,加盟,商超,9221201,337583096,,6015069711849,328592,655653020,6859669830132336655,3002830530341310861,,1,是
C07243,直属长春欧亚苏州南街店,陕西公司,沈阳战区,辽吉省区,长春办,关店,专卖店,直营,商超,9483267,2084349972,,6015119880849,600206,,6975260231022430245,2161784421176535531,,1,是
C07244,青岛北站店,浙江公司,青岛战区,山东省区,青岛办,关店,专卖店,加盟,高势能,,,,,,,,,,1,是
C07249,青岛李沧利客来公园店,浙江公司,青岛战区,山东省区,青岛办,关店,专柜店,加盟,商超,9390263,,,,328595,,,,,1,是
C07250,青岛平度大润发,浙江公司,青岛战区,山东省区,青岛办,关店,专柜店,加盟,商超,11676477,,,6015061199849,328610,941869672,,,,1,是
C07251,烟台芝罘大润发,浙江公司,青岛战区,山东省区,青岛办,关店,专柜店,加盟,商超,9735048,2043890685,,6015070611849,328594,1559283068,6876427669982939147,,,1,是
C07252,烟台莱州大润发,浙江公司,青岛战区,山东省区,青岛办,关店,专柜店,加盟,商超,9903068,501321705,,6015056396849,328598,1667363323,6862861196735891469,3002899226045785292,,1,是
C07253,青岛李沧乐客城,浙江公司,青岛战区,山东省区,青岛办,正常营业,专卖店,加盟,综合体,9389179,,,6015058697849,328596,1816113958,6850418843643381773,6724909389941485361,,1,是
C07254,贵阳市观山湖龙泉苑店,重庆公司,贵阳战区,云贵省区,贵阳办,关店,专卖店,加盟,街铺,9187479,501131779,,6015016920849,329767,1519031643,7025852266305456165,,,1,是
C07255,绿禾网,浙江公司,杭州战区,浙江省区,金衢办,关店,渠道店,加盟,特殊渠道,,,,,,,,,,1,是
C07256,长沙十荟团(南昌春喆商贸),江西公司,长沙战区,湖南省区,长沙办,关店,渠道店,加盟,特殊渠道,,,,,,,,,,1,是
C07261,重庆九龙坡盘龙奥园店,重庆公司,重庆战区,川渝省区,重庆办,关店,专卖店,加盟,,,,,,,,,,,1,是
C07262,侧式账号,重庆公司,重庆战区,川渝省区,重庆办,正常营业,,加盟,,,,,,,,,,,1,是
C07263,侧式账号1,陕西公司,西安战区,陕西省区,西安办,关店,,加盟,,,,,,,,,,,1,是
C07264,宁波洛滋广场店,浙江公司,杭州战区,浙江省区,宁波办,关店,专卖店,加盟,综合体,9074661,337448245,,,600106,1470982546,,,,1,是
C07265,常德华润万家超市店,江西公司,长沙战区,湖南省区,长沙办,关店,专卖店,加盟,综合体,,,,,,,,,,1,是
C07269,川渝春平食品商行,重庆公司,重庆战区,川渝省区,重庆办,关店,渠道店,加盟,特殊渠道,,,,,,,,,,1,是
C07270,兴义市大尔多超市店,重庆公司,贵阳战区,云贵省区,遵义办,关店,专卖店,加盟,商超,8989281,1317930046,16638114.0,6014904395849,329749,1554994591,6926448445007857671,6724909495707617058,2026031311077000000115248488|xiniu_xgc_bgc,1,是
C07271,长沙恒大雅苑店,江西公司,长沙战区,湖南省区,长沙办,关店,专卖店,加盟,街铺,9269735,500542598,,,330277,1582452888,,,,1,是
C07272,昆明南亚风情美食城店,重庆公司,贵阳战区,云贵省区,昆明办,关店,专卖店,加盟,街铺,8989197,501090523,,,329739,1718821128,,,,1,是
C07273,长沙伍家岭店,江西公司,长沙战区,湖南省区,长沙办,关店,专卖店,加盟,街铺,,,,,,,,,,1,是
C07274,直属大连商场二店,陕西公司,沈阳战区,辽吉省区,大连办,关店,专卖店,直营,综合体,,,,,,,,,,1,是
C07275,长沙华海3C店,江西公司,长沙战区,湖南省区,长沙办,关店,专卖店,加盟,,,,,,,,,,,1,是
C07276,长沙市岳麓区润龙超市店,江西公司,长沙战区,湖南省区,长沙办,关店,专卖店,加盟,街铺,9038452,,,,330280,1580903565,,,,1,是
C07277,杭州湖州绿城长兴广场店,浙江公司,杭州战区,浙江省区,杭州办,关店,专卖店,加盟,街铺,,,,,,,,,,1,是
C07278,直属贵阳观山湖福州街店,重庆公司,贵阳战区,云贵省区,贵阳办,暂停营业,专卖店,直营,街铺,7149160,501156711,16189145.0,6014201066849,329769,193678152,6707451090708793347,6724909395046341314,2026031311077000000115315359|xiniu_xgc_bgc,1,是
C07279,太原沃尔玛三墙路店,陕西公司,西安战区,山西办,山西办,关店,专卖店,加盟,商超,9108094,,,,600469,1632520277,,,,1,是
C07280,太原沃尔玛长风街店,陕西公司,西安战区,山西办,山西办,关店,专卖店,加盟,商超,9108096,501294297,,,600472,1267677217,,,,1,是
C07281,太原沃尔玛阳泉店,陕西公司,西安战区,山西办,山西办,关店,专卖店,加盟,商超,10080170,501304233,,,600474,1529372361,,,,1,是
C07282,广州石井万家广场专卖店,广东公司,广州战区,广东省区,广佛办,关店,专卖店,加盟,街铺,9273537,500824234,14725178.0,6014260225849,600074,167390033,6601196823564535816,6724909544069972564,2026031911077000000115345872|xiniu_xgc_bgc,1,是
C07283,江苏徐卅市金阳家园店,浙江公司,苏州战区,江苏省区,南京办,关店,专卖店,加盟,街铺,16305043,1127403280,,6013969394849,330095,1368882796,7166906502627493928,3003438937678160517,,1,是
C07284,儋州广百家二店,广东公司,海口战区,海南办,海南办,关店,专卖店,加盟,商超,9122765,500651657,,6014904955849,600713,,6870651712802146307,,,1,是
C07285,直属中山富业广场专卖店,广东公司,广州战区,广东省区,中珠办,关店,专卖店,直营,街铺,9457719,500817376,,6013991959849,328531,1175276714,7122807034541508647,3002550107155014152,,1,是
C07286,中山小榄汇丰城专卖店,广东公司,广州战区,广东省区,中珠办,关店,专卖店,直营,街铺,,,,,,838501488,,,,1,是
C07287,东莞南城第一国际专卖店,广东公司,东莞战区,广东省区,东莞办,关店,专卖店,加盟,街铺,,,,,,919621562,,,,1,是
C07293,直属南宁青秀万达2号门广场专卖店,广东公司,南宁战区,广西省区,南宁办,关店,专卖店,直营,综合体,9385244,2043795621,,,330122,164005846,,,,1,是
C07294,邵东荷田路店,江西公司,长沙战区,湖南省区,衡邵办,正常营业,专卖店,加盟,街铺,10485516,503336599,17146731.0,6015116876849,329082,769698143,6862993631960123400,3003674210463588473,2025112011077000000113756233|xiniu_xgc_bgc,1,是
C07295,重庆沙坪坝金阳沃尔玛店,重庆公司,重庆战区,川渝省区,重庆办,关店,专卖店,加盟,商超,14173234,,,6014709881849,328873,1906951827,6843361166408910860,,,1,是
C07296,中山坦洲四季城壹加壹专卖店,广东公司,广州战区,广东省区,中珠办,关店,专卖店,加盟,商超,10053081,2043851476,,6014225838849,329131,1970202381,6885533787531347971,3001877166640010891,,1,是
C07297,直属义乌新城吾悦店,浙江公司,杭州战区,浙江省区,金衢办,关店,专卖店,直营,,,,,,,,,,,1,是
C07298,湖北武汉译翔丽专卖店,江西公司,九江战区,湖北办,湖北办,关店,渠道店,加盟,特殊渠道,,,,,,,,,,1,是
C07299,赣州杨梅新村店,江西公司,赣州战区,江西一区,赣州办,关店,专卖店,加盟,街铺,,,,6015147913849,400271,,,,,1,是
C07300,大连星河广场店,陕西公司,沈阳战区,辽吉省区,大连办,关店,专卖店,加盟,综合体,15081308,1108551465,,6015416322849,329535,839381385,7097882583494100999,,,1,是
C07301,高新鸿海溪园店,江西公司,南昌一战区,江西一区,南昌二办,关店,专卖店,加盟,街铺,16433110,,,6015166043849,329162,,6950260881875863589,,,1,是
C07303,罗湖水库新村店,广东公司,深圳战区,广东省区,龙岗办,正常营业,专卖店,加盟,街铺,9117553,2043179148,14594558.0,6014172740849,329135,1148938571,6601141157906876424,3002494105985946697,2026031811077000000115293799|xiniu_xgc_bgc,1,是
C07304,哈尔滨金爵万象店,陕西公司,沈阳战区,辽吉省区,哈尔滨办,关店,专卖店,加盟,特殊渠道,,,,,,,,,,1,是
C07305,重庆惠工路步行街店,重庆公司,重庆战区,川渝省区,重庆办,关店,专卖店,加盟,街铺,9104845,2041790338,,6015006928849,330104,1384165112,6863046790787172364,6724909463848369819,,1,是
C07307,直属新建长堎店,江西公司,南昌一战区,煌大江西一区,南昌办,关店,,直营,,,,,,,,,,,1,否
C07308,直属新建子安路店,其他,,煌大江西一区,南昌办,正常营业,,直营,,,,,,,,,,,1,否
C07309,直属新建北郊店,江西公司,南昌一战区,煌大江西一区,南昌办,正常营业,,直营,,,,,,,,,,,1,否
C07310,直属农药厂店,江西公司,南昌一战区,煌大江西一区,南昌办,关店,,直营,,,,,,,,,,,1,否
C07311,直属贤士花园店,江西公司,南昌一战区,煌大江西一区,南昌办,正常营业,,直营,,,,,,,,,,,1,否
C07312,揭阳揭西棉湖店,广东公司,东莞战区,广东省区,惠汕办,正常营业,专卖店,加盟,街铺,9569452,2043493243,16638145.0,6014268514849,329112,1760097560,6857369163128719367,3002047189917412696,2026031811077000000115314738|xiniu_xgc_bgc,1,是
C07313,重庆合川大润发店,重庆公司,重庆战区,川渝省区,重庆办,关店,专卖店,加盟,商超,9081487,,,,,1200543828,,,,1,是
C07316,青岛市南宁夏路大润发,浙江公司,青岛战区,山东省区,青岛办,关店,专柜店,加盟,商超,11676461,,,6015074620849,332916,,6891216547805693960,6724909544130401362,,1,是
C07318,杭州留下店,浙江公司,杭州战区,浙江省区,杭州办,关店,专卖店,加盟,街铺,9340382,2042665591,,6013953085849,600099,1499977687,,,,1,是
C07319,天津西青区永旺购物中心店,陕西公司,北京战区,京津冀省区,天津办,关店,专卖店,加盟,商超,,,,,,,,,,1,是
C07320,上饶信州区中心广场店,江西公司,抚州战区,江西二区,上饶办,关店,专卖店,加盟,街铺,8996820,,,,,1863984642,,,,1,是
C07321,海口越秀路专卖店,广东公司,海口战区,海南办,海南办,关店,专卖店,加盟,街铺,,,,,,1664073578,,,,1,是
C07322,长春欧亚自由大路店,陕西公司,沈阳战区,辽吉省区,长春办,关店,专卖店,加盟,商超,11914915,502531840,,6015120051849,600789,,7146145962803595297,3003631743155114033,,1,是
C07326,青岛市北四方利群,浙江公司,青岛战区,山东省区,青岛办,关店,专卖店,加盟,商超,9389175,2069441482,,,328600,1778901265,,,,1,是
C07327,青岛市北新源利群,浙江公司,青岛战区,山东省区,青岛办,关店,专柜店,加盟,商超,9389173,2069431089,,6015071109849,328601,1813707864,,,,1,是
C07328,青岛市北海琴利群,浙江公司,青岛战区,山东省区,青岛办,关店,专柜店,加盟,商超,,,,,,,,,,1,是
C07331,直属南京马鞍山欧尚店,浙江公司,苏州战区,江苏省区,南京办,关店,专卖店,直营,,,,,,,,,,,1,是
C07332,惠州汇禾购物广场专卖店,广东公司,东莞战区,广东省区,惠汕办,关店,专卖店,加盟,商超,13418252,,,6014315007849,601138,,7020256539361413120,,,1,是
C07333,华润铁路店,江西公司,南昌一战区,江西二区,南昌三办,关店,专柜店,加盟,商超,12446158,2097721252,,6015129816849,329172,918032063,,,,1,是
C07334,华润滨江店,江西公司,南昌一战区,江西二区,南昌三办,正常营业,专卖店,加盟,商超,9621849,500850008,,6015098564849,329166,675361613,6932214403148302340,3001751338012349395,,1,是
C07336,直属南京中央超级物种店,浙江公司,苏州战区,江苏省区,南京办,关店,专卖店,直营,,,,,,,,,,,1,是
C07338,邹平黄山二路圣豪超市,浙江公司,青岛战区,山东省区,济南办,关店,专卖店,加盟,商超,9521959,,,6015070301849,328603,1211706903,6912551442783930375,,,1,是
C07339,河南郑州嵩山路丹尼斯店,陕西公司,郑州战区,河南省区,郑州办,关店,专卖店,加盟,商超,12546678,2097812081,,6013998039849,600897,1939232516,6928873213636118535,,,1,是
C07340,天津永辉万达塘沽店,陕西公司,北京战区,京津冀省区,天津办,关店,专卖店,加盟,综合体,9786772,,,,,,,,,1,是
C07341,天津永辉SM店,陕西公司,北京战区,京津冀省区,天津办,关店,专卖店,加盟,商超,9786773,,,,600458,,,,,1,是
C07342,天津永辉熙悦汇店,陕西公司,北京战区,京津冀省区,天津办,关店,专卖店,加盟,商超,9786775,,,,,,,,,1,是
C07343,昆明大树营店,重庆公司,贵阳战区,云贵省区,昆明办,关店,专卖店,加盟,,,,,,,1901156844,,,,1,是
C07344,陕西兰州西太华店,陕西公司,西安战区,陕西省区,兰州办,关店,专卖店,加盟,商超,9369568,2041512653,,,329804,1360160508,6870017623652976652,,,1,是
C07346,陕西兰州华联西站万辉店,陕西公司,西安战区,陕西省区,兰州办,关店,专卖店,加盟,商超,9369570,2041494470,,,329803,1537482703,6844440195962570767,,,1,是
C07347,宝安观澜富士康北门店,广东公司,深圳战区,广东省区,宝安办,关店,专卖店,加盟,街铺,9057440,337552827,,6014173538849,329142,1463748153,6909581206401058829,6724909544132319596,,1,是
C07348,腾大餐饮杭州滨江龙湖天街店,浙江公司,杭州战区,浙江省区,杭州办,关店,渠道店,加盟,商超,,,,,,,,,,1,是
C07349,杭州西溪欢乐城店,浙江公司,杭州战区,浙江省区,杭州办,关店,专卖店,加盟,商超,9045070,2038699088,,,328838,1308844486,,,,1,是
C07350,杭州临浦店,浙江公司,杭州战区,浙江省区,杭州办,关店,专卖店,加盟,,,,,,,,,,,1,是
C07351,杭州绍兴欧尚店,浙江公司,杭州战区,浙江省区,杭州办,关店,专卖店,加盟,综合体,9265232,302024036,,,600322,1010199909,,,,1,是
C07352,南京迈皋桥沃尔玛店,浙江公司,苏州战区,江苏省区,南京办,关店,专卖店,加盟,综合体,9509537,,,,,,,,,1,是
C07354,北京欧尚科兴店,陕西公司,北京战区,京津冀省区,北京办,关店,专卖店,加盟,商超,11604058,2038637197,,,328949,,,,,1,是
C07355,北京欧尚四季青店,陕西公司,北京战区,京津冀省区,北京办,关店,专卖店,加盟,商超,10751742,,,,600445,,,,,1,是
C07356,济南历城花园路大润发,浙江公司,青岛战区,山东省区,济南办,关店,专卖店,加盟,商超,9616979,2039034343,,6015057999849,328599,1003418180,6846219512648452103,6724909252641562212,,1,是
C07357,济南历下大润发店,浙江公司,青岛战区,山东省区,济南办,关店,专柜店,加盟,商超,9389174,2040997419,,6015071105849,328606,1373849064,6834054868978714628,3002803865230479392,,1,是
C07358,华润谢家村店,江西公司,南昌一战区,江西一区,南昌二办,关店,专卖店,加盟,街铺,9294315,2139545343,,6015119874849,329156,686293368,6877535654390056971,3003581670528947825,,1,是
C07361,贵阳小河转盘二店,重庆公司,贵阳战区,云贵省区,贵阳办,关店,专卖店,加盟,街铺,10276802,501106424,,6014970631849,329761,1741918311,7150946161547806720,,,1,是
C07362,常德汉寿金湾超市店,江西公司,长沙战区,湖南省区,长沙办,关店,专卖店,加盟,商超,,,,,,,,,,1,是
C07363,兴义市坪东万和大地店,重庆公司,贵阳战区,云贵省区,遵义办,关店,专卖店,加盟,商超,9416607,,,,329750,1096575468,,,,1,是
C07365,江苏南通通州大润发店,浙江公司,苏州战区,江苏省区,苏州办,关店,专卖店,加盟,商超,9221156,500823160,,6013972310849,328885,1823117968,6873863908168402951,3003091752222240233,,1,是
C07366,常德汉寿步行街渠道店,江西公司,长沙战区,湖南省区,长沙办,关店,渠道店,加盟,特殊渠道,9349063,,,,,,,,,1,是
C07367,常德临澧县人民街店,江西公司,长沙战区,湖南省区,长沙办,关店,专卖店,加盟,街铺,,,,,,,,,,1,是
C07368,南宁汇东星世界专卖店,广东公司,南宁战区,广西省区,南宁办,关店,专卖店,加盟,街铺,9299001,2038822672,,6014894631849,330115,998801583,,,,1,是
C07369,萍乡建设西路店,江西公司,宜春战区,江西二区,宜春办,正常营业,专卖店,加盟,街铺,14407560,,,6015130849849,328921,1125553152,6846788292961142799,3001869322348302379,,1,是
C07370,宝安龙华东环路专卖店,广东公司,深圳战区,广东省区,宝安办,关店,专卖店,加盟,街铺,501901158,501901158,,,,,,,,1,是
C07371,直属天津永辉大港店,陕西公司,北京战区,京津冀省区,天津办,关店,专卖店,直营,商超,,,,,,,,,,1,是
C07372,直属天津永辉集贤店,陕西公司,北京战区,京津冀省区,天津办,关店,专卖店,直营,商超,9665780,,,,,,,,,1,是
C07374,陕西兰州大润发店,陕西公司,西安战区,陕西省区,兰州办,关店,专卖店,加盟,商超,9369572,2038354806,,,329802,707670084,,,,1,是
C07375,包头沃尔玛购物广场店,陕西公司,北京战区,京津冀省区,北京办,关店,专卖店,加盟,商超,,,,,,,,,,1,是
C07379,西安交大成山农场店,陕西公司,西安战区,陕西省区,西安办,关店,专卖店,加盟,商超,,,,,,,,,,1,是
C07380,定岗3店,江西公司,南昌一战区,江西二区,南昌四办,正常营业,专卖店,加盟,街铺,,,,6015118390849,600237,1400262798,6894758784497879040,,2026030211077000000115170559|xiniu_xgc_bgc,1,是
C07381,直属宁波江北万达店,浙江公司,杭州战区,浙江省区,宁波办,关店,专卖店,加盟,综合体,9186680,500821912,,,328964,1839523641,,,,1,是
C07382,揭阳榕城卢前路专卖店,广东公司,东莞战区,广东省区,惠汕办,关店,专卖店,加盟,街铺,29214306,2042576251,19553938.0,6014224588849,329119,1576044289,6601146774587443203,6724909437754865046,,1,是
C07383,北京永辉回龙观店,陕西公司,北京战区,京津冀省区,北京办,关店,专卖店,加盟,商超,,,,,,,,,,1,是
C07384,北京永辉清河店,陕西公司,北京战区,京津冀省区,北京办,关店,专卖店,加盟,商超,,,,,,,,,,1,是
C07385,北京永辉百子湾店,陕西公司,北京战区,京津冀省区,北京办,关店,专卖店,加盟,商超,,,,,cover_C07385_328950,cover_C07385_1311684936,,,,1,是
C07386,北京永辉温都水城店,陕西公司,北京战区,京津冀省区,北京办,关店,专卖店,加盟,商超,,,,,,,,,,1,是
C07387,昆明百盛南屏街店,重庆公司,贵阳战区,云贵省区,昆明办,关店,专卖店,加盟,商超,9453078,501105793,,,329784,811951804,,,,1,是
C07388,安徽香铺服务区专柜,浙江公司,苏州战区,安徽办,安徽办,关店,专柜店,加盟,交通枢纽,,,,,,,,,,1,否
C07390,陵水英州市场西门专卖店,广东公司,海口战区,海南办,海南办,关店,专卖店,加盟,街铺,11419091,2092840802,16130470.0,6014902295849,600706,1646005451,7046011605930379298,,,1,是
C07391,广州荔湾好一佳专卖店,广东公司,广州战区,广东省区,广佛办,关店,渠道店,加盟,街铺,9569223,501658749,,6014225576849,600075,1635401253,6892519754087532544,6724909544074958942,,1,是
C07392,昆明和谐广场店,重庆公司,贵阳战区,云贵省区,昆明办,关店,专卖店,加盟,街铺,,,,6015020404849,329779,1406258441,,,,1,是
C07393,航空城大道瑶湖花园店,江西公司,南昌一战区,江西一区,南昌二办,暂停营业,专卖店,加盟,街铺,,,,6015119765849,600243,1391698639,6933328708048521216,3002803826473706683,2025112011077000000113683726|xiniu_xgc_bgc,1,是
C07394,化州新安幸福路专卖店,广东公司,广州战区,广东省区,中珠办,关店,专卖店,加盟,街铺,,,,6014225692849,329114,1927249071,7003932397771163685,3002113851766285776,,1,否
C07395,玉兰路店,江西公司,南昌一战区,江西二区,南昌三办,关店,专卖店,加盟,街铺,11506632,,,,329158,1438506784,,,,1,是
C07396,东升万科城店,江西公司,南昌一战区,江西一区,南昌二办,正常营业,专卖店,加盟,街铺,,,,6015120072849,329157,1798873753,6856138030231635971,6724909488846559195,,1,是
C07397,东莞寮步万科松湖专卖店,广东公司,东莞战区,广东省区,东莞办,关店,专卖店,加盟,街铺,9346029,501393522,,6014133779849,329121,1227613930,6822239386155878415,6724909379419712912,,1,是
C07398,海口凤翔东路专卖店,广东公司,海口战区,海南办,海南办,关店,专卖店,加盟,街铺,9203611,500706686,21960124.0,6014901161849,600172,1887677045,6836552079134246920,,2026031811077000000115365725|xiniu_xgc_bgc,1,是
C07399,鹰抚贵溪流口镇店,江西公司,抚州战区,江西一区,鹰抚办,关店,专卖店,加盟,街铺,,,,6015118594849,328920,,6887532751109621774,,,1,是
C07400,三亚上东海岸专卖店,广东公司,海口战区,海南办,海南办,关店,专卖店,加盟,商超,10916872,501866327,,,600773,640862575,,,,1,是
C07402,海城大润发店,陕西公司,沈阳战区,辽吉省区,大连办,关店,专卖店,加盟,商超,10517161,2059152418,,6015117066849,600136,,6935554891565762594,3002338275709751413,,1,是
C07419,江苏苏州浒关大润发店,浙江公司,苏州战区,江苏省区,苏州办,关店,专卖店,加盟,商超,9280995,500803325,,6013972012849,330096,1916193206,6864538885364451341,6724909544083785889,,1,是
C07420,甘肃陇西盛世联华店,陕西公司,西安战区,陕西省区,兰州办,关店,专卖店,加盟,商超,9159803,337556391,,6013997923849,329805,1600026970,6826164743628212227,,,1,是
C07422,甘肃兰州西固中街店,陕西公司,西安战区,陕西省区,兰州办,关店,专卖店,加盟,街铺,9435824,2042443401,,,329548,708117123,6863693131490117645,,,1,是
C07423,宁德霞浦南街专卖店,江西公司,福州战区,福建省区,福州办,关店,专卖店,加盟,街铺,,,,,,,,,,1,是
C07424,南昌安义前进路店,江西公司,南昌二战区,江西二区,宜春办,正常营业,专卖店,加盟,街铺,21673563,518490853,,6015165709849,328923,1664030374,7094980000792709124,,2025112011077000000113705660|xiniu_xgc_bgc,1,是
C07426,江苏徐州壹方城卜蜂莲花店,浙江公司,苏州战区,江苏省区,南京办,关店,专卖店,加盟,商超,9760846,,,,,,,,,1,是
C07427,莲塘银三角店,江西公司,南昌一战区,江西二区,南昌四办,正常营业,专卖店,加盟,街铺,,,,6015118985849,329165,1864880813,6847312862902339592,6724909544077645458,,1,是
C07428,桂林全州步行街专卖店,广东公司,南宁战区,广西省区,柳桂办,关店,专卖店,加盟,街铺,9379351,2044355483.0,,6015241310849,330118.0,1027835798.0,6870734581339801604,,,1,是
C07432,江苏南通世贸广场店,浙江公司,苏州战区,江苏省区,苏州办,关店,专卖店,加盟,街铺,9209090,500830266,,,330864,1211567368,,,,1,是
C07433,甘肃兰州西固华联店,陕西公司,西安战区,陕西省区,兰州办,关店,专卖店,加盟,商超,9316939,2041087780,,6016774503849,329547,1843367707,6864739924852115468,,,1,是
C07434,湘潭城市盒子情景购物街店,江西公司,长沙战区,湖南省区,株洲办,关店,专卖店,加盟,街铺,9127453,500850005,,6016829680849,330276,719140712,6820946312964392964,6724909340814873987,,1,是
C07435,宜春环城南路店,江西公司,宜春战区,江西二区,宜春办,正常营业,专卖店,加盟,商超,,,,6015164346849,328922,1536179039,7180294196077529127,3002703905568138362,2025111911077000000113721589|xiniu_xgc_bgc,1,是
C07436,河南兴盛优选渠道账户,陕西公司,郑州战区,河南省区,郑州办,关店,渠道店,加盟,特殊渠道,,,,,,,,,,1,是
C07437,九江江洲菜场店,江西公司,九江战区,江西二区,九江办,关店,专卖店,加盟,街铺,,,,6015164330849,,,,,,1,是
C07440,朝阳丁家洲店,江西公司,南昌一战区,江西二区,南昌三办,关店,专卖店,加盟,街铺,,,,6015093062849,600218,1064321815,6888589676794464267,,,1,是
C07441,澄迈永佳超市专卖店,广东公司,海口战区,海南办,海南办,关店,专卖店,加盟,商超,9432649,500793445,,6014906069849,600168,1546462175,6867474512301148173,,,1,是
C07443,东莞中天沃尔玛专卖店,广东公司,东莞战区,广东省区,东莞办,关店,专卖店,加盟,综合体,,,,,,,,,,1,是
C07444,福州福清东部新城专卖店,江西公司,福州战区,福建省区,福州办,关店,专卖店,加盟,商超,,,,,,,,,,1,是
C07445,宝安西乡共乐专卖店,广东公司,深圳战区,广东省区,宝安办,关店,专卖店,加盟,街铺,9569222,,,6015118539849,329143,1399874461,7167196536852449288,,,1,是
C07446,日照大润发,浙江公司,青岛战区,山东省区,青岛办,关店,专柜店,加盟,商超,9389178,,,6015062069849,328607,798948391,6859375500851300366,6724909321626069666,,1,是
C07447,直属上海颛桥万达店,浙江公司,上海战区,上海省区,上海一办,关店,专卖店,直营,综合体,,,,,,,,,,1,是
C07448,直属长春火车站候车室二店,陕西公司,沈阳战区,辽吉省区,长春办,关店,专卖店,直营,高势能,,,,,,,,,,1,是
C07451,都匀独山繁华里店,重庆公司,贵阳战区,云贵省区,贵阳办,关店,专卖店,加盟,街铺,10136795,501168201,,6015014630849,329785,1757026875,6902528393510651919,3003149672420348001,,1,是
C07452,鹰抚抚州大润发店,江西公司,抚州战区,江西一区,鹰抚办,关店,专卖店,加盟,,,,,,,,,,,1,是
C07453,威海大润发世昌店,浙江公司,青岛战区,山东省区,青岛办,关店,专柜店,加盟,商超,cover_C07453_9415795,cover_C07453_501385433,,6015056397849,329677,cover_C07453_1685654506,6862675064010098703,6724909544069985055,,1,是
C07454,三亚和平路专卖店,广东公司,海口战区,海南办,海南办,关店,专卖店,加盟,街铺,9330795,,,6014903170849,600185,1735827256,,,,1,是
C07455,昆明广福大润发店,重庆公司,贵阳战区,云贵省区,昆明办,关店,专卖店,加盟,商超,,,,6015017614849,,,,,,1,是
C07459,直属宝安公明金安路专卖店,广东公司,深圳战区,广东省区,宝安办,关店,专卖店,直营,街铺,,,,,,,,,,1,是
C07460,昆明世纪城茗春苑店,重庆公司,贵阳战区,云贵省区,昆明办,关店,专卖店,加盟,街铺,9379295,501151331,,6015006929849,329747,1672250779,6870351882850764814,6724909544096913906,,1,是
C07461,江苏宿迁重岗山服务区店,浙江公司,苏州战区,江苏省区,南京办,关店,专卖店,加盟,交通枢纽,,,,,,,,,,1,是
C07462,青岛即墨佳乐家,浙江公司,青岛战区,山东省区,青岛办,关店,专柜店,加盟,商超,9389177,,,6015070608849,328609,722399120,,3002309877131088998,,1,是
C07463,直属南京北京华联苜蓿园店,浙江公司,苏州战区,江苏省区,南京办,关店,专卖店,直营,商超,,,,,,,,,,1,是
C07465,直属重庆江北大石坝东原店,重庆公司,重庆战区,川渝省区,重庆办,关店,专卖店,直营,,,,,,,,,,,1,是
C07466,直属长春欧亚宜盛店,陕西公司,沈阳战区,辽吉省区,长春办,关店,专卖店,直营,商超,9483265,502056231,,6015115764849,600205,,6845910725928552455,3002302068652745321,,1,是
C07468,儋州白马井万家惠专卖店,广东公司,海口战区,海南办,海南办,关店,专卖店,加盟,商超,9432396,500671619,,6014893273849,600169,1622677210,,,,1,是
C07469,石家庄北国怀特店,陕西公司,北京战区,京津冀省区,北京办,关店,专卖店,加盟,商超,10877379,,,,600476,,,,,1,是
C07470,江纺东门农贸市场店,江西公司,南昌一战区,江西一区,南昌二办,正常营业,专卖店,加盟,街铺,3026431,157407063,16189139.0,6015118451849,601232,160260252,6860993666387904519,6724909544115573209,2026031011077000000115308034|xiniu_xgc_bgc,1,是
C07471,清远万达广场专卖店,广东公司,广州战区,广东省区,广佛办,关店,专卖店,加盟,综合体,9271336,2043613073,14725176.0,6014225564849,329109,1867107634,6601152044118050823,3001978711069889614,,1,是
C07472,万宁华亚专卖店,广东公司,海口战区,海南办,海南办,关店,专卖店,加盟,商超,9417327,2043482319,,6014901168849,600191,929059949,6922937874207737870,3002278514755611913,,1,是
C07473,三亚商品街专卖店,广东公司,海口战区,海南办,海南办,关店,专卖店,加盟,街铺,9134123,500798264,16130473.0,6014904477849,600187,1963246590,6893627845470324736,3003091150332535616,,1,是
C07474,五指山百佳汇专卖店,广东公司,海口战区,海南办,海南办,关店,专卖店,加盟,街铺,,,,,,,,,,1,是
C07475,贵州六盘水十三中学店,重庆公司,贵阳战区,云贵省区,遵义办,关店,专卖店,加盟,,9379316,,,,,651751119,,,,1,是
C07476,直属长沙五一广场店,江西公司,长沙战区,湖南省区,长沙办,关店,专卖店,直营,街铺,,,,,,,,,,1,是
C07477,直属重庆渝北汇祥好莱坞店,重庆公司,重庆战区,川渝省区,重庆办,关店,专卖店,直营,,,,,,,,,,,1,是
C07479,昆明晓东村店,重庆公司,贵阳战区,云贵省区,昆明办,关店,专卖店,加盟,街铺,9804756,,,,,580380254,,,,1,是
C07480,哈尔滨万达茂永辉店,陕西公司,沈阳战区,辽吉省区,哈尔滨办,关店,专卖店,加盟,综合体,9387283,501421074,,6015116164849,332890,600688648,6872601051669841920,6724909544101030716,,1,是
C07481,大庆东风路永辉店,陕西公司,沈阳战区,辽吉省区,哈尔滨办,关店,专卖店,加盟,商超,9511529,2043031235,,6015113777849,600199,587759356,6846231176139507727,,,1,是
C07482,大庆毅腾商都永辉店,陕西公司,沈阳战区,辽吉省区,哈尔滨办,关店,专卖店,加盟,商超,,,,,,,,,,1,是
C07483,三亚港华专卖店,广东公司,海口战区,海南办,海南办,关店,专卖店,加盟,街铺,501176567,501176567,,,,,,,,1,是
C07485,直属哈尔滨生活汇永辉店,陕西公司,沈阳战区,辽吉省区,哈尔滨办,关店,专卖店,直营,商超,9526721,,,,,,,,,1,是
C07486,长沙乔口镇店,江西公司,长沙战区,湖南省区,长沙办,关店,专卖店,加盟,街铺,,,,6015116877849,330284,,,,,1,是
C07487,保利林语店,江西公司,长沙战区,湖南省区,长沙办,关店,专卖店,加盟,街铺,,,,,,,,,,1,是
C07490,九江庐山风景区庐茗缘店,江西公司,九江战区,江西二区,九江办,关店,专柜店,加盟,交通枢纽,,,,6015167354849,,,,,,1,是
C07491,江苏苏州木渎大润发店,浙江公司,苏州战区,江苏省区,苏州办,关店,专卖店,加盟,商超,9508825,500813262,,,330102,750390997,,,,1,是
C07493,莲塘澄湖东路店,江西公司,南昌一战区,江西二区,南昌四办,正常营业,专卖店,加盟,街铺,14283590,2124220672,,6015118387849,329164,1598250561,6985004370123294727,3002024232300324278,,1,是
C07494,杭州北城上亿广场,浙江公司,杭州战区,浙江省区,杭州办,关店,专卖店,加盟,综合体,,,,,,,,,,1,是
C07495,潍坊青州大润发,浙江公司,青岛战区,山东省区,青岛办,关店,专柜店,加盟,商超,17783764,,,,329065,1699984231,,,,1,是
C07496,南京全椒店,浙江公司,苏州战区,江苏省区,南京办,关店,专柜店,加盟,街铺,500801996,500801996,,,,,,,,1,是
C07497,万载阳乐大道店,江西公司,宜春战区,江西二区,宜春办,关店,专卖店,加盟,街铺,,,,,328925,,,,,1,是
C07499,邢台永辉万达店,陕西公司,北京战区,京津冀省区,北京办,关店,专卖店,加盟,综合体,,,,,,,,,,1,是
C07500,邢台永辉锦鼎店,陕西公司,北京战区,京津冀省区,北京办,关店,专卖店,加盟,商超,10787300,,,,,,,,,1,是
C07501,秦皇岛永辉茂业店,陕西公司,北京战区,京津冀省区,天津办,关店,专卖店,加盟,商超,10873316,,,6015118669849,600545,608463676,,,,1,是
C07502,张家口家家悦超市店,陕西公司,北京战区,京津冀省区,北京办,关店,专卖店,加盟,商超,,,,,,,,,,1,是
C07503,重庆渝北回兴双龙店,重庆公司,重庆战区,川渝省区,重庆办,关店,专卖店,加盟,街铺,9433091,500801987,,,330105,1760288161,,,,1,是
C07507,大同永辉万达店,陕西公司,西安战区,山西办,山西办,关店,专卖店,加盟,综合体,18496713,1161906134,,6015464301849,328956,,6966727094264924174,,,1,是
C07508,大同永辉爱琴海店,陕西公司,西安战区,山西办,山西办,关店,专卖店,加盟,商超,9463281,2038403832,,,328957,969710696,,,,1,是
C07514,杭州浙北大厦生态广场店,浙江公司,杭州战区,浙江省区,杭州办,关店,专卖店,加盟,街铺,,,,,,,,,,1,是
C07515,杭州浙北大厦购物中心店,浙江公司,杭州战区,浙江省区,杭州办,关店,专卖店,加盟,综合体,,,,,,,,,,1,是
C07518,烟台龙口家家悦百汇店,浙江公司,青岛战区,山东省区,青岛办,关店,专柜店,加盟,商超,9903065,2043900812,,6015071009849,,991127630,6862494035504891912,,,1,是
C07519,广州萝岗万达金街专卖店,广东公司,广州战区,广东省区,广佛办,关店,专卖店,加盟,综合体,12583618,2098579272,15385828.0,6015251259849,601007,1300814155,7024374642785814536,3002950828607188436,,1,是
C07520,大同永辉东信广场店,陕西公司,西安战区,山西办,山西办,关店,专卖店,加盟,商超,11791603,2043164327,,,328955,1622188339,,,,1,是
C07521,直属好的便利店,浙江公司,苏州战区,江苏省区,南京办,关店,渠道店,直营,特殊渠道,,,,,,,,,,1,是
C07523,安徽淮南大润发店,浙江公司,苏州战区,安徽办,安徽办,关店,专柜店,加盟,综合体,9977755,,,6013969769849,600351,1068527211,,,,1,是
C07524,济南历下和瑞广场,浙江公司,青岛战区,山东省区,济南办,关店,专柜店,加盟,商超,9521957,2042532851,,6015061276849,331123,1180133863,6833458184066271247,6724909544079783010,,1,是
C07525,邯郸美食林新城店,陕西公司,北京战区,京津冀省区,石家庄办,关店,专卖店,加盟,,,,,,,,,,,1,是
C07526,直属重庆江北新壹街永辉店,重庆公司,重庆战区,川渝省区,重庆办,关店,专卖店,直营,商超,9500440,,,,,1998460916,,,,1,是
C07527,直属沈阳胜利店,陕西公司,沈阳战区,辽吉省区,辽吉直营办,关店,专卖店,加盟,街铺,9507185,2044227235,,,330269,,,,,1,是
C07530,广州白云江夏专卖店,广东公司,广州战区,广东省区,广佛办,关店,专卖店,加盟,街铺,,,,,,826676860,,,,1,是
C07531,直属南京沃尔玛赛虹桥店,浙江公司,苏州战区,江苏省区,南京办,关店,专卖店,直营,综合体,,,,,,,,,,1,是
C07532,直属南宁火车站专卖店,广东公司,南宁战区,广西省区,南宁办,关店,专卖店,直营,高势能,10975303,,,6013995521849,332327,,,,,1,是
C07533,上饶德兴花桥店,江西公司,抚州战区,江西二区,景德镇办,正常营业,专卖店,加盟,街铺,,,,6015165842849,600292,752058914,6923677657334810635,3002567519649375373,,1,是
C07534,海口鹏晖广场专卖店,广东公司,海口战区,海南办,海南办,关店,专卖店,加盟,商超,9486451,500818241,,6014901076849,600176,1880244541,6870696028526446605,,,1,是
C07540,直属沈阳皇寺广场地铁口店,陕西公司,沈阳战区,辽吉省区,辽吉直营办,关店,专卖店,直营,街铺,9508010,2044207249,,6015116682849,328659,40101008,6938253531094714406,6724909544060261451,,1,是
C07542,宜春北湖店,江西公司,宜春战区,江西二区,宜春办,关店,专卖店,加盟,商超,,,,6015165236849,600949.0,,7185104465920264250,3002989986174148937,,1,是
C07543,宜春碧桂园富佳超市店,江西公司,宜春战区,江西二区,宜春办,正常营业,专卖店,加盟,商超,,,,6015168031849,332422,,6932584004528900096,3001780050581950666,,1,是
C07544,鸡西新大商店,陕西公司,沈阳战区,辽吉省区,哈尔滨办,关店,专卖店,加盟,商超,10153319,,,,,,,,,1,是
C07548,直属重庆沙坪坝汉渝路永辉店,重庆公司,重庆战区,川渝省区,重庆办,关店,专卖店,直营,商超,9787088,,,,,1266172465,,,,1,是
C07549,杭州浦沿永辉店,浙江公司,杭州战区,浙江省区,杭州办,关店,专卖店,加盟,商超,,,,,,,,,,1,是
C07550,贵州六盘水火车站广场店,重庆公司,贵阳战区,云贵省区,遵义办,关店,专卖店,加盟,高势能,9379308,,,6015023205849,329782,1323079509,,3002388765692130000,,1,是
C07551,清远清城步行街专卖店,广东公司,广州战区,广东省区,广佛办,关店,专卖店,加盟,街铺,,,,,,1147752410,,,,1,是
C07552,大同永辉凯旋店,陕西公司,西安战区,山西办,山西办,关店,专卖店,加盟,商超,10889382,,,,600432,,,,,1,是
C07554,宁波海曙香雪路店,浙江公司,杭州战区,浙江省区,宁波办,关店,专卖店,加盟,街铺,9263070,2040995952,,,600109,1977848353,,,,1,是
C07558,榕门路店,江西公司,南昌一战区,江西二区,南昌三办,关店,专卖店,加盟,街铺,15960950,1123085627.0,,6015091964849,600239.0,1975920259.0,7150539454644488229,3003349257141921176,,1,是
C07559,昆明端仕街店,重庆公司,贵阳战区,云贵省区,昆明办,关店,专卖店,加盟,街铺,,,,6014970630849,333023,1301132940,,,,1,是
C07561,乐东福乐佳店,广东公司,海口战区,海南办,海南办,关店,专卖店,加盟,商超,15929524,505204244,16130476.0,6014907974849,600181,887615070,7133482790078973983,,2025112011077000000113764145|xiniu_xgc_bgc,1,是
C07568,南宁安吉万达2号门广场专卖店,广东公司,南宁战区,广西省区,南宁办,关店,专卖店,加盟,综合体,,,,,,,,,,1,是
C07569,广西防城港夏威夷豪庭店,广东公司,南宁战区,广西省区,柳桂办,关店,专卖店,加盟,街铺,,,,,,,,,,1,是
C07570,江苏扬州江都大润发店,浙江公司,苏州战区,江苏省区,南京办,关店,专卖店,加盟,商超,9645226,500806909,,6013971906849,331735,1335489731,7287411877003397180,6724909544127765695,,1,是
C07571,江苏溧阳大润发店,浙江公司,苏州战区,江苏省区,南京办,关店,专卖店,加盟,商超,9645060,500813267,,6013972219849,331733,1481782893,6967181310095853606,3002434449075577646,,1,是
C07572,清远保利广场专卖店,广东公司,广州战区,广东省区,广佛办,关店,专卖店,加盟,综合体,10927359,501750653,,6014225040849,600718,,6977189188995123208,,,1,是
C07573,桂林灵川八里街一店,广东公司,南宁战区,广西省区,柳桂办,关店,专卖店,加盟,街铺,9398726,,,,,,,,,1,是
C07574,东莞凤岗嘉辉专卖店,广东公司,东莞战区,广东省区,东莞办,关店,专卖店,加盟,商超,,,,,,,,,,1,是
C07575,湘潭理工学院店,江西公司,长沙战区,湖南省区,株洲办,关店,专卖店,加盟,街铺,,,,,,,,,,1,是
C07576,罗家集民生鲜购物广场店,江西公司,南昌一战区,江西一区,南昌二办,正常营业,专卖店,加盟,商超,,,,6015120071849,600231,,6914403249080502280,3002978034262020696,,1,是
C07578,沈阳中街新一城店,陕西公司,沈阳战区,辽吉省区,沈阳办,关店,专柜店,加盟,街铺,9544762,,,,,,,,,1,是
C07579,大连五一广场华联店,陕西公司,沈阳战区,辽吉省区,大连办,关店,专卖店,加盟,商超,9451127,2042815839,,6015118477849,300128,1065600861,,,,1,是
C07580,中山南朗壹加壹专卖店,广东公司,广州战区,广东省区,中珠办,关店,专卖店,加盟,商超,9642197,2074628267,,,,,,,,1,是
C07581,揭阳揭东炮台店,广东公司,东莞战区,广东省区,惠汕办,正常营业,专卖店,加盟,街铺,27978608,2042490156,16914082.0,6014225199849,600066,1426201669,6883469865852602372,6724909471515553032,2026031811077000000115304756|xiniu_xgc_bgc,1,是
C07582,国防科技园农贸市场店,江西公司,南昌一战区,江西一区,南昌二办,正常营业,专卖店,加盟,街铺,9621947,500977361,14543595.0,6015115798849,332579,1154012873,6853329070147635213,6724909544076852381,2025112011077000000113746636|xiniu_xgc_bgc,1,是
C07583,潍坊佳乐家福寿店,浙江公司,青岛战区,山东省区,青岛办,关店,专柜店,加盟,商超,9521954,2042446539,,6015057899849,329675,1267255037,6951533525279442974,6724909544131414268,,1,是
C07584,烟台蓬莱利群商厦,浙江公司,青岛战区,山东省区,青岛办,关店,专柜店,加盟,商超,cover_C07584_10710873,cover_C07584_2043061269,,cover_C07584_6015070204849,330090,913974096,,,,1,是
C07585,大连欧尚购物广场店,陕西公司,沈阳战区,辽吉省区,大连办,关店,专卖店,加盟,商超,10245450,501315052,,,310533,767537913,,,,1,是
C07586,济南莱芜大润发,浙江公司,青岛战区,山东省区,济南办,关店,专卖店,加盟,商超,9521955,2058508789,,6015070121849,330092,1140366956,6870510809965987855,6724909543919155178,,1,是
C07587,鹰抚鹰潭三川大道店,江西公司,抚州战区,江西一区,鹰抚办,正常营业,专卖店,加盟,街铺,,,,6015118878849,,919299551,6903641018399197199,2161754367404688960,,1,是
C07589,福田华润万家益田专卖店,广东公司,深圳战区,广东省区,龙岗办,关店,专卖店,加盟,商超,,,,,,,,,,1,是
C07590,惠州博罗石湾求远食品专卖店,广东公司,东莞战区,广东省区,其他,关店,渠道店,包装产品,,,,,,,,,,,1,否
C07592,北京沃尔玛宣武门店,陕西公司,北京战区,京津冀省区,北京办,关店,专卖店,加盟,商超,11194889,2054343378,,6015115385849,600434,,6870857947023443982,3002661286357967235,,1,是
C07593,天津华润万家武清店,陕西公司,北京战区,京津冀省区,天津办,关店,专卖店,加盟,商超,9786768,502818273,,6015118668849,600460,1821325952,6863534788041541640,6724909359285307355,,1,是
C07594,潍坊长松路福乐多,浙江公司,青岛战区,山东省区,烟威办,关店,专柜店,加盟,商超,9533530,2042574343,,,329676,1466368087,,,,1,是
C07595,广饶佳乐购物广场,浙江公司,青岛战区,山东省区,济南办,关店,专卖店,加盟,商超,9616650,500816820,,6015070200849,331038,,6870679332386310157,,,1,是
C07596,贵阳沃尔玛沙冲路店,重庆公司,贵阳战区,云贵省区,贵阳办,关店,专卖店,加盟,商超,9727300,,,,,1542393783,,,,1,是
C07598,甘肃天水蓝天广场店,陕西公司,西安战区,陕西省区,兰州办,关店,专卖店,加盟,商超,501325484,501325484,,,329549,564997201,,,,1,是
C07599,江苏射阳服务区店,浙江公司,苏州战区,江苏省区,南京办,关店,专卖店,加盟,交通枢纽,,,,,,,,,,1,否
C07600,昆明麻园店,重庆公司,贵阳战区,云贵省区,昆明办,关店,专卖店,加盟,,9411077,,,,,1250678091,,,,1,是
C07601,株洲天元区沃尔玛超市店,江西公司,长沙战区,湖南省区,株洲办,关店,专卖店,加盟,综合体,9399761,,,,330288,1819595783,,,,1,是
C07602,重庆渝北黄泥磅店,重庆公司,重庆战区,川渝省区,重庆办,关店,专卖店,加盟,,9552755,,,,,,,,,1,是
C07603,毕节洪山路店,重庆公司,贵阳战区,云贵省区,遵义办,关店,专卖店,加盟,街铺,9379697,,,,,,,,,1,是
C07604,直属天津屿东城地铁站2店,陕西公司,北京战区,京津冀省区,天津办,关店,专卖店,直营,交通枢纽,cover_C07604_14482906,cover_C07604_2140854740,,,600479,,,,,1,是
C07605,东莞华为湖岸花园店,广东公司,东莞战区,广东省区,东莞办,正常营业,专卖店,加盟,街铺,10052957,2048869070,23824713.0,6015119266849,600085,537343668,6861194788977248256,3002803791378489997,2026031811077000000115302759|xiniu_xgc_bgc,1,是
C07606,吉安城南市场店,江西公司,赣州战区,江西一区,吉安办,正常营业,专卖店,加盟,街铺,10025474,501101291,16256743.0,6015118276849,600284,747278237,6888614020220225543,3002488057872785888,2025112011077000000113679736|xiniu_xgc_bgc,1,是
C07607,三亚旺豪一山湖专卖店,广东公司,海口战区,海南办,海南办,关店,专卖店,加盟,商超,9538538,500985197,,6014902292849,600188,,,,,1,是
C07608,三亚藤桥市场专卖店,广东公司,海口战区,海南办,海南办,关店,专卖店,加盟,街铺,10582550,501403630,,6014901078849,600567,1975222491,6946321314806237196,3002299212158870041,,1,是
C07609,广州番禺建华汇店,广东公司,广州战区,广东省区,广佛办,关店,专卖店,加盟,商超,10672857,,,,,,,,,1,是
C07610,昆明沃尔玛兴苑店,重庆公司,贵阳战区,云贵省区,昆明办,关店,专卖店,加盟,商超,,,,6015016914849,,,,,,1,是
C07612,萍乡楚萍店,江西公司,宜春战区,江西二区,宜春办,正常营业,专卖店,加盟,街铺,,,,6015164381849,600845,1652029322,6601141420516444168,3003925751648686096,2025111911077000000113634696|xiniu_xgc_bgc,1,是
C07613,海口龙昆南路专卖店,广东公司,海口战区,海南办,海南办,关店,专卖店,加盟,街铺,,,,,,,,,,1,是
C07614,广州白云鹤边YH城专卖店,广东公司,广州战区,广东省区,广佛办,关店,专卖店,加盟,商超,9855959,,,,,,,,,1,是
C07615,直属本溪市商业大厦店,陕西公司,沈阳战区,辽吉省区,沈阳办,关店,专卖店,直营,商超,9508012,501110300,,6015118994849,329508,1310780117,6601187837360474126,3003178913314645220,,1,是
C07616,直属沈阳迎宾路地铁口店,陕西公司,沈阳战区,辽吉省区,辽吉直营办,关店,专卖店,直营,交通枢纽,9507183,2044177455,,6015116683849,329507,1471798162,6849023203512305679,6724909345969901133,,1,是
C07617,沈阳白塔堡店,陕西公司,沈阳战区,辽吉省区,沈阳办,关店,专卖店,加盟,街铺,9451126,2044226626,,6015117064849,329180,790149910,,,,1,是
C07618,石家庄永辉西里店,陕西公司,北京战区,京津冀省区,石家庄办,关店,专卖店,加盟,商超,,,,,,,,,,1,是
C07619,石家庄永辉高柱店,陕西公司,北京战区,京津冀省区,石家庄办,关店,专卖店,加盟,商超,,,,,,,,,,1,是
C07620,济南历下世茂广场,浙江公司,青岛战区,山东省区,济南办,关店,专柜店,加盟,综合体,11272712,2042572818,,6015069707849,331034,691977768,,,,1,是
C07621,东方万福隆专卖店,广东公司,海口战区,海南办,海南办,关店,专卖店,加盟,商超,9818003,2044115759,,6014893364849,600171,1695645859,6871692691147671555,3002290556716225632,,1,是
C07622,宝安和平市场专卖店,广东公司,深圳战区,广东省区,宝安办,关店,专卖店,加盟,街铺,9406421,501760638,14594550.0,6015119269849,329791,1908847471,6990925378713815054,3002048808358551941,,1,是
C07624,北京叮咚买菜店,陕西公司,北京战区,京津冀省区,北京办,关店,渠道店,加盟,特殊渠道,,,,,,,,,,1,是
C07625,梅州五华鑫港城专卖店,广东公司,东莞战区,广东省区,惠汕办,关店,专卖店,加盟,街铺,9457716,2043483624,,6014264121849,600051,1685416570,6870650641060988936,,,1,是
C07626,居住主题公园店,江西公司,南昌一战区,江西二区,南昌四办,关店,专卖店,加盟,街铺,,,,6015116674849,600236,,,,,1,是
C07627,直属长沙黄兴步行街2店,江西公司,长沙战区,湖南省区,长沙办,关店,专卖店,加盟,街铺,9497784,502041842,,6015164322849,600365,1558114416,,,,1,是
C07628,直属石家庄裕华万达金街店,陕西公司,北京战区,京津冀省区,北京办,关店,专卖店,直营,综合体,cover_C07628_9784953,,,,cover_C07628_327090,cover_C07628_1986455441,,,,1,是
C07629,直属石家庄永辉乐汇城店,陕西公司,北京战区,京津冀省区,北京办,关店,专卖店,直营,商超,9465268,,,,600466,1307758766,,,,1,是
C07630,海口文明东路专卖店,广东公司,海口战区,海南办,海南办,关店,专卖店,加盟,街铺,,,,,,1729457911,,,,1,是
C07631,江苏太仓高铁站店,浙江公司,苏州战区,江苏省区,苏州办,关店,专卖店,加盟,高势能,,,,,,,,,,1,是
C07633,宁德寿宁胜利街专卖店,江西公司,福州战区,福建省区,闽北办,关店,专卖店,加盟,街铺,9410988,2040977214,,6014009858849,600312,1799947657,,,,1,是
C07634,太原永辉并州路店,陕西公司,西安战区,山西办,山西办,关店,专卖店,加盟,商超,9865535,501328499,,,600473,,,,,1,是
C07635,景德镇永鲜超市店,江西公司,九江战区,江西二区,景德镇办,关店,专卖店,加盟,商超,9991670,,,,400289,,,,,1,是
C07636,宝安福永万家和专卖店,广东公司,深圳战区,广东省区,宝安办,关店,专卖店,加盟,街铺,9411383,2042521240,,6015117838849,330203,590218758,6940010152464484359,6724909386092071277,,1,是
C07637,江苏扬州开发路大润发店,浙江公司,苏州战区,江苏省区,南京办,关店,专卖店,加盟,商超,9645062,500808227,,6013970761849,331734,1251359894,,,,1,是
C07638,直属广东深圳市永旺东湖店,其他,南昌区域,独椒戏,独椒戏(南昌),关店,专卖店,直营,,,,,,,,,,,1,否
C07640,直属哈尔滨松北大润发店,陕西公司,沈阳战区,辽吉省区,哈尔滨办,关店,专卖店,直营,商超,12174486,2053013204,,,600202,1550928706,,,,1,是
C07641,永州道县大润发店,江西公司,长沙战区,湖南省区,衡邵办,关店,专卖店,加盟,商超,9577179,,,,,,,,,1,是
C07642,义乌城北商业中心店,浙江公司,杭州战区,浙江省区,金衢办,正常营业,专卖店,加盟,综合体,18282959,2042862083,16638105.0,6013955340849,600315,1873084704,6916258156003723264,3003050492673303558,2025111911077000000113715606|xiniu_xgc_bgc,1,是
C07643,上海宝山永辉通河路店,浙江公司,上海战区,上海省区,上海一办,关店,专卖店,加盟,商超,,,,,,,,,,1,是
C07644,上海宝山龙湖天街永辉店,浙江公司,上海战区,上海省区,上海一办,关店,专卖店,加盟,商超,,,,,,,,,,1,是
C07645,青岛市北凤凰城,浙江公司,青岛战区,山东省区,青岛办,关店,专柜店,加盟,商超,,,,,,,,,,1,是
C07646,直属莲塘一中店,江西公司,南昌一战区,江西二区,南昌三办,正常营业,专卖店,直营,街铺,15165753,506610612,14262335.0,6015166202849,322070,51691595,6871245628895184909,6724909340525278040,2026031211077000000115389162|xiniu_xgc_bgc,1,是
C07647,朝阳市大润发朝阳店,陕西公司,沈阳战区,辽吉省区,辽吉外阜办,关店,专卖店,加盟,商超,10245452,501279834,,6015116974849,296664,703052806,6889273568136267783,3002289111660798499,,1,是
C07650,日照万象汇,浙江公司,青岛战区,山东省区,青岛办,关店,专柜店,加盟,综合体,11676465,,,6015070520849,330087,1382821144,,,,1,是
C07651,日照银座商城,浙江公司,青岛战区,山东省区,青岛办,关店,专柜店,加盟,商超,11677051,2069391463,,,329678,1287500026,,,,1,是
C07653,杭州诸暨雄风新天地店,浙江公司,杭州战区,浙江省区,杭州办,关店,专卖店,加盟,,9372024,,,,,,,,,1,是
C07654,日照新玛特,浙江公司,青岛战区,山东省区,青岛办,关店,专柜店,加盟,商超,11676467,2069391458,,,600251,cover_C07654_1541269251,,,,1,是
C07655,甘肃天水居然之家店,陕西公司,西安战区,陕西省区,兰州办,关店,专卖店,加盟,商超,,,,,600967,,,,,1,是
C07656,龙岗欧景花园专卖店,广东公司,深圳战区,广东省区,龙岗办,关店,专卖店,加盟,街铺,9536999,500988752,17082654.0,6014293896849,600029,1984016600,6871798908880717838,6724909544062222729,,1,是
C07657,揭阳潮汕机场专柜二店,广东公司,东莞战区,广东省区,惠汕办,关店,专柜店,加盟,高势能,,,,,,,,,,1,是
C07658,广州白云龙归地铁A专卖店,广东公司,广州战区,广东省区,广佛办,关店,专卖店,加盟,交通枢纽,,,,,,,,,,1,是
C07659,广州新塘久裕万和专卖店,广东公司,广州战区,广东省区,广佛办,关店,专卖店,加盟,街铺,9738644,2078050899,,6014224587849,600072,1365921921,6870364479100651535,6724909544089097239,,1,是
C07660,直属重庆南岸亿象城店,重庆公司,重庆战区,川渝省区,重庆办,关店,专卖店,直营,,,,,,,,,,,1,是
C07661,三店西路店,江西公司,南昌一战区,江西二区,南昌三办,正常营业,专卖店,加盟,街铺,3632183,501405914,14270470.0,6015167602849,147276,733493899,6601143878873516039,6724909301707054942,2026031011077000000115304030|xiniu_xgc_bgc,1,是
C07662,北京沃尔玛五棵松店,陕西公司,北京战区,京津冀省区,北京办,关店,专卖店,加盟,商超,11147407,2059060881,14394340.0,6015118482849,600435,1765842874,6865160768451594254,3002324380089783501,2025112011077000000113663870|xiniu_xgc_bgc,1,是
C07663,泉州晋江万业汇专卖店,江西公司,厦门战区,福建省区,闽南办,关店,专卖店,加盟,商超,25014111,501325745,15861068.0,6014010781849,600330,775160500,7019686766542063630,,,1,是
C07664,锦州锦华街店,陕西公司,沈阳战区,辽吉省区,辽吉外阜办,关店,专卖店,加盟,街铺,,,,,,,,,,1,是
C07665,烟台龙口家家悦四店,浙江公司,青岛战区,山东省区,青岛办,关店,专柜店,加盟,商超,9903063,2043930957,16130463.0,6015070125849,330091,1747413331,6862516024042981380,6724909451851992274,,1,是
C07666,河源和平宝信购物广场店,广东公司,东莞战区,广东省区,惠汕办,正常营业,专卖店,加盟,街铺,12897407,2098903976,16638062.0,6014225949849,600059,1527136619,7006144019604441118,3002449413801349452,,1,是
C07667,太原胜利桥东美特好店,陕西公司,西安战区,山西办,山西办,关店,专卖店,加盟,商超,10080173,501313943,,,600470,,,,,1,是
C07668,天津华润福州道店,陕西公司,北京战区,京津冀省区,天津办,关店,专卖店,加盟,商超,,,,,,,,,,1,是
C07669,昆明安宁大润发店,重庆公司,贵阳战区,云贵省区,昆明办,关店,专卖店,加盟,商超,9589829,501141448,,6015023005849,331026,1751757611,6995050562060453901,6724909544109961880,,1,是
C07671,安徽合肥融创乐园店,浙江公司,苏州战区,安徽办,安徽办,关店,专柜店,加盟,,,,,,,,,,,1,是
C07672,太原永辉同至人店,陕西公司,西安战区,山西办,山西办,关店,专卖店,加盟,商超,501318940,501318940,,,600471,,,,,1,是
C07673,长春栖乐荟店,陕西公司,沈阳战区,辽吉省区,长春办,关店,专卖店,加盟,,,,,,,,,,,1,是
C07674,直属南宁江南万达专卖店,广东公司,南宁战区,广西省区,南宁办,关店,专卖店,直营,综合体,,,,,,,,,,1,是
C07675,宝安龙华壹方天地B专卖店,广东公司,深圳战区,广东省区,宝安办,关店,专卖店,加盟,综合体,9457859,500845033,,6014334145849,600016,1139562367,,,,1,是
C07676,宝安龙华壹方天地A专卖店,广东公司,深圳战区,广东省区,宝安办,关店,专卖店,加盟,街铺,9457863,2042678779,,6014357234849,600015,1490401412,,,,1,是
C07678,温州豪达专卖店,浙江公司,杭州战区,福建省区,浙南办,关店,专卖店,加盟,特殊渠道,15429020,500727964,,6015295730849,600308,937326061,,,,1,是
C07679,赣州兴国步步高店,江西公司,赣州战区,江西一区,赣州办,关店,专卖店,加盟,商超,10211331,2059120072,,6015338160849,600270,,,,,1,是
C07684,直属沈阳泉园一路店,陕西公司,沈阳战区,辽吉省区,辽吉直营办,关店,专卖店,直营,街铺,9507184,2044177243,,,330271,1083589285,,,,1,是
C07685,鹰抚抚州二纺菜场店,江西公司,抚州战区,江西一区,鹰抚办,正常营业,专卖店,加盟,街铺,27467838,1302939541,,6015056415849,601084,744795968,6873857038556858382,3003892274212515744,2025111911077000000113735613|xiniu_xgc_bgc,1,是
C07686,进贤军湖路2店,江西公司,南昌二战区,江西二区,南昌四办,正常营业,专卖店,加盟,街铺,,,,6015166009849,600223,1046802584,7057438641081026592,,,1,是
C07687,珠海扬名永旺专卖店,广东公司,广州战区,广东省区,中珠办,关店,专卖店,加盟,商超,,,,,,,,,,1,是
C07688,茂名电白观珠专卖店,广东公司,广州战区,广东省区,中珠办,关店,专卖店,加盟,街铺,,,,,,,,,,1,是
C07689,北京永辉上上城店,陕西公司,北京战区,京津冀省区,北京办,关店,专卖店,加盟,商超,,,,,,,,,,1,是
C07690,青岛城阳大润发长城店,浙江公司,青岛战区,山东省区,青岛办,关店,专柜店,加盟,商超,11676688,,,6015070119849,331039,1774824612,,,,1,是
C07692,象湖施尧路店,江西公司,南昌一战区,江西二区,南昌三办,关店,专卖店,加盟,街铺,9725007,,,,332581,1292178049,,,,1,是
C07693,大连庄河千盛店,陕西公司,沈阳战区,辽吉省区,大连办,关店,专卖店,加盟,商超,2044386407,2044386407,,,600123,549150217,,,,1,是
C07694,惠州盛汇广场天虹专卖店,广东公司,东莞战区,广东省区,惠汕办,关店,专卖店,加盟,商超,9376948,500983576,,6014226243849,600055,544079831,6843692060088928271,,,1,是
C07695,(待禁用)张家口容辰广场永辉店,陕西公司,北京战区,京津冀省区,北京办,关店,专卖店,加盟,商超,,,,,,,,,,1,是
C07696,青岛黄岛合美Mall,浙江公司,青岛战区,山东省区,青岛办,关店,专卖店,加盟,商超,11007397,2079483603,16914061.0,6015059192849,600599,664667276,7003920655070529549,6724909544137223637,,1,是
C07697,泰安大润发,浙江公司,青岛战区,山东省区,青岛办,关店,专柜店,加盟,商超,11676692,,,,331035,,,,,1,是
C07698,杭州翁梅永辉店,浙江公司,杭州战区,浙江省区,杭州办,关店,专卖店,加盟,商超,8131229,304881566,,6013953285849,322738,609733274,6949814353541580841,,,1,是
C07699,杭州华元欢乐城店,浙江公司,杭州战区,浙江省区,杭州办,关店,专卖店,加盟,综合体,9380144,500610016,,6013951683849,600323,,7169558365851355136,3003589258473906831,,1,是
C07700,淄博张店新玛特店（烟台港银商贸有限公司）,浙江公司,青岛战区,山东省区,济南办,关店,专柜店,加盟,商超,9523411,524896460,16130456.0,6015059489849,330596,1541269251,6875581369792219151,3003179036823790179,,1,是
C07701,威海文登大润发一店,浙江公司,青岛战区,山东省区,烟威办,关店,专柜店,加盟,商超,9731180,2042802396,,,330593,790426910,,,,1,是
C07702,威海文登大润发二店,浙江公司,青岛战区,山东省区,烟威办,关店,专柜店,加盟,商超,9731176,2043888994,,,330595,1151803445,,,,1,是
C07703,杭州富阳沃尔玛店,浙江公司,杭州战区,浙江省区,杭州办,关店,专卖店,加盟,综合体,9606732,,,,,,,,,1,是
C07704,义乌夏桥街店,浙江公司,杭州战区,浙江省区,金衢办,关店,专卖店,加盟,街铺,,,,,,,,,,1,是
C07705,青岛沧口维客,浙江公司,青岛战区,山东省区,青岛办,关店,专柜店,加盟,商超,11676694,2069106498,,6015068917849,330592,1474535876,,,,1,是
C07707,长春欧亚西安广场店,陕西公司,沈阳战区,辽吉省区,长春办,关店,专卖店,加盟,街铺,,,,,,,,,,1,是
C07711,温州鞋都大道专卖店,浙江公司,杭州战区,福建省区,浙南办,关店,专卖店,加盟,商超,,,,,,,,,,1,是
C07716,直属上海徐汇区南洋1931广场店,浙江公司,上海战区,上海省区,上海一办,关店,专卖店,直营,商超,,,,,,,,,,1,是
C07717,吉安大润发店,江西公司,赣州战区,江西一区,吉安办,关店,专卖店,加盟,商超,,,,6015147917849,600520,,,,,1,是
C07719,长春欧亚居然店,陕西公司,沈阳战区,辽吉省区,长春办,关店,专卖店,加盟,商超,14000066,2135170095,,6015115577849,,,7120098277747329055,3003073694915371387,,1,是
C07720,吉安井冈山龙潭路店,江西公司,赣州战区,江西一区,吉安办,关店,专卖店,加盟,街铺,9798878,,,,600484,,,,,1,是
C07721,贵阳花果园M区一店,重庆公司,贵阳战区,云贵省区,贵阳办,关店,专卖店,加盟,街铺,7149161,501418162,,,600429,1489808382,,,,1,是
C07723,安顺市马鞍山路店,重庆公司,贵阳战区,云贵省区,遵义办,关店,专卖店,加盟,街铺,9589438,500945019,,6015006924849,331025,1078654539,6851522754231928839,3002063069892488576,,1,是
C07725,直属独椒戏东门旺角店,其他,南昌区域,独椒戏,独椒戏(南昌),关店,专卖店,直营,,,,,,,,,,,1,否
C07729,安顺云峰服务区二店,重庆公司,贵阳战区,云贵省区,遵义办,关店,专柜店,加盟,交通枢纽,,,,,,1932141250,,,,1,是
C07730,宜春上高敖阳北路店,江西公司,宜春战区,江西二区,宜春办,关店,专卖店,加盟,街铺,,,,,600301,,,,,1,是
C07734,杭州南站西广场店,浙江公司,杭州战区,浙江省区,杭州办,关店,专卖店,加盟,高势能,,,,,,,,,,1,是
C07735,河南郑州二七万达金街店,陕西公司,郑州战区,河南省区,郑州办,关店,专柜店,加盟,综合体,,,,,,,,,,1,是
C07736,贵州安顺新天地时代名苑店,重庆公司,贵阳战区,云贵省区,遵义办,关店,专卖店,加盟,街铺,9951402,501141822,16638110.0,6015023001849,333019,1420410092,6852195769550686223,3002310701989597803,2026031311077000000115300386|xiniu_xgc_bgc,1,是
C07737,菜鲜汇阳光家园店,江西公司,南昌一战区,江西一区,南昌二办,正常营业,专卖店,加盟,街铺,15996133,2043385267,16257049.0,6015120042849,600232,1825196028,6841637770788603918,3002417577698665216,,1,是
C07739,北海涠州岛码头专卖店,广东公司,南宁战区,广西省区,南宁办,关店,专卖店,加盟,交通枢纽,,,,,,,,,,1,是
C07740,直属大连中央大道店,陕西公司,沈阳战区,辽吉省区,大连办,关店,专卖店,直营,综合体,cover_C07740_10105125,,,,,,,,,1,是
C07741,北海涠州岛中心市场专卖店,广东公司,南宁战区,广西省区,南宁办,关店,专卖店,加盟,交通枢纽,,,,,,,,,,1,是
C07742,赤峰维多利万悦城店,陕西公司,沈阳战区,辽吉省区,辽吉外阜办,关店,专卖店,加盟,综合体,11745966,505591134,,6015116092849,600119,1345779485,6889171286870788111,3002314916839269797,,1,是
C07743,济南历下龙湖奥体天街,浙江公司,青岛战区,山东省区,青岛办,关店,专柜店,加盟,商超,,,,,,,,,,1,是
C07746,安徽芜湖欧尚店,浙江公司,苏州战区,安徽办,安徽办,关店,专柜店,加盟,商超,9404912,500794957,,6013971627849,331736,1763018831,,,,1,是
C07747,河南安阳熙城漫购店,陕西公司,郑州战区,河南省区,河南外阜办,关店,专卖店,加盟,商超,9480732,2043573485,,,,1276016304,,,,1,是
C07748,河南安阳万达永辉店,陕西公司,郑州战区,河南省区,河南外阜办,关店,专卖店,加盟,综合体,9479272,2043603272,,,331360,994482965,,,,1,是
C07749,河南安阳华联优品店,陕西公司,郑州战区,河南省区,豫北办,关店,专卖店,加盟,特殊渠道,,,,,,,,,,1,是
C07753,安徽太白岛服务区二店,浙江公司,苏州战区,安徽办,安徽办,关店,专卖店,加盟,交通枢纽,,,,,,,,,,1,否
C07754,安徽驿达高速电商产业园店,浙江公司,苏州战区,安徽办,安徽办,关店,渠道店,加盟,特殊渠道,9146359,,,,,,,,,1,是
C07756,甘肃天水大众路店,陕西公司,西安战区,陕西省区,兰州办,关店,专卖店,加盟,街铺,10003271,,,6013997723849,600381,,,,,1,是
C07757,甘肃天水甘谷店,陕西公司,西安战区,陕西省区,兰州办,关店,专卖店,加盟,街铺,,,,,,,,,,1,是
C07758,保亭宝真专卖店,广东公司,海口战区,海南办,海南办,关店,专卖店,加盟,商超,15129315,,,6014906073849,600167,873898615,7123017269295122444,,,1,是
C07759,直属河南洛阳开元大道永辉店,陕西公司,郑州战区,河南省区,郑州办,关店,专卖店,直营,商超,9670841,2043147002,,,,748933563,,,,1,是
C07760,天佑路店,江西公司,南昌一战区,江西二区,南昌三办,正常营业,专卖店,加盟,街铺,10131922,1123375983,16256717.0,6015167812849,600216,1729323130,7084845893161060393,6724909544102706179,2025111911077000000113634694|xiniu_xgc_bgc,1,是
C07762,直属上海家乐福古北店,浙江公司,上海战区,上海省区,上海一办,关店,专卖店,直营,商超,,,,,,,,,,1,是
C07763,江苏盐城宝龙城市广场店,浙江公司,苏州战区,江苏省区,南京办,关店,专卖店,加盟,综合体,2042713846,2042713846,,,,,,,,1,是
C07764,昆明沃尔玛集大店,重庆公司,贵阳战区,云贵省区,昆明办,正常营业,专卖店,加盟,商超,9589648,501110805,17476405.0,6014905292849,333021,798497530,6875912009767045131,6724909466911640697,2026031311077000000115340390|xiniu_xgc_bgc,1,是
C07765,直属杭州大关欧尚店,浙江公司,杭州战区,浙江省区,杭州办,关店,专卖店,加盟,商超,10474821,2059163798,,,600101,,,,,1,是
C07766,直属杭州石桥大润发店,浙江公司,杭州战区,浙江省区,杭州办,关店,专卖店,直营,商超,,,,,331654,,,,,1,是
C07767,百色大润发店,广东公司,南宁战区,广西省区,南宁办,关店,专卖店,加盟,商超,13707114,505480015,,6014893025849,,,,,,1,是
C07769,重庆合川南津街店,重庆公司,重庆战区,川渝省区,重庆办,关店,专卖店,加盟,街铺,,,,6015018317849,,,,,,1,是
C07770,重庆合川财富广场店,重庆公司,重庆战区,川渝省区,重庆办,关店,专卖店,加盟,街铺,11167506,501894981,,6015014901849,600750,1373065277,6947059925746976799,,,1,是
C07771,重庆合川公园路店,重庆公司,重庆战区,川渝省区,重庆办,关店,专卖店,加盟,街铺,9679991,,,,332914,1058017145,,,,1,是
C07773,东湖区叠山路店,江西公司,南昌一战区,江西二区,南昌三办,关店,专卖店,加盟,街铺,,,,off_C07773_6015115755849,600238,,,,,1,是
C07774,东莞黄江天虹环城路专卖店,广东公司,东莞战区,广东省区,东莞办,关店,专卖店,加盟,街铺,9524924,2043547939,,,,,,,,1,是
C07775,烟台龙口南山博商超市,浙江公司,青岛战区,山东省区,青岛办,关店,专卖店,加盟,商超,11787104,2046860528,,6015061283849,331041,1487753304,6859383997760374784,,,1,是
C07776,甘肃兰州广场华联店,陕西公司,西安战区,陕西省区,兰州办,关店,专卖店,加盟,商超,9911620,500972227,,6016776012849,600385,1163219808,7232198710950627340,,,1,是
C07777,甘肃兰州交大华联店,陕西公司,西安战区,陕西省区,兰州办,关店,专卖店,加盟,商超,9672739,501171030,,,600384,1379500951,7232197753982421030,,,1,是
C07778,河南郑州三全路永辉店,陕西公司,郑州战区,河南省区,河南外阜办,关店,专卖店,加盟,商超,9478821,2043603290,,,,1709146833,,,,1,是
C07779,河南郑州健康路店,陕西公司,郑州战区,河南省区,河南外阜办,关店,专卖店,加盟,街铺,9381365,2043563681,,,332904,1953848229,,,,1,是
C07780,海口绿地广场店,广东公司,海口战区,海南办,海南办,关店,专卖店,加盟,商超,9579176,500795296,15968021.0,6014903175849,600175,1242143069,6922566476163450888,,2026031811077000000115269780|xiniu_xgc_bgc,1,是
C07781,河南开封大润发店,陕西公司,郑州战区,河南省区,河南外阜办,关店,专卖店,加盟,商超,9616106,2043099440,,6013998531849,332589,1855578701,6871161870498203660,,,1,是
C07782,广州白云龙归长红专卖店,广东公司,广州战区,广东省区,广佛办,关店,专卖店,加盟,街铺,10169725,501141477,,,600012,,,,,1,是
C07783,珠海南屏华润专卖店,广东公司,广州战区,广东省区,中珠办,关店,专卖店,加盟,商超,9990726,502289569,,6014295612849,600078,1081520855,6875488287021189123,,,1,是
C07785,广州番禺海伦专卖店,广东公司,广州战区,广东省区,广佛办,关店,专卖店,加盟,商超,10383221,501638674,,6014299428849,600532,1030321551,,,,1,是
C07786,宜春贸易广场店,江西公司,宜春战区,江西二区,宜春办,关店,专卖店,加盟,街铺,9680796,2043449180,,6015168033849,600298,,7185103685448370176,3003881456879183135,,1,是
C07787,大连开发区乐购店,陕西公司,沈阳战区,辽吉省区,大连办,关店,专卖店,加盟,综合体,,,,,,,,,,1,是
C07788,毕节威宁路店,重庆公司,贵阳战区,云贵省区,遵义办,关店,专卖店,加盟,街铺,11206532,501170079,,6014906399849,333017,939195901,7122667837353560102,3003085874209366926,,1,是
C07789,青岛城阳春阳路大润发,浙江公司,青岛战区,山东省区,青岛办,关店,专卖店,加盟,商超,11676471,,,6015056391849,331703,,,,,1,是
C07790,璜垦新力龙湾店,江西公司,南昌一战区,江西一区,南昌一办,正常营业,专卖店,加盟,街铺,27189714,2043605035,,6015117660849,600235,1046931798,7145254516328237086,3002488774989779545,2026031011077000000115345014|xiniu_xgc_bgc,1,是
C07794,河源源城区儿童城专卖店,广东公司,东莞战区,广东省区,惠汕办,关店,专卖店,加盟,街铺,,,,,,,,,,1,是
C07795,都匀福泉富万家超市店,重庆公司,贵阳战区,云贵省区,贵阳办,关店,专卖店,加盟,商超,9955586,2071590660,,,333014,1408451871,,,,1,是
C07796,河南郑州锦荣悦汇城店,陕西公司,郑州战区,河南省区,河南外阜办,关店,专卖店,加盟,商超,9879258,,,,,1168185615,,,,1,是
C07797,六盘水钟山区建设路店,重庆公司,贵阳战区,云贵省区,遵义办,关店,专卖店,加盟,街铺,9948966,2056458842,,6015024504849,600409,1243887791,6888593537584203790,3002297617998026191,,1,是
C07798,重庆巴南万达广场金街店,重庆公司,重庆战区,川渝省区,重庆办,关店,专卖店,加盟,综合体,9500667,502140802,,,600499,1023329134,,,,1,是
C07799,咸阳礼泉袁家村店,陕西公司,西安战区,陕西省区,陕西外阜办,关店,专卖店,加盟,交通枢纽,,,,,,,,,,1,是
C07800,福州中海环宇专卖店,江西公司,福州战区,福建省区,福州办,关店,专卖店,加盟,街铺,2043402296,2043402296,,6014011072849,600304,96415210,6851334587457619982,3002762056318561765,,1,是
C07801,烟台龙口博商购物广场,浙江公司,青岛战区,山东省区,青岛办,关店,专卖店,加盟,商超,cover_C07801_11787107,,,cover_C07801_6015069130849,,1116931035.0,7107419590233163813,6724909413998856149,,1,是
C07802,中山星宝时代广场专卖店,广东公司,广州战区,广东省区,中珠办,关店,专卖店,加盟,商超,9855320,,,,600038,,,,,1,是
C07803,佛山三山好好多广场专卖店,广东公司,广州战区,广东省区,广佛办,关店,专卖店,加盟,商超,10503995,,,,600009,,,,,1,是
C07804,江苏南通八仙城大润发,浙江公司,苏州战区,江苏省区,苏州办,关店,专卖店,加盟,商超,,,,,,,,,,1,是
C07805,沈阳吉祥步行街店,陕西公司,沈阳战区,辽吉省区,沈阳办,关店,专卖店,加盟,街铺,,,,,600252,,,,,1,是
C07806,京山北路店,江西公司,南昌一战区,江西二区,南昌三办,正常营业,专卖店,加盟,街铺,27798209,528930345,16189124.0,6015167603849,332583,752678707,7134637550475413541,6724909406139784894,2026030511077000000115162816|xiniu_xgc_bgc,1,是
C07807,直属江苏常熟大润发店,浙江公司,苏州战区,江苏省区,苏州办,关店,专卖店,直营,商超,9886174,501360615,,,600334,1034265640,,,,1,是
C07808,大同大润发店,陕西公司,西安战区,山西办,山西办,关店,专卖店,加盟,商超,18135767,1161581800,,6015463430849,600431,1069465972,＇6892003799360079885,,,1,是
C07811,汕头华润万象城专卖店,广东公司,东莞战区,广东省区,惠汕办,关店,专卖店,加盟,综合体,14216956,501866324,,6014293829849,601059,1262747078,7132779278424524813,3002992857133130753,,1,是
C07812,直属象湖新力金沙湾店,江西公司,南昌一战区,江西二区,南昌三办,正常营业,专卖店,直营,街铺,9832139,2059022278,14657078.0,6014199807849,600229,880258904,6601191724976982023,3003631412477892610,,1,是
C07813,绿地悦公馆,江西公司,南昌一战区,江西一区,南昌一办,正常营业,专卖店,加盟,街铺,9693152,506421521,14264564.0,6015115096849,600234,1825755951,6887573182203561995,3001791287536985192,2025111911077000000113695616|xiniu_xgc_bgc,1,是
C07814,九江十里前进东路店,江西公司,九江战区,江西二区,九江办,正常营业,专卖店,加盟,街铺,17948098,500925300,,6015167810849,,1369261076,7085957641901443102,3003722297278112740,2025112011077000000113706780|xiniu_xgc_bgc,1,是
C07815,江苏苏州东方之门店,浙江公司,苏州战区,江苏省区,苏州办,关店,专卖店,加盟,商超,9728632,2042821005,,,332420,1409604971,,,,1,是
C07816,广州动车组餐饮有限公司(广州南站),广东公司,广州战区,广东省区,广佛办,关店,渠道店,加盟,特殊渠道,,,,,,,,,,1,是
C07817,广州动车组餐饮有限公司(广州东站),广东公司,广州战区,广东省区,广州办,关店,渠道店,加盟,特殊渠道,,,,,,,,,,1,否
C07818,广州动车组餐饮有限公司(广州西涌牌坊),广东公司,广州战区,广东省区,广佛办,关店,渠道店,加盟,特殊渠道,,,,,,,,,,1,是
C07819,广州动车组餐饮有限公司(佛山西站),广东公司,广州战区,广东省区,广佛办,关店,渠道店,加盟,特殊渠道,,,,,,,,,,1,是
C07820,广州动车组餐饮有限公司(宝安北站),广东公司,深圳战区,广东省区,宝安办,关店,渠道店,加盟,特殊渠道,,,,,,,,,,1,是
C07821,安徽阜阳渠道,浙江公司,苏州战区,安徽办,安徽办,关店,渠道店,加盟,特殊渠道,,,,,,,,,,1,是
C07822,直属沈阳沃尔玛专卖店,陕西公司,沈阳战区,辽吉省区,辽吉直营办,关店,专卖店,直营,商超,3800108,502055010,,,331708,164204100,,,,1,是
C07823,延吉万客隆超市店,陕西公司,沈阳战区,辽吉省区,长春办,关店,专卖店,加盟,商超,,,,,,,,,,1,是
C07824,乐东盛盛百佳汇专卖店,广东公司,海口战区,海南办,海南办,关店,专卖店,加盟,商超,9578417,,,6014902296849,600182,1899244838,6891218671801206798,,,1,是
C07825,合肥国耀星达城店,浙江公司,苏州战区,安徽办,安徽办,关店,专卖店,加盟,,,,,,,,,,,1,是
C07829,重庆南岸亿象城B区店,重庆公司,重庆战区,川渝省区,重庆办,关店,专卖店,加盟,交通枢纽,10653564,2097943169,,,332572,1313003824,,,,1,是
C07830,东莞虎门高铁广场专卖店,广东公司,东莞战区,广东省区,东莞办,关店,专卖店,加盟,商超,14075943,506145661,,6014141575849,600033,1468421747,7071092897289865247,3002646176759419507,,1,是
C07831,贵州都匀大润发店,重庆公司,贵阳战区,云贵省区,贵阳办,关店,专卖店,加盟,商超,10091527,503799081,,6014907199849,333016,610886922,6966726764034787328,3002726505238729308,,1,是
C07832,直属福州宝龙广场专卖店,江西公司,福州战区,福建省区,直营组,关店,专卖店,直营,综合体,cover_C07832_21252048,166347956,,cover_C07832_6016221893849,331643,cover_C07832_1475772593,cover_C07832_7263419954936940583,,,1,是
C07833,直属九洲天虹店,其他,南昌区域,独椒戏,独椒戏(南昌),正常营业,,直营,,,,,,,,,,,1,否
C07836,直属沈阳家乐福百联店,陕西公司,沈阳战区,辽吉省区,辽吉直营办,关店,专卖店,直营,商超,11914858,502506796,,,332543,,,,,1,是
C07837,直属长春大润发店,陕西公司,沈阳战区,辽吉省区,长春办,关店,专卖店,直营,商超,10386904,2056887995,,,600203,,,,,1,是
C07838,赣州兴国太平洋超市店,江西公司,赣州战区,江西一区,赣州办,关店,专卖店,加盟,商超,10211336,2058973195,,6015117883849,600269,,7085957644954896425,,,1,是
C07839,中海朝阳郡店,江西公司,南昌一战区,江西二区,南昌三办,正常营业,专卖店,加盟,街铺,9621848,500827225,,6015094664849,332896,729141883,6873692184021846031,3001740347857245468,2025111911077000000113757119|xiniu_xgc_bgc,1,是
C07840,李渡3店,江西公司,南昌二战区,江西二区,南昌四办,正常营业,专卖店,加盟,街铺,,,,6015147904849,600225,869483254,6861563877725865997,3002803826451223030,2025112011077000000113708707|xiniu_xgc_bgc,1,是
C07841,张家口永辉容辰广场店,陕西公司,北京战区,京津冀省区,北京办,关店,专卖店,加盟,商超,10124900,501705580,16914079.0,6015115581849,600439,1995586736,6921080913577117700,3002233926683201712,2025111911077000000113621722|xiniu_xgc_bgc,1,是
C07842,腾大餐饮杭州滨江宝龙店,浙江公司,杭州战区,浙江省区,杭州办,关店,渠道店,加盟,商超,,,,,,,,,,1,是
C07843,河南安阳安钢丹尼斯店,陕西公司,郑州战区,河南省区,河南外阜办,关店,专卖店,加盟,商超,9616978,2043548672,,,,1160510310,,,,1,是
C07846,福田店,江西公司,南昌一战区,江西二区,南昌三办,关店,专卖店,加盟,,,,,,,,,,,1,是
C07847,重庆南岸亿象城A区店,重庆公司,重庆战区,川渝省区,重庆办,关店,专卖店,加盟,交通枢纽,9989423,501392140,,,332571,1979399774,,,,1,是
C07848,沈阳富云新都店,陕西公司,沈阳战区,辽吉省区,沈阳办,关店,专卖店,加盟,街铺,9702419,2044187025,,6015117784849,600129,1795071376,6869526304962693132,6724909401559799468,,1,是
C07849,河南夏邑宏佰百货店,陕西公司,郑州战区,河南省区,河南外阜办,关店,专卖店,加盟,商超,10044165,,,,,1345383099,,,,1,是
C07850,沈阳家乐福文化路店,陕西公司,沈阳战区,辽吉省区,沈阳办,关店,专卖店,加盟,商超,9702418,,,6015118468849,600507,1004264945,6852520646463866887,,,1,是
C07851,常德大润发店,江西公司,长沙战区,湖南省区,长沙办,关店,专卖店,加盟,商超,,,,,,,,,,1,是
C07854,河南郑州港区丹尼斯店,陕西公司,郑州战区,河南省区,郑州办,关店,专卖店,加盟,,,,,,,,,,,1,是
C07855,毕节东客站店,重庆公司,贵阳战区,云贵省区,遵义办,关店,专卖店,加盟,商超,13159907,501170039,,6015020401849,333018,,6937781590718154763,3002675906954499132,,1,是
C07856,河源龙川腾天购物公园专卖店,广东公司,东莞战区,广东省区,惠汕办,关店,专卖店,加盟,综合体,9614040,500983010,,6014264122849,600060,547212865,6916999677967599620,3002071799562965607,,1,是
C07858,直属天津华润金钟店,陕西公司,北京战区,京津冀省区,天津办,关店,专卖店,直营,商超,,,,,,,,,,1,是
C07859,直属省府大院店,江西公司,南昌一战区,江西二区,南昌三办,关店,专卖店,直营,街铺,10024904,,,6013964466849,600228,,,,,1,是
C07861,中山小榄泰丰新万悦专卖店,广东公司,广州战区,广东省区,中珠办,关店,专卖店,加盟,商超,,,,6014251820849,600041,,7062103170742224911,3002038771908809589,,1,是
C07864,杭州湖州浙北购物中心红旗路店,浙江公司,杭州战区,浙江省区,杭州办,关店,专卖店,加盟,综合体,,,,,,,,,,1,是
C07865,直属世纪万象广场店,其他,南昌区域,独椒戏,独椒戏(南昌),关店,专卖店,直营,街铺,,,,,,,,,,1,否
C07866,重庆渝北沃尔玛金港国际店,重庆公司,重庆战区,川渝省区,重庆办,关店,专卖店,加盟,综合体,8442753,,,,,,,,,1,是
C07867,重庆江北大石坝东原店,重庆公司,重庆战区,川渝省区,重庆办,关店,专卖店,加盟,综合体,9390173,2041492867,,6015017825849,329745,1959900948,,,,1,是
C07868,重庆渝北汇祥好莱坞店,重庆公司,重庆战区,川渝省区,重庆办,关店,专卖店,加盟,综合体,,,,,,,,,,1,是
C07869,直属西安西二环华润万家店,陕西公司,西安战区,陕西省区,西安办,关店,专卖店,直营,综合体,,,,,,,,,,1,是
C07870,直属西安翠华路永辉店,陕西公司,西安战区,陕西省区,西安办,关店,专卖店,直营,商超,,,,,,,,,,1,是
C07871,直属西安公园南路永辉店,陕西公司,西安战区,陕西省区,西安办,关店,专卖店,直营,商超,9784628,500900273,,6014142619849,332263,574844606,6862668422572984332,6724909544076873465,,1,是
C07873,宁德新能源专卖店,江西公司,福州战区,福建省区,福州办,关店,专卖店,加盟,特殊渠道,,,,,,,,,,1,是
C07874,沈阳兴顺店,陕西公司,沈阳战区,辽吉省区,沈阳办,关店,专卖店,加盟,街铺,,,,,,,,,,1,是
C07875,茂名电白林头专卖店,广东公司,广州战区,广东省区,中珠办,关店,专卖店,加盟,街铺,,,,6014268522849,600047,1351457151,6901788471967352832,3002400291573010485,,1,否
C07876,赣州信丰双钻店,江西公司,赣州战区,江西一区,赣州办,关店,专卖店,加盟,综合体,,,,6015119096849,600275,,6888010981230872576,,,1,是
C07877,江东农药厂店,江西公司,南昌一战区,江西二区,南昌三办,关店,专卖店,加盟,街铺,,,,,600217,,,,,1,是
C07879,河南漯河人民路丹尼斯店,陕西公司,郑州战区,河南省区,河南外阜办,关店,专卖店,加盟,综合体,5473924,501410054,,6013997928849,270385,179141838,6873259253663107087,,,1,是
C07880,杭州萧山盈一佳苑店,浙江公司,杭州战区,浙江省区,杭州办,关店,专卖店,加盟,街铺,9636273,,,,,,,,,1,是
C07881,萍乡高铁二楼候车室店,江西公司,宜春战区,江西二区,宜春办,正常营业,专卖店,加盟,高势能,,,,6015119499849,,,,,,1,否
C07882,三亚解放四路旺毫专卖店,广东公司,海口战区,海南办,海南办,关店,专卖店,加盟,商超,10039422,501615852,,6014903563849,600186,598079309,7059369861071243296,,,1,是
C07883,直属安徽合肥大洋百货店,浙江公司,苏州战区,安徽办,安徽办,关店,专卖店,直营,综合体,9777348,501322188,,6013967284849,332570,1143777600,,,,1,是
C07885,杭州湖州浙北大厦购物中心店,浙江公司,杭州战区,浙江省区,杭州办,关店,专卖店,加盟,综合体,,,,,,,,,,1,是
C07886,宁波慈溪朗霞店,浙江公司,杭州战区,浙江省区,宁波办,关店,专卖店,加盟,街铺,,,,,,,,,,1,是
C07887,直属南宁安吉万达2号门广场店,广东公司,南宁战区,广西省区,南宁办,正常营业,专卖店,直营,综合体,9382449,500590936,17092252.0,6013993549849,332328,165949601,6960650615974266887,3003063189611975360,2026032111077000000115465194|xiniu_xgc_bgc,1,是
C07888,直属深圳市罗湖区东门街道独椒戏东港中心饮食店,其他,深圳罗湖区,独椒戏,独椒戏(南昌),关店,专卖店,直营,街铺,,,,,,,,,,1,否
C07890,河南永城人民广场店,陕西公司,郑州战区,河南省区,郑州办,关店,专卖店,加盟,街铺,9741490,,,,,964123926,,,,1,是
C07891,惠州博罗园洲欣旺达专卖店,广东公司,东莞战区,广东省区,惠汕办,关店,专卖店,加盟,街铺,,,,,,,,,,1,是
C07892,杭州渠道明康汇店,浙江公司,杭州战区,浙江省区,杭州办,关店,渠道店,加盟,,,,,,,,,,,1,是
C07895,直属深圳高铁北站专卖店,广东公司,深圳战区,广东省区,宝安办,关店,专卖店,直营,高势能,,,,,,,,,,1,是
C07896,直属广州高铁南站专卖店,广东公司,广州战区,广东省区,广佛办,关店,专卖店,直营,高势能,,,,,,,,,,1,是
C07897,济南历城华信银座,浙江公司,青岛战区,山东省区,青岛办,关店,专柜店,加盟,商超,10800269,2044290679,,,333012,,,,,1,是
C07898,河南郑州棉纺路丹尼斯店,陕西公司,郑州战区,河南省区,郑州办,关店,专卖店,加盟,商超,9740577,2043613062,,6013996538849,331731,1360052340,6867465409851918343,,,1,是
C07899,昆明人民东路店,重庆公司,贵阳战区,云贵省区,昆明办,关店,专卖店,加盟,街铺,9911174,501135219,,,333022,1012966620,,,,1,是
C07900,直属北京永辉龙旗广场店,陕西公司,北京战区,京津冀省区,北京办,关店,专卖店,直营,商超,,,,,600480,,,,,1,是
C07901,海口赛拉维店,广东公司,海口战区,海南办,海南办,正常营业,专卖店,加盟,街铺,10911956,500808329,15905429.0,6014907273849,600177,1173117696,6933329890288601096,,2026031811077000000115274833|xiniu_xgc_bgc,1,是
C07902,南宁三塘九曲湾专卖店,广东公司,南宁战区,广西省区,南宁办,关店,专卖店,加盟,街铺,10394783,501307169,,6014894630849,600141,,6874018567310936075,,,1,是
C07906,东莞东城芳桂园专卖店,广东公司,东莞战区,广东省区,东莞办,关店,专卖店,加盟,街铺,15388859,,,6014146350849,600082,800190569,6870014257522558991,6724909544093606496,,1,否
C07907,重庆九龙坡西彭永辉店,重庆公司,重庆战区,川渝省区,重庆办,关店,专卖店,加盟,商超,9787150,,,,332909,1644403534,,,,1,是
C07909,山西长治皓瑜新天地广场店,陕西公司,西安战区,山西办,山西办,关店,专卖店,加盟,街铺,,,,6015300820849,600394,1669022012,6862898914278901771,,,1,是
C07910,直属南宁万象地铁专卖店,广东公司,南宁战区,广西省区,南宁办,关店,专卖店,直营,交通枢纽,10491169,,,,,,,,,1,是
C07911,山西运城星河城店,陕西公司,西安战区,山西办,山西办,关店,专卖店,加盟,街铺,9694986,501002335,,,600389,1237822842,,,,1,是
C07912,宁波海港城2店,浙江公司,杭州战区,浙江省区,宁波办,关店,专卖店,加盟,综合体,8394337,500817612,,6013953291849,328846,1259721351,6838004911175763983,3002054011505025392,,1,是
C07914,直属独椒戏老福山店,其他,南昌区域,独椒戏,独椒戏(南昌),关店,专卖店,直营,,,,,,,,,,,1,否
C07915,杭州西湖崇义路店,浙江公司,杭州战区,浙江省区,杭州办,关店,专卖店,加盟,街铺,9607855,500729469,,,,,,,,1,是
C07916,南山区松坪山专卖店,广东公司,深圳战区,广东省区,宝安办,关店,专卖店,加盟,特殊渠道,10169727,501171096,,,,,,,,1,是
C07919,安徽陈埠服务区店,浙江公司,苏州战区,安徽办,安徽办,关店,专卖店,加盟,交通枢纽,,,,,,,,,,1,否
C07920,三明北站专卖店,江西公司,福州战区,福建省区,闽北办,关店,专卖店,加盟,高势能,,,,,,,,,,1,是
C07922,浙江物美华东大仓,浙江公司,杭州战区,浙江省区,杭州办,关店,渠道店,加盟,特殊渠道,,,,,,,,,,1,是
C07923,宜春天福来购物广场店,江西公司,宜春战区,江西二区,宜春办,正常营业,专卖店,加盟,街铺,11024319,504310118,16256718.0,6015166132849,600266,571348516,7033449496721770503,3003138943896593187,2025111911077000000113646693|xiniu_xgc_bgc,1,是
C07924,济南槐荫嘉华购物广场,浙江公司,青岛战区,山东省区,济南办,关店,专柜店,加盟,综合体,,,,,,,,,,1,是
C07925,惠州三环天虹专卖店,广东公司,东莞战区,广东省区,惠汕办,关店,专卖店,加盟,综合体,,,,,cover_C07925_600054,,,,,1,是
C07926,湘潭基建营步步高店,江西公司,长沙战区,湖南省区,株洲办,关店,专卖店,加盟,街铺,9934634,501902214,,6015164677849,600372,,6855165691151140878,6724909467872823846,,1,是
C07928,长沙天心区坡子街店,江西公司,长沙战区,湖南省区,长沙办,关店,专柜店,加盟,街铺,,,,,,,,,,1,是
C07931,河南安阳文峰丹尼斯店,陕西公司,郑州战区,河南省区,河南外阜办,关店,专卖店,加盟,商超,9839097,501810040,,,,767430072,,,,1,是
C07932,直属佛山南海万科专卖店,广东公司,广州战区,广东省区,广佛办,关店,专卖店,直营,街铺,,,,,,,,,,1,是
C07933,直属上海南京东路宏伊广场店,浙江公司,上海战区,上海省区,上海一办,关店,专卖店,直营,商超,10005762,2054814193,,cover_C07933_6013776133849,332959,,,,,1,是
C07934,河南漯河金山路丹尼斯店,陕西公司,郑州战区,河南省区,河南外阜办,关店,专卖店,加盟,商超,10050146,,,,600157,569657299,,,,1,是
C07935,南京马鞍山雨山大润发店,浙江公司,苏州战区,江苏省区,南京办,关店,专卖店,加盟,商超,13368533,501045550,,,600337,1849219425,,,,1,是
C07936,江苏南京高淳天河店,浙江公司,苏州战区,江苏省区,南京办,关店,专卖店,加盟,街铺,16524430,509192526,,6015870612849,,1286824834,7215124411760773160,3003651516229589236,,1,是
C07937,汕头金新路专卖店,广东公司,东莞战区,广东省区,惠汕办,关店,专卖店,加盟,街铺,9642199,501720816,,,600063,,,,,1,是
C07938,东莞星河城嘉荣专卖店,广东公司,东莞战区,广东省区,东莞办,关店,专卖店,加盟,街铺,,,,,,,,,,1,是
C07939,江苏连云港家得福春晓店,浙江公司,苏州战区,江苏省区,南京办,关店,专卖店,加盟,特殊渠道,"20882
9791731",,,,,,,,,1,是
C07941,广西北海老街专卖店,广东公司,南宁战区,广西省区,南宁办,关店,专柜店,加盟,街铺,,,,,,,,,,1,是
C07942,河南禹州钧州大街店,陕西公司,郑州战区,河南省区,河南外阜办,关店,专卖店,加盟,商超,9714893,,,,,1101452795,,,,1,是
C07943,重庆合川汽车站店,重庆公司,重庆战区,川渝省区,重庆办,关店,专卖店,加盟,交通枢纽,9934075,501406856,,6015018318849,332913,1833443735,,,,1,是
C07945,河南新蔡喜盈门悦享城店,陕西公司,郑州战区,河南省区,驻马店办,关店,专卖店,加盟,商超,9859310,,,6013997225849,333011,691804710,6891200556774230023,,,1,是
C07947,直属东湖区叠山路店,其他,南昌战区,煌大江西一区,南昌办,关店,专卖店,直营,街铺,,,,,,,,,,1,否
C07948,直属红谷滩沁园店,其他,南昌战区,煌大江西一区,南昌办,关店,,直营,,,,,,,,,,,1,否
C07949,直属青山湖区龙兴店,其他,,煌大江西一区,南昌办,正常营业,,直营,,,,,,,,,,,1,否
C07950,直属青云谱区三店西路店,其他,,煌大江西一区,南昌办,正常营业,,直营,,,,,,,,,,,1,否
C07951,鹰抚志光镇店,江西公司,抚州战区,江西一区,鹰抚办,关店,专卖店,加盟,特殊渠道,,,,,,,,,,1,是
C07952,直属贵阳中铁逸都店,重庆公司,贵阳战区,云贵省区,贵阳办,关店,专卖店,直营,街铺,7614276,510103473,,6014201651849,332427,cover_C07952_516634635,cover_C07952_6734334731472635912,cover_C07952_3002272451249116610,,1,是
C07955,桂林临桂花生唐冠超市专卖店,广东公司,南宁战区,广西省区,柳桂办,关店,专卖店,加盟,综合体,10214118,2056457471,,,600144,,,,,1,是
C07956,直属重庆万州沃尔玛店,重庆公司,重庆战区,川渝省区,重庆办,关店,专卖店,直营,商超,9934625,2073277994,,6014201841849,332414,1718770039,,,,1,是
C07958,叮咚买菜江苏无锡仓,浙江公司,苏州战区,江苏省区,苏州办,关店,渠道店,加盟,特殊渠道,,,,,,,,,,1,是
C07959,丰城小刚优选专卖店,江西公司,南昌二战区,江西一区,丰新办,关店,渠道店,加盟,特殊渠道,,,,,,,,,,1,是
C07960,赣州会昌新天地店,江西公司,赣州战区,江西一区,赣州办,正常营业,专卖店,加盟,街铺,10046757,501050741,16638036.0,6015165828849,400277,934262704,6867731999302387725,3005622712402977077,2025112011077000000113733696|xiniu_xgc_bgc,1,是
C07965,株洲芦淞区平和堂店,江西公司,长沙战区,湖南省区,株洲办,关店,专卖店,加盟,综合体,9934623,2044393345,,6015120081849,600373,165952414,,,,1,是
C07966,遵义绥阳诗乡广场店,重庆公司,贵阳战区,云贵省区,遵义办,关店,专卖店,加盟,商超,9913760,501125000,,,333020,,,,,1,是
C07969,麻丘三店,江西公司,南昌一战区,江西一区,南昌二办,正常营业,专卖店,加盟,街铺,,,,6015128802849,600242,561575219,7599509203517982755,3003821479544169256,,1,是
C07973,甘肃兰州红星华联店,陕西公司,西安战区,陕西省区,兰州办,关店,专卖店,加盟,商超,9810580,500947272,,,600386,796310012,6863286935079618564,,,1,是
C07974,重庆渝北冉家坝沃尔玛店,重庆公司,重庆战区,川渝省区,重庆办,关店,专卖店,加盟,商超,9812693,,,,,1231550616,,,,1,是
C07975,甘肃兰州金城珑园华联店,陕西公司,西安战区,陕西省区,兰州办,关店,专卖店,加盟,商超,10289588,2062322857,,6016772693849,600387,615539528,6928872973738706944,,,1,是
C07976,鹰抚抚州华润超市店,江西公司,抚州战区,江西一区,鹰抚办,关店,专卖店,加盟,商超,,,,,600526,,,,,1,是
C07977,景德镇余干二中店,江西公司,南昌二战区,江西二区,景德镇办,关店,专卖店,加盟,街铺,,,,6015168006849,600291,,6874640197607344142,,,1,是
C07980,陕西商洛山阳西城壕店,陕西公司,西安战区,陕西省区,陕西外阜办,关店,专卖店,加盟,街铺,17081064,2059134875,,,600396,,7209125924246128640,,,1,是
C07981,甘肃定西友谊北路店,陕西公司,西安战区,陕西省区,兰州办,关店,专卖店,加盟,街铺,10057148,2063345591,,6013996755849,600378,1923281785,7146548548962781225,,,1,是
C07982,甘肃兰州大润发2店,陕西公司,西安战区,陕西省区,兰州办,关店,专卖店,加盟,商超,2044189116,2044189116,,,600383,841287322,7308982139893090358,,,1,是
C07983,陕西商洛山阳店,陕西公司,西安战区,陕西省区,陕西外阜办,关店,专卖店,加盟,街铺,,,,6013998141849,600395,,6867129132287838222,,,1,是
C07984,福州福清平潭泰元专卖店,江西公司,福州战区,福建省区,福州办,关店,专卖店,加盟,商超,22096533,519260112,,6014904394849,600305,773139776,7387242035872270375,3003736485043707981,,1,是
C07985,余江永惠永辉超市店,江西公司,抚州战区,江西一区,鹰抚办,关店,专卖店,加盟,商超,13207651,,,6015143304849,600504.0,,7025853405612476424,4003009888847307818,,1,是
C07987,直属西湖区铁路二村店,其他,,煌大江西一区,南昌办,关店,专卖店,直营,街铺,,,,,,,,,,1,否
C07989,义乌永乐路店,浙江公司,杭州战区,浙江省区,金衢办,关店,专卖店,加盟,商超,9923872,2044172472,,,600317,,,,,1,是
C07990,重庆渝北西政店,重庆公司,重庆战区,川渝省区,重庆办,关店,专卖店,加盟,街铺,9947904,501416560,,,332573,954401390,,,,1,是
C07991,珠海南屏广生新村专卖店,广东公司,广州战区,广东省区,中珠办,关店,专卖店,加盟,街铺,10052949,501420182,,6014225941849,600080,1326677392,6872308159206131712,6724909487499450624,,1,是
C07992,广州黄埔南岗华润专卖店,广东公司,广州战区,广东省区,广佛办,关店,专卖店,加盟,商超,,,,,,,,,,1,是
C07993,杭州嘉兴南站店,浙江公司,杭州战区,浙江省区,杭州办,关店,渠道店,加盟,高势能,,,,,,,,,,1,是
C07994,吉安县新瑞城市花园店,江西公司,赣州战区,江西一区,吉安办,关店,专卖店,加盟,街铺,17231148,1168495023,,6015150009849,600287,1029137597,6881087152113862660,3003874947548327781,,1,是
C07995,大连金州新玛特店,陕西公司,沈阳战区,辽吉省区,大连办,关店,专卖店,加盟,商超,11914976,502531608,,6015118555849,600125,1197607581,7005024503482812423,3002396552318362613,,1,是
C07996,萍乡彭高店,江西公司,宜春战区,江西二区,宜春办,关店,专卖店,加盟,街铺,,,,6015166206849,600846,,6902530461097003019,,,1,是
C07999,隆回荣兴国际店,江西公司,长沙战区,湖南省区,衡邵办,关店,专卖店,加盟,街铺,10314611,,,,600360,1393814410,,,,1,是
C08000,隆回汽车总站店,江西公司,长沙战区,湖南省区,衡邵办,关店,专卖店,加盟,交通枢纽,10314614,2074603811,,6015166391849,600361,1805358280,,,,1,是
C08001,直属江苏苏州吴江南大润发店,浙江公司,苏州战区,江苏省区,苏州办,关店,专卖店,直营,商超,10122826,501370457,,,600335,831309442,,,,1,是
C08005,山西运城禹都东路店,陕西公司,西安战区,山西办,山西办,关店,专卖店,加盟,街铺,9973434,,,,600391,688120172,,,,1,是
C08006,海口吾悦广场专卖店,广东公司,海口战区,海南办,海南办,关店,专卖店,加盟,商超,9979306,501176568,,6014904275849,600179,714276776,6995064020042516517,,,1,是
C08007,济宁任城大润发,浙江公司,青岛战区,山东省区,济南办,关店,专柜店,加盟,商超,10138716,2060598730,,6015069306849,332419,1332410809,,,,1,是
C08008,深圳凤瑞实业有限公司(深圳土地工),广东公司,深圳战区,广东省区,宝安办,关店,渠道店,加盟,特殊渠道,,,,,,,,,,1,是
C08009,湖北荆州监利县实中路店,江西公司,九江战区,湖北办,湖北办,关店,专卖店,加盟,街铺,10621391,,,,600313,,,,,1,是
C08010,广州白云金铂天地专卖店,广东公司,广州战区,广东省区,广佛办,关店,专卖店,加盟,综合体,9991063,,,,,,,,,1,是
C08016,淘鲜达沈阳和平大润发店,陕西公司,沈阳战区,辽吉省区,沈阳办,关店,渠道店,加盟,特殊渠道,,,,,,,,,,1,是
C08017,义乌杨村店,浙江公司,杭州战区,浙江省区,杭州办,关店,专卖店,加盟,,,,,,,,,,,1,是
C08020,泰安泰山万达新时代,浙江公司,青岛战区,山东省区,济南办,关店,专柜店,加盟,综合体,11676474,,,6015074623849,332918,,6891199754135406607,,,1,是
C08021,直属华润恒茂店,江西公司,南昌一战区,江西二区,南昌三办,关店,渠道店,直营,街铺,,,,,,,,,,1,是
C08023,贵州独山繁华里店,重庆公司,贵阳战区,云贵省区,贵阳办,关店,专卖店,加盟,,,,,,,,,,,1,是
C08024,创新二路高新农贸市场店,江西公司,南昌一战区,江西一区,南昌二办,关店,专卖店,加盟,街铺,,,,,,,,,,1,是
C08026,西安路二店,江西公司,南昌一战区,江西一区,南昌二办,关店,专卖店,加盟,街铺,,,,6015118241849,600240,,,,,1,是
C08027,泰和县西昌府店,江西公司,赣州战区,江西一区,吉安办,关店,专卖店,加盟,街铺,,,,6015165716849,600288,,,,,1,是
C08028,湖北黄冈万达专卖店,江西公司,九江战区,湖北办,湖北办,关店,专卖店,加盟,综合体,10688001,2059094887,,,600314,,,,,1,是
C08029,广西百色华润超市专卖店,广东公司,南宁战区,广西省区,南宁办,关店,专卖店,加盟,商超,9974918,2044365136,,,600143,,,,,1,是
C08032,安徽芜湖万达店,浙江公司,苏州战区,安徽办,安徽办,关店,专柜店,加盟,综合体,9917405,501346101,,,600540,1081451521,,,,1,是
C08033,青岛胶州国货丽达,浙江公司,青岛战区,山东省区,青岛办,关店,专柜店,加盟,商超,10139965,,,,332574,10139965,,,,1,是
C08034,江苏淮安大润发店,浙江公司,苏州战区,江苏省区,南京办,关店,专卖店,加盟,商超,10516107,502206883,,,600345,686955888,,,,1,是
C08035,河南西华万果园果果茂店,陕西公司,郑州战区,河南省区,河南外阜办,关店,专卖店,加盟,商超,10025962,501395347,,6013997639849,600152,614561454,7002056610696661005,,,1,是
C08036,河南荥阳索河路店,陕西公司,郑州战区,河南省区,郑州办,关店,专卖店,加盟,特殊渠道,9249928,501395780,,,328851,1879811488,,,,1,是
C08037,义乌商城大道店,浙江公司,杭州战区,浙江省区,金衢办,关店,专卖店,加盟,街铺,13332778,2099048198,,6013953290849,600318,13332778,,,,1,是
C08038,直属南郊公园永辉超市店,江西公司,长沙战区,湖南省区,长沙办,关店,专卖店,直营,商超,,,,,,,,,,1,是
C08039,江门台山万达广场专卖店,广东公司,广州战区,广东省区,中珠办,关店,专卖店,加盟,综合体,9990723,,,6014264131849,600043,608691557,6911804836161783823,3002772146965587038,,1,是
C08041,东新伟象景尚都会店,江西公司,南昌一战区,江西二区,南昌四办,正常营业,专卖店,加盟,街铺,,,,6015119489849,600220,780963741,6920339107205875727,6724909544067214859,2025112011077000000113620792|xiniu_xgc_bgc,1,是
C08042,梅州丰顺汤坑路专卖店,广东公司,东莞战区,广东省区,惠汕办,关店,专卖店,加盟,街铺,10257676,501388891,,,,,,,,1,是
C08045,龙岗中心城店,广东公司,深圳战区,广东省区,龙岗办,正常营业,专卖店,加盟,街铺,10088996,501136594,16384015.0,6014162250849,600030,1692846380,6870112144956884999,3002751874065474031,2026031811077000000115341757|xiniu_xgc_bgc,1,是
C08046,青云印象汇店,江西公司,南昌一战区,江西二区,南昌三办,关店,专柜店,加盟,商超,,,,,600571,,,,,1,是
C08048,婺源平安花园小区店,江西公司,抚州战区,江西二区,景德镇办,正常营业,专卖店,加盟,街铺,17805803,502521739,16638094.0,6016783403849,600513,1061129177,6914403401426012160,,2025111911077000000113649644|xiniu_xgc_bgc,1,是
C08050,莲塘府前东路店,江西公司,南昌一战区,江西二区,南昌四办,关店,专卖店,加盟,街铺,28382057,522272886,17662741.0,6015119954849,600221,1863013412,6926994329806309380,3003656610483281994,2026030511077000000115157772|xiniu_xgc_bgc,1,是
C08052,中山沙溪丽港步行街专卖店,广东公司,广州战区,广东省区,中珠办,关店,专卖店,加盟,街铺,,,,,,,,,,1,是
C08053,贵阳鸿通城一店,重庆公司,贵阳战区,云贵省区,贵阳办,关店,专卖店,加盟,综合体,12660675,,,6015016922849,600402,195580783,7304091211705354276,3002355510095384698,,1,是
C08054,直属河南郑州火车站中通廊3店,陕西公司,郑州战区,河南省区,郑州办,关店,专卖店,直营,高势能,,,,6014139708849,,,7068126312660994048,,,1,是
C08055,罗湖商业城地铁专卖店,广东公司,深圳战区,广东省区,龙岗办,关店,专卖店,加盟,交通枢纽,10503993,501400692,,6014334236849,600527,936702702,6895551865430214663,6724909544136234648,,1,是
C08056,宝安西乡麻布专卖店,广东公司,深圳战区,广东省区,宝安办,关店,专卖店,加盟,街铺,,,,,,,,,,1,是
C08057,宁波北仑富邦城店,浙江公司,杭州战区,浙江省区,宁波办,关店,专卖店,加盟,综合体,10063002,501396383,,6013954051849,600111,,,,,1,是
C08058,直属湖北武汉汉口站专卖店,江西公司,九江战区,湖北办,湖北办,关店,专卖店,直营,高势能,,,,,,,,,,1,是
C08059,G99美食街店,其他,南昌区域,独椒戏,独椒戏(南昌),关店,专卖店,加盟,街铺,,,,,,,,,,1,否
C08060,华南壹佰米科技（叮咚买菜东莞仓）,广东公司,东莞战区,广东省区,东莞办,关店,渠道店,加盟,特殊渠道,,,,,,,,,,1,否
C08061,重庆江北首创鸿恩店,重庆公司,重庆战区,川渝省区,重庆办,关店,专卖店,加盟,,,,,,,,,,,1,是
C08062,陕西汉中洋县育才路店,陕西公司,西安战区,陕西省区,陕西外阜办,关店,专卖店,加盟,街铺,12286019,,17082650.0,6013996757849,600487,,6986469628587280421,,,1,是
C08063,河南灵宝桃林街二店,陕西公司,郑州战区,河南省区,河南外阜办,关店,专卖店,加盟,街铺,9932587,,,,,1170099246,,,,1,是
C08064,河南灵宝桃林街一店,陕西公司,郑州战区,河南省区,河南外阜办,关店,专卖店,加盟,街铺,10043832,,,,,1342792940,,,,1,是
C08069,重庆南岸茶园金科永辉店,重庆公司,重庆战区,川渝省区,重庆办,关店,专卖店,加盟,商超,,,,,,,,,,1,是
C08070,重庆南岸腾龙大道永辉店,其他,重庆区域,川渝省区,重庆办,待开业,,加盟,,,,,,,,,,,1,否
C08071,昆明北京路店,重庆公司,贵阳战区,云贵省区,昆明办,关店,专卖店,加盟,街铺,10751910,2073327591,,6015016916849,600421,1558889506,,,,1,是
C08072,昆明环城东路店,重庆公司,贵阳战区,云贵省区,昆明办,关店,专卖店,加盟,街铺,10808897,2073277959,,,600420,847075663,,,,1,是
C08074,腾大餐饮杭州西溪银泰渠道,浙江公司,杭州战区,浙江省区,杭州办,关店,渠道店,加盟,特殊渠道,,,,,,,,,,1,是
C08076,吉安凯旋世纪国光店,江西公司,赣州战区,江西一区,吉安办,正常营业,专卖店,加盟,商超,10211328,501161245,16189133.0,6015129831849,600283,655306120,6931539463428376580,3002301184133305723,2026031011077000000115344016|xiniu_xgc_bgc,1,是
C08084,佛山南海金色领域专卖店,广东公司,广州战区,广东省区,广佛办,关店,专卖店,加盟,街铺,,,,,,,,,,1,是
C08085,重庆九龙坡华福路永辉店,重庆公司,重庆战区,川渝省区,重庆办,关店,专卖店,加盟,商超,10539579,501387286,,,600001,1989865952,,,,1,是
C08086,三亚渔村路专卖店,广东公司,海口战区,海南办,海南办,关店,专卖店,加盟,街铺,10039908,2044369598,,,600190,1167471462,,,,1,是
C08087,昌江百花汇专卖店,广东公司,海口战区,海南办,海南办,关店,专卖店,加盟,商超,10117720,,,6014903177849,600196,1360643483,6905127748109338638,,,1,是
C08088,昌江广百汇店,广东公司,海口战区,海南办,海南办,正常营业,专卖店,加盟,商超,10117835,501109936,15967943.0,6014892980849,600195,683164507,7187592276988659723,,2026031811077000000115251742|xiniu_xgc_bgc,1,是
C08089,河南郑州白沙丹尼斯店,陕西公司,郑州战区,河南省区,郑州办,关店,专卖店,加盟,综合体,10287108,2139541412,16130467.0,6016959862849,600165,812579383,6905868020871071752,,,1,是
C08090,九江马狮店,江西公司,九江战区,江西二区,九江办,关店,专卖店,加盟,街铺,10738065,2059064379,15968012.0,6015116885849,600260,1666198878,6886396993090897927,2161846215522032627,,1,是
C08091,高州长坡万家店,广东公司,广州战区,广东省区,中珠办,正常营业,专卖店,加盟,商超,13801073,,,6014225693849,600045,627669922,6994369652822378504,3003153128885789306,2025112011077000000113622819|xiniu_xgc_bgc,1,是
C08096,沈阳华凯鑫城店,陕西公司,沈阳战区,辽吉省区,沈阳办,关店,专卖店,加盟,街铺,,,,,600254,,,,,1,是
C08097,甘肃兰州东湖广场店,陕西公司,西安战区,陕西省区,兰州办,关店,专卖店,加盟,街铺,,,,,,,,,,1,是
C08098,甘肃兰州海鸿华润万家店,陕西公司,西安战区,陕西省区,兰州办,关店,专卖店,加盟,商超,10289589,2062152542,,,600388,507664558,,,,1,否
C08100,九江满庭春店,江西公司,九江战区,江西二区,九江办,正常营业,专卖店,加盟,街铺,10212820,2059163792,,6015164687849,600261,1389309051,6973404848981018662,6724909544131045135,2025112011077000000113741650|xiniu_xgc_bgc,1,是
C08101,揭阳普宁里湖店,广东公司,东莞战区,广东省区,惠汕办,正常营业,专卖店,加盟,街铺,10209227,,20751267.0,6014315109849,600067,1359346089,6978048766305634344,3002390298550079756,2025111911077000000113644693|xiniu_xgc_bgc,1,是
C08103,中山东升壹加壹专卖店,广东公司,广州战区,广东省区,中珠办,关店,专卖店,加盟,商超,10257668,323241966,,6014293810849,600040,,,,,1,是
C08104,烟台芝罘振华中心店（烟台港银商贸有限公司）,浙江公司,青岛战区,山东省区,青岛办,关店,专卖店,加盟,商超,20418735,502517646,,6015069308849,600578,810121068,6970808458534717474,3002802407597387210,,1,是
C08106,重庆渝中较场口永辉,重庆公司,重庆战区,川渝省区,重庆办,关店,专卖店,加盟,商超,,,,,,,,,,1,是
C08107,重庆南岸腾龙大道永辉店,重庆公司,重庆战区,川渝省区,重庆办,关店,专卖店,加盟,商超,,,,,,,,,,1,是
C08108,东莞樟木头天和百货专卖店,广东公司,东莞战区,广东省区,东莞办,关店,专卖店,加盟,综合体,10276437,508180267,,6014139759849,600089,1252622187,6601196427949377543,3002026117082059222,,1,是
C08109,张家口怀来家家悦店,陕西公司,北京战区,京津冀省区,北京办,关店,专卖店,加盟,商超,10873318,2056610285,,6015116982849,600440,,6988075252072843294,3002579234984563879,,1,是
C08111,直属北京永辉回龙观店,陕西公司,北京战区,京津冀省区,北京办,关店,专卖店,直营,商超,,,,,,,,,,1,是
C08112,直属北京永辉百子湾店,陕西公司,北京战区,京津冀省区,北京办,关店,专卖店,直营,商超,,,,,328950,1311684936,,,,1,是
C08113,直属北京华联天通苑店,陕西公司,北京战区,京津冀省区,北京办,关店,专卖店,直营,商超,,,,,,,,,,1,是
C08114,浙江星煌贸易有限公司,浙江公司,杭州战区,浙江省区,杭州办,关店,渠道店,加盟,,,,,,,,,,,1,是
C08115,腾大餐饮杭州金家渡北路店,浙江公司,杭州战区,浙江省区,杭州办,关店,渠道店,加盟,特殊渠道,,,,,,,,,,1,是
C08116,重庆永川中央大街亭子店,重庆公司,重庆战区,川渝省区,重庆办,关店,专卖店,加盟,街铺,,,,,600003,1985139173,,,,1,是
C08117,重庆璧山东关小学店,重庆公司,重庆战区,川渝省区,重庆办,关店,专卖店,加盟,街铺,10592061,501416181,,,600002,950512696,,,,1,是
C08118,韶关新丰东盛广场专卖店,广东公司,广州战区,广东省区,广佛办,关店,专卖店,加盟,商超,10089001,,,6014225039849,600035,,,,,1,是
C08119,海口星茂城专卖店,广东公司,海口战区,海南办,海南办,关店,专卖店,加盟,综合体,14602920,1101923937,,6015240296849,300173,943428766,7121961250807875599,,,1,是
C08120,青岛胶南中建幸孚mall店,浙江公司,青岛战区,山东省区,青岛办,关店,专柜店,加盟,,,,,,,,,,,1,是
C08121,潍坊寿光全福元中心,浙江公司,青岛战区,山东省区,济南办,关店,专柜店,加盟,综合体,10307267,505948800,,6015075900849,600247,1530103423,,3002065801642643907,,1,是
C08122,赣州南康佳兴店,江西公司,赣州战区,江西一区,赣州办,正常营业,专卖店,加盟,街铺,13256987,2121276994,15968030.0,6015165436849,600274,903333308,7042909888778864676,3002678298904629528,2025112011077000000113765162|xiniu_xgc_bgc,1,是
C08124,新建区商贸城店,其他,南昌区域,煌大江西一区,南昌办,正常营业,,加盟,,,,,,,,,,,1,否
C08125,东湖区水产市场店,其他,南昌区域,煌大江西一区,南昌办,正常营业,,加盟,,,,,,,,,,,1,否
C08126,红谷滩区凤凰商贸城店,其他,南昌区域,煌大江西一区,南昌办,正常营业,,加盟,,,,,,,,,,,1,否
C08127,南昌县城东集贸市场店,其他,南昌区域,煌大江西一区,南昌办,正常营业,,加盟,,,,,,,,,,,1,否
C08128,新建区莱卡1店,其他,南昌区域,煌大江西一区,南昌办,正常营业,,加盟,,,,,,,,,,,1,否
C08129,昆明家乐福爱琴海店,重庆公司,贵阳战区,云贵省区,昆明办,关店,专卖店,加盟,商超,,,,,600422,,,,,1,是
C08130,昆明沃尔玛昌源中路店,重庆公司,贵阳战区,云贵省区,昆明办,关店,专卖店,加盟,商超,10054970,501133035,,,600423,778739628,,,,1,是
C08131,北京通州万达永辉店,陕西公司,北京战区,京津冀省区,北京办,关店,专卖店,加盟,综合体,10751660,,,,600444,,,,,1,是
C08132,吉安新干城南国光店,江西公司,宜春战区,江西一区,吉安办,正常营业,专卖店,加盟,商超,14722469,,,6015116897849,600285,1938645839,6903641352060274701,,2025112011077000000113701755|xiniu_xgc_bgc,1,是
C08133,张家口建工学院店,陕西公司,北京战区,京津冀省区,北京办,关店,专卖店,加盟,商超,,,,,,,,,,1,是
C08134,阳泉凯通店,陕西公司,西安战区,山西办,山西办,关店,专卖店,加盟,街铺,10877384,501685689,,,600475,,,,,1,是
C08136,河南郑州中陆广场永辉店,陕西公司,郑州战区,河南省区,郑州办,关店,专卖店,加盟,商超,,,,,,,,,,1,是
C08137,河南郑州国贸家乐福渠道店,陕西公司,郑州战区,河南省区,河南外阜办,关店,渠道店,加盟,商超,10124991,2057847607,,,,531923538,,,,1,是
C08138,河南新郑龙湖锦艺城永辉店,陕西公司,郑州战区,河南省区,河南外阜办,关店,专卖店,加盟,商超,10048653,2056544204,,,400158,1233941906,,,,1,是
C08139,甘肃天水嘉伯乐超市店,陕西公司,西安战区,陕西省区,兰州办,关店,专卖店,加盟,商超,10619129,2056615627,,6013997128849,600382,661864990,6876701674203924487,,,1,是
C08140,济南市中舜耕路华联,浙江公司,青岛战区,山东省区,青岛办,关店,专卖店,加盟,商超,,,,,,,,,,1,是
C08141,清远连州发到家专卖店,广东公司,广州战区,广东省区,广佛办,关店,专卖店,加盟,商超,16639260,,,6014268510849,600037,949639545,6895121802943531015,3002027077469809968,,1,否
C08142,东莞高埗挺拇指专卖店,广东公司,东莞战区,广东省区,东莞办,关店,专卖店,加盟,商超,10211481,2059163808,16189108.0,6014151703849,600083,1877312332,6899006921827682304,6724909544136029850,2026031811077000000115339716|xiniu_xgc_bgc,1,是
C08143,西安火车站时间车站超市店,陕西公司,西安战区,陕西省区,西安办,关店,专卖店,加盟,高势能,,,,,,,,,,1,是
C08144,直属长沙高铁南站四店,江西公司,长沙战区,湖南省区,长沙办,关店,专卖店,直营,高势能,,,,,,,,,,1,是
C08145,沈辽路华润万家,陕西公司,沈阳战区,辽吉省区,沈阳办,关店,专卖店,加盟,商超,,,,,,,,,,1,是
C08146,进贤好友多超市店,江西公司,南昌二战区,江西二区,南昌四办,正常营业,专卖店,加盟,商超,29564610,1296607118,,6015165423849,600224,888540219,7155326861789104165,3002807547602802015,2025112011077000000113653779|xiniu_xgc_bgc,1,是
C08150,柳州火车站专卖店,广东公司,南宁战区,广西省区,柳桂办,关店,专卖店,加盟,高势能,,,,6015345483849,,,,,,1,否
C08152,汕头金平东厦100专卖店,广东公司,东莞战区,广东省区,惠汕办,关店,专卖店,加盟,综合体,10142248,502269241,,6014315712849,600064,826873082,6922201048182458376,3002392075491091670,,1,是
C08158,沈阳鑫大刚江南壹号店,陕西公司,沈阳战区,辽吉省区,沈阳办,关店,专卖店,加盟,街铺,10617811,501560554,,6015118757849,600117,,,,,1,是
C08159,江苏泰州世纪百联寺巷店,浙江公司,苏州战区,江苏省区,南京办,关店,专卖店,加盟,商超,10354190,,,,600347,1317975061,,,,1,是
C08160,海口美德广场专卖店,广东公司,海口战区,海南办,海南办,关店,专卖店,加盟,商超,10121266,501162458,,6014903174849,600193,824139647,6908097453707233293,,,1,是
C08162,上饶天虹店,江西公司,抚州战区,江西二区,上饶办,正常营业,专卖店,加盟,商超,,,,6015281503849,,1947252261,7030380487029819427,,2025111911077000000113728602|xiniu_xgc_bgc,1,是
C08163,直属西安含光路华润万家店,陕西公司,西安战区,陕西省区,西安办,关店,专卖店,直营,综合体,,,,,,,,,,1,是
C08164,江苏泰州万达店,浙江公司,苏州战区,江苏省区,南京办,关店,渠道店,加盟,综合体,10354346,,,,600349,,,,,1,是
C08165,沈阳鑫大刚江南甲第店,陕西公司,沈阳战区,辽吉省区,沈阳办,关店,专卖店,加盟,街铺,10617812,501590406,,6015130702849,600115,,,,,1,是
C08166,海口王府井专卖店,广东公司,海口战区,海南办,海南办,关店,专卖店,加盟,商超,11880070,502532942,,6014906067849,600711,1938380555,6982264851309529125,,,1,是
C08167,吉安火车站店,江西公司,赣州战区,江西一区,吉安办,正常营业,专卖店,加盟,高势能,,,,6015167234849,,,,,,1,是
C08168,浏阳天马新城店,江西公司,长沙战区,湖南省区,长沙办,关店,专卖店,加盟,街铺,14350765,2059152419,,6015116878849,600366,,,,,1,是
C08172,梧州岑溪家广福超市专卖店,广东公司,南宁战区,广西省区,柳桂办,关店,专卖店,加盟,商超,,,,,,,,,,1,是
C08173,南宁连喆渠道店,广东公司,南宁战区,广西省区,南宁办,关店,渠道店,加盟,特殊渠道,,,,,,,,,,1,是
C08174,安徽芜湖欧尚鸠江店,浙江公司,苏州战区,安徽办,安徽办,关店,专柜店,加盟,商超,10218290,2059404631,,6013974200849,600352,1846675641,,,,1,是
C08175,萍乡步步高金源店,江西公司,宜春战区,江西二区,宜春办,关店,专卖店,加盟,商超,,,,,600296,,,,,1,是
C08176,沈阳兴奇利商贸有限公司沈阳第七分公司,陕西公司,沈阳战区,辽吉省区,沈阳办,正常营业,专卖店,加盟,高势能,,,,,,,,,,1,否
C08177,贵州毕节高铁站店,重庆公司,贵阳战区,云贵省区,遵义办,关店,专柜店,加盟,高势能,,,,,,,,,,1,是
C08178,包头永辉吾悦广场店,陕西公司,北京战区,京津冀省区,北京办,关店,专卖店,加盟,商超,10461152,,,6015119069849,600436,,7000940924188493857,,,1,是
C08179,宜春温汤店,江西公司,宜春战区,江西二区,宜春办,关店,专卖店,加盟,街铺,501425893,501425893,,,400265,,,,,1,是
C08180,上海火车站2店,浙江公司,上海战区,上海省区,上海一办,关店,专卖店,加盟,高势能,,,,,,,,,,1,是
C08181,河南林州京都大润发店,陕西公司,郑州战区,河南省区,河南外阜办,关店,专卖店,加盟,商超,10368544,,,,,803734180,,,,1,是
C08182,赣州西站店,江西公司,赣州战区,江西一区,赣州办,关店,专卖店,加盟,高势能,,,,,,,,,,1,是
C08184,直属西安金花南路沃尔玛店,陕西公司,西安战区,陕西省区,西安办,关店,专卖店,直营,商超,10304634,501315664,,6014142620849,600377,182521026,6647273947295533070,,,1,是
C08185,直属西安东门人人乐店,陕西公司,西安战区,陕西省区,西安办,关店,专卖店,直营,商超,10212965,501296102,,6014128071849,600376,1072111050,6886755391422695437,,,1,是
C08186,共青天虹店,江西公司,九江战区,江西二区,九江办,正常营业,专卖店,加盟,综合体,,,,6015165213849,600262,,6954294658398685218,,,1,是
C08187,义乌金城高尔夫店,浙江公司,杭州战区,浙江省区,金衢办,关店,专卖店,加盟,商超,10282162,,,,600316,,,,,1,是
C08188,河源万隆城沃尔玛专卖店,广东公司,东莞战区,广东省区,惠汕办,关店,专卖店,加盟,商超,10649322,501395727,,6014264124849,600058,,,,,1,是
C08189,凌海鑫大刚九华山店,陕西公司,沈阳战区,辽吉省区,辽吉外阜办,关店,专卖店,加盟,街铺,,,,6015115174849,600118,,,,,1,是
C08190,山西运城大商联生活广场店,陕西公司,西安战区,山西办,山西办,关店,专卖店,加盟,商超,11091613,2088821836,,6015463714849,600390,892437913,,,,1,是
C08193,直属宁波镇海吾悦广场店,浙江公司,杭州战区,浙江省区,宁波办,关店,专卖店,直营,综合体,10486828,501410457,,6013954049849,600113,1445696816,,,,1,是
C08194,重庆渝中较场口永辉店,重庆公司,重庆战区,川渝省区,重庆办,关店,专卖店,加盟,商超,,,,,,637227357,,,,1,是
C08195,佛山张槎春风里专卖店,广东公司,广州战区,广东省区,广佛办,关店,专卖店,加盟,街铺,10315800,501901812,,6014225840849,600007,1066444717,6912547847762085902,3002024366871613448,,1,是
C08196,衡阳南岳店,江西公司,长沙战区,湖南省区,衡邵办,关店,专卖店,加盟,商超,10845589,,,6015165387849,,,,,,1,是
C08198,煌上煌奥体天虹店,江西公司,南昌一战区,江西一区,南昌二办,正常营业,专卖店,加盟,综合体,18506892,501292199,14270469.0,6015115389849,600230,737457708,6903644303621359623,6724909544072062704,2025112011077000000113646911|xiniu_xgc_bgc,1,是
C08199,广州番禺祈福缤纷世界专卖店,广东公司,广州战区,广东省区,广佛办,关店,专卖店,加盟,街铺,10383225,2073253117,,6014295604849,600073,1340293342,6961532732425898018,3002774066123444789,,1,是
C08200,鹰抚多乐购超市店,江西公司,抚州战区,江西一区,鹰抚办,关店,专卖店,加盟,商超,,,,,600490,,,,,1,是
C08201,上海南站北广场店,浙江公司,上海战区,上海省区,上海一办,关店,专卖店,加盟,高势能,,,,,,,,,,1,是
C08203,鹰抚抚州章舍农贸市场店,江西公司,抚州战区,江西一区,鹰抚办,正常营业,专卖店,加盟,街铺,13424212,506620488,,6015130316849,600525,1424722539,6889762224022374415,3003731019111207242,2025112011077000000113633862|xiniu_xgc_bgc,1,是
C08204,抚南广昌解放路三店,江西公司,抚州战区,江西一区,鹰抚办,正常营业,专卖店,加盟,街铺,17401161,1149286237,,6015116198849,600492,1603205725,6968584684078909476,3002295106350097735,2025112011077000000113733697|xiniu_xgc_bgc,1,是
C08206,河南南阳高铁站店,陕西公司,郑州战区,河南省区,河南外阜办,关店,专柜店,加盟,高势能,,,,,,,,,,1,是
C08207,红谷滩区翠苑路农贸市场店,其他,南昌区域,江西省区,南昌办,正常营业,,加盟,,,,,,,,,,,1,否
C08208,南昌县景城名郡店,江西公司,南昌一战区,江西二区,南昌四办,关店,专卖店,加盟,,,,,,,501328058.0,,,,1,是
C08209,青山湖区货场农贸市场店,其他,南昌区域,江西省区,南昌办,正常营业,,加盟,,,,,,,,,,,1,否
C08210,昆明家乐福世纪城店,重庆公司,贵阳战区,云贵省区,昆明办,关店,专卖店,加盟,商超,,,,,,,,,,1,是
C08212,宝安梅龙万家超市专卖店,广东公司,深圳战区,广东省区,宝安办,关店,专卖店,加盟,商超,10315802,501876405,,,600018,,,,,1,是
C08213,三亚居然之家专卖店,广东公司,海口战区,海南办,海南办,关店,专卖店,加盟,街铺,,,,,,,,,,1,是
C08214,高新都会农贸市场店,江西公司,南昌一战区,江西一区,南昌二办,关店,专卖店,加盟,街铺,10744714,,,,600222,,,,,1,是
C08215,桂林健康职业学院渠道店,广东公司,南宁战区,广西省区,柳桂办,关店,专卖店,加盟,特殊渠道,,,,,,,7167225082748766243,,,1,否
C08217,潍坊安丘永安佳乐家,浙江公司,青岛战区,山东省区,青岛办,关店,专卖店,加盟,商超,10307374,501306801,,6015059486849,600246,1422522874,,,,1,是
C08218,威海威高购物中心,浙江公司,青岛战区,山东省区,青岛办,关店,专卖店,加盟,综合体,10474365,501379508,,6015069714849,600248,504800833,6900304709366581248,6724909544094814657,,1,是
C08219,烟台莱山万象汇1,浙江公司,青岛战区,山东省区,青岛办,关店,专卖店,加盟,商超,13404121,504134588,,cover_C08219_6015062073849,cover_C08219_600979,cover_C08219_1297182252,7149065708465293312,,,1,是
C08220,河南濮阳隆祥渠道店,陕西公司,郑州战区,河南省区,河南外阜办,关店,专卖店,加盟,商超,,,,,,,,,,1,是
C08221,漳州东山铜陵万祥路专卖店,江西公司,厦门战区,福建省区,闽南办,关店,专卖店,加盟,街铺,10371649,501311047,,6014009486849,600093,,,,,1,是
C08222,上饶弋阳恒盛广场店,江西公司,抚州战区,江西二区,上饶办,关店,专卖店,加盟,街铺,2124337589,2124337589,,,,,,,,1,是
C08223,湘阴县万兴佳亿店,江西公司,长沙战区,湖南省区,长沙办,关店,专卖店,加盟,商超,10710528,,,,600555,,,,,1,是
C08224,江苏常州大润发勤业店,浙江公司,苏州战区,江苏省区,苏州办,关店,专卖店,加盟,商超,10599177,501887523,,,601119,1267288006,,,,1,是
C08225,衡阳祁东友阿广场店,江西公司,长沙战区,湖南省区,衡邵办,关店,专卖店,加盟,综合体,,,,,,,,3002897413938713972,,1,是
C08227,上饶红星美凯龙嘉百乐,江西公司,抚州战区,江西二区,上饶办,关店,专卖店,加盟,商超,13344676,,,6015278979849,601089,,,,,1,是
C08229,永辉超市上海北路店,江西公司,南昌一战区,江西一区,南昌二办,关店,专卖店,加盟,街铺,,,,6015120041849,600226,,6909581539026143243,3002717582549881949,,1,是
C08233,鹰抚罗针二店,江西公司,抚州战区,江西一区,鹰抚办,关店,专卖店,加盟,街铺,,,,,,,,,,1,是
C08234,惠州博罗龙溪万润城店,广东公司,东莞战区,广东省区,惠汕办,正常营业,专卖店,加盟,街铺,10257672,524920537,15905421.0,6014225572849,600057,533504448,7133018853357193230,3002825896893846137,2025112011077000000113649843|xiniu_xgc_bgc,1,是
C08235,北京物美天通苑店,陕西公司,北京战区,京津冀省区,北京办,关店,专卖店,加盟,综合体,,,,6015118676849,,,6909207477892417536,,,1,否
C08237,河南南阳大统百货(特通),陕西公司,郑州战区,河南省区,河南外阜办,关店,渠道店,加盟,特殊渠道,,,,,,,,,,1,是
C08238,长沙宁乡宁邦广场店,江西公司,长沙战区,湖南省区,长沙办,关店,专卖店,加盟,综合体,10471946,2059120080,,,600368,,,,,1,是
C08240,直属长堎农贸市场店,江西公司,南昌一战区,江西一区,南昌一办,关店,专卖店,直营,街铺,,,,6014197736849,600233,,,,,1,是
C08241,淄博张店联华马尚店（烟台港银商贸有限公司）,浙江公司,青岛战区,山东省区,济南办,关店,专卖店,加盟,商超,25031173,525840273,16130450.0,6015070910849,600245,957132693,6935556819137873932,3002804342967046166,,1,是
C08242,青岛黄岛家佳源,浙江公司,青岛战区,山东省区,青岛办,关店,专卖店,加盟,商超,10799160,2062319644,16914059.0,6015059980849,600579,1952063142,6953367297763313664,3002856033748823496,,1,是
C08243,杭州萧山区市场北路店,浙江公司,杭州战区,浙江省区,杭州办,关店,专卖店,加盟,街铺,10210177,501232829,,6013951872849,600321,909439705,,,,1,是
C08251,湘阴县好润佳店,江西公司,长沙战区,湖南省区,长沙办,关店,专卖店,加盟,综合体,10710526,,,,600556,1139726723,,,,1,是
C08252,西湖区桃花三村店,其他,南昌区域,煌大江西一区,南昌办,正常营业,,加盟,,,,,,,,,,,1,否
C08253,直属重庆南岸茶园金科永辉店,重庆公司,重庆战区,川渝省区,重庆办,关店,专卖店,直营,商超,,,,,600005,1263128469,,3001865347534524628,,1,是
C08255,昆明金江路店,重庆公司,贵阳战区,云贵省区,昆明办,关店,专卖店,加盟,街铺,13066738,,,,600424,529142184,,,,1,是
C08256,昆明五华吾悦永辉超市店,重庆公司,贵阳战区,云贵省区,昆明办,关店,专卖店,加盟,商超,10447384,2073337513,,,600425,1899414495,,,,1,是
C08257,沈阳澳海澜庭店,陕西公司,沈阳战区,辽吉省区,沈阳办,关店,专卖店,加盟,街铺,10344593,,,,,,,,,1,是
C08258,沈阳鑫大刚美的城店,陕西公司,沈阳战区,辽吉省区,沈阳办,关店,专卖店,加盟,街铺,10529622,501469899,,6015117063849,600116,,,,,1,是
C08259,上饶广丰天虹店,江西公司,抚州战区,江西二区,上饶办,正常营业,专卖店,加盟,商超,,,,6015281504849,600523,1187096769,7023696236540594206,3002256680565222742,,1,是
C08260,江门江海广场专卖店,广东公司,广州战区,广东省区,中珠办,关店,专卖店,加盟,商超,10273384,2059163827,,6014251830849,600039,1007630322,6897706779812055053,3002673935754694923,,1,是
C08261,昆明朗悦湾店,重庆公司,贵阳战区,云贵省区,昆明办,关店,专卖店,加盟,街铺,,,,,600427,1762925373,,,,1,是
C08264,重庆渝北空港永辉店,重庆公司,重庆战区,川渝省区,重庆办,关店,专卖店,加盟,商超,,,,,,1102719275,,,,1,是
C08265,宝安沙井后亭专卖店,广东公司,深圳战区,广东省区,宝安办,关店,专卖店,加盟,街铺,,,,,,,,,,1,是
C08266,上海杨浦中原欧尚店,浙江公司,上海战区,上海省区,上海一办,关店,专卖店,加盟,,,,,,,,,,,1,是
C08268,赤峰松山万达店,陕西公司,沈阳战区,辽吉省区,辽吉外阜办,关店,专卖店,加盟,综合体,13235232,504537810,,6015118851849,600120,1459462101,7132686742802434063,3003631716024886214,,1,是
C08269,丰城白土二店,江西公司,南昌二战区,江西一区,丰新办,关店,专卖店,加盟,,,,,,,,,,,1,是
C08272,江苏无锡大润发凤宾店,浙江公司,苏州战区,江苏省区,苏州办,关店,专卖店,加盟,商超,10601311,2059267439,,6013970381849,600357,800057341,,,,1,是
C08273,吉安泰和火车站店,江西公司,赣州战区,江西一区,吉安办,关店,专卖店,加盟,高势能,,,,,,,,,,1,是
C08274,宝安龙华富士康J11专卖店,广东公司,深圳战区,广东省区,宝安办,关店,专卖店,加盟,特殊渠道,,,,6015116960849,,1935874752,6631634116603283459,3004285761157501189,,1,否
C08275,腾大餐饮杭州杭新店,浙江公司,杭州战区,浙江省区,杭州办,关店,渠道店,加盟,商超,,,,,,,,,,1,是
C08276,西湖区绳金塔店,其他,南昌区域,江西省区,南昌办,关店,专卖店,加盟,,,,,,,,,,,1,否
C08277,高新区麻丘商贸城店,其他,南昌区域,江西省区,南昌办,正常营业,,加盟,,,,,,,,,,,1,否
C08278,南昌县澄湖东路店,其他,南昌区域,江西省区,南昌办,关店,专卖店,加盟,街铺,,,,,,,,,,1,否
C08279,青山湖区孙家亭店,其他,南昌区域,江西省区,南昌办,正常营业,,加盟,,,,,,,,,,,1,否
C08281,岳阳旗舰店,江西公司,长沙战区,湖南省区,长沙办,关店,专卖店,加盟,商超,,,,,,,,,,1,是
C08282,楚雄西部客运站店,重庆公司,贵阳战区,云贵省区,昆明办,关店,专卖店,加盟,街铺,10433743,2059129604,,6014905293849,600428,,,,,1,是
C08289,腾大餐饮宁波慈溪世纪金源店,浙江公司,杭州战区,浙江省区,宁波办,关店,渠道店,加盟,商超,,,,,,,,,,1,是
C08290,直属珠海金湾机场专卖店,广东公司,广州战区,广东省区,中珠办,关店,专卖店,直营,高势能,,,,,,,,,,1,是
C08291,宝安大浪商业中心二店,广东公司,深圳战区,广东省区,宝安办,关店,专卖店,加盟,街铺,,,,6015241028849,601010,,7105411363131885604,,,1,是
C08293,江苏连云港大润发店,浙江公司,苏州战区,江苏省区,南京办,关店,专卖店,加盟,商超,13690097,2119627259,,6013969589849,601139,1810898904,,,,1,是
C08294,高新区长胜市场店,其他,南昌区域,江西省区,南昌办,关店,专卖店,加盟,,,,,,,,,,,1,否
C08296,河南省区内部渠道账号,陕西公司,郑州战区,河南省区,郑州办,关店,渠道店,加盟,,,,,,,,,,,1,是
C08298,南宁莱茵湖专卖店,广东公司,南宁战区,广西省区,南宁办,关店,专卖店,加盟,街铺,10482864,501289616,,,600502,,,,,1,是
C08299,深圳象鲜科技有限公司(美团买菜深圳仓),广东公司,深圳战区,广东省区,龙岗办,关店,经销,加盟,特殊渠道,,,,,,,,,,1,否
C08301,青山湖区上海路农贸市场,其他,,江西省区,南昌办,关店,渠道店,加盟,,,,,,,,,,,1,否
C08303,长沙星沙卜蜂莲花店,江西公司,长沙战区,湖南省区,长沙办,关店,专卖店,加盟,综合体,,,,,,,,,,1,是
C08305,东莞茶山碧桂园专卖店,广东公司,东莞战区,广东省区,东莞办,关店,专卖店,加盟,综合体,,,,6014132495849,600535,1286036587.0,cover_C08305_6898446290670061572,cover_C08305_6724909544088620938,,1,是
C08306,朝阳站店,陕西公司,沈阳战区,辽吉省区,辽吉外阜办,关店,专卖店,加盟,高势能,,,,,,,,,,1,是
C08307,沈阳北站城市店,陕西公司,沈阳战区,辽吉省区,沈阳办,关店,专卖店,加盟,高势能,,,,,,,,,,1,是
C08308,直属北京开阳路高铁站店,陕西公司,北京战区,京津冀省区,北京办,关店,专卖店,直营,高势能,,,,,,,,,,1,是
C08309,鹰抚抚州大公路菜场店,江西公司,抚州战区,江西一区,鹰抚办,正常营业,专卖店,加盟,街铺,17660475,,,6015057419849,600813,1340485009,6601153219777284100,3002799945158039031,,1,是
C08311,揭阳揭东新亨店,广东公司,东莞战区,广东省区,惠汕办,正常营业,专卖店,加盟,街铺,10383223,2073237998,16638028.0,6014315705849,600068,1323411475,6912551616805603340,6724909544096825220,2025112011077000000113676722|xiniu_xgc_bgc,1,是
C08312,揭阳揭东梅云专卖店,广东公司,东莞战区,广东省区,惠汕办,关店,专卖店,加盟,街铺,10383219,,,6014224192849,600069,1822858767,6970065107363563535,3001936306003422601,2026031311077000000115266396|xiniu_xgc_bgc,1,是
C08313,遵义林达美食城一店,重庆公司,贵阳战区,云贵省区,遵义办,关店,专卖店,加盟,街铺,10440843,502216376,,,600560,,,,,1,是
C08314,上饶机场专柜一店,江西公司,抚州战区,江西二区,上饶办,关店,专卖店,加盟,高势能,,,,,,,,,,1,是
C08315,直属北京丰科万达店,陕西公司,北京战区,京津冀省区,北京办,关店,专卖店,直营,综合体,,,,6015115080849,600462,,,,,1,是
C08316,丹东站店,陕西公司,沈阳战区,辽吉省区,大连办,关店,专卖店,加盟,高势能,,,,,,,,,,1,是
C08317,广西同古服务区专卖店,广东公司,南宁战区,广西省区,柳桂办,关店,专卖店,加盟,交通枢纽,,,,,,,,,,1,否
C08318,青山湖区顺外农贸市场,其他,南昌区域,江西省区,南昌办,正常营业,,加盟,,,,,,,,,,,1,否
C08320,桂林火车南站专卖店,广东公司,南宁战区,广西省区,柳桂办,关店,专卖店,加盟,高势能,,,,6015345535849,,,,,,1,否
C08330,沈阳鑫大刚南塔店,陕西公司,沈阳战区,辽吉省区,沈阳办,关店,专卖店,加盟,街铺,10529623,501590576,,,600508,,,,,1,是
C08331,九江东至红森广场店,江西公司,九江战区,江西二区,九江办,关店,专卖店,加盟,街铺,,,,,,,,,,1,是
C08332,江苏南京溧水大润发店,浙江公司,苏州战区,江苏省区,南京办,关店,专卖店,加盟,商超,10582631,2069616372,,6013971634849,600350,1996861252,6969702191812577287,3002332759794328893,,1,是
C08333,贵阳云岩区贵开路店,重庆公司,贵阳战区,云贵省区,贵阳办,关店,专卖店,加盟,街铺,10440302,501408448,,,600561,1128917753,,,,1,是
C08334,直属进贤大道店,江西公司,南昌二战区,江西二区,南昌三办,关店,专卖店,直营,街铺,10276961,,,6014198127849,600244,,,,,1,是
C08336,温州梧慈路专卖店,浙江公司,杭州战区,福建省区,浙南办,关店,专卖店,加盟,街铺,26895188,,,,600551,,6904382758957615117,3002278170995794482,,1,是
C08340,鹰抚东乡龙山路北门桥店,江西公司,抚州战区,江西一区,鹰抚办,正常营业,专卖店,加盟,街铺,12919795,501858620,16391105.0,6015167350849,600517,779463626,6901417122736375822,3003744963341885487,2026031011077000000115283051|xiniu_xgc_bgc,1,是
C08341,江苏南京龙江大润发店,浙江公司,苏州战区,江苏省区,南京办,关店,专卖店,加盟,商超,10516211,2067118593,,,600542,1986829083,,,,1,是
C08342,江苏常州武进大润发店,浙江公司,苏州战区,江苏省区,苏州办,关店,专卖店,加盟,商超,10599797,2067162975,,6013972311849,600541,1459431401,6956609805087787023,3002318078537543005,,1,是
C08343,直属天津沃尔玛新开路店,陕西公司,北京战区,京津冀省区,天津办,关店,专卖店,直营,综合体,,,,,,,,,,1,是
C08345,汕头金平卜蜂莲花专卖店,广东公司,东莞战区,广东省区,惠汕办,关店,专卖店,加盟,商超,10557570,501410408,,6014293828849,600529,,7016149044019857438,,,1,是
C08346,东湖区四经路店,江西公司,南昌一战区,江西二区,南昌三办,正常营业,专卖店,加盟,街铺,10649420,,16914073.0,6015115371849,600503,1392846599,7084106485797488648,3002791302348612561,2025112011077000000113704734|xiniu_xgc_bgc,1,是
C08348,德州火车东站,浙江公司,青岛战区,山东省区,济南办,关店,专卖店,加盟,高势能,,,,,,,,,,1,是
C08349,甘肃天水南站一水一城超市店,陕西公司,西安战区,陕西省区,兰州办,关店,专卖店,加盟,高势能,,,,,,,,,,1,是
C08350,新建凌波农贸市场店,江西公司,南昌一战区,江西一区,南昌一办,正常营业,专卖店,加盟,街铺,11437600,2084894407,16638133.0,6015267048849,600570,1161806512,6994668200730314759,3003589393199829398,2025111911077000000113723622|xiniu_xgc_bgc,1,是
C08351,上饶筑城家园店,江西公司,抚州战区,江西二区,上饶办,关店,专卖店,加盟,街铺,,,,6015281442849,600524,,,,,1,是
C08353,海口秀华城专卖店,广东公司,海口战区,海南办,海南办,关店,专卖店,加盟,街铺,10376476,501309965,,6014909963849,600566,779500216,,,,1,是
C08354,华润朝阳店,江西公司,南昌一战区,江西二区,南昌三办,关店,专卖店,加盟,商超,10649418,2067162978,,,,,,,,1,是
C08357,东莞虎门高铁站专卖店,广东公司,东莞战区,广东省区,东莞办,关店,专卖店,加盟,高势能,,,,,,,,,,1,否
C08358,陕西汉中高铁站店,陕西公司,西安战区,陕西省区,陕西外阜办,关店,专卖店,加盟,高势能,,,,,,,,,,1,是
C08359,直属衡阳步步高供大店,江西公司,长沙战区,湖南省区,衡邵办,关店,专卖店,直营,商超,,,,,,,,,,1,是
C08360,大连佳兆业盒马鲜生进店,陕西公司,沈阳战区,辽吉省区,大连办,关店,渠道店,加盟,特殊渠道,,,,,,,,,,1,是
C08361,直属深圳宝安国际机场专卖店,广东公司,深圳战区,广东省区,宝安办,关店,专卖店,直营,高势能,,,,,,,,,,1,是
C08362,杭州萧山衙前店,浙江公司,杭州战区,浙江省区,杭州办,关店,专卖店,加盟,,,,,,,,,,,1,是
C08363,海口金盘专卖店,广东公司,海口战区,海南办,海南办,关店,专卖店,加盟,商超,12560094,503199645,,6014904479849,600876,1453196836,6998352874329622542,3002253784325959078,,1,是
C08364,昆明环城南路店,重庆公司,贵阳战区,云贵省区,昆明办,关店,专卖店,加盟,街铺,cover_C08364_11027565,,17552631.0,cover_C08364_6015021911849,cover_C08364_600562,cover_C08364_1923711009,cover_C08364_6900301996054546447,6724909544095505523,,1,是
C08368,九龙湖菜园街农贸市场店,江西公司,南昌一战区,江西一区,南昌一办,正常营业,专卖店,加盟,街铺,503758741,503758741,,6015129228849,600573,1482472345,7542706414943209511,3002573583898649490,2025112011077000000113663753|xiniu_xgc_bgc,1,是
C08370,广州白云夏良地铁专卖店,广东公司,广州战区,广东省区,广佛办,关店,专卖店,加盟,街铺,10503996,501360890,,,,,,,,1,是
C08372,杭州永辉远洋乐提港店,浙江公司,杭州战区,浙江省区,杭州办,关店,渠道店,加盟,商超,,,,,,,,,,1,是
C08373,腾大餐饮杭州下沙宝龙店,浙江公司,杭州战区,浙江省区,杭州办,关店,渠道店,加盟,商超,,,,,,,,,,1,是
C08374,广州人和地铁店,广东公司,广州战区,广东省区,广佛办,正常营业,专卖店,加盟,交通枢纽,10734164,2080471001,15200662.0,6014299427849,600533,504214108,6891540745119860751,6724909544086528572,2026031711077000000115352609|xiniu_xgc_bgc,1,是
C08375,广州花都华润专卖店,广东公司,广州战区,广东省区,广佛办,关店,专卖店,加盟,商超,11557501,502120937,,,600530,,,,,1,是
C08376,青云谱区城南店,其他,南昌区域,煌大江西一区,南昌办,正常营业,,加盟,,,,,,,,,,,1,否
C08377,直属沈阳火车站一店,陕西公司,沈阳战区,辽吉省区,辽吉直营办,关店,专卖店,直营,高势能,,,,6015269407849,,,,,,1,是
C08378,直属沈阳火车站二店,陕西公司,沈阳战区,辽吉省区,辽吉直营办,关店,专卖店,直营,高势能,,,,6015268262849,,,,,,1,是
C08379,直属沈阳火车站三店,陕西公司,沈阳战区,辽吉省区,辽吉直营办,关店,专卖店,直营,高势能,,,,6015268353849,,,,,,1,是
C08380,直属沈阳火车站四店,陕西公司,沈阳战区,辽吉省区,辽吉直营办,关店,专卖店,直营,高势能,,,,6015267370849,,,,,,1,是
C08388,直属上海家乐福普陀区万里店,浙江公司,上海战区,上海省区,上海一办,关店,专卖店,直营,商超,10611415,2066602794,,6013774260849,600625,682314269,,,,1,是
C08391,拼多多(陕西),陕西公司,西安战区,陕西省区,西安办,关店,渠道店,加盟,特殊渠道,,,,,,,,,,1,是
C08392,义乌永康宝龙店,浙江公司,杭州战区,浙江省区,金衢办,关店,专卖店,加盟,综合体,10712858,,,,,,,,,1,是
C08393,昆明家乐福正大店,重庆公司,贵阳战区,云贵省区,昆明办,关店,专卖店,加盟,商超,10751662,,,6015015300849,600563,1941691597,,,,1,是
C08395,义乌星光汇店,浙江公司,杭州战区,浙江省区,金衢办,关店,专卖店,加盟,综合体,10712861,,,,,,,,,1,是
C08397,河南巩义星月广场店,陕西公司,郑州战区,河南省区,郑州办,关店,专卖店,加盟,街铺,,,,,,,,,,1,是
C08398,山西长治金威超市长钢店,陕西公司,西安战区,山西办,山西办,关店,专卖店,加盟,商超,14231039,505133049,,6015300253849,600581,,7039907580738537479,,,1,是
C08399,安徽合肥加侨广场店,浙江公司,苏州战区,安徽办,安徽办,关店,专卖店,加盟,综合体,5630244,167691365,,6013969585849,276137,177929017,6601191699572066312,6724909409213095275,,1,是
C08400,河南确山西亚丽宝广场店,陕西公司,郑州战区,河南省区,驻马店办,关店,专卖店,加盟,商超,10577081,501628807,,,600549,636259881,,,,1,是
C08401,宝安金安路专卖店,广东公司,深圳战区,广东省区,宝安办,关店,专卖店,加盟,街铺,9614243,501131533.0,,6014176102849,330571.0,1270318896.0,6872302308764534799,3002804180867092816,,1,是
C08402,贺州钟山泰兴超市专卖店,广东公司,南宁战区,广西省区,柳桂办,关店,专卖店,加盟,商超,11037027,501414918,,6015250910849,601133,1456559650,6895114555689535488,,,1,是
C08404,吉安青原区新圩镇店,江西公司,赣州战区,江西一区,吉安办,关店,专卖店,加盟,街铺,,,,,600521,,,,,1,是
C08405,沈阳保利香槟国际店,陕西公司,沈阳战区,辽吉省区,沈阳办,关店,专卖店,加盟,商超,10774302,,,,600511,,,,,1,是
C08406,中山坦洲合胜广场专卖店,广东公司,广州战区,广东省区,中珠办,关店,专卖店,加盟,商超,18433636,509880373,17335902.0,6014225467849,600536,1561833866,6601216683728193540,3002064020850517218,,1,是
C08408,直属上海嘉定家乐福万达店,浙江公司,上海战区,上海省区,上海一办,关店,专卖店,直营,综合体,11004639,501783800,,6013774446849,600619,1879005044,,,,1,是
C08409,直属上海长宁家乐福天山店,浙江公司,上海战区,上海省区,上海一办,关店,专卖店,直营,商超,11004661,2082630415,,,600621,591003661,,,,1,是
C08410,直属广州高铁南站专卖二店,广东公司,广州战区,广东省区,广佛办,关店,专卖店,直营,高势能,,,,,,,,,,1,是
C08411,直属重庆江北财信广场店,重庆公司,重庆战区,川渝省区,重庆办,关店,专卖店,直营,商超,10647094,2073238065,,,600744,,,,,1,是
C08413,直属上海家乐福闵行南方商城店,浙江公司,上海战区,上海省区,上海一办,关店,专卖店,直营,商超,11004688,2077790933,,,600618,1306681120,,,,1,是
C08414,福州福清裕荣汇冠超市专卖店,江西公司,福州战区,福建省区,福州办,关店,专卖店,加盟,商超,,,,,,,,,,1,是
C08417,直属南宁东站专卖店,广东公司,南宁战区,广西省区,南宁办,关店,专卖店,直营,高势能,,,,,600596,163427781,,,,1,是
C08418,抚顺德商春天里店,陕西公司,沈阳战区,辽吉省区,辽吉外阜办,关店,专卖店,加盟,街铺,10529621,2071622412,,6015119298849,600506,1552058176,6917376507065141256,,,1,是
C08419,调兵山双燕超市店,陕西公司,沈阳战区,辽吉省区,沈阳办,关店,专卖店,加盟,综合体,10517159,2066927946,,6015116853849,600510,1223099197,6995046970041583624,3002058020443956627,,1,是
C08421,沈阳鑫大刚朗日街店,陕西公司,沈阳战区,辽吉省区,沈阳办,关店,专卖店,加盟,街铺,10617813,501560559,,6015115090849,600509,,,,,1,是
C08422,赤峰沃尔玛店,陕西公司,沈阳战区,辽吉省区,辽吉外阜办,关店,专卖店,加盟,商超,,,,,600505,,,,,1,是
C08423,宝安福永新领汇店,广东公司,深圳战区,广东省区,宝安办,正常营业,专卖店,加盟,街铺,10770283,501658743,22816264.0,6015119749849,600723,1869728148,6601181580155160579,3002460458047153370,,1,是
C08426,赣州春平食品商行,江西公司,赣州战区,江西一区,赣州办,暂停营业,团购账户（购销）,加盟,特殊渠道,,,,6015165729849,,,,,,1,是
C08427,中山天奕星河天虹专卖店,广东公司,广州战区,广东省区,中珠办,关店,专卖店,加盟,综合体,11724976,,,6014225837849,600693,,cover_C08427_7003352812381800482,,,1,是
C08428,太原榆次沃尔玛店,陕西公司,西安战区,山西办,山西办,关店,专卖店,加盟,商超,10653269,,,6013997325849,600808,,6989441742642612261,,,1,是
C08429,吉安徳逸国际店,江西公司,赣州战区,江西一区,吉安办,关店,专卖店,加盟,街铺,,,,,600522,,,,,1,是
C08430,直属潍坊昌乐全福元,浙江公司,青岛战区,山东省区,直属办,关店,专卖店,直营,商超,cover_C08430_11152870,cover_C08430_2074062566,,,cover_C08430_600629,cover_C08430_1765305889,,,,1,是
C08431,直属青岛崂山大润发,浙江公司,青岛战区,山东省区,直属办,关店,专卖店,直营,商超,cover_C08431_11091619,cover_C08431_2073354036,,,cover_C08431_600588,1571784466,,,,1,是
C08432,长沙校园渠道系统店,江西公司,长沙战区,湖南省区,长沙办,关店,渠道店,加盟,特殊渠道,,,,,,,,,,1,是
C08434,贵阳数博万达广场店,重庆公司,贵阳战区,云贵省区,贵阳办,关店,专卖店,加盟,综合体,10944883,,,,600727,1474474648,,,,1,是
C08435,直属印象汇华润万家,其他,南昌区域,独椒戏,独椒戏(南昌),正常营业,,直营,,,,,,,,,,,1,否
C08436,重庆九龙坡西城天街店,重庆公司,重庆战区,川渝省区,重庆办,关店,专卖店,加盟,综合体,12390409,,,,,1819215084,,,,1,是
C08437,直属桂林高新万达直营店,广东公司,南宁战区,广西省区,柳桂办,关店,专卖店,直营,综合体,10779679,501479297,16384035.0,6013993550849,600598,1438610551,6601249978113329155,3002796647454904549,,1,是
C08439,昆明高新区大润发店,重庆公司,贵阳战区,云贵省区,昆明办,关店,专卖店,加盟,商超,,,,,600564,677561350,,,,1,是
C08440,宜春上高花园店,江西公司,宜春战区,江西二区,宜春办,正常营业,专卖店,加盟,商超,17450141,509465411,,6015428995849,600514,1128580893,6932585626059409412,3004277935057020743,,1,是
C08443,潍坊安丘佳乐家新安店,浙江公司,青岛战区,山东省区,青岛办,正常营业,专卖店,加盟,商超,10710419,501815365,16130455.0,6015056390849,600587,1272411985,7003922183189694477,3002450382920356538,2026031311077000000115274455|xiniu_xgc_bgc,1,是
C08444,上饶万年珠山路店,江西公司,抚州战区,江西二区,景德镇办,正常营业,专卖店,加盟,街铺,,,,6015415415849,,1793353007,7211709930099705868,3003745312382919749,2025112011077000000113750262|xiniu_xgc_bgc,1,是
C08445,绍兴汇金广场永辉店,浙江公司,杭州战区,浙江省区,杭州办,关店,专柜店,加盟,商超,,,,,,,,,,1,是
C08446,绍兴金帝银泰永辉店,浙江公司,杭州战区,浙江省区,杭州办,关店,渠道店,加盟,商超,,,,,,,,,,1,是
C08447,腾大餐饮杭州加州广场店,浙江公司,杭州战区,浙江省区,杭州办,关店,渠道店,加盟,商超,,,,,,,,,,1,是
C08448,威海环翠万达广场店,浙江公司,青岛战区,山东省区,烟威办,关店,专卖店,加盟,综合体,10889692,501697556,,,,,,,,1,是
C08450,成新农场,江西公司,南昌一战区,江西二区,南昌三办,正常营业,团购账户（购销）,加盟,特殊渠道,,,,,,,,,,1,是
C08451,海口居然之家专卖店,广东公司,海口战区,海南办,海南办,关店,专卖店,加盟,商超,16431147,507951284,,6014901160849,600575.0,1421174477.0,7172854749908174888,,2026031711077000000115288695|xiniu_xgc_bgc,1,是
C08452,江苏宝应大润发店,浙江公司,苏州战区,江苏省区,南京办,关店,专卖店,加盟,商超,11228941,2084478113,,6013971093849,600650,1356702991,6994692404792002567,,,1,是
C08453,桂林万象城沃尔玛专卖店,广东公司,南宁战区,广西省区,柳桂办,关店,专卖店,加盟,商超,11579593,502141110,,6014895125849,601130,1783828104,6984737740696848424,3003625819659576526,,1,是
C08455,河南南乐新城广场店,陕西公司,郑州战区,河南省区,河南外阜办,关店,专卖店,加盟,商超,11026257,2077582532,,6013996842849,600680,1012532518,,,,1,是
C08456,柳州柳北大润发专卖店,广东公司,南宁战区,广西省区,柳桂办,关店,专卖店,加盟,商超,,,,6014902242849,600583,179392175.0,cover_C08456_6601228593072703491,,,1,是
C08457,浏阳浏金长鑫店,江西公司,长沙战区,湖南省区,长沙办,关店,专卖店,加盟,街铺,11047251,,,,,,,,,1,是
C08458,沈阳沈辽路比优特店,陕西公司,沈阳战区,辽吉省区,沈阳办,关店,专卖店,加盟,综合体,10915524,2068230224,16019973.0,6015115379849,600582,861869185,7119454264497604648,3003028631779880410,,1,是
C08459,河北定州高铁站店,陕西公司,北京战区,京津冀省区,北京办,关店,专柜店,加盟,高势能,,,,,,,,,,1,是
C08460,邯郸机场店,陕西公司,北京战区,京津冀省区,北京办,关店,专卖店,加盟,高势能,,,,,,,,,,1,是
C08461,抚南南城盱江北路店,江西公司,抚州战区,江西一区,鹰抚办,关店,专卖店,加盟,街铺,,,,,,,,,,1,是
C08462,直属贵阳观山湖会展中心店,重庆公司,贵阳战区,云贵省区,贵阳办,关店,专卖店,直营,,,,,,,,,,,1,是
C08463,赣州高铁站专柜店,江西公司,赣州战区,江西一区,赣州办,关店,专柜店,加盟,高势能,,,,6015166216849,,,,,,1,是
C08466,玉林万达店,广东公司,南宁战区,广西省区,南宁办,关店,专卖店,加盟,综合体,13213587,524720151,16384023.0,6016876804849,,1070733045,6965613785436391464,,,1,是
C08467,宁波鄞州区朝阳路店,浙江公司,杭州战区,浙江省区,宁波办,关店,专柜店,加盟,街铺,10600911,501867096,,,,,,,,1,是
C08468,九江长江大道家家乐超市店,江西公司,九江战区,江西二区,九江办,关店,专卖店,加盟,商超,,,,,600603,,,,,1,是
C08469,青岛市南中山路利客来,浙江公司,青岛战区,山东省区,青岛办,关店,专卖店,加盟,商超,11677054,,,,600674,,,,,1,是
C08470,青岛城阳利客来,浙江公司,青岛战区,山东省区,青岛办,关店,专卖店,加盟,商超,11677053,,,,600673,,,,,1,是
C08471,南宁建设学院专卖店,广东公司,南宁战区,广西省区,南宁办,关店,专卖店,加盟,特殊渠道,,,,,600584,,,,,1,是
C08476,湖北浠水盛百客专卖店,江西公司,九江战区,湖北办,湖北办,关店,专卖店,加盟,街铺,,,,,,,,,,1,是
C08477,湖北黄梅龙感湖专卖店,江西公司,九江战区,湖北办,湖北办,关店,专卖店,加盟,街铺,,,,6015320844849,,,,,,1,是
C08480,济南历下龙湖天街,浙江公司,青岛战区,山东省区,济南办,关店,专卖店,加盟,综合体,10889099,501697562,,6015074617849,600591,1341143704,6967839260661516329,3002595756354048554,,1,是
C08481,安徽芜湖繁昌大润发店,浙江公司,苏州战区,安徽办,安徽办,关店,专卖店,加盟,商超,10773129,2087356870,,6013968678849,600655,965687221,6908838011228653568,,,1,是
C08482,上海昆山欧尚店,浙江公司,苏州战区,上海省区,上海一办,关店,专卖店,加盟,商超,,,,,,,,,,1,是
C08483,上海昆山大润发,浙江公司,苏州战区,上海省区,上海一办,关店,专卖店,加盟,商超,,,,,,,,,,1,是
C08486,宁远文庙店,江西公司,长沙战区,湖南省区,衡邵办,关店,专卖店,加盟,街铺,10845352,2074717947,,,601018,,,,,1,是
C08487,直属南宁东站2店,广东公司,南宁战区,广西省区,南宁办,关店,专卖店,直营,高势能,,,,6013993813849,600595,716618956,,,,1,否
C08488,张家口家家悦世博店,陕西公司,北京战区,京津冀省区,北京办,关店,专卖店,加盟,商超,10873315,501665861,,6015130801849,601101,1113715397,6918951281943906312,6724909544102630306,,1,是
C08492,安顺苏尔玛购物广场店,重庆公司,贵阳战区,云贵省区,遵义办,关店,专卖店,加盟,综合体,,,,,,,,,,1,是
C08493,六盘水盘州永辉银杏广场店,重庆公司,贵阳战区,云贵省区,遵义办,关店,专卖店,加盟,商超,11169322,501915100,,,600735,1572239977,,,,1,是
C08494,杭州临安万华广场店,浙江公司,杭州战区,浙江省区,杭州办,关店,专卖店,加盟,综合体,10713294,,,6013955502849,601058,,6939264589649414185,,,1,是
C08495,九江德安火车站店,江西公司,九江战区,江西二区,九江办,正常营业,经销,加盟,高势能,,,,,,,,,,1,是
C08496,福州平潭龙翔专卖店,江西公司,福州战区,福建省区,福州办,关店,专卖店,加盟,街铺,,,,,,,,,,1,是
C08497,昆明顺城盒马鲜生专柜店,重庆公司,贵阳战区,云贵省区,昆明办,关店,专柜店,加盟,商超,,,,,,1044804430,,,,1,是
C08501,杭州美团优选,浙江公司,杭州战区,浙江省区,杭州办,关店,渠道店,加盟,特殊渠道,,,,,,,,,,1,是
C08502,九江滨江东路石化店,江西公司,九江战区,江西二区,九江办,关店,专卖店,加盟,街铺,,,,6015321070849,600604,,6914402903708928015,,,1,是
C08503,沈阳佳兆业店,陕西公司,沈阳战区,辽吉省区,沈阳办,关店,专卖店,加盟,综合体,10975933,2075293961,,6015118751849,600601,1673974633,,,,1,是
C08504,湾里好又多超市店,江西公司,南昌一战区,江西一区,南昌一办,正常营业,专卖店,加盟,街铺,11437757,502169656,16638132.0,6015117695849,600794,881298127,6947058165309507619,3002587962610724274,2025111911077000000113635716|xiniu_xgc_bgc,1,是
C08505,张家口物美超市沙城店,陕西公司,北京战区,京津冀省区,北京办,关店,专卖店,加盟,商超,14737402,1101823488,,6015120069849,601102,973591987,,3003600053661798445,,1,是
C08510,湖北荆州监利县步行街店,江西公司,九江战区,湖北办,湖北办,关店,专卖店,加盟,街铺,,,,,,,,,,1,是
C08513,珠海九州港码头专卖店,广东公司,广州战区,广东省区,中珠办,关店,专卖店,加盟,交通枢纽,,,,,,,,,,1,是
C08514,佛山高明盈信广场专卖店,广东公司,广州战区,广东省区,广佛办,关店,专卖店,加盟,街铺,,,,,,,,,,1,是
C08515,直属合肥永辉大溪地店,浙江公司,苏州战区,安徽办,安徽办,关店,专卖店,直营,商超,11619640,,,,600653,1010456470,,,,1,是
C08516,直属江苏无锡长江北路欧尚店,浙江公司,苏州战区,江苏省区,苏州办,关店,专卖店,直营,商超,11101582,2081394724,,6013973516849,600626,1957774835,6984990245414537224,3002370966435042346,,1,是
C08518,叮咚买菜江苏南京仓,浙江公司,苏州战区,江苏省区,南京办,关店,渠道店,加盟,特殊渠道,,,,,,,,,,1,是
C08519,西湖区福山路店,其他,南昌区域,江西省区,南昌办,关店,专卖店,加盟,街铺,,,,,,,,,,1,否
C08520,贵阳白云区富万家超市店,重庆公司,贵阳战区,云贵省区,贵阳办,关店,专卖店,加盟,商超,10833593,501690330,,,600728,1261510840,,,,1,是
C08521,景德镇鄱阳服务区店,江西公司,九江战区,江西二区,景德镇办,关店,专卖店,加盟,交通枢纽,,,,,,,,,,1,是
C08522,景德镇鄱阳服务区二店,江西公司,九江战区,江西二区,景德镇办,关店,专卖店,加盟,交通枢纽,,,,,,,,,,1,是
C08523,丽江束河古镇店,重庆公司,贵阳战区,云贵省区,昆明办,关店,专卖店,加盟,街铺,10751953,2073253188,,6015023006849,600739,1638284293,7163116914750228516,3001891122467377197,,1,是
C08524,宁远莲花壹号公馆店,江西公司,长沙战区,湖南省区,衡邵办,关店,专卖店,加盟,商超,10844968,2074628181,,,601019,587036444,,,,1,是
C08525,沈阳欧亚长青店,陕西公司,沈阳战区,辽吉省区,沈阳办,关店,专卖店,加盟,,,,,,,,,,,1,是
C08526,甘肃兰州东方红广场地铁站D口店,陕西公司,西安战区,陕西省区,兰州办,关店,专卖店,加盟,交通枢纽,,,,,600960,,6963631685494458382,,,1,否
C08531,直属重庆万州重百店,重庆公司,重庆战区,川渝省区,重庆办,关店,专卖店,直营,街铺,,,,,600745,1210179182,,,,1,是
C08532,直属河南郑州中陆广场永辉店,陕西公司,郑州战区,河南省区,郑州办,关店,专卖店,直营,商超,10621984,,,,,1752062591,,,,1,是
C08533,直属河南郑州人民路丹尼斯店,陕西公司,郑州战区,河南省区,郑州办,关店,专卖店,直营,商超,,,,,,,,,,1,是
C08534,直属河南郑州高新万达永辉店,陕西公司,郑州战区,河南省区,郑州办,关店,专卖店,直营,综合体,11289555,,,,600006,1046696755,,,,1,是
C08535,直属杭州富阳沃尔玛店,浙江公司,杭州战区,浙江省区,杭州办,关店,专卖店,直营,综合体,,,,,,,,,,1,是
C08536,江门金蓝海广场专卖店,广东公司,广州战区,广东省区,中珠办,关店,专卖店,加盟,街铺,13495358,,,6014224763849,600694,934666398,7087437300333971471,3002873710913819839,,1,是
C08537,福州连江江南专卖店,江西公司,福州战区,福建省区,福州办,关店,专卖店,加盟,商超,,,,,,,,,,1,是
C08538,福州马鼻专卖店,江西公司,福州战区,福建省区,福州办,关店,专卖店,加盟,街铺,10901422,501711576,,6014907144849,600632,,,,,1,是
C08539,九龙湖新区万达旅游城店,江西公司,南昌一战区,江西二区,南昌四办,关店,专卖店,加盟,综合体,,,,,,,,,,1,是
C08540,直属青山湖区上海路店,其他,南昌区域,江西省区,南昌直营办,关店,专卖店,直营,街铺,,,,,,,,,,1,否
C08541,沈阳奥体比优特店,陕西公司,沈阳战区,辽吉省区,沈阳办,关店,专卖店,加盟,综合体,10925564,2076651920,,6015118662849,600590,734690485,6651782170195085316,,,1,是
C08542,抚顺沈抚李石店,陕西公司,沈阳战区,辽吉省区,辽吉外阜办,关店,专卖店,加盟,街铺,10807769,501861586,,,600600,,,,,1,是
C08543,隆回地下商业街店,江西公司,长沙战区,湖南省区,衡邵办,关店,专卖店,加盟,街铺,12210288,2098341105,,,601020,,,,,1,是
C08544,昆明新迎路店,重庆公司,贵阳战区,云贵省区,昆明办,关店,专卖店,加盟,街铺,10937305,501859720,,,600740,739544006,,,,1,是
C08545,宜春春平食品商行,江西公司,宜春战区,江西二区,宜春办,关店,渠道店,加盟,特殊渠道,,,,,,,,,,1,是
C08547,沈阳佳兆业盒马鲜生店,陕西公司,沈阳战区,辽吉省区,沈阳办,关店,渠道店,加盟,特殊渠道,,,,,,,,,,1,是
C08548,河南新郑丹尼斯店,陕西公司,郑州战区,河南省区,河南外阜办,关店,专卖店,加盟,商超,10796171,2074214881,,,600681,1242884497,,,,1,是
C08549,汕头龙湖广兴街专卖店,广东公司,东莞战区,广东省区,惠汕办,关店,专卖店,加盟,街铺,10927356,502274244,,6014293830849,600701,976250891,6931843343051655182,3003162880774906932,,1,是
C08550,青岛盛世整和商贸有限公司青岛铁路,浙江公司,青岛战区,山东省区,青岛办,关店,渠道店,加盟,特殊渠道,,,,,,,,,,1,是
C08551,青岛盛世整和商贸有限公司济南铁路,浙江公司,青岛战区,山东省区,济南办,关店,渠道店,加盟,特殊渠道,,,,,,,,,,1,是
C08552,长沙乐尚城佰富联超市店,江西公司,长沙战区,湖南省区,长沙办,关店,专卖店,加盟,商超,,,,,,,,,,1,是
C08553,揭阳揭东锡场店,广东公司,东莞战区,广东省区,惠汕办,正常营业,专卖店,加盟,街铺,10917066,501901703,16638025.0,6014314811849,600703,1174901208,6946320868762978304,3002521161634980938,2026031711077000000115249728|xiniu_xgc_bgc,1,是
C08554,江苏无锡锡山大润发店,浙江公司,苏州战区,江苏省区,苏州办,关店,专卖店,加盟,商超,11004762,2084323125,,,600660,1874822469,,,,1,是
C08556,九江共青航空学院,江西公司,九江战区,江西二区,九江办,关店,专柜店,加盟,特殊渠道,,,,,,,,,,1,是
C08557,梅州大埔奥园专卖店,广东公司,东莞战区,广东省区,惠汕办,关店,专卖店,加盟,商超,,,,,,,,,,1,是
C08558,青山湖区九村批发中心店,其他,南昌区域,江西省区,南昌办,关店,,加盟,,,,,,,,,,,1,否
C08559,直属西湖区绳金塔店,其他,南昌区域,江西省区,南昌直营办,关店,专卖店,直营,,,,,,,,,,,1,否
C08560,袁渡2店,江西公司,南昌二战区,江西二区,南昌四办,正常营业,专卖店,加盟,街铺,,,,6015166228849,601154,1705161468,7151364907303192612,3003714286484494626,,1,是
C08561,汕尾海丰附城专卖店,广东公司,东莞战区,广东省区,惠汕办,关店,专卖店,加盟,街铺,10913246,501760623,,,600696,,,,,1,是
C08562,安徽宁国县大润发店,浙江公司,苏州战区,安徽办,安徽办,关店,专卖店,加盟,商超,,,,6013969280849,,,,,,1,是
C08563,青岛即墨海尚海丽达店,浙江公司,青岛战区,山东省区,青岛办,关店,专卖店,加盟,商超,11677052,,,6015074907849,600671,,,,,1,是
C08564,青岛李沧东李利客来,浙江公司,青岛战区,山东省区,青岛办,关店,专卖店,加盟,商超,11677056,,,,600672,,,,,1,是
C08565,深圳北高铁站专卖二店,广东公司,深圳战区,广东省区,宝安办,关店,专柜店,加盟,高势能,,,,,,,,,,1,否
C08566,直属上海虹桥火车站1店,浙江公司,上海战区,上海省区,上海一办,关店,专卖店,直营,高势能,,,,6013774937849,601114,,,,,1,否
C08567,直属上海虹桥火车站2店,浙江公司,上海战区,上海省区,上海一办,关店,专卖店,直营,高势能,,,,6013773248849,601115,,,,,1,否
C08568,甘肃省兰州东方红广场地铁站D6口,陕西公司,西安战区,陕西省区,兰州办,关店,专卖店,加盟,交通枢纽,11915209,,,,600868,1835776354,cover_C08568_6963631685494458382,,,1,是
C08569,甘肃兰州安宁金牛街店,陕西公司,西安战区,陕西省区,兰州办,关店,专卖店,加盟,街铺,10910489,,,,600959,,,,,1,是
C08570,直属建设西路店,江西公司,南昌一战区,江西二区,南昌三办,正常营业,专卖店,直营,街铺,5429258,162212298,14520834.0,6014198046849,274620,179375758,6703861356048697352,3003656625686747582,2026031211077000000115320250|xiniu_xgc_bgc,1,是
C08571,直属迎宾店,江西公司,南昌一战区,江西二区,南昌三办,正常营业,专卖店,直营,街铺,7573852,2076983289,14262339.0,6014197847849,317986,729395117,6729970594449868813,6724909359866657616,2026031211077000000115258282|xiniu_xgc_bgc,1,是
C08572,直属香域中央店,江西公司,南昌一战区,江西一区,南昌一办,关店,专卖店,加盟,,,,,,,,,,,1,是
C08573,直属石家庄机场三店,陕西公司,北京战区,京津冀省区,北京办,关店,专卖店,直营,高势能,,,,,,,,,,1,是
C08574,直属石家庄机场二店,陕西公司,北京战区,京津冀省区,北京办,关店,专卖店,直营,高势能,,,,,,,,,,1,是
C08575,大同百盛店,陕西公司,西安战区,山西办,山西办,关店,专卖店,加盟,商超,11022508,2095076586,,,600810,1024511189,,,,1,是
C08576,湖北武汉群峰渠道店,江西公司,九江战区,湖北办,湖北办,关店,渠道店,加盟,特殊渠道,,,,,,,,,,1,是
C08580,直属石家庄机场一店,陕西公司,北京战区,京津冀省区,北京办,关店,专卖店,直营,高势能,,,,,,,,,,1,是
C08581,玉林金城超市店,广东公司,南宁战区,广西省区,南宁办,正常营业,专卖店,加盟,综合体,12393944,502111635,16384018.0,6015202587849,601143,1671601334,7034735231554832418,6724909544108309793,2025111911077000000113631714|xiniu_xgc_bgc,1,是
C08582,正定高铁站店,陕西公司,北京战区,京津冀省区,北京办,关店,专柜店,加盟,高势能,,,,,,,,,,1,是
C08583,直属上海金山华润万家店,浙江公司,上海战区,上海省区,上海一办,关店,专卖店,直营,商超,11004680,501813711,,,600620,1825137464,,,,1,是
C08584,直属上海金山区欧尚店,浙江公司,上海战区,上海省区,上海一办,关店,专卖店,直营,商超,11829623,502116422,,6013774823849,600617,1649911815,6962033816802281505,3002394908991172074,,1,是
C08585,直属重庆百联上海城店,重庆公司,重庆战区,川渝省区,重庆办,关店,专卖店,直营,综合体,11217113,502121094,,6014201353849,600747,1791741412,6952036056560568328,,,1,是
C08587,温州永嘉一百大厦专卖店,浙江公司,杭州战区,福建省区,浙南办,关店,专卖店,加盟,商超,11019665,501901292,,6014009496849,600640,,,,,1,是
C08589,太原恒大御景湾店,陕西公司,西安战区,山西办,山西办,关店,专卖店,加盟,街铺,10889583,,,6013998228849,600809,,,,,1,是
C08591,汕尾海丰海银路专卖店,广东公司,东莞战区,广东省区,惠汕办,关店,专卖店,加盟,街铺,10996590,501867019,,6014301428849,600698,,6922937271301703688,3003646584917566880,,1,是
C08595,河南鹤壁爱尚城店,陕西公司,郑州战区,河南省区,河南外阜办,关店,专卖店,加盟,综合体,10861655,501659737,,,600679,940688660,,,,1,是
C08596,龙岗坂田大族云峰专卖店,广东公司,深圳战区,广东省区,龙岗办,关店,专卖店,加盟,街铺,,,,,,,,,,1,是
C08597,汕头龙湖新一城店,广东公司,东莞战区,广东省区,惠汕办,正常营业,专卖店,加盟,街铺,11035464,502294426,,6014315015849,600702,150375889,6969701499655948325,3002001752984560231,2025111911077000000113621727|xiniu_xgc_bgc,1,是
C08598,直属西安凤城五路沃尔玛店,陕西公司,西安战区,陕西省区,西安办,关店,专卖店,直营,综合体,,,,,,,,,,1,是
C08599,南宁中海国际专卖店,广东公司,南宁战区,广西省区,南宁办,关店,专卖店,加盟,街铺,10975300,501730790,,,600597,1602378561,,,,1,是
C08602,陵水雅都荟专卖店,广东公司,海口战区,海南办,海南办,关店,专卖店,加盟,商超,11233552,,,6014906072849,600707,,7104214923420534798,,,1,是
C08603,义乌上溪店,浙江公司,杭州战区,浙江省区,金衢办,关店,专卖店,加盟,街铺,11062678,,,,600819,,,,,1,是
C08604,直属上海杨浦欧尚中原店,浙江公司,上海战区,上海省区,上海一办,关店,专卖店,直营,商超,10353945,501305942,15385829.0,6013774152849,600622,1662337951,6904855933722036232,6724909544086678199,,1,是
C08605,贺州泰兴超市专卖店,广东公司,南宁战区,广西省区,柳桂办,关店,专卖店,加盟,商超,11211887,,,,,,,,,1,是
C08607,合肥南京站龙庄润候车厅店,浙江公司,苏州战区,安徽办,安徽办,关店,专柜店,加盟,高势能,,,,,,,,,,1,是
C08609,南宁邕宁服务区专卖2店,广东公司,南宁战区,广西省区,南宁办,关店,专卖店,加盟,交通枢纽,,,,,,,,,,1,是
C08610,义乌诸暨安华店,浙江公司,杭州战区,浙江省区,金衢办,关店,专卖店,加盟,,,,,,,,,,,1,是
C08613,南宁邕宁服务区专卖1店,广东公司,南宁战区,广西省区,南宁办,关店,专卖店,加盟,交通枢纽,,,,,,,,,,1,是
C08614,烟台龙口博商购物广场二店,浙江公司,青岛战区,山东省区,青岛办,关店,专卖店,加盟,商超,11787107,502494013,,6015069602849,600648,1116931035,6866459004630009860,2161968576476575901,,1,是
C08615,温州机场一店,浙江公司,杭州战区,福建省区,浙南办,关店,专卖店,加盟,高势能,,,,,,,,,,1,是
C08617,壹佰米网络有限公司分仓(温州仓),浙江公司,杭州战区,浙江省区,杭州办,关店,渠道店,加盟,特殊渠道,,,,,,,,,,1,是
C08618,直属杭州古墩路印象城店,浙江公司,杭州战区,浙江省区,杭州办,关店,专卖店,直营,综合体,10976659,,,,,,,,,1,是
C08619,东莞长安花漫城专卖店,广东公司,东莞战区,广东省区,东莞办,关店,专卖店,加盟,商超,11153132,,,,600722,,,,,1,是
C08620,直属北京永辉龙湖天街店,陕西公司,北京战区,京津冀省区,北京办,关店,专卖店,直营,商超,,,,,320797,,,,,1,是
C08621,河南鹤壁社区渠道店,陕西公司,郑州战区,河南省区,河南外阜办,关店,渠道店,加盟,特殊渠道,,,,,,,,,,1,是
C08622,重庆解放碑大融城店,重庆公司,重庆战区,川渝省区,重庆办,关店,专卖店,加盟,商超,,,,,,,,,,1,是
C08623,义乌诸暨悦朗新天地店,浙江公司,杭州战区,浙江省区,金衢办,关店,专卖店,加盟,综合体,11105552,,,,,,,,,1,是
C08624,大连三八广场新隆嘉店,陕西公司,沈阳战区,辽吉省区,大连办,关店,专卖店,加盟,街铺,10873539,2076038792,,,600835,1491728380,,,,1,是
C08625,衡水和平路店,陕西公司,北京战区,京津冀省区,北京办,关店,专卖店,加盟,街铺,10873319,,,,,,,,,1,是
C08627,北京美团买菜店,陕西公司,北京战区,京津冀省区,北京办,关店,经销,加盟,特殊渠道,,,,,,,,,,1,是
C08628,榆次万达山姆士店,陕西公司,西安战区,山西办,山西办,关店,专卖店,加盟,综合体,,,,,,,,,,1,是
C08629,安徽当涂大润发店,浙江公司,苏州战区,安徽办,安徽办,关店,专卖店,加盟,商超,11036301,,,6013970565849,600652,637520975,6925163670859155470,,,1,是
C08631,（待禁用）青岛李沧东李利客来,浙江公司,青岛战区,山东省区,青岛办,关店,专卖店,加盟,,,,,,,,,,,1,是
C08632,直属万寿宫嗨鸭店,江西公司,嗨鸭项目组,江西二区,南昌三办,关店,专卖店,直营,交通枢纽,,,,6013964272849,600849,1818559981,7010317629722200067,,,1,是
C08633,直属上海宝山华润万家三门店,浙江公司,上海战区,上海省区,上海一办,关店,专卖店,直营,商超,11828348,502126215,,6013776323849,600624,1972015590,,,,1,是
C08635,济宁机场店,浙江公司,青岛战区,山东省区,济南办,关店,专柜店,加盟,高势能,,,,,,,,,,1,是
C08637,威海机场一店,浙江公司,青岛战区,山东省区,青岛办,关店,专柜店,加盟,高势能,,,,,,,,,,1,是
C08638,威海机场二店,浙江公司,青岛战区,山东省区,青岛办,关店,专柜店,加盟,高势能,,,,,,,,,,1,是
C08639,直属上海虹桥火车站站3店,浙江公司,上海战区,上海省区,上海一办,关店,专卖店,直营,高势能,,,,,,,,,,1,是
C08640,南宁横县时尚步行街专卖店,广东公司,南宁战区,广西省区,南宁办,关店,专卖店,加盟,街铺,10975301,501725950,,6014892945849,600594,1064470857,6934441928763115532,3001777851255198538,,1,是
C08642,直属北京大兴机场航站楼店,陕西公司,北京战区,京津冀省区,北京办,关店,专卖店,直营,高势能,,,,,,,,,,1,是
C08645,南平市站店,江西公司,福州战区,福建省区,闽北办,正常营业,专卖店,加盟,高势能,,,,,,,,,,1,是
C08646,丽江忠义市场店,重庆公司,贵阳战区,云贵省区,昆明办,正常营业,专卖店,加盟,街铺,11028681,502150715,17662737.0,6014904398849,600741,501497595,6919968171529095175,3002900967181952336,,1,是
C08699,多多买菜(哈尔滨),陕西公司,沈阳战区,辽吉省区,哈尔滨办,关店,渠道店,加盟,,,,,,,,,,,1,是
C08701,赣州上犹发到家店,江西公司,赣州战区,江西一区,赣州办,关店,专卖店,加盟,综合体,11431476,2077240219,,6015165243849,600803,,,,,1,是
C08705,江门开平水口鹏泰专卖店,广东公司,广州战区,广东省区,中珠办,关店,专卖店,加盟,商超,11619372,502249824,,6014225053849,600692,1255213243,6994691634726193182,3002301795959838126,,1,是
C08706,吉安新干世纪华联店,江西公司,宜春战区,江西一区,吉安办,关店,专卖店,加盟,商超,,,,,,,,,,1,是
C08707,上饶玉山世纪华联店,江西公司,抚州战区,江西二区,上饶办,关店,专卖店,加盟,商超,,,,,,,,,,1,是
C08708,海口日月广场店,广东公司,海口战区,海南办,海南办,正常营业,专卖店,加盟,街铺,11154517,502048155,15967949.0,6014904482849,600712,,7081840587803985953,,2026031711077000000115245719|xiniu_xgc_bgc,1,是
C08709,恒湖2店,江西公司,南昌一战区,江西一区,南昌一办,关店,专卖店,加盟,街铺,,,,6015130218849,,,,,,1,否
C08710,惠州下角专卖店,广东公司,东莞战区,广东省区,惠汕办,关店,专卖店,加盟,街铺,14873035,506619139,,6015251512849,600697,,7143058217743075331,3003060810451263862,,1,是
C08711,威海荣成大润发,浙江公司,青岛战区,山东省区,青岛办,关店,专卖店,加盟,商超,11231809,2082640605,16130464.0,6015071303849,600628,1343996411,6984990239563450405,3001741188084933907,,1,是
C08712,威海侨乡大润发,浙江公司,青岛战区,山东省区,青岛办,关店,专卖店,加盟,商超,11273899,2074718493,,6015069713849,600627,1621348448,6939266548020283432,6724909544109122924,,1,是
C08714,华润八一店,江西公司,南昌一战区,江西二区,南昌三办,关店,专卖店,加盟,商超,11431473,,,6015113767849,600816,1194863867,6969701145191122951,3002803774280442673,,1,是
C08715,重庆荣昌东邦店,重庆公司,重庆战区,川渝省区,重庆办,关店,专卖店,加盟,街铺,18390892,cover_C08715_502039679,,cover_C08715_6015014628849,600748,cover_C08715_1605844178,cover_C08715_6941190137422284836,3002785953611656682,,1,是
C08716,重庆荣昌金科店,重庆公司,重庆战区,川渝省区,重庆办,关店,专卖店,加盟,街铺,18440097,cover_C08716_502049615,16638135.0,cover_C08716_6015020901849,600749,cover_C08716_960230680,cover_C08716_6937781177470158863,2162005948614958452,,1,是
C08717,重庆涪陵泽胜店,重庆公司,重庆战区,川渝省区,重庆办,关店,专卖店,加盟,街铺,10972051,501884980,,,600746,1047712541,,,,1,是
C08718,海口长流专卖店,广东公司,海口战区,海南办,海南办,关店,专卖店,加盟,商超,19512915,1101868518,,6015241029849,600821,1190724187,7122067205382113288,3002822436556612890,,1,是
C08719,中山三角大信专卖店,广东公司,广州战区,广东省区,中珠办,关店,专卖店,加盟,综合体,,,,,,,,,,1,是
C08720,直属西安盛龙广场华润万家店,陕西公司,西安战区,陕西省区,西安办,关店,专卖店,直营,商超,11004372,501735716,,,600602,776739790,6737492832749111309,,,1,是
C08721,红谷滩丰和苑店,江西公司,南昌一战区,江西一区,南昌一办,正常营业,专卖店,加盟,街铺,11176083,2082701388,,6015118683849,600612,1842711527,7010581412659071012,3002804202440922549,2025112011077000000113695701|xiniu_xgc_bgc,1,是
C08722,京东小区店,江西公司,南昌一战区,江西一区,南昌二办,正常营业,专卖店,加盟,街铺,,,,6015119055849,600852,,,3003711120779226881,,1,是
C08725,直属北京永辉清河店,陕西公司,北京战区,京津冀省区,北京办,关店,专卖店,直营,商超,,,,,,,,,,1,是
C08728,九江浔阳西路曼城金街店,江西公司,九江战区,江西二区,九江办,关店,专卖店,加盟,街铺,11105770,501867190,16384119.0,6015165844849,600605,742859470,6936296825573869598,6724909544113426764,,1,是
C08729,江门大融城专卖店,广东公司,广州战区,广东省区,中珠办,关店,专卖店,加盟,商超,11768749,1105398288,15967937.0,6014264130849,600690,6890380,6601196093403301901,3003027215485968768,2025112011077000000113722683|xiniu_xgc_bgc,1,是
C08730,河南镇平万德隆店,陕西公司,郑州战区,河南省区,河南外阜办,关店,专卖店,加盟,商超,10972320,2076296987,16256686.0,6013992379849,600678,1944463940,6919626277796186120,,,1,是
C08731,上海怡尚食品,浙江公司,上海战区,上海省区,上海一办,正常营业,经销,加盟,特殊渠道,,,,,,,,,,1,是
C08735,象湖瑶池公寓店,江西公司,南昌一战区,江西二区,南昌四办,正常营业,专卖店,加盟,街铺,11948784,502488226,14270472.0,6015119473849,600606,817929409,6946687368178960388,3002381375603287032,2026031011077000000115308028|xiniu_xgc_bgc,1,是
C08736,遵义马家湾湘源国际店,重庆公司,贵阳战区,云贵省区,遵义办,关店,专卖店,加盟,街铺,10968652,502039668,,,600734,545001611,,,,1,是
C08737,安顺庭院街北京华联店,重庆公司,贵阳战区,云贵省区,遵义办,关店,专卖店,加盟,商超,,,,,600738,,,,,1,是
C08738,年代星辰店,江西公司,南昌一战区,江西二区,南昌三办,正常营业,专卖店,加盟,街铺,,,,6015601115849,,1002804895,7149817422726318116,3003629234478391952,2025111911077000000113753131|xiniu_xgc_bgc,1,是
C08739,三亚乐天城商业广场专卖店,广东公司,海口战区,海南办,海南办,关店,专卖店,加盟,街铺,,,,6014904271849,600709,,7158383268201498664,,,1,否
C08740,宁德周宁永辉专卖店,江西公司,福州战区,福建省区,闽北办,关店,专卖店,加盟,商超,12279218,502925312,,6015712829849,600634,1825234202,7137509666384250912,3003156880114028790,,1,是
C08742,湘潭华隆步步高店,江西公司,长沙战区,湖南省区,株洲办,关店,专卖店,加盟,商超,11126118,501862539,,,600767,168902017,,,,1,是
C08746,步步高凤凰印象店,江西公司,南昌一战区,江西一区,南昌一办,关店,专卖店,加盟,综合体,11105671,,,,600613,,,,,1,是
C08747,直属哈尔滨乐松家乐福店,陕西公司,沈阳战区,辽吉省区,哈尔滨办,关店,专卖店,直营,综合体,9518174,502042792,,,296951,1537237515,,,,1,是
C08748,直属哈尔滨中央大街店,陕西公司,沈阳战区,辽吉省区,哈尔滨办,关店,专卖店,直营,街铺,13021533,503774959,,6015119290849,600956,,,,,1,是
C08749,三亚红沙旺毫专卖店,广东公司,海口战区,海南办,海南办,关店,专卖店,加盟,街铺,11049016,502116039,,6014894478849,600710,1193055398,6995036686333954062,,,1,是
C08750,六盘水盘州佳慧超市店,重庆公司,贵阳战区,云贵省区,遵义办,关店,专卖店,加盟,商超,11169418,501925125,,,600736,1052391070,,,,1,是
C08751,济南槐荫圣豪超市,浙江公司,青岛战区,山东省区,济南办,关店,专卖店,加盟,商超,11352320,502036759,,,600631,898281145,,,,1,是
C08752,永州火车站店,江西公司,长沙战区,湖南省区,衡邵办,关店,专柜店,加盟,高势能,,,,6015165182849,601070,,,,,1,是
C08753,南天阳光天虹店,江西公司,南昌一战区,江西一区,南昌一办,关店,专卖店,加盟,街铺,12150119,502589731,,,,,,,,1,是
C08754,直属洪都中心农贸市场店,其他,南昌区域,煌大江西一区,南昌办,正常营业,,直营,,,,,,,,,,,1,否
C08758,直属江苏无锡惠山万达永辉店,浙江公司,苏州战区,江苏省区,苏州办,关店,专卖店,直营,综合体,11622030,502425640,,,600661,,,,,1,是
C08760,广西百色服务区专卖店,广东公司,南宁战区,广西省区,南宁办,关店,专卖店,加盟,交通枢纽,,,,,,,,,,1,是
C08762,芸薇食品,陕西公司,西安战区,陕西省区,西安办,关店,渠道店,加盟,特殊渠道,,,,,,,,,,1,是
C08766,直属上海家乐福联洋店,浙江公司,上海战区,上海省区,上海一办,关店,专卖店,直营,商超,11819708,502116672,,6013775730849,600623,1792810403,,,,1,是
C08767,上海亚乐城永辉店,浙江公司,上海战区,上海省区,上海一办,关店,专卖店,加盟,商超,cover_C08767_11630448,cover_C08767_2091745213,,,cover_C08767_600658,cover_C08767_1454694624,,,,1,是
C08768,楚雄观音阁广场店,重庆公司,贵阳战区,云贵省区,昆明办,关店,专卖店,加盟,街铺,cover_C08768_10433743,cover_C08768_2059129604,,,cover_C08768_600428,,,,,1,是
C08769,直属南宁朝阳地铁专卖店,广东公司,南宁战区,广西省区,南宁办,关店,专卖店,直营,交通枢纽,2000518298,2000518298,,,cover_C08769_185153,,,,,1,是
C08770,大连西岗盒马鲜生店,陕西公司,沈阳战区,辽吉省区,大连办,关店,渠道店,加盟,特殊渠道,,,,,,,,,,1,是
C08771,美团优选(辽宁),陕西公司,沈阳战区,辽吉省区,辽吉直营办,关店,渠道店,加盟,,,,,,,,,,,1,是
C08772,宜春万载东门店,江西公司,宜春战区,江西二区,宜春办,关店,专卖店,加盟,街铺,11506765,,,6015130821849,600630,,6651184046980270094,,,1,是
C08773,新余服务区北区店,江西公司,宜春战区,江西一区,丰新办,关店,专卖店,加盟,交通枢纽,,,,6015167626849,,,,,,1,是
C08774,新余服务区南区店,江西公司,宜春战区,江西一区,丰新办,关店,专卖店,加盟,交通枢纽,,,,,,,,,,1,是
C08777,抚南南城孔家岭店,江西公司,抚州战区,江西一区,鹰抚办,关店,专卖店,加盟,街铺,,,,,,,,,,1,是
C08778,蒋巷农贸市场店,江西公司,南昌一战区,江西一区,南昌二办,正常营业,专卖店,加盟,街铺,,,,6015150809849,,,,3003809747961554130,,1,是
C08783,直属新建聚源市场店,江西公司,南昌一战区,煌大江西一区,南昌办,正常营业,,直营,,,,,,,,,,,1,否
C08785,海南海花岛专卖二店,广东公司,海口战区,海南办,海南办,关店,专卖店,加盟,交通枢纽,11098896,502528122,,6014905169849,600714,,6994671185367828517,,,1,是
C08787,陕西安康兴安东路店,陕西公司,西安战区,陕西省区,陕西外阜办,关店,专卖店,加盟,街铺,12523460,2124758420,,6013996916849,600610,,7024416057733416996,,,1,是
C08796,直属铁路五村店,江西公司,南昌一战区,江西一区,南昌二办,正常营业,专卖店,直营,街铺,15281570,507284737,14305198.0,6014198142849,600615,189917673,6601140423916259341,3003668271264506745,2025111911077000000113610988|xiniu_xgc_bgc,1,是
C08798,萍乡上栗御景湾店,江西公司,宜春战区,江西二区,宜春办,关店,专卖店,加盟,商超,,,,,164728,,,,,1,是
C08799,龙江花园百分百超市店,江西公司,南昌一战区,江西一区,南昌二办,正常营业,专卖店,加盟,街铺,31742023,541570015,16638075.0,6015129805849,600614,1074382955,6988350138955597832,3002524280388854340,2025111911077000000113702670|xiniu_xgc_bgc,1,是
C08801,丽景天虹店,江西公司,南昌一战区,江西一区,南昌一办,正常营业,专卖店,加盟,综合体,,,,6015116872849,600853,1656184649,6901417771356129280,6724909422163909044,2025112011077000000113754352|xiniu_xgc_bgc,1,是
C08802,重庆江北金观音美食天街店,重庆公司,重庆战区,川渝省区,重庆办,关店,专卖店,加盟,街铺,11358961,502241167,,,600752,,,,,1,是
C08804,直属福州三坊七巷专卖店,江西公司,福州战区,福建省区,直营组,关店,专卖店,直营,街铺,21251938,502068213,16383988.0,6013965348849,600637,834885,6712201564729149443,3002969882922886231,2026031211077000000115241340|xiniu_xgc_bgc,1,是
C08809,直属深盐华润专卖店,广东公司,深圳战区,广东省区,龙岗办,关店,专卖店,直营,街铺,,,,,,,,,,1,是
C08810,直属龙岗双龙步行街店,广东公司,深圳战区,广东省区,龙岗办,关店,专卖店,直营,街铺,,,,,,,,,,1,是
C08811,温州乐清北白象专卖店,浙江公司,杭州战区,福建省区,浙南办,关店,专卖店,加盟,街铺,11306556,2083015726,,,600642,1524034004,,,,1,是
C08812,直属宝安区新沙缤纷专卖店,广东公司,深圳战区,广东省区,宝安办,关店,专卖店,直营,街铺,,,,,,,,,,1,是
C08813,岳阳同城购店,江西公司,长沙战区,湖南省区,长沙办,正常营业,经销,加盟,特殊渠道,,,,,,,,,,1,是
C08814,长沙知花知果店,江西公司,长沙战区,湖南省区,长沙办,正常营业,经销,加盟,街铺,,,,,,,,,,1,是
C08816,美团优选(合肥),浙江公司,苏州战区,安徽办,安徽办,关店,渠道店,加盟,特殊渠道,,,,,,,,,,1,是
C08817,直属福州长乐机场专卖店,江西公司,福州战区,福建省区,福州办,关店,专卖店,直营,高势能,,,,,,,,,,1,是
C08818,直属厦门站候车室店,江西公司,厦门战区,福建省区,闽南办,关店,专卖店,直营,高势能,,,,,,,,,,1,是
C08819,直属上海金谊广场华润万家店,浙江公司,上海战区,上海省区,上海一办,关店,专卖店,直营,商超,12037798,502131129,,,600659,,,,,1,是
C08820,三江财富广场店,江西公司,南昌一战区,江西二区,南昌四办,关店,专卖店,加盟,街铺,,,,,600843,,,,,1,是
C08821,重庆南坪四公里枢纽二店,重庆公司,重庆战区,川渝省区,重庆办,关店,专卖店,加盟,交通枢纽,,,,6015452514849,600751,,6997604885805926431,3002332889772335657,,1,是
C08822,丽江七星街一店,重庆公司,贵阳战区,云贵省区,昆明办,关店,专卖店,加盟,街铺,11311407,502236154,,6015022316849,600742,1687817473,6953091595319117865,6724909544129978753,,1,是
C08823,直属上海新田360广场店,浙江公司,上海战区,上海省区,上海一办,关店,专卖店,直营,商超,,,,,,,,,,1,是
C08824,温州苍南东方魅力专卖店,浙江公司,杭州战区,福建省区,浙南办,关店,专柜店,加盟,街铺,11327864,2083201719,,6014013104849,600641,,7202790572451432505,,,1,是
C08825,江西王府井购物中心（6F-058）号商铺（直营独椒戏）,其他,南昌区域,独椒戏,独椒戏(南昌),正常营业,,直营,,,,,,,,,,,1,否
C08826,江西王府井购物中心（B1-024）号店铺（直营独椒戏）,其他,南昌区域,独椒戏,独椒戏(南昌),正常营业,,直营,,,,,,,,,,,1,否
C08829,沈阳大太阳美团优选渠道店,陕西公司,沈阳战区,辽吉省区,沈阳办,关店,渠道店,加盟,特殊渠道,,,,,,,,,,1,是
C08830,中山三乡华丰花园专卖店,广东公司,广州战区,广东省区,中珠办,关店,专卖店,加盟,街铺,11890888,502288400,,6014315003849,600687,,,,,1,是
C08837,三亚海棠湾后海专卖店,广东公司,海口战区,海南办,海南办,关店,专卖店,加盟,街铺,,,,,600708,,,,,1,是
C08838,陕西商洛工农路华润万家店,陕西公司,西安战区,陕西省区,陕西外阜办,关店,专卖店,加盟,商超,11620064,502206006,,6013996455849,600683,1319115732,7146127168505022464,,,1,是
C08839,直属重庆万州万达永辉店,重庆公司,重庆战区,川渝省区,重庆办,关店,专卖店,直营,综合体,9694382,,,6014201350849,332911,1094454742,,,,1,是
C08840,直属上海南站北广场店,浙江公司,上海战区,上海省区,上海一办,关店,专卖店,直营,高势能,,,,6013775327849,601196,,,,,1,否
C08842,橙心优选(杭州)加盟,浙江公司,杭州战区,浙江省区,杭州办,关店,渠道店,加盟,特殊渠道,,,,,,,,,,1,是
C08845,直属独椒戏经开乐盈店,其他,南昌区域,独椒戏,独椒戏(南昌),正常营业,,直营,,,,,,,,,,,1,否
C08846,新化友阿沃尔玛店,江西公司,长沙战区,湖南省区,株洲办,关店,专卖店,加盟,街铺,11739131,502208607,,6015164998849,601024,568832028,6988344883597543432,3002681102006658253,,1,是
C08847,海口定安天安百货广场专卖店,广东公司,海口战区,海南办,海南办,关店,专卖店,加盟,商超,11480780,,,,,,,,,1,是
C08848,河南新县西亚丽宝广场店,陕西公司,郑州战区,河南省区,河南外阜办,关店,专柜店,加盟,商超,,,,,,,,,,1,是
C08849,罗湖湖贝新村专卖店,广东公司,深圳战区,广东省区,龙岗办,关店,专卖店,加盟,街铺,11557709,502130752,,,600695,1976802979,,,,1,是
C08850,直属曲靖麒麟交通路沃尔玛店,重庆公司,贵阳战区,云贵省区,昆明办,关店,专卖店,直营,商超,,,,,,,,,,1,是
C08851,甘肃兰州飞天华联店,陕西公司,西安战区,陕西省区,兰州办,关店,专卖店,加盟,商超,11746131,,,6016775805849,600675,1068804419,7001459883397400584,,,1,是
C08852,遵义深圳路和天下超市店,重庆公司,贵阳战区,云贵省区,遵义办,关店,专卖店,加盟,商超,11691374,502241159,,,600737,,,,,1,是
C08853,盘锦万达比优特店,陕西公司,沈阳战区,辽吉省区,辽吉外阜办,关店,专卖店,加盟,综合体,17619319,,,6015117857849,600791,,,3002125555474895867,,1,否
C08860,陕西商洛商州北新街店,陕西公司,西安战区,陕西省区,陕西外阜办,关店,专卖店,加盟,街铺,11620065,502169671,,,600682,1269684070,,,,1,是
C08861,茂名电白人民路专卖店,广东公司,广州战区,广东省区,中珠办,关店,专卖店,加盟,街铺,11480726,502135715,,6014315709849,600691,,,,,1,是
C08863,贵阳云岩区延安东路店,重庆公司,贵阳战区,云贵省区,贵阳办,关店,专卖店,加盟,街铺,11559427,502208569,,,600730,193886764,,,,1,是
C08864,贵阳云岩大十字地下商城店,重庆公司,贵阳战区,云贵省区,贵阳办,关店,专卖店,加盟,街铺,11930541,,,6014997613849,600729,1813921503,7084221015479289890,3003733663944188652,,1,是
C08866,湖北荆州石首碧玉街专卖店,江西公司,九江战区,湖北办,湖北办,关店,专卖店,加盟,街铺,,,,,,,,,,1,是
C08869,上海美团买菜上海仓,浙江公司,上海战区,上海省区,上海一办,关店,渠道店,加盟,特殊渠道,,,,,,,,,,1,是
C08871,深圳高铁北站三专卖店,广东公司,深圳战区,广东省区,宝安办,关店,专卖店,加盟,高势能,,,,,,,,,,1,是
C08876,河南驻马店玖隆茂店,陕西公司,郑州战区,河南省区,驻马店办,关店,专卖店,加盟,街铺,11820577,502277952,,6013996359849,600756,1806374975,6951270121859975198,,,1,是
C08878,琼海越幕广场专卖店,广东公司,海口战区,海南办,海南办,关店,专卖店,加盟,街铺,11551682,502269638,,6014894370849,600715,,,,,1,是
C08879,龙岩新罗莲东专卖店,江西公司,厦门战区,福建省区,闽南办,关店,专卖店,加盟,街铺,14626897,2087333211,,,600664,,,,,1,是
C08880,漳州漳浦海滨城专卖店,江西公司,厦门战区,福建省区,闽南办,关店,专卖店,加盟,街铺,11590445,2085228459,,6014012584849,600638,,6996505688763533326,,,1,是
C08881,九龙国体明园中心店,江西公司,南昌一战区,江西一区,南昌一办,正常营业,专卖店,加盟,综合体,13404401,2096040131,16256703.0,6015116073849,600798,933364631,6948542267112032286,3002378591597211110,2026031011077000000115099988|xiniu_xgc_bgc,1,是
C08885,漳州万达广场专卖店,江西公司,厦门战区,福建省区,闽南办,关店,专卖店,加盟,综合体,19904321,,,,600778,,,,,1,是
C08886,阜新大润发海州店,陕西公司,沈阳战区,辽吉省区,辽吉外阜办,关店,专卖店,加盟,商超,12491243,,,,,,,,,1,是
C08887,佳木斯大润发万新店,陕西公司,沈阳战区,辽吉省区,哈尔滨办,关店,专卖店,加盟,商超,13586039,2095943132,,6015116684849,601205,,6988341215599003662,3002298715000443145,,1,是
C08888,佳木斯大润发向阳店,陕西公司,沈阳战区,辽吉省区,哈尔滨办,关店,专卖店,加盟,商超,13586041,2095983025,,6015115171849,601204,1511518936,6988712141893142558,3002041032065754464,,1,是
C08889,东莞东城莞寓专卖店,广东公司,东莞战区,广东省区,东莞办,关店,专柜店,加盟,街铺,12397507,,,6015118833849,,1667563318,7024778065225975838,3003094342722823101,,1,是
C08890,直属深圳北站候车东专卖店,广东公司,深圳战区,广东省区,宝安办,关店,专卖店,直营,高势能,,,,,,,,,,1,是
C08891,福州阳光天地专卖店,江西公司,福州战区,福建省区,福州办,关店,专卖店,加盟,商超,24832379,797844,15967970.0,6014009859849,601053,1862288385,7010955130858113037,3002630654602776657,,1,是
C08892,宁德莱茵城专卖店,江西公司,福州战区,福建省区,福州办,关店,专卖店,加盟,商超,,,,,,,,,,1,是
C08894,福州闽侯南屿江口店,江西公司,福州战区,福建省区,福州办,关店,专卖店,加盟,商超,3936263,159189632,,6014012478849,600636,77801714,6601193546072459277,3002275541125704966,,1,是
C08895,揭阳榕城仙桥店,广东公司,东莞战区,广东省区,惠汕办,正常营业,专卖店,加盟,街铺,11616645,502252435,,6014299433849,600700,1225522429,6954291555944138765,3002804509805942056,,1,是
C08896,合肥滨湖世纪金源店,浙江公司,苏州战区,安徽办,安徽办,关店,专卖店,加盟,商超,,,,,,,,,,1,是
C08897,合肥中信悦方永辉店,浙江公司,苏州战区,安徽办,安徽办,关店,专卖店,加盟,商超,,,,,,,,,,1,是
C08899,杭州嘉兴桐乡西郊庄园店,浙江公司,杭州战区,浙江省区,杭州办,关店,专卖店,加盟,街铺,,,,6013954537849,,,6953367301030676511,,,1,是
C08900,合创日用食品,江西公司,南昌一战区,江西一区,南昌二办,关店,渠道店,加盟,特殊渠道,,,,,,,,,,1,是
C08902,大连中山区纯K店,陕西公司,沈阳战区,辽吉省区,大连办,暂停营业,团购账户（购销）,加盟,特殊渠道,,,,,,,,,,1,是
C08903,沈阳广鑫顺蒲河店,陕西公司,沈阳战区,辽吉省区,沈阳办,关店,专卖店,加盟,商超,,,,6015118548849,600786,,,,,1,否
C08904,鹰抚好益家超市店,江西公司,抚州战区,江西一区,鹰抚办,关店,专卖店,加盟,街铺,13424217,2127936106,16638229.0,6015150112849,601082,1306129000,6970065075121948706,3003750976235381375,,1,是
C08905,中山小榄升平路专卖店,广东公司,广州战区,广东省区,中珠办,关店,专卖店,加盟,综合体,12044868,cover_C08905_502494510,,6014224492849,600688,1055909875.0,cover_C08905_6895113589749712910,6724909283388934361,,1,是
C08906,樟树东站店,江西公司,南昌二战区,江西一区,丰新办,正常营业,专卖店,加盟,高势能,,,,6015168035849,,,,,,1,是
C08908,秦皇岛乐都汇华润店,陕西公司,北京战区,京津冀省区,天津办,关店,专卖店,加盟,商超,,,,,600670,,,,,1,是
C08909,进贤中山大道益达万家店,江西公司,南昌二战区,江西二区,南昌四办,正常营业,专卖店,加盟,商超,,,,6015164339849,,1976539342,7024413042993547295,3002803826423599643,,1,是
C08910,宝安国际会展中心专卖店,广东公司,深圳战区,广东省区,宝安办,关店,专卖店,加盟,街铺,,,,,,,,,,1,是
C08911,福州连江华光路专卖店,江西公司,福州战区,福建省区,福州办,关店,专卖店,加盟,街铺,,,,6014009349849,600665,,7160125269762639909,6724909544130127291,,1,是
C08912,湘潭板塘铺店,江西公司,长沙战区,湖南省区,株洲办,关店,专卖店,加盟,街铺,11912053,502518157,,6015129932849,600766,,7018782716569061389,,,1,是
C08914,沈阳鑫大刚中金启城店,陕西公司,沈阳战区,辽吉省区,沈阳办,关店,专卖店,加盟,街铺,,,,6015120052849,601107,,,,,1,是
C08916,深圳市锦盛餐饮 （高调纯k）,广东公司,深圳战区,广东省区,宝安办,关店,渠道店,加盟,特殊渠道,,,,,,,,,,1,是
C08917,直属南京吾悦广场店,浙江公司,苏州战区,江苏省区,南京办,关店,专卖店,直营,商超,cover_C08917_11666668,cover_C08917_502287489,,,600649,cover_C08917_1723610222,,,,1,是
C08919,美团优选上海仓,浙江公司,上海战区,上海省区,上海一办,关店,渠道店,加盟,特殊渠道,,,,,,,,,,1,是
C08921,长沙火车站美宜佳2店,江西公司,长沙战区,湖南省区,长沙办,关店,渠道店,加盟,高势能,,,,,,,,,,1,是
C08922,宜春机场店,江西公司,宜春战区,江西二区,宜春办,正常营业,专卖店,加盟,高势能,,,,,,,,,,1,是
C08923,湛江鹰展假日广场专卖店,广东公司,广州战区,广东省区,中珠办,关店,专卖店,加盟,商超,11997703,502503324,,6014264128849,600769,1484124555,,,,1,是
C08924,铜锣湾广场店（直营独椒戏）,其他,南昌区域,独椒戏,独椒戏(南昌),正常营业,专卖店,直营,综合体,,,,,,,,,,1,否
C08925,江门荷塘天和广场专卖店,广东公司,广州战区,广东省区,中珠办,关店,专卖店,加盟,商超,11621356,2088760989,,6014225580849,600720,1186190060,7122814263927769092,3002004532688560720,,1,是
C08926,长胜农贸市场店,其他,南昌区域,煌大江西一区,南昌办,正常营业,,加盟,,,,,,,,,,,1,否
C08928,上海宝山区永辉超市宝龙广场店,浙江公司,上海战区,上海省区,上海一办,关店,专卖店,加盟,商超,,,,,,,,,,1,是
C08929,步步高南京东路店,江西公司,南昌一战区,江西一区,南昌二办,关店,专卖店,加盟,街铺,,,,,600726,,,,,1,是
C08931,美团优选安徽亳州仓,浙江公司,苏州战区,安徽办,安徽办,关店,渠道店,加盟,特殊渠道,,,,,,,,,,1,是
C08932,美团优选安徽芜湖仓,浙江公司,苏州战区,安徽办,安徽办,关店,渠道店,加盟,特殊渠道,,,,,,,,,,1,是
C08933,佳宜供应,陕西公司,西安战区,陕西省区,西安办,关店,渠道店,加盟,特殊渠道,,,,,,,,,,1,是
C08934,直属长春美团优选渠道店,陕西公司,沈阳战区,辽吉省区,长春办,关店,渠道店,直营,特殊渠道,,,,,,,,,,1,是
C08935,直属上海普陀华润万家光新店,浙江公司,上海战区,上海省区,上海一办,关店,专卖店,直营,商超,12245631,502497983,,,600760,572143133,,,,1,是
C08936,祁阳万联购物广场店,江西公司,长沙战区,湖南省区,衡邵办,关店,专卖店,加盟,商超,11617534,2089927148,,,600863,,,,,1,是
C08937,华润桃苑店,江西公司,南昌一战区,江西二区,南昌三办,正常营业,专卖店,加盟,街铺,18808582,1112301598.0,,6015167024849,600725,1336065818,7047058327963961383,3001992459502428533,2025112011077000000113697680|xiniu_xgc_bgc,1,是
C08938,祁阳兴浯路店,江西公司,长沙战区,湖南省区,衡邵办,关店,专卖店,加盟,街铺,,,,,,,,,,1,是
C08939,直属西安南郊人人乐店,陕西公司,西安战区,陕西省区,西安办,关店,专卖店,直营,,,,,,,,,,,1,是
C08940,永州潇湘步行街店,江西公司,长沙战区,湖南省区,衡邵办,关店,专卖店,加盟,街铺,11738765,2092395027,,,600861,,,,,1,是
C08941,重庆涪陵广场路店,重庆公司,重庆战区,川渝省区,重庆办,关店,专卖店,加盟,街铺,11850666,,,,600753,1256695391,,,,1,是
C08942,直属西安中贸广场永辉店,陕西公司,西安战区,陕西省区,西安办,关店,专卖店,直营,商超,8360577,502016060,,,320775,1709520281,,,,1,是
C08943,温州茶山专卖店,浙江公司,杭州战区,福建省区,浙南办,关店,专卖店,加盟,街铺,168786686,168786686,,,,,,,,1,是
C08944,贵阳花溪地下步行街店,重庆公司,贵阳战区,云贵省区,贵阳办,关店,专卖店,加盟,街铺,9034618,1149090659,,6015014900849,600732,655776392,6722652103740803083,3002616043740008480,,1,是
C08945,温州鳌江银泰沃尔玛专卖店,浙江公司,杭州战区,福建省区,浙南办,关店,专卖店,加盟,商超,18377407,,,6014010792849,600779,1461506704,cover_C08945_7185026722377500727,3002756834206814661,,1,是
C08947,宝安簕竹角华生专卖店,广东公司,深圳战区,广东省区,宝安办,关店,专卖店,加盟,街铺,12072133,2096009643,,6015119750849,600724,165917681,,,,1,是
C08948,上饶余干东山大街店,江西公司,南昌二战区,江西二区,景德镇办,正常营业,专卖店,加盟,街铺,14282682,2096056756,17604989.0,6015115592849,600793,1512768610,7018126050211137576,,2025112011077000000113724717|xiniu_xgc_bgc,1,是
C08949,直属青山湖区乐卖特专柜,江西公司,南昌一战区,煌大江西一区,南昌办,正常营业,,直营,,,,,,,,,,,1,否
C08950,直属西湖区桃花三村店,江西公司,南昌一战区,煌大江西一区,南昌办,正常营业,,直营,,,,,,,,,,,1,否
C08953,佛山里水信和专卖店,广东公司,广州战区,广东省区,广佛办,关店,专卖店,加盟,街铺,11880050,502306330,,6014224596849,600719,820423846,7028106805880293383,3002380690682457380,,1,是
C08954,新建玉兰路店,江西公司,南昌一战区,江西一区,南昌一办,正常营业,专卖店,加盟,街铺,,,,6015167358849,600854,518421863,7024097880071751688,3002803960318104673,,1,是
C08955,湾里漫和城店,江西公司,南昌一战区,江西一区,南昌一办,正常营业,专卖店,加盟,街铺,12785789,2098522905,16638130.0,6015115184849,600855,1141930121,7083371323426080771,3002253903852147369,2026031011077000000115319023|xiniu_xgc_bgc,1,是
C08956,新建联盛超市店,江西公司,南昌一战区,江西一区,南昌一办,关店,专卖店,加盟,街铺,12159286,2096956811,,6015338926849,600856,1574866775,6995048380300789790,,,1,是
C08957,赣州锦辉宏昌超市店,江西公司,赣州战区,江西一区,赣州办,关店,专卖店,加盟,综合体,,,,6015165829849,600802.0,,6960656454403491879,,,1,是
C08958,佛山容桂天佑城专卖店,广东公司,广州战区,广东省区,广佛办,关店,专卖店,加盟,街铺,12088951,167691358,,6014225846849,600721,184506998.0,,,,1,是
C08963,（禁用）北京赣味正农商贸有限公司,陕西公司,北京战区,京津冀省区,北京办,关店,渠道店,加盟,特殊渠道,,,,,,,,,,1,是
C08964,贵阳白云区奥马步行街店,重庆公司,贵阳战区,云贵省区,贵阳办,关店,专卖店,加盟,街铺,11850396,2096040124,,6015022000849,600731,690670968,6997612585331722254,3002941598434168849,,1,是
C08968,莆田黄石专卖店,江西公司,福州战区,福建省区,福州办,关店,专卖店,加盟,街铺,11939211,502511710,,,600782,,,,,1,是
C08969,沈阳家乐福塔湾店,陕西公司,沈阳战区,辽吉省区,沈阳办,关店,专卖店,加盟,商超,12290131,,,6015115771849,600788,,6601193687747659780,6724909523542005954,,1,是
C08970,河南中牟万邦家园店,陕西公司,郑州战区,河南省区,河南外阜办,关店,专卖店,加盟,街铺,11933397,,,6013998038849,600757,179460432,7148608813883459584,,,1,是
C08978,赣州石城好又多店,江西公司,赣州战区,江西一区,赣州办,关店,专卖店,加盟,商超,12529001,,,,600799,,,,,1,是
C08979,悦佳广场店,江西公司,南昌一战区,江西二区,南昌四办,关店,专卖店,加盟,街铺,5431407,,,6015116847849,,,7071091929731205133,3002623444048908708,,1,是
C08980,海南屯昌百佳汇专卖店,广东公司,海口战区,海南办,海南办,关店,专卖店,加盟,商超,11880071,,15967930.0,6014893061849,600717,1580028811,6970945765711628288,,2026031311077000000115372294|xiniu_xgc_bgc,1,是
C08981,直属昌北机场检外二店,江西公司,南昌一战区,江西一区,南昌一办,正常营业,专卖店,直营,高势能,,,,,,,,,,1,是
C08983,永州聚万金广场店,江西公司,长沙战区,湖南省区,衡邵办,关店,专卖店,加盟,街铺,11738259,2092444120,,,600862,,,,,1,是
C08984,义乌益公山店,浙江公司,杭州战区,浙江省区,金衢办,关店,专卖店,加盟,街铺,9408578,2042528832,,6013953965849,600818,1512294760,6843309108666337287,3001775403090907394,,1,是
C08985,宜春奉新总店,江西公司,南昌二战区,江西二区,宜春办,关店,专卖店,加盟,街铺,,,,6015164348849,,,7249623899536394296,3003745638972465198,,1,是
C08986,三亚海棠湾风情小镇专卖店,广东公司,海口战区,海南办,海南办,关店,专卖店,加盟,街铺,11880068,2096030467,16914160.0,6014892693849,600705,1559043749,6971920086911158310,,2026031711077000000115316657|xiniu_xgc_bgc,1,是
C08987,江苏盐城建湖大润发店,浙江公司,苏州战区,江苏省区,南京办,关店,专卖店,加盟,商超,12353177,,,6013969285849,600763,,,,,1,是
C08991,赣州石城家家乐店,江西公司,赣州战区,江西一区,赣州办,关店,专卖店,加盟,综合体,13130690,,,,600800,,,,,1,是
C08992,漳州平和东大路店,江西公司,厦门战区,福建省区,闽南办,关店,专卖店,加盟,街铺,14872947,502632036,,,600780,,,,,1,是
C08994,山东社区电商平台团购渠道,浙江公司,青岛战区,山东省区,青岛办,关店,渠道店,加盟,,,,,,,,,,,1,是
C08996,济南橙子便利店,浙江公司,青岛战区,山东省区,济南办,关店,专卖店,加盟,商超,,,,,,,,,,1,是
C08997,淄博麦格便利店,浙江公司,青岛战区,山东省区,潍坊办,关店,渠道店,加盟,,,,,,,,,,,1,是
C08999,直属普宁商品城一专卖店,广东公司,东莞战区,广东省区,惠汕办,关店,专卖店,直营,街铺,12792576,2098826484.0,,6013994225849,600920.0,1475451969.0,6601139617359988743,3003601475583811927,,1,是
C09000,直属普宁商品城二店专卖店,广东公司,东莞战区,广东省区,惠汕办,关店,专卖店,直营,街铺,,,,,,,,,,1,是
C09001,直属广州大道圣地专卖店,广东公司,广州战区,广东省区,广佛办,关店,专卖店,直营,街铺,13110756,2099372127,16638072.0,6013993729849,601012,1915021725,6935184501790214178,3002287494777086843,2026032111077000000115559080|xiniu_xgc_bgc,1,是
C09002,湖北潜江园林路步行街店,江西公司,九江战区,湖北办,湖北办,关店,专卖店,加盟,街铺,11937237,502498025,,,,,,,,1,是
C09003,日照莒县祥云百家乐店,浙江公司,青岛战区,山东省区,青岛办,关店,专卖店,加盟,,,,,,,,,,,1,是
C09005,济南天桥大润发,浙江公司,青岛战区,山东省区,济南办,关店,专卖店,加盟,商超,12107745,2096774626,,6015060199849,600807,1546674107,7003962725839833102,3002352594019953952,,1,是
C09006,义乌陆港社区店,浙江公司,杭州战区,浙江省区,金衢办,关店,专卖店,加盟,街铺,11760204,502603512,,6013953966849,601055,,7077775112203667471,,,1,是
C09007,杭州临平高柏悦中心店,浙江公司,杭州战区,浙江省区,杭州办,关店,专卖店,加盟,,,,,,,,,,,1,是
C09008,济南融创茂家家悦,浙江公司,青岛战区,山东省区,济南办,关店,专卖店,加盟,商超,,,,,,,,,,1,是
C09010,宜春奉新华林广场店,江西公司,南昌二战区,江西二区,宜春办,正常营业,专卖店,加盟,街铺,12111662,2096672913,17662761.0,6015131826849,600814,1941039955,6747285729644120078,3002803908304577520,2025111911077000000113708617|xiniu_xgc_bgc,1,是
C09012,日照莒县祥云店,浙江公司,青岛战区,山东省区,青岛办,关店,专卖店,加盟,街铺,11665449,,,,600974,1913351159,,,,1,是
C09014,九江莲花怡溪苑店,江西公司,九江战区,江西二区,九江办,关店,专卖店,加盟,街铺,,,,6015128812849,600797,,6960656526641989673,,,1,是
C09015,陕西安康巴山中路店,陕西公司,西安战区,陕西省区,陕西外阜办,关店,专卖店,加盟,街铺,11765852,502213352,,6013996838849,600677,1637717431,6867889285417142272,,,1,是
C09016,宁波天一华润万家店,浙江公司,杭州战区,浙江省区,宁波办,关店,专卖店,加盟,综合体,,,,,,,,,,1,是
C09017,广西北流步行街专卖店,广东公司,南宁战区,广西省区,南宁办,关店,专卖店,加盟,街铺,11982066,502528144,,,601122,,,,,1,是
C09018,城市溪地超市店,江西公司,南昌一战区,江西二区,南昌三办,关店,专卖店,加盟,街铺,12785681,503423867.0,,6015167025849,600848,,,,,1,是
C09019,忻州华美超市团结店,陕西公司,西安战区,山西办,山西办,关店,专卖店,加盟,商超,,,,6013998617849,600981,1552051320,7019540041504393254,,,1,是
C09020,陕西安康巴山东路万友超市店,陕西公司,西安战区,陕西省区,陕西外阜办,关店,专卖店,加盟,商超,,,,,,,,,,1,是
C09021,陕西商洛山阳西河店,陕西公司,西安战区,陕西省区,陕西外阜办,关店,专卖店,加盟,街铺,11915212,502508201,,6013997133849,600684,1291569916,6955740343384819742,,,1,是
C09022,义乌商贸城2店,浙江公司,杭州战区,浙江省区,金衢办,关店,渠道店,加盟,综合体,,,,,,,,,,1,是
C09023,象湖旺中旺店,江西公司,南昌一战区,江西二区,南昌四办,正常营业,专卖店,加盟,街铺,12150133,502729823,,6015118656849,600817,1635498447,6856901661391128588,3003872392723015045,,1,是
C09024,晋江万达广场二店,江西公司,厦门战区,福建省区,闽南办,关店,专卖店,加盟,综合体,11828513,502506735,,6014011279849,600781,,7291474974752114699,,,1,是
C09025,宁德运生专卖店,江西公司,福州战区,福建省区,闽北办,关店,专卖店,加盟,街铺,12730248,503482493,,6014906447849,600875,1083242334,6968584579984656414,3002909448558482799,,1,是
C09026,直属上海嘉定中信泰富万达店,浙江公司,上海战区,上海省区,上海一办,关店,专卖店,直营,综合体,,,,,,,,,,1,是
C09028,宜春万载小春食品店,江西公司,宜春战区,江西二区,宜春办,关店,专卖店,加盟,街铺,,,,6015167339849,600847,,7085957564587837440,,,1,是
C09029,青海西宁朝阳华联店,陕西公司,西安战区,陕西省区,兰州办,关店,专卖店,加盟,商超,12200345,502890520,,6013966015849,600812,726962082,6977859517388163102,,,1,是
C09030,青海西宁长江路华联店,陕西公司,西安战区,陕西省区,兰州办,关店,专卖店,加盟,商超,11746129,502252354,,6013965740849,600676,1705962795,,,,1,是
C09034,东莞石龙金源东路专卖店,广东公司,东莞战区,广东省区,东莞办,关店,专柜店,加盟,街铺,12044871,502738025,,6014133061849,601005,1750019759,,,,1,是
C09035,抚南宜黄河东大道店,江西公司,抚州战区,江西一区,鹰抚办,关店,专卖店,加盟,街铺,,,,,,,,,,1,是
C09036,北京天通苑家乐福店,陕西公司,北京战区,京津冀省区,北京办,关店,专卖店,加盟,商超,cover_C09036_12013402,,,,cover_C09036_601184,,,,,1,是
C09037,日照莒县古城商业街店,浙江公司,青岛战区,山东省区,青岛办,关店,专卖店,加盟,交通枢纽,12446688,,,,600975,,,,,1,是
C09038,东莞南城黄金路专卖店,广东公司,东莞战区,广东省区,东莞办,关店,专卖店,加盟,街铺,12071083,2096778289,,6014147724849,,,,,,1,是
C09039,直属西站大街店,江西公司,南昌一战区,江西一区,南昌一办,正常营业,专卖店,直营,街铺,13860852,336685265,14305205.0,6014199819849,248722,180484331,6601197098278848519,3003657563415945318,2025111911077000000113661663|xiniu_xgc_bgc,1,是
C09040,温州龙湾玖仟客专卖店,浙江公司,杭州战区,福建省区,浙南办,关店,专卖店,加盟,街铺,,,,,,,,,,1,是
C09042,东莞大朗水平莱奥广场专卖店,广东公司,东莞战区,广东省区,东莞办,关店,专卖店,加盟,街铺,12192710,502642729,,6015267445849,600924,,6994698597522475015,,,1,是
C09044,济南机场二店,浙江公司,青岛战区,山东省区,济南办,关店,专柜店,加盟,高势能,,,,,,,,,,1,是
C09045,珠海金湾机场店,广东公司,广州战区,广东省区,中珠办,正常营业,专卖店,加盟,高势能,,,,,,,,,,1,否
C09046,惠州沥林九龙百货专卖店,广东公司,东莞战区,广东省区,惠汕办,关店,专卖店,加盟,街铺,11880049,2096035454,,6014251821849,600699,1194760472,7223264444032223287,3002751738239095176,,1,是
C09047,杭州丁桥长睦路店,浙江公司,杭州战区,浙江省区,杭州办,关店,专卖店,加盟,街铺,11843010,502603508,,,,,,,,1,是
C09052,景德镇月亮湖服务区东区店,江西公司,九江战区,江西二区,景德镇办,正常营业,专卖店,加盟,交通枢纽,,,,,,,,,,1,是
C09053,景德镇月亮湖服务区西区店,江西公司,九江战区,江西二区,景德镇办,正常营业,专卖店,加盟,交通枢纽,,,,,,,,,,1,是
C09056,沈阳北站城市广场二店,陕西公司,沈阳战区,辽吉省区,沈阳办,关店,专卖店,加盟,高势能,,,,,,,,,,1,是
C09057,南宁西关店,广东公司,南宁战区,广西省区,南宁办,关店,专卖店,加盟,街铺,,,,,,,,,,1,是
C09058,扶绥中都新世界专卖店,广东公司,南宁战区,广西省区,南宁办,关店,专卖店,加盟,商超,12005350,502518148,,,,,,,,1,是
C09059,广州天河车陂专卖店,广东公司,广州战区,广东省区,广佛办,关店,专卖店,加盟,街铺,,,,6014224760849,269395,169750383.0,cover_C09059_6626336895833999368,cover_C09059_3002352810012349658,,1,是
C09060,长治城隍庙店,陕西公司,西安战区,山西办,山西办,关店,专卖店,加盟,街铺,12540662,503419242,,,600980,1441315405,,,,1,是
C09064,鹰抚鹰潭煌上煌天洁东路店,江西公司,抚州战区,江西一区,鹰抚办,正常营业,专卖店,加盟,街铺,2947445,508026561,,6015129837849,,1958632497,7037691717075601408,3002801526920155642,,1,是
C09068,莆田笏石专卖店,江西公司,福州战区,福建省区,福州办,关店,专卖店,加盟,街铺,11974944,502506722,,,600785,,,,,1,是
C09069,安顺云峰服务区一店,重庆公司,贵阳战区,云贵省区,遵义办,关店,专卖店,加盟,交通枢纽,,,,,,,,,,1,是
C09070,重庆荣昌莲花广场店,重庆公司,重庆战区,川渝省区,重庆办,关店,专卖店,加盟,街铺,11930578,,,6015022314849,600754,cover_C09070_1881320113,,,,1,是
C09071,直属北京首都机场T3一店,陕西公司,北京战区,京津冀省区,北京办,关店,专卖店,直营,高势能,,,,,,,,,,1,是
C09072,直属北京首都机场T3二店,陕西公司,北京战区,京津冀省区,北京办,关店,专卖店,直营,高势能,,,,,,,,,,1,是
C09073,直属上海虹桥火车站出发层店,浙江公司,上海战区,上海省区,上海一办,关店,专卖店,直营,高势能,,,,,,,,,,1,是
C09076,宝安光明白花专卖店,广东公司,深圳战区,广东省区,宝安办,关店,专卖店,加盟,街铺,12071087,502780984,14594552.0,6014378304849,600929,1727531466,6968584330612328462,3002003228439875587,2026031711077000000115251659|xiniu_xgc_bgc,1,是
C09077,贵州独山永辉店,重庆公司,贵阳战区,云贵省区,贵阳办,关店,专卖店,加盟,商超,,,,,600733,,,,,1,是
C09078,华润印象汇店,江西公司,南昌一战区,江西二区,南昌三办,关店,专柜店,加盟,商超,11105673,,,6015119496849,601086,,,,,1,是
C09079,河南罗山西亚丽宝广场店,陕西公司,郑州战区,河南省区,河南外阜办,关店,专卖店,加盟,商超,12035939,502571026,,,600893,729821817,,,,1,是
C09089,河南平舆建设街店,陕西公司,郑州战区,河南省区,驻马店办,关店,专卖店,加盟,街铺,11932525,502493118,,,600755,1541600450,,,,1,是
C09091,长沙岳麓区玉兰路店,江西公司,长沙战区,湖南省区,长沙办,关店,专卖店,加盟,交通枢纽,11893845,502499444,,,,,,,,1,是
C09093,济南社区电商渠道,浙江公司,青岛战区,山东省区,济南办,关店,渠道店,加盟,,,,,,,,,,,1,是
C09094,临沂社区电商渠道,浙江公司,青岛战区,山东省区,济南办,关店,渠道店,加盟,,,,,,,,,,,1,是
C09095,烟台社区电商渠道,浙江公司,青岛战区,山东省区,烟威办,关店,渠道店,加盟,,,,,,,,,,,1,是
C09096,潍坊社区电商渠道,浙江公司,青岛战区,山东省区,淄博办,关店,渠道店,加盟,,,,,,,,,,,1,是
C09097,济宁社区电商渠道,浙江公司,青岛战区,山东省区,济南办,关店,渠道店,加盟,,,,,,,,,,,1,是
C09098,东莞大朗松木山专卖店,广东公司,东莞战区,广东省区,东莞办,关店,专卖店,加盟,街铺,11997704,502523113,,,601011,1728095339,,,,1,是
C09099,鹰抚贵溪煌上煌冶金南路店,江西公司,抚州战区,江西一区,鹰抚办,正常营业,专卖店,加盟,街铺,14214252,2136910435,16638039.0,6015131835849,,709038111,7085897191025297444,3003727927413907483,,1,是
C09100,大连中央大道店,陕西公司,沈阳战区,辽吉省区,大连办,关店,专卖店,加盟,商超,10105125,,,6015117682849,601110,1671349992,7052131028269271070,3002503235504607926,,1,是
C09102,济南历城融创茂,浙江公司,青岛战区,山东省区,济南办,关店,专卖店,加盟,综合体,13144395,2098782849,,,600990,1049152997,,,,1,是
C09103,煌上煌经开智慧谷店,江西公司,南昌一战区,江西一区,南昌一办,正常营业,专卖店,加盟,街铺,29926983,535925080,20617938.0,6015129848849,600951,1178422238,7280418087310985279,3003283337492604010,2025112011077000000113655786|xiniu_xgc_bgc,1,是
C09104,沈阳长青店,陕西公司,沈阳战区,辽吉省区,沈阳办,正常营业,专卖店,加盟,综合体,11485413,2086360283,16019775.0,6015116852849,600663,1443634301,6972662117774133261,3002901097158316562,,1,是
C09110,大连南关岭万盛店,陕西公司,沈阳战区,辽吉省区,大连办,关店,专卖店,加盟,商超,12938353,2099158490,,6015118756849,601103,1621341227,7068142465047332872,3002312644202930614,,1,是
C09111,肇庆大旺金海岸专卖店,广东公司,广州战区,广东省区,广佛办,关店,专卖店,加盟,商超,,,,6014225683849,600777,1529407119,6988344939994155044,3003022973254443785,,1,是
C09112,宜春奉新应星花园店,江西公司,南昌二战区,江西二区,宜春办,正常营业,专卖店,加盟,街铺,,,,6015167340849,601092,787581345,7023658801676961822,3002584650810889424,,1,是
C09113,葫芦岛大润发店,陕西公司,沈阳战区,辽吉省区,辽吉外阜办,关店,专卖店,加盟,商超,17231735,503165873,,6015116093849,600836,,7011329419893557284,3003078971808525642,,1,是
C09114,遵义中华路店,重庆公司,贵阳战区,云贵省区,遵义办,关店,专卖店,加盟,街铺,,,,,,,,,,1,是
C09115,直属小蓝中路专卖店（扶贫馆）,上海公司,团购部,团购业务,团购业务,关店,渠道店,包装产品,特殊渠道,,,,,,,,,,1,
C09116,湖北武汉冰蓝自动化渠道店,江西公司,九江战区,湖北办,湖北办,关店,渠道店,加盟,特殊渠道,,,,,,,,,,1,是
C09124,昆明官渡古镇店,重庆公司,贵阳战区,云贵省区,昆明办,关店,专卖店,加盟,街铺,,,,,,,,,,1,是
C09125,日照莒县新世纪城阳北路店,浙江公司,青岛战区,山东省区,青岛办,关店,专卖店,加盟,商超,11925634,,,,600976,,,,,1,是
C09126,八村昌九小区店,江西公司,南昌一战区,江西一区,南昌二办,正常营业,专卖店,加盟,街铺,,,,6015119469849,600815,1441384313,7024074153648982046,3003010027848176082,2025112011077000000113668891|xiniu_xgc_bgc,1,是
C09131,京山农贸市场店,江西公司,南昌一战区,江西二区,南昌三办,关店,专卖店,加盟,街铺,,,,6015166120849,601093,,,,,1,是
C09132,直属北京西铁营万达二店,陕西公司,北京战区,京津冀省区,北京办,关店,专卖店,直营,综合体,,,,,,,,,,1,是
C09133,福建叮咚买菜,江西公司,厦门战区,福建省区,闽南办,关店,渠道店,加盟,特殊渠道,,,,,,,,,,1,是
C09134,邵阳县五峰铺店,江西公司,长沙战区,湖南省区,衡邵办,关店,专卖店,加盟,商超,13828786,2096346776,,,600864,,,,,1,是
C09135,佛山黄岐金箔广场专卖店,广东公司,广州战区,广东省区,广佛办,关店,专卖店,加盟,商超,13627682,2096030468,,6014293824849,600776,1179822561,7035463188489439265,,,1,是
C09136,宝安田寮牌坊专卖店,广东公司,深圳战区,广东省区,宝安办,关店,专卖店,加盟,街铺,12366970,503064757,,6014377703849,601000,5541389,7138353777744021545,3002016125247296339,,1,是
C09138,广州黄埔万科专卖店,广东公司,广州战区,广东省区,广佛办,关店,专柜店,加盟,街铺,12192709,502666249,,6014224694849,600909,915839769,,,,1,是
C09139,青海西宁中惠万达华联店,陕西公司,西安战区,陕西省区,兰州办,关店,专卖店,加盟,综合体,12416176,2097564002,,6013968013849,600866,581980950,7052182318701611044,3002051170999440311,,1,是
C09140,甘肃兰州银滩华联店,陕西公司,西安战区,陕西省区,兰州办,关店,专卖店,加盟,商超,12200344,,,,600811,643086847,7000743660308400164,,,1,是
C09142,南山前海世茂专卖店,广东公司,深圳战区,广东省区,宝安办,关店,专卖店,加盟,综合体,12453432,2097886037,,,600908,1971092929,,,,1,是
C09144,吉安遂川朝阳路店,江西公司,赣州战区,江西一区,吉安办,关店,专卖店,加盟,街铺,,,,,600829,,,,,1,是
C09145,鹰抚余江磨仂洲店,江西公司,抚州战区,江西一区,鹰抚办,关店,专卖店,加盟,街铺,13202393,,,6015135718849,601302.0,,7085896361803008014,3002728714791330757,,1,是
C09146,龙岗区龙东乐兴店,广东公司,深圳战区,广东省区,龙岗办,正常营业,专卖店,加盟,街铺,12192708,2096527305,14594553.0,6014172738849,600878,963906839,6975259335584647201,3002055893052723701,2025112011077000000113657785|xiniu_xgc_bgc,1,是
C09147,莆田华林专卖店,江西公司,福州战区,福建省区,福州办,关店,专卖店,加盟,街铺,12604058,2098060678,,,,,,,,1,是
C09149,湖北武汉朴朴网络有限公司,江西公司,九江战区,湖北办,湖北办,关店,渠道店,加盟,特殊渠道,,,,,,,,,,1,是
C09150,茂名化州北岸专卖店,广东公司,广州战区,广东省区,中珠办,关店,专卖店,加盟,街铺,12453295,,,6014225694849,600820,1798897992,7041792978670585887,3002811607240287080,,1,是
C09152,西安西二环华润万家店,陕西公司,西安战区,陕西省区,西安办,关店,专卖店,加盟,商超,cover_C09152_9675385,cover_C09152_500885250,,,cover_C09152_331719,cover_C09152_1135208524,6969331640724097062,,,1,是
C09153,西安南郊人人乐店,陕西公司,西安战区,陕西省区,西安办,关店,专卖店,加盟,商超,cover_C09153_11620063,,,,cover_C09153_600685,cover_C09153_966288768,,,,1,是
C09154,直属容县北大街店,广东公司,南宁战区,广西省区,南宁办,关店,专卖店,直营,街铺,12192888,502663541,,6013994231849,601121,,,,,1,是
C09155,六盘水盘州合力红果店,重庆公司,贵阳战区,云贵省区,遵义办,关店,专卖店,加盟,商超,12204808,,,6015020900849,,,,,,1,是
C09156,冷水江地下商业街店,江西公司,长沙战区,湖南省区,长沙办,关店,专卖店,加盟,街铺,,,,,,,,,,1,是
C09157,瑶湖郡航空城店,江西公司,南昌一战区,江西一区,南昌二办,正常营业,专卖店,加盟,街铺,,,,6015129846849,601072,673634133,7324622751950440457,3002947508001247995,2025111911077000000113742562|xiniu_xgc_bgc,1,是
C09158,深圳凤瑞实业有限公司（十荟团惠州仓）,广东公司,东莞战区,广东省区,惠汕办,关店,渠道店,加盟,,,,,,,,,,,1,是
C09164,直属独椒戏万达二店,其他,南昌区域,独椒戏,独椒戏(南昌),正常营业,,直营,,,,,,,,,,,1,否
C09165,南昌融创万达城店,江西公司,南昌一战区,江西一区,南昌一办,正常营业,专卖店,加盟,综合体,26025255,524635573,16257047.0,6015120044849,601073,1976106293,7080371153113450530,3002810493746294112,2025111911077000000113700621|xiniu_xgc_bgc,1,是
C09166,潍坊临朐民主路街店,浙江公司,青岛战区,山东省区,淄博办,关店,专卖店,加盟,街铺,cover_C09166_12123463,cover_C09166_2096494205,,,600806,,,,,1,是
C09167,西安朱雀大街华润万家店,陕西公司,西安战区,陕西省区,西安办,关店,专卖店,加盟,商超,12627868,503473969,,6013996249849,600867,624699560,,,,1,是
C09168,崇左市江州区汇豪城专卖店,广东公司,南宁战区,广西省区,南宁办,关店,专卖店,加盟,街铺,12328696,502901660,,6014904437849,601125,,6995043696504752159,,,1,是
C09169,大连东港凯丹广场店,陕西公司,沈阳战区,辽吉省区,大连办,关店,专卖店,加盟,综合体,12758158,503419682,,,600840,839298950,,,,1,是
C09171,莲塘银河大道店,江西公司,南昌一战区,江西二区,南昌四办,正常营业,专卖店,加盟,街铺,7225403,,,6015119950849,177460,69907556,7216588069267310651,3002307410656830432,,1,是
C09172,直属贵阳网红街专卖店,重庆公司,贵阳战区,云贵省区,贵阳办,关店,专卖店,直营,交通枢纽,7149159,172760958,16190052.0,6014202129849,308886,193538702,6707717787604879367,3002205005026894406,,1,是
C09173,江苏常州大润发关河店,浙江公司,苏州战区,江苏省区,苏州办,关店,专卖店,加盟,商超,12474118,506202935,,6013968790849,600825,1724058005,,,,1,是
C09176,宝安光明玖龙台专卖店,广东公司,深圳战区,广东省区,宝安办,关店,专卖店,加盟,街铺,12514630,2097816064,,6014315072849,600930,1755855527,,,,1,是
C09191,直属石家庄裕华万达二店,陕西公司,北京战区,京津冀省区,北京办,关店,渠道店,直营,特殊渠道,,,,,,,,,,1,是
C09192,三江粤客隆店,江西公司,南昌二战区,江西二区,南昌四办,正常营业,专卖店,加盟,街铺,,,,6015167220849,600844,680156032,6616940379172243464,6724909460596136383,2025111911077000000113712647|xiniu_xgc_bgc,1,是
C09193,九龙明珠店,江西公司,南昌一战区,江西一区,南昌一办,正常营业,专卖店,加盟,综合体,23639516,2097349788,14261048.0,6015118544849,600830,1857936601,6995404102465226760,3002476789802766601,2025112011077000000113687793|xiniu_xgc_bgc,1,是
C09196,佛山西樵江浦路专卖店,广东公司,广州战区,广东省区,广佛办,关店,专卖店,加盟,街铺,12402126,2097443423,,6014225057849,600911,612384110,6998720130805696519,3002024366901633681,,1,是
C09198,汕尾陆河建设路店,广东公司,东莞战区,广东省区,惠汕办,正常营业,专卖店,加盟,街铺,12366975,506003749,17082656.0,6014224891849,600914,1894695283,6995388870636341285,3002876453322466542,2026031711077000000115391549|xiniu_xgc_bgc,1,是
C09199,抚南金溪象山菜场店,江西公司,抚州战区,江西一区,鹰抚办,关店,专卖店,加盟,街铺,12314713,502915419,,6015129927849,601065,,6995049169865934879,3002398354624292137,,1,是
C09202,西客站7店（橙酷贸易有限公司）,江西公司,南昌一战区,江西一区,南昌一办,正常营业,专卖店,加盟,高势能,,,,6017122285849,,,,,,1,是
C09203,汕头金平鮀中路专卖店,广东公司,东莞战区,广东省区,惠汕办,关店,专卖店,加盟,街铺,12453294,2121230668,,6014226257849,601060,548123188,7024755857481009182,3002729092082537037,,1,是
C09204,南宁上林澄州路专卖店,广东公司,南宁战区,广西省区,南宁办,关店,专卖店,加盟,街铺,12771543,2097483845,,6014902240849,601123,1459794007,6983877156925343751,,,1,是
C09205,济南章丘大润发店,浙江公司,青岛战区,山东省区,济南办,关店,专卖店,加盟,商超,12788608,,,6015068915849,600989,1503120313,,,,1,是
C09206,安徽沙溪服务区店,浙江公司,苏州战区,安徽办,安徽办,关店,专卖店,加盟,交通枢纽,,,,,,,,,,1,否
C09208,新建城农贸市场店,江西公司,南昌一战区,江西一区,南昌一办,正常营业,专卖店,加盟,街铺,15700996,1250429507,16256732.0,6015117051849,601071,1115882445,7006518878947772446,3002248418113951250,,1,是
C09209,抚南南丰凯升广场店,江西公司,抚州战区,江西一区,鹰抚办,正常营业,专卖店,加盟,街铺,17401412,509485061,,6015150500849,,886419352,7024034399185045518,3002069972531744895,2025112011077000000113668758|xiniu_xgc_bgc,1,是
C09211,贵阳花果园购物中心亭子铺,重庆公司,贵阳战区,云贵省区,贵阳办,关店,专卖店,加盟,综合体,,,,,,,,,,1,是
C09212,青岛崂山金鼎利群,浙江公司,青岛战区,山东省区,青岛办,关店,专卖店,加盟,商超,13144429,503843882,16383957.0,6015074908849,600977,1662653809,7033994067881134093,3002834012449050928,,1,是
C09213,佛山乐从维好客专卖店,广东公司,广州战区,广东省区,广佛办,关店,专卖店,加盟,街铺,12626308,2099258211,,6014225938849,600910,697416689,cover_C09213_7074833953735051294,3002548389985985380,,1,是
C09214,上海金山万达永辉店,浙江公司,上海战区,上海省区,上海一办,关店,专卖店,加盟,综合体,12391000,2097485793,,6013773559849,600826,903092604,7003918886676465700,3002202138798989945,,1,是
C09215,大连亿合城亚惠店,陕西公司,沈阳战区,辽吉省区,大连办,关店,专卖店,加盟,综合体,,,,,,,,,,1,是
C09216,沈阳营口大润发店,陕西公司,沈阳战区,辽吉省区,大连办,关店,专卖店,加盟,商超,12758157,503459359,,6015429253849,600841,674060518,7005026271373559839,,,1,是
C09218,广东省区员工购买,广东公司,东莞战区,广东省区,东莞办,关店,渠道店,直营,,,,,,,,,,,1,否
C09219,大新桃源路店,广东公司,南宁战区,广西省区,南宁办,关店,专卖店,加盟,街铺,12441248,,,6015205893849,,,,,,1,是
C09221,直属荔浦百汇商城店,广东公司,南宁战区,广西省区,柳桂办,关店,专卖店,直营,特殊渠道,12490956,2124200418,,6013991627849,601131,609537728,,,,1,是
C09223,沈阳家乐福星摩尔店,陕西公司,沈阳战区,辽吉省区,沈阳办,关店,专卖店,加盟,综合体,12491244,,,6015116850849,,,,,,1,是
C09225,青海西宁北川万达华联店,陕西公司,西安战区,陕西省区,兰州办,关店,专卖店,加盟,综合体,12441321,2097653686,,6013966130849,600865,1199319108,6997994256556099591,,,1,是
C09226,直属独椒戏万达三店,其他,南昌区域,独椒戏,独椒戏(南昌),正常营业,专卖店,直营,综合体,,,,,,,,,,1,否
C09227,直属福州福清万达专卖店,江西公司,福州战区,福建省区,直营组,关店,专卖店,直营,综合体,14448723,503364050,,6013963692849,cover_C09227_308229,,,,,1,是
C09228,济宁任城吾悦家家悦,浙江公司,青岛战区,山东省区,济南办,关店,专卖店,加盟,商超,13143065,1157916998,,6015069400849,600994,557873527,7010217685296367646,3002301540174474601,,1,是
C09229,黄金埠五一超市店,江西公司,南昌二战区,江西二区,景德镇办,正常营业,专卖店,加盟,街铺,13383568,504004535,,6015415222849,,1208792029,7023650745790498824,,2025112011077000000113637803|xiniu_xgc_bgc,1,是
C09234,昆明欣都龙城店,重庆公司,贵阳战区,云贵省区,昆明办,关店,专卖店,加盟,街铺,12518605,2124325815,,6015006931849,601044,1902441767,,,,1,是
C09235,济宁任城太白路万达,浙江公司,青岛战区,山东省区,济南办,关店,专卖店,加盟,综合体,13144393,503517043,,6015075904849,600992,1806126902,7010213954332919816,,,1,是
C09238,青山湖民强路店,江西公司,南昌一战区,江西一区,南昌二办,正常营业,专卖店,加盟,街铺,12745836,2123965297,16189119.0,6015118542849,600828,1082883519,7034367526981077005,3002449047073137892,2025111911077000000113630709|xiniu_xgc_bgc,1,是
C09242,香域中央店,江西公司,南昌一战区,江西一区,南昌一办,关店,专卖店,加盟,街铺,12919791,503743836,,,248686,,,,,1,是
C09243,叮咚电商（云贵川渝）,重庆公司,重庆战区,川渝省区,重庆办,关店,渠道店,加盟,特殊渠道,,,,,,,,,,1,是
C09244,广西百色德保爱群店,广东公司,南宁战区,广西省区,南宁办,关店,专卖店,加盟,街铺,12441249,,,6014893137849,601126,,7019679472701933604,,,1,是
C09245,河南巩义豪布斯卡店,陕西公司,郑州战区,河南省区,郑州办,关店,专卖店,加盟,商超,12396585,2097349886,,6013998045849,600888,687382455,,,,1,是
C09246,直属青山湖区孙家亭店,其他,南昌区域,江西省区,南昌直营办,正常营业,,直营,,,,,,,,,,,1,否
C09247,潍坊昌邑全福元,浙江公司,青岛战区,山东省区,青岛办,关店,专卖店,加盟,商超,12788607,2098713383,,6015071107849,601067,1960128251,,,,1,是
C09248,大连开发区安盛店,陕西公司,沈阳战区,辽吉省区,大连办,关店,专卖店,加盟,,,,,,,,,,,1,是
C09252,直属独椒戏万寿宫店,其他,南昌区域,独椒戏,独椒戏(南昌),正常营业,专卖店,直营,综合体,,,,,,,,,,1,否
C09264,直属哈尔滨美团优选渠道店,陕西公司,沈阳战区,辽吉省区,哈尔滨办,关店,渠道店,直营,渠道,,,,,,,,,,1,是
C09265,（禁用）直属桂林荔浦百汇店（重复提报）,其他,南宁区域,广西省区,柳桂办,关店,,直营,,,,,,,,,,,1,否
C09266,湖北武汉简易路专卖店,江西公司,九江战区,湖北办,湖北办,关店,专卖店,加盟,街铺,12785685,503399119,,,,,,,,1,是
C09267,湾里下泽路店,江西公司,南昌一战区,江西一区,南昌一办,正常营业,专卖店,加盟,街铺,12785680,503404103,16914074.0,6015131815849,600857,1944757216,7009586770387929095,3002314976353297283,2026031011077000000115281053|xiniu_xgc_bgc,1,是
C09268,岳阳汨罗友阿广场店,江西公司,长沙战区,湖南省区,长沙办,关店,专卖店,加盟,商超,15278602,2099317713,,,601026,,,,,1,是
C09269,威海荣成高铁站店,浙江公司,青岛战区,山东省区,青岛办,关店,专卖店,加盟,高势能,,,,,,,,,,1,是
C09270,威海高铁北站店,浙江公司,青岛战区,山东省区,青岛办,关店,专卖店,加盟,高势能,,,,,,,,,,1,是
C09271,威海高铁站店,浙江公司,青岛战区,山东省区,青岛办,关店,专卖店,加盟,高势能,,,,,,,,,,1,是
C09272,淄博高铁站店,浙江公司,青岛战区,山东省区,济南办,关店,专柜店,加盟,高势能,,,,,,,,,,1,是
C09273,烟台高铁南站店,浙江公司,青岛战区,山东省区,青岛办,关店,专柜店,加盟,高势能,,,,,,,,,,1,是
C09275,上饶鄱阳湖城馨苑店,江西公司,九江战区,江西二区,景德镇办,正常营业,专卖店,加盟,街铺,32208702,,,6015167019849,,1022769888773759,7006886707584829447,,,1,是
C09276,桂林理工大学雁山店,广东公司,南宁战区,广西省区,柳桂办,关店,专卖店,加盟,特殊渠道,13486517,,,6014894231849,601135,,7034371490850015262,,,1,否
C09277,直属江苏南京江宁欧尚店,浙江公司,苏州战区,江苏省区,南京办,关店,专卖店,直营,商超,13783425,506256458,,6013971823849,600883,1262377160,,,,1,是
C09279,宝安福海大洋田专卖店,广东公司,深圳战区,广东省区,宝安办,关店,专卖店,加盟,商超,12840737,,,6014314982849,600935,1163177131,7028106795767842829,,,1,是
C09280,盘锦香橙源晟华苑店,陕西公司,沈阳战区,辽吉省区,辽吉外阜办,关店,专卖店,加盟,,,,,,600902,,,,,1,是
C09281,盘锦香橙源蓝色康桥店,陕西公司,沈阳战区,辽吉省区,辽吉外阜办,关店,专卖店,加盟,,,,,,,,,,,1,是
C09283,东莞虎门镇口德客玛专卖店,广东公司,东莞战区,广东省区,东莞办,关店,专卖店,加盟,街铺,,,,,,,,,,1,是
C09284,江苏徐州新沂欢乐买店,浙江公司,苏州战区,江苏省区,南京办,关店,渠道店,加盟,商超,,,,,,,,,,1,是
C09286,广州东圃地铁站专卖店,广东公司,广州战区,广东省区,广佛办,关店,专卖店,加盟,交通枢纽,12583878,503310068,,,601004,1098420244,,,,1,是
C09287,青岛即墨高铁北站店,浙江公司,青岛战区,山东省区,青岛办,关店,专柜店,加盟,高势能,,,,,,,,,,1,是
C09288,青岛平度高铁站店,浙江公司,青岛战区,山东省区,青岛办,关店,专柜店,加盟,高势能,,,,,,,,,,1,是
C09289,青岛莱西高铁站店,浙江公司,青岛战区,山东省区,青岛办,关店,专柜店,加盟,高势能,,,,,,,,,,1,是
C09290,宝安西乡钟屋专卖店,广东公司,深圳战区,广东省区,宝安办,关店,专卖店,加盟,街铺,12646423,2097999421,,,600933,888522965,,,,1,是
C09291,宝安西乡盐田专卖店,广东公司,深圳战区,广东省区,宝安办,关店,专卖店,加盟,街铺,12646571,2098242700,,6015118978849,600932,789022452,6996124965040818213,3002002229796082362,,1,是
C09292,直属福州东泰禾专卖店,江西公司,福州战区,福建省区,直营组,关店,专卖店,直营,街铺,cover_C09292_13610717,cover_C09292_168507497,,cover_C09292_6013964378849,cover_C09292_296773,,,,,1,是
C09293,广州天河中心专卖店,广东公司,广州战区,广东省区,广佛办,关店,专卖店,加盟,街铺,8882751,300663247,,6014225272849,600823,,,,,1,是
C09294,安徽梅山服务区,浙江公司,苏州战区,安徽办,安徽办,关店,专卖店,加盟,交通枢纽,,,,,,,,,,1,是
C09295,昌北机场成都豪士特店,江西公司,南昌一战区,江西一区,南昌一办,正常营业,专卖店,加盟,高势能,,,,,,,,,,1,是
C09296,赣州南康鹏泰店,江西公司,赣州战区,江西一区,赣州办,关店,专卖店,加盟,,,,,,,,,,,1,是
C09297,潍坊坊子泰华城店,浙江公司,青岛战区,山东省区,青岛办,关店,专卖店,加盟,综合体,13306141,2099413693,,6015069926849,600984,622012501,7039187267260254245,3002340351647133038,,1,是
C09298,曲靖农嘉超购物广场店,重庆公司,贵阳战区,云贵省区,昆明办,关店,专卖店,加盟,商超,12498135,,,,601045,,,,,1,是
C09299,玉林市陆川地王广场店,广东公司,南宁战区,广西省区,南宁办,关店,专卖店,加盟,街铺,,,,,,,,,,1,是
C09300,西安临潼华润万家店,陕西公司,西安战区,陕西省区,西安办,关店,专卖店,加盟,商超,12788920,503529322,,,600871,1981669835,,,,1,是
C09301,西安赛高人人乐店,陕西公司,西安战区,陕西省区,西安办,关店,专卖店,加盟,商超,12903258,503778308,,,600870,1802145289,,,,1,是
C09302,西安韩森寨华润万家店,陕西公司,西安战区,陕西省区,西安办,关店,专卖店,加盟,商超,12903261,503733824,,,600869,1805680759,,,,1,是
C09303,吉安泰和实验二小店,江西公司,赣州战区,江西一区,吉安办,关店,专卖店,加盟,街铺,,,,6015130216849,600827,,7003928160051922975,3002000753843541363,,1,是
C09308,贵阳乌当新添寨步行街店,重庆公司,贵阳战区,云贵省区,贵阳办,关店,专卖店,加盟,街铺,12485483,,,,601032,1626402412,,,,1,是
C09309,宝安光明塘家村专卖店,广东公司,深圳战区,广东省区,宝安办,关店,专卖店,加盟,街铺,25694647,503336596,14594543.0,6014372513849,600877,1634838652,6601181725676537870,3002708919213691945,,1,是
C09310,哈尔滨康氏购物民生广场店,陕西公司,沈阳战区,辽吉省区,哈尔滨办,正常营业,专卖店,加盟,商超,12839898,503550825,15905441.0,6015116686849,601108,1117119180,7009103029425162247,3002418515610570938,2026031311077000000115312336|xiniu_xgc_bgc,1,是
C09311,宜春奉新迎宾路店,江西公司,南昌二战区,江西二区,宜春办,正常营业,专卖店,加盟,街铺,14719413,506615560.0,,6015168034849,601091,654972601,7035842425457215502,3002381240661091606,2025111911077000000113684693|xiniu_xgc_bgc,1,是
C09312,河南郑州丹尼斯大石桥店,陕西公司,郑州战区,河南省区,郑州办,关店,专卖店,加盟,商超,12896795,503748734,,6013996357849,600891,1545722359,,,,1,是
C09314,烟台芝罘南尧新都汇店,浙江公司,青岛战区,山东省区,青岛办,关店,专卖店,加盟,综合体,13306144,504178557,16130454.0,6015059490849,600983,1333663962,7038435131006126116,3002883082974728815,2026031311077000000115273438|xiniu_xgc_bgc,1,是
C09315,福州福清万达专卖店,江西公司,福州战区,福建省区,福州办,关店,专卖店,加盟,综合体,,,,,,,,,,1,是
C09316,河南郑州航空港锦绣枣园店,陕西公司,郑州战区,河南省区,河南外阜办,关店,专卖店,加盟,街铺,12739491,503768495,,6013996262849,600896,1795410794,,,,1,是
C09318,沈阳鑫大刚亚泰城店,陕西公司,沈阳战区,辽吉省区,沈阳办,关店,专卖店,加盟,街铺,12757928,,,6015117850849,601106,,,,,1,是
C09319,苏州虎丘区金鹰国际广场店,浙江公司,苏州战区,江苏省区,苏州办,关店,专卖店,加盟,商超,13026958,503778641,,6013732284849,600907,1048346969,cover_C09319_7036297617071933471,cover_C09319_3002174200542077642,,1,是
C09321,赣州大余服务区南区店,江西公司,赣州战区,江西一区,赣州办,正常营业,专卖店,加盟,交通枢纽,,,,,,,,,,1,是
C09322,赣州大余服务区北区店,江西公司,赣州战区,江西一区,赣州办,正常营业,专卖店,加盟,交通枢纽,,,,,,,,,,1,否
C09334,青岛市北长春路店,浙江公司,青岛战区,山东省区,青岛办,关店,专卖店,加盟,交通枢纽,,,,,,,,,,1,是
C09335,山西临汾瑞祥盛商务中心店,陕西公司,西安战区,山西办,山西办,关店,专卖店,加盟,街铺,12549029,2097894178,,,600982,,,,,1,是
C09336,赣州信丰沿江中路店,江西公司,赣州战区,江西一区,赣州办,关店,专卖店,加盟,街铺,13202391,504076554,,6015150100849,601078,,7049201279532271623,,,1,是
C09337,贵州兴义街心花园铁匠街专卖店,重庆公司,贵阳战区,云贵省区,遵义办,关店,专卖店,加盟,街铺,12709112,,,6014906594849,601036,1436046505,7040308433433987079,,,1,是
C09338,云南昭通镇雄龙腾广场店,重庆公司,贵阳战区,云贵省区,昆明办,关店,专卖店,加盟,街铺,12595222,,,,601047,1743996570,,,,1,是
C09339,云南昭通镇雄南大街店,重庆公司,贵阳战区,云贵省区,昆明办,关店,专卖店,加盟,街铺,12595067,503226186,,,601046,1914040176,,,,1,是
C09340,上饶鄱阳白天鹅店,江西公司,九江战区,江西二区,景德镇办,正常营业,专卖店,加盟,街铺,503527163,503527163,,6015167798849,600879,,6739382610562205704,3002460450127356327,,1,是
C09341,厦门北专卖店,江西公司,厦门战区,福建省区,闽南办,关店,专卖店,加盟,高势能,,,,,,,,,,1,是
C09342,崇左市宁明德华店,广东公司,南宁战区,广西省区,南宁办,正常营业,专卖店,加盟,街铺,13125640,2098787345,16384022.0,6014904534849,601128,531371732,7074834152163379208,3002803826533503115,2025112011077000000113711698|xiniu_xgc_bgc,1,是
C09343,直属大连美团优选渠道店,陕西公司,沈阳战区,辽吉省区,大连办,关店,渠道店,直营,特殊渠道,,,,,,,,,,1,是
C09350,河南嵩县建设路店,陕西公司,郑州战区,河南省区,河南外阜办,关店,专卖店,加盟,街铺,12730564,503773427,,,600894,797217615,,,,1,是
C09351,珠海香洲万科城专卖店,广东公司,广州战区,广东省区,中珠办,关店,专卖店,加盟,街铺,12792574,,,6014225582849,600915,1038982796,,,,1,是
C09352,揭阳万达嘉荣专卖店,广东公司,东莞战区,广东省区,惠汕办,关店,专卖店,加盟,综合体,13172297,,,,600921,,,,,1,是
C09353,上海叮咚买菜松江涞坊仓,浙江公司,上海战区,上海省区,上海一办,关店,经销,加盟,特殊渠道,,,,,,,,,,1,是
C09354,赣州宁都鹏泰店,江西公司,赣州战区,江西一区,赣州办,关店,专卖店,加盟,综合体,15410020,503925511,,6015165437849,601079,,7128303861798078500,,,1,是
C09355,直属上海徐汇宜山路地铁站光启城店,浙江公司,上海战区,上海省区,上海一办,关店,专卖店,直营,交通枢纽,12795656,2098752899,,6013751148849,600872,1051889234,6997987595976181790,3002202138886574650,,1,是
C09356,直属上海杨浦区五角场万达广场店,浙江公司,上海战区,上海省区,上海一办,关店,专卖店,直营,综合体,,,,,,,,,,1,是
C09358,广州高铁南站专卖店,广东公司,广州战区,广东省区,广佛办,关店,专卖店,加盟,高势能,,,,,,,,,,1,是
C09359,广州高铁南站专卖二店,广东公司,广州战区,广东省区,广佛办,关店,专卖店,加盟,高势能,,,,,,,,,,1,是
C09360,麦园农贸市场店,江西公司,南昌一战区,江西一区,南昌一办,正常营业,专卖店,加盟,街铺,,,,6015120076849,600886,1237526151,6601150339347384333,3002804202421850493,,1,是
C09361,地铁万科广场煌上煌店,江西公司,南昌一战区,江西一区,南昌一办,关店,专卖店,加盟,商超,,,,,,,,,,1,是
C09362,深圳高铁北站专卖店,广东公司,深圳战区,广东省区,宝安办,关店,专卖店,加盟,高势能,,,,,,,,,,1,是
C09363,深圳北站候车东专卖店,广东公司,深圳战区,广东省区,宝安办,关店,专卖店,加盟,特殊渠道,,,,,,,,,,1,是
C09364,直属贵阳贵筑路专卖店,重庆公司,贵阳战区,云贵省区,贵阳办,关店,专卖店,直营,街铺,8178373,501166661,16189390.0,6014202331849,320166,1924309828,6842073740822464526,3002900986017419648,,1,是
C09369,玉林市陆川中浩地王店,广东公司,南宁战区,广西省区,南宁办,关店,专卖店,加盟,综合体,12859734,503626357,,,600881,,,,,1,是
C09373,河南新密东城半岛店,陕西公司,郑州战区,河南省区,郑州办,关店,专卖店,加盟,街铺,12663021,503603599,,,600890,974530364,,,,1,是
C09374,青岛市北新业广场家家悦,浙江公司,青岛战区,山东省区,青岛办,关店,专卖店,加盟,特殊渠道,,,,,,,,,,1,是
C09375,新力方商超店,江西公司,南昌一战区,江西一区,南昌二办,正常营业,专卖店,加盟,商超,5947507,167691391,14270462.0,6015130708849,283790,182367457,6727528239394228228,3003256537094493902,2026030911077000000115103918|xiniu_xgc_bgc,1,是
C09377,陕西安康火车站店,陕西公司,西安战区,陕西省区,陕西外阜办,关店,专卖店,加盟,高势能,,,,,,,,,,1,是
C09379,广州高铁南站专卖三店,广东公司,广州战区,广东省区,广佛办,关店,专柜店,加盟,高势能,,,,,,,,,,1,否
C09380,直属潍坊诸城佳乐家,浙江公司,青岛战区,山东省区,直属办,关店,专卖店,直营,商超,cover_C09380_12926929,503509214,,cover_C09380_6015070911849,600972,cover_C09380_1124273601,7007290445185157158,3002137509991649560,,1,是
C09381,厦门大学专卖店,江西公司,厦门战区,福建省区,闽南办,关店,专卖店,加盟,特殊渠道,,,,,,,,,,1,是
C09383,直属长沙雨花亭沃尔玛店,江西公司,长沙战区,湖南省区,长沙办,关店,专卖店,直营,商超,,,,,,,,,,1,是
C09391,抚南南城胜利路店,江西公司,抚州战区,江西一区,鹰抚办,正常营业,专卖店,加盟,街铺,13114411,503786690,15968000.0,6015116199849,601064,939144518,6953368819087706153,3002802758824668424,,1,是
C09392,直属上海宝山诺亚新天地广场店,浙江公司,上海战区,上海省区,上海一办,关店,专卖店,直营,综合体,12998042,503743838,,6013776050849,600887,902461020,7020605861638866952,3002202138787458390,,1,是
C09393,福州达明美食街专卖店,江西公司,福州战区,福建省区,福州办,关店,专卖店,加盟,街铺,297791,503399647,,,600952,,,,,1,是
C09394,萍乡龙华云锦店,江西公司,宜春战区,江西二区,宜春办,正常营业,专卖店,加盟,街铺,13858356,503992062,16389406.0,6015165425849,,783459276,7024394821376673805,3002804223890789610,2025111911077000000113624685|xiniu_xgc_bgc,1,是
C09395,沈阳鑫大刚御芳源名流店,陕西公司,沈阳战区,辽吉省区,沈阳办,关店,专卖店,加盟,街铺,,,,6015117671849,,,,,,1,是
C09396,沈阳鑫大刚御芳源沈新店,陕西公司,沈阳战区,辽吉省区,沈阳办,关店,专卖店,加盟,街铺,,,,,,,,,,1,是
C09397,秦皇岛大石广场店,陕西公司,北京战区,京津冀省区,天津办,关店,专卖店,加盟,商超,12855800,,,,,,,,,1,是
C09399,河南鹤壁火车站店,陕西公司,郑州战区,河南省区,河南外阜办,关店,专卖店,加盟,高势能,,,,,,,,,,1,是
C09400,龙岗雅宝星河专卖店,广东公司,深圳战区,广东省区,龙岗办,关店,专卖店,加盟,商超,13110745,2124348553,,6014225392849,600927,1289234436,7028106902982789156,,,1,是
C09401,九江乐盈步步高店,江西公司,九江战区,江西二区,九江办,关店,专卖店,加盟,综合体,13300039,,,,600947,,,,,1,是
C09402,东莞大岭山家家乐专卖店,广东公司,东莞战区,广东省区,东莞办,关店,专卖店,加盟,街铺,13041429,503753805,15905475.0,6014140746849,600922,1890785670,7026518680397678628,3002797687268119902,2026031711077000000115265718|xiniu_xgc_bgc,1,是
C09403,新余分宜庄岗岭店,江西公司,宜春战区,江西一区,丰新办,正常营业,专卖店,加盟,街铺,13261185,503886830,,6015119988849,601094,,7009843796569491464,3003657692180915408,,1,是
C09404,东莞长安上沙中南路店,广东公司,东莞战区,广东省区,东莞办,正常营业,专卖店,加盟,街铺,12897510,2122331425,15967914.0,6014133059849,600946,50845377,7079265479969245198,3002804087451525661,2025111911077000000113725658|xiniu_xgc_bgc,1,是
C09405,厦门海沧龙湖专卖店,江西公司,厦门战区,福建省区,闽南办,关店,专卖店,加盟,街铺,,,,6014010270849,,,7016147004900247589,,,1,是
C09406,重庆荣昌康宁广场专卖店,重庆公司,重庆战区,川渝省区,重庆办,关店,专卖店,加盟,街铺,,,,,,,,,,1,是
C09407,三亚育才路专卖店,广东公司,海口战区,海南办,海南办,关店,专卖店,加盟,街铺,,,,6014904272849,600942,,7027785923584591902,,,1,否
C09408,西安大寨路中航华府店,陕西公司,西安战区,陕西省区,西安办,关店,专卖店,加盟,街铺,,,,6013996352849,601069,,,,,1,是
C09409,东方万达百佳汇专卖店,广东公司,海口战区,海南办,海南办,关店,专卖店,加盟,综合体,13172635,2099367123,,6014894670849,600945,,7029581688707483652,,,1,是
C09410,常德市高山街店,江西公司,长沙战区,湖南省区,长沙办,关店,专卖店,加盟,街铺,12840120,2098759715,,,601025,,,,,1,是
C09411,株洲炎陵恒生店,江西公司,长沙战区,湖南省区,株洲办,关店,专柜店,加盟,特殊渠道,,,,6015168001849,,,,,,1,是
C09412,济南历下高新万达二店,浙江公司,青岛战区,山东省区,济南办,关店,专卖店,加盟,综合体,13144944,2098805540,,,600996,1500080311,,,,1,是
C09413,上饶弋阳世纪华联一店,江西公司,抚州战区,江西二区,上饶办,关店,专卖店,加盟,商超,12796565,2124337589.0,,6015116996849,601088,,7124259719832832038,3003170059043409960,,1,是
C09415,济南天桥北园银座,浙江公司,青岛战区,山东省区,济南办,关店,专卖店,加盟,综合体,13142851,503848726,,6015057789849,600993,1527493675,7076297376692078596,3003054629024763926,,1,是
C09416,长沙水风井店,江西公司,长沙战区,湖南省区,长沙办,关店,专卖店,加盟,街铺,12762176,503615543,,,601030,1382843153,,,,1,是
C09417,贵阳安顺紫云五峰东路店,重庆公司,贵阳战区,云贵省区,遵义办,关店,专卖店,加盟,街铺,13316395,,,6015021104849,601037,,7040314793189705758,3002378765655348666,,1,是
C09419,江苏徐州邳州欢乐买通成店,浙江公司,苏州战区,江苏省区,南京办,关店,渠道店,加盟,商超,,,,,,,,,,1,是
C09420,衢州衢江江山大润发店,浙江公司,杭州战区,浙江省区,金衢办,关店,专卖店,加盟,商超,13459975,,,6013953289849,601054,1002493307,,,,1,是
C09421,浙江海宁南苑路专卖店,浙江公司,杭州战区,浙江省区,杭州办,关店,专卖店,加盟,街铺,12908837,503614469,,6013954373849,600873,9607909,,,,1,是
C09422,宝安大浪三合百货专卖店,广东公司,深圳战区,广东省区,宝安办,关店,专卖店,加盟,街铺,12966750,2099178443,,6014158396849,601001,1636929948,7012525320532133902,,,1,是
C09423,安徽芜湖新竹服务区,浙江公司,苏州战区,安徽办,安徽办,关店,专卖店,加盟,交通枢纽,,,,,,,,,,1,否
C09424,青海西宁胜利路华联店,陕西公司,西安战区,陕西省区,兰州办,关店,专卖店,加盟,商超,13952811,2131610648,,6013964085849,,,,,,1,是
C09425,宁德大润发专卖店,江西公司,福州战区,福建省区,闽北办,关店,专卖店,加盟,街铺,13098700,503826856,,,,,,,,1,是
C09426,青海西宁南山路家乐购店,陕西公司,西安战区,陕西省区,兰州办,关店,专卖店,加盟,商超,13151415,503843986,,6013968012849,600962,962378944,7052883056125970439,,,1,是
C09427,邯郸阳光前进店,陕西公司,北京战区,京津冀省区,北京办,关店,专卖店,加盟,商超,13389956,2098967822,,6015130803849,601100,1192633217,,,,1,是
C09428,邯郸阳光天鸿广场店,陕西公司,北京战区,京津冀省区,北京办,关店,专卖店,加盟,商超,12907278,2099047251,,6015118560849,601099,833434082,7003922655942281223,,,1,是
C09429,浙江永辉超市总仓,浙江公司,杭州战区,浙江省区,杭州办,关店,渠道店,加盟,,,,,,,,,,,1,是
C09430,烟台莱山万象汇,浙江公司,青岛战区,山东省区,青岛办,关店,专卖店,加盟,商超,13404121,504134588.0,,6015062073849,600979,1297182252,7037690042529089573,3003051458167478037,,1,是
C09431,九龙湖富源花园店,江西公司,南昌一战区,江西一区,南昌一办,正常营业,专卖店,加盟,街铺,13448520,2099254210,16638127.0,6015116280849,601063,1698070047,7067045623068887053,3002423264950592748,2026030911077000000115161950|xiniu_xgc_bgc,1,是
C09432,杭州盒马鲜生,浙江公司,杭州战区,浙江省区,杭州办,关店,渠道店,加盟,,,,,,,,,,,1,是
C09433,鹰抚抚州牛角湾店,江西公司,抚州战区,江西一区,鹰抚办,正常营业,专卖店,加盟,街铺,17146729,,17146729.0,6015167842849,601081,1001807305,7008003119468513288,3002435066188604837,2025112011077000000113653775|xiniu_xgc_bgc,1,是
C09435,杭州飞蚁,浙江公司,杭州战区,浙江省区,杭州办,正常营业,经销,加盟,特殊渠道,,,,,,,,,,1,是
C09436,锦州香橙源汉口街店,陕西公司,沈阳战区,辽吉省区,辽吉外阜办,关店,专卖店,加盟,商超,,,,,,,,,,1,是
C09437,锦州香橙源吴淞街店,陕西公司,沈阳战区,辽吉省区,辽吉外阜办,关店,专卖店,加盟,商超,,,,,,,,,,1,是
C09439,直属江苏南京龙湖天街店,浙江公司,苏州战区,江苏省区,南京办,关店,专卖店,直营,综合体,13159887,2121268950,,6013972010849,601116,1840822289,,,,1,是
C09440,温州人民中路店,浙江公司,杭州战区,福建省区,浙南办,关店,专卖店,加盟,街铺,,,,,,,,,,1,是
C09454,茂名电白那霍专卖店,广东公司,广州战区,广东省区,中珠办,关店,专卖店,加盟,街铺,,,,6014225276849,600939,1220923753,7096724381371467811,3002394668957442401,,1,否
C09456,柳州融水寿星中路店,广东公司,南宁战区,广西省区,柳桂办,关店,专卖店,加盟,街铺,12886622,503768631,,6014904924849,600882,1950730924,7005402233290360869,,,1,是
C09457,贵阳贵安新区金河路店,重庆公司,贵阳战区,云贵省区,贵阳办,关店,专卖店,加盟,街铺,3800106,,,,601033,,,,,1,是
C09464,惠州好宜多专卖店,广东公司,东莞战区,广东省区,惠汕办,关店,专卖店,加盟,街铺,1866599,150070416,,6014315103849,600998,94861707,6601194348535138318,6724909385830622885,,1,是
C09465,上饶余干瑞洪锦湾街店,江西公司,南昌二战区,江西二区,景德镇办,正常营业,专卖店,加盟,街铺,,,,,,,7163143217301424128,3003872392321343949,,1,是
C09466,鹰潭龙虎山服务区北区店,江西公司,抚州战区,江西二区,上饶办,正常营业,专卖店,加盟,交通枢纽,,,,,,,,,,1,是
C09467,鹰潭龙虎山服务区南区店,江西公司,抚州战区,江西二区,上饶办,正常营业,专卖店,加盟,交通枢纽,,,,,,,,,,1,是
C09468,济南历下东城逸家家家悦,浙江公司,青岛战区,山东省区,济南办,关店,专卖店,加盟,商超,13404116,2125152982,20287670.0,6015070524849,600995,1010204532,7151734884891887656,3002803865227832660,,1,是
C09472,玉林市兴业石南十九楼店,广东公司,南宁战区,广西省区,南宁办,关店,专卖店,加盟,街铺,21258551,,16638087.0,6014903134849,601142,553685585,7038952036738304035,3002777618526708871,,1,是
C09473,梧州藤县米兰春天店,广东公司,南宁战区,广西省区,柳桂办,关店,专卖店,加盟,街铺,12927021,503804535,,6014901033849,601129,174854022,7024424767990024205,,,1,是
C09475,江苏镇江润州大润发店,浙江公司,苏州战区,江苏省区,南京办,关店,专卖店,加盟,商超,15432203,1121866920,,6013971722849,,1059845454,7045474622346627085,,,1,是
C09477,肇庆四会吾悦广场专卖店,广东公司,广州战区,广东省区,广佛办,关店,专卖店,加盟,街铺,13746928,2124801817,14725194.0,6014225266849,600938,1186382174,7044795930171672583,3002417977123513585,,1,是
C09478,直属合肥滨湖世纪金源店,浙江公司,苏州战区,安徽办,安徽办,关店,专卖店,直营,综合体,12357075,,,,600656,,,,,1,是
C09479,宜春恒大店,江西公司,宜春战区,江西二区,宜春办,关店,专柜店,加盟,商超,13202390,2120660007,,6015164349849,,,7057732765512370206,3002719522339037641,,1,是
C09483,直属独椒戏中山路天虹风味小吃店,其他,南昌区域,独椒戏,独椒戏(南昌),正常营业,专卖店,直营,综合体,,,,,,,,,,1,否
C09484,直属独椒戏进贤天虹风味小吃店,其他,南昌区域,独椒戏,独椒戏(南昌),正常营业,专卖店,直营,综合体,,,,,,,,,,1,否
C09494,宝安龙华清湖西村专卖店,广东公司,深圳战区,广东省区,宝安办,关店,专卖店,加盟,街铺,13110753,504938804,14594569.0,6014151783849,601002,182350453,6843917478301648911,3003178655477605073,,1,是
C09495,海南东方万达二店专卖店,广东公司,海口战区,海南办,海南办,关店,专卖店,加盟,综合体,,,,6014905463849,600944,,,,,1,是
C09496,青岛黄岛鲁疆购物炜伦店,浙江公司,青岛战区,山东省区,青岛办,关店,专卖店,加盟,商超,13145867,503863689,,6015069127849,600978,864577583,6849277445162665984,,,1,是
C09497,惠州马安新乐工业区专卖店,广东公司,东莞战区,广东省区,惠汕办,关店,专卖店,加盟,特殊渠道,12966751,2099158824,,6014226052849,600917,1217890384,,,,1,是
C09498,广西美味集渠道广职店,广东公司,南宁战区,广西省区,南宁办,关店,渠道店,加盟,特殊渠道,,,,,,,,,,1,是
C09499,青海西宁花园南街华联店,陕西公司,西安战区,陕西省区,兰州办,关店,专卖店,加盟,商超,14404661,,,6013966318849,600961,1163987896,7052883022378436621,,,1,是
C09500,陕西咸阳彬州西大街店,陕西公司,西安战区,陕西省区,陕西外阜办,关店,专卖店,加盟,街铺,12929447,503758739,,6013997054849,600885,1719116239,7007631709172664327,,,1,是
C09501,江苏宿迁泗洪吾月广场店,浙江公司,苏州战区,江苏省区,南京办,关店,渠道店,加盟,综合体,,,,,,,,,,1,是
C09502,新化商业街2店,江西公司,长沙战区,湖南省区,株洲办,关店,专卖店,加盟,综合体,,,,,,,,,,1,是
C09503,直属上海宝山宝龙广场永辉超市店,浙江公司,上海战区,上海省区,上海一办,关店,专卖店,直营,商超,11820602,502267691,,6013773938849,600758,1301512327,,,,1,是
C09505,揭阳渔湖空港店,广东公司,东莞战区,广东省区,惠汕办,正常营业,专卖店,加盟,街铺,13041427,503773824,16384115.0,6014264120849,600913,1629075454,7019670123715758093,3002772712849842436,2026031711077000000115313664|xiniu_xgc_bgc,1,是
C09510,河南郑州福都购物广场店,陕西公司,郑州战区,河南省区,郑州办,关店,专卖店,加盟,综合体,13156073,504061063,,6013997141849,600968,,7082239629004376079,,,1,是
C09511,河南泌阳人民路店,陕西公司,郑州战区,河南省区,驻马店办,关店,专卖店,加盟,街铺,12946762,503743833,,6013997926849,600892,1357064782,7011326397570516999,,,1,是
C09512,沈阳碧桂园方糖店,陕西公司,沈阳战区,辽吉省区,沈阳办,关店,专卖店,加盟,街铺,12977390,2099108757,,6015118251849,600955,1415731681,7041794336140298248,3002271007820424494,,1,是
C09513,朝阳市朝阳万达店,陕西公司,沈阳战区,辽吉省区,辽吉外阜办,关店,专卖店,加盟,综合体,14297758,,,6015118396849,600957,,7044113646510671902,3002444823478669750,,1,是
C09514,惠州杨村服务区南专卖店,广东公司,东莞战区,广东省区,惠汕办,关店,专卖店,加盟,交通枢纽,,,,,,,,,,1,否
C09515,三亚羊栏天韵广场专卖店,广东公司,海口战区,海南办,海南办,关店,专卖店,加盟,街铺,17322905,1150999838,,6014904951849,,,7255912836440786985,,,1,是
C09516,惠州杨村服务区北专卖店,广东公司,东莞战区,广东省区,惠汕办,关店,专卖店,加盟,交通枢纽,,,,,,,,,,1,否
C09517,江苏苏州工业园区星塘欧尚店,浙江公司,苏州战区,江苏省区,苏州办,关店,专卖店,加盟,特殊渠道,13097029,503975312,,6013733648849,601118,1213821897,7042659617586808843,,,1,是
C09520,九江岷山店,江西公司,九江战区,江西二区,九江办,关店,专卖店,加盟,街铺,,,,6015166115849,600948,,,,,1,是
C09521,沈阳依云北郡四期店,陕西公司,沈阳战区,辽吉省区,沈阳办,关店,专卖店,加盟,街铺,3468651,141740753,,6015118753849,601105,162990942,6601196615858391048,6724909544072340766,,1,是
C09522,佛山乐从天佑城专卖2店,广东公司,广州战区,广东省区,广佛办,关店,专卖店,加盟,综合体,13110747,2099239291.0,,6014295614849,601008,1757930995,7106370270650501133,3002255183375274573,,1,是
C09523,新建兴国路店,江西公司,南昌一战区,江西一区,南昌一办,正常营业,专卖店,加盟,街铺,13036643,503734096,14264568.0,6015267053849,600950,1623980691,6601192902318114820,6724909438395551765,2025111911077000000113747518|xiniu_xgc_bgc,1,是
C09525,湖北武汉美团优选（电商）渠道,江西公司,九江战区,湖北办,湖北办,关店,渠道店,加盟,,,,,,,,,,,1,是
C09526,吉安永丰万尚店,江西公司,宜春战区,江西一区,吉安办,关店,专卖店,加盟,综合体,13031804,,,6015150602849,601087,,,,,1,是
C09527,三亚大东海大菠萝专卖店,广东公司,海口战区,海南办,海南办,关店,专卖店,加盟,街铺,13428154,2125156242,,6014893268849,601006,,,,,1,否
C09528,桂林客世界大润发店,广东公司,南宁战区,广西省区,柳桂办,关店,专卖店,加盟,商超,12949883,2099446538,,,601127,,,,,1,是
C09532,宝安福永德丰路专卖店,广东公司,深圳战区,广东省区,宝安办,关店,专卖店,加盟,街铺,13110744,503886374,,,600937,,,,,1,是
C09533,赣江新区空港花园店,江西公司,南昌一战区,江西一区,南昌一办,正常营业,专卖店,加盟,街铺,29163404,503920945,19553937.0,6015129849849,601076,1016780800,7010213021096085517,3002787691754426410,2026030411077000000115214712|xiniu_xgc_bgc,1,是
C09534,天津师范大学店,陕西公司,北京战区,京津冀省区,天津办,关店,专卖店,加盟,特殊渠道,,,,,,,,,,1,是
C09535,云南蒙自南湖荟第一城店,重庆公司,贵阳战区,云贵省区,昆明办,关店,专卖店,加盟,街铺,13148696,2124212968,,6014971524849,601048,1059485713,7035469760145917992,3002805210464038181,,1,是
C09536,潍坊寿光全福元百货店,浙江公司,青岛战区,山东省区,济南办,关店,专卖店,加盟,商超,13404111,2133696228,,6015069013849,600987,1354623585,,,,1,是
C09537,潍坊寿光佳乐家乐尚店,浙江公司,青岛战区,山东省区,济南办,关店,专卖店,加盟,商超,13404109,2132950711,,6015069126849,600986,976633725,,,,1,是
C09538,浙江湖州新市陌路店,浙江公司,杭州战区,浙江省区,杭州办,关店,专卖店,加盟,街铺,12948829,503763634,,,600906,,,,,1,是
C09539,淄博临淄时代广场茂业店,浙江公司,青岛战区,山东省区,济南办,关店,专卖店,加盟,商超,17797757,,,6015071008849,600985,1509044372,,3002759483634094380,,1,是
C09540,陕西汉中略阳象山路店,陕西公司,西安战区,陕西省区,陕西外阜办,关店,专卖店,加盟,街铺,13052972,,,6013999314849,600963,,7046215700846921764,,,1,是
C09541,南昌安琦盛商贸有限公司,江西公司,南昌一战区,江西一区,南昌一办,关店,渠道店,加盟,特殊渠道,,,,,,,,,,1,否
C09543,陕西安康旬阳商贸大街店,陕西公司,西安战区,陕西省区,陕西外阜办,关店,专卖店,加盟,街铺,13151418,503854026,,6013998612849,600964,,7009213369131468834,,,1,是
C09544,珠海平沙钰海国际广场专卖店,广东公司,广州战区,广东省区,中珠办,关店,专卖店,加盟,街铺,13878174,2131056441,17210591.0,6014293822849,601233,877432857,7049583968483543053,3002762294588445777,,1,是
C09545,宝安松岗兆禾里专卖店,广东公司,深圳战区,广东省区,宝安办,关店,专卖店,加盟,综合体,14556982,1102408976,15138230.0,6015250128849,601288,67382647,7158374795502061571,3002913159350948284,,1,是
C09546,崇左龙州南宁百货店,广东公司,南宁战区,广西省区,南宁办,关店,专卖店,加盟,街铺,13196091,,,6014907935849,601136,,7142824354891368455,,,1,是
C09547,惠州人民四路店,广东公司,东莞战区,广东省区,惠汕办,正常营业,专卖店,加盟,街铺,13215959,504032649,15905465.0,6015250210849,600916,1026636558414065,7133026120156317727,3003074886375678927,2025111911077000000113740540|xiniu_xgc_bgc,1,是
C09548,衡阳衡南县车江店,江西公司,长沙战区,湖南省区,衡邵办,关店,专卖店,加盟,街铺,13853215,,,6015129806849,601017,,,,,1,是
C09549,邵阳县振羽广场店,江西公司,长沙战区,湖南省区,衡邵办,正常营业,专卖店,加盟,街铺,13196551,503970360,16256679.0,6015166392849,601021,1613659990,7025443457711736863,3002255648966780286,2026030911077000000115144965|xiniu_xgc_bgc,1,是
C09551,沈阳沈北万达比优特店,陕西公司,沈阳战区,辽吉省区,沈阳办,正常营业,专卖店,加盟,综合体,32571367,1335740250,15968011.0,6015115162849,600954,1809911194,7023197834824386568,3002302122441843160,2025111911077000000113716621|xiniu_xgc_bgc,1,是
C09552,陕西渭南富平人民路店,陕西公司,西安战区,陕西省区,陕西外阜办,关店,专卖店,加盟,街铺,13052971,2099394100,,6013996758849,600958,,7011331210974595108,,,1,是
C09555,海口中山南路专卖店,广东公司,海口战区,海南办,海南办,关店,专卖店,加盟,街铺,13663048,505187715,,6014894568849,,,7133490299150485540,,,1,是
C09556,江苏泗洪渠道店,浙江公司,苏州战区,江苏省区,南京办,关店,渠道店,加盟,渠道,,,,,,,,,,1,是
C09563,济南市中魏家庄万达,浙江公司,青岛战区,山东省区,济南办,关店,专卖店,加盟,综合体,13650660,503852013,17335905.0,6015061195849,600991,1073459728,7019681477382113288,3002804685644436609,,1,是
C09564,河南周口东新万达店,陕西公司,郑州战区,河南省区,豫南办,关店,专卖店,加盟,综合体,,,,,,,,,,1,是
C09565,河南周口开元万达广场二店,陕西公司,郑州战区,河南省区,河南外阜办,关店,专卖店,加盟,综合体,17518896,2123404457,,6013996256849,600971,1735203735,7159476397910525955,,,1,是
C09566,贵阳观山湖西南商贸城店,重庆公司,贵阳战区,云贵省区,贵阳办,正常营业,专卖店,加盟,街铺,13207652,1190155200,16638117.0,6014905298849,601034,579115559,7011818558900406309,3003040853853742119,2025112011077000000113708709|xiniu_xgc_bgc,1,是
C09567,湘潭服务区 A店,江西公司,长沙战区,湖南省区,株洲办,关店,专卖店,加盟,交通枢纽,,,,6015167305849,,,,,,1,是
C09568,湘潭服务区 B店,江西公司,长沙战区,湖南省区,株洲办,关店,专卖店,加盟,交通枢纽,,,,,,,,,,1,是
C09569,丰城东站店,江西公司,南昌二战区,江西一区,丰新办,正常营业,专卖店,加盟,高势能,,,,6015164351849,,,,,,1,是
C09570,济南天桥银座济泺路店,浙江公司,青岛战区,山东省区,济南办,关店,专卖店,加盟,商超,13404112,504581979,,6015061277849,600988,1224527941,,,,1,是
C09571,沈阳沈北万达购物广场店,陕西公司,沈阳战区,辽吉省区,沈阳办,关店,专卖店,加盟,综合体,13235234,2123137791,,,600953,,,,,1,是
C09573,宝安龙华壹方天地E专卖店,广东公司,深圳战区,广东省区,宝安办,关店,专卖店,加盟,综合体,,,,,,,,,,1,是
C09575,潍坊昌乐全福元,浙江公司,青岛战区,山东省区,青岛办,关店,专卖店,加盟,商超,11152870,2074062566.0,,6015069924849,600629.0,1765305889.0,6994675897760499719,6724909544086677412,,1,是
C09576,南宁西关直属店,广东公司,南宁战区,广西省区,南宁办,关店,专卖店,直营,街铺,,,,,,,,,,1,是
C09577,江苏镇江苏宁广场店,浙江公司,苏州战区,江苏省区,南京办,关店,专卖店,加盟,综合体,13156827,503869079,,6013974207849,601117,849112890,,,,1,是
C09579,抚南金溪农贸市场店,江西公司,抚州战区,江西一区,鹰抚办,关店,专卖店,加盟,街铺,,,,,601066,,,,,1,是
C09580,宁德北站运生专卖店,江西公司,福州战区,福建省区,闽北办,关店,专卖店,加盟,街铺,,,,6014908325849,,,,,,1,是
C09581,直属烟台莱阳大润发,浙江公司,青岛战区,山东省区,直属办,关店,专卖店,直营,商超,13400254,2124782929,,6015069131849,600973,1407891623,7060326020653516830,,,1,是
C09582,直属日照东港家家悦芒果店,浙江公司,青岛战区,山东省区,直属办,关店,专卖店,直营,商超,13854463,2131650479,,,601169,1815732979,,,,1,是
C09583,仁怀一店（方圆荟店）,重庆公司,贵阳战区,云贵省区,遵义办,关店,专卖店,加盟,商超,13121450,,,6014906766849,601038,,,,,1,是
C09584,直属福州闽侯财富中心专卖店,江西公司,福州战区,福建省区,直营组,关店,专卖店,直营,综合体,13558569,504322157,,6013966416849,,,,,,1,是
C09585,宝安福永后瑞地铁专卖店,广东公司,深圳战区,广东省区,宝安办,关店,专柜店,加盟,交通枢纽,13222869,2112524189,,6015119268849,601157,,7023203000684382239,3003347789216358884,,1,是
C09586,青岛李沧金水路维客,浙江公司,青岛战区,山东省区,青岛办,关店,专卖店,加盟,商超,13306145,503882105,,6015071301849,601098,1529187694,7039188441124309000,3002454229044011510,,1,是
C09590,湘潭中心店,江西公司,长沙战区,湖南省区,株洲办,关店,专卖店,加盟,街铺,13481999,505045356,,6015117892849,601031,,6946491394768881698,3002432049170911791,,1,是
C09594,梅州兴宁兴东路专卖店,广东公司,东莞战区,广东省区,惠汕办,关店,专卖店,加盟,街铺,13207839,503919507,,6014224996849,601062,1890372564,7041789446794168328,3002767617739989434,,1,是
C09595,宝安公明楼村新村专卖店,广东公司,深圳战区,广东省区,宝安办,关店,专卖店,加盟,街铺,13249303,2120639455,,6014163547849,601187,511243543,7038440904268449823,3002414831299404807,,1,是
C09598,锦州香橙源古城街道店,陕西公司,沈阳战区,辽吉省区,辽吉外阜办,关店,专卖店,加盟,综合体,,,,,,,,,,1,是
C09599,佛山乐从天佑城1店,广东公司,广州战区,广东省区,广佛办,正常营业,专卖店,加盟,街铺,886128,162850851,14725185.0,6014224894849,181596,72252704,6601163747903932430,3002825528826401897,2026031711077000000115303665|xiniu_xgc_bgc,1,是
C09600,河南许昌北海腾飞花园店,陕西公司,郑州战区,河南省区,河南外阜办,关店,专卖店,加盟,街铺,13567306,2127593877,,,,683226150,,,,1,是
C09602,龙岗葵涌花生唐专卖店,广东公司,深圳战区,广东省区,龙岗办,关店,专卖店,加盟,商超,13733573,505519194.0,,6014173120849,601214.0,,7058102890065299487,3002801715128767210,,1,是
C09603,安徽岳西县步行街店,浙江公司,苏州战区,安徽办,安徽办,关店,专卖店,加盟,街铺,,,,,,,,,,1,是
C09604,独椒戏新建世纪万象城店,其他,南昌区域,独椒戏,独椒戏(南昌),正常营业,专卖店,直营,综合体,,,,,,,,,,1,否
C09619,福州罗源专卖店,江西公司,福州战区,福建省区,福州办,关店,专卖店,加盟,街铺,13341739,504174364,,6014416819849,,,,,,1,是
C09620,广西马山中学店,广东公司,南宁战区,广西省区,南宁办,关店,专卖店,加盟,街铺,,,,,,,,,,1,是
C09621,南平顺昌专卖店,江西公司,福州战区,福建省区,闽北办,关店,专柜店,加盟,商超,14388569,506245963,,,,,,,,1,是
C09622,沈阳碧桂园银河城店,陕西公司,沈阳战区,辽吉省区,沈阳办,关店,专卖店,加盟,综合体,12758059,164758725,15905516.0,6015116161849,278976,178934003,6601189989818566664,6724909544105468651,,1,是
C09623,河源东源万达广场专卖店,广东公司,东莞战区,广东省区,惠汕办,关店,专卖店,加盟,综合体,13408929,2125165157,,6014293827849,601186,,,,,1,是
C09624,淄博张店大润发,浙江公司,青岛战区,山东省区,济南办,关店,专卖店,加盟,商超,,,,6015057788849,601097,1701002427,,,,1,是
C09625,娄底冷水江商业街店,江西公司,长沙战区,湖南省区,长沙办,关店,专卖店,加盟,街铺,,,,,,,,,,1,是
C09626,上饶葛源,江西公司,抚州战区,江西二区,上饶办,关店,专卖店,加盟,街铺,,,,,,,,,,1,是
C09640,福州马尾专卖店,江西公司,福州战区,福建省区,福州办,关店,专卖店,加盟,街铺,,,,6014391789849,,,7105219563784013838,,,1,是
C09641,青海西宁城西果然鲜店,陕西公司,西安战区,陕西省区,兰州办,关店,专卖店,加盟,商超,13379807,503983099,,6013965476849,601150,1212543467,7053285540229023758,,,1,是
C09642,上饶广丰商城店,江西公司,抚州战区,江西二区,上饶办,关店,专卖店,加盟,街铺,13473340,2132136470,,6015166039849,601090,,7030048373071677451,,,1,是
C09643,通辽站店,陕西公司,沈阳战区,辽吉省区,辽吉外阜办,正常营业,专卖店,加盟,高势能,,,,,,,,,,1,否
C09644,葫芦岛高铁站店,陕西公司,沈阳战区,辽吉省区,辽吉外阜办,关店,专卖店,加盟,高势能,,,,,,,,,,1,是
C09645,直属大连华南安盛店,陕西公司,沈阳战区,辽吉省区,大连办,关店,专卖店,直营,综合体,3153827,157109770,,6015117680849,177535,83084727,,,,1,是
C09646,云南临沧双江锦丽新城店,重庆公司,贵阳战区,云贵省区,昆明办,正常营业,专卖店,加盟,街铺,13492369,505217329,16189142.0,6015006932849,,1539767693,7025444371923208223,3002695740595671069,2025112011077000000113741647|xiniu_xgc_bgc,1,是
C09647,梧州藤县太平镇店,广东公司,南宁战区,广西省区,柳桂办,关店,专卖店,加盟,街铺,13486518,,,6014893326849,,,,,,1,是
C09648,广西百色那坡泰汇城店,广东公司,南宁战区,广西省区,南宁办,关店,专卖店,加盟,街铺,13346499,,,6014894442849,,653737346,7029322369550419980,,,1,否
C09651,贵州黔南长顺美食街店,重庆公司,贵阳战区,云贵省区,贵阳办,关店,专卖店,加盟,街铺,13312162,,,6014907695849,,,,,,1,是
C09652,直属上海松江金地广场店,浙江公司,上海战区,上海省区,上海一办,关店,专卖店,直营,综合体,,,,,,,,,,1,是
C09655,陕西延安延长店,陕西公司,西安战区,陕西省区,陕西外阜办,关店,专卖店,加盟,街铺,13871427,504022302,,6013997635849,601149,1757189289,7033448169438447624,,,1,是
C09657,吉安米西,江西公司,赣州战区,江西一区,吉安办,关店,专柜店,加盟,街铺,13473725,,,6015117095849,601180,,7042184358270076958,,,1,是
C09658,直属重庆南岸四公里青龙路店,重庆公司,重庆战区,川渝省区,重庆办,关店,专卖店,直营,街铺,8398554,336822700,16638134.0,6014202441849,322838,665761223,6807054515553060877,6724909298740598530,,1,是
C09660,青岛李沧宝龙店,浙江公司,青岛战区,山东省区,青岛办,关店,专卖店,加盟,商超,,,,,601170,,,,,1,是
C09661,长沙毛竹塘店,江西公司,长沙战区,湖南省区,长沙办,关店,专柜店,加盟,街铺,13471144,,,6015165590849,,,,,,1,是
C09662,广州新塘太阳城专卖店,广东公司,广州战区,广东省区,广佛办,关店,专卖店,加盟,商超,13468745,2124247816,,6014225197849,601156,,,,,1,是
C09664,浙江桐乡东兴街店,浙江公司,杭州战区,浙江省区,杭州办,关店,专卖店,加盟,街铺,13275022,504066819,,6013952484849,601161,1253174653,7031551279017805861,,,1,是
C09671,南宁秀厢店,广东公司,南宁战区,广西省区,南宁办,关店,专卖店,加盟,街铺,13951350,,,6014903636849,601183,1480716794,7057446106933757992,,,1,是
C09672,萍乡车站,江西公司,宜春战区,江西二区,宜春办,关店,专柜店,加盟,高势能,,,,,,,,,,1,是
C09673,九龙新力琥珀园店,江西公司,南昌一战区,江西一区,南昌一办,正常营业,专卖店,加盟,街铺,13900074,2132958348,14261050.0,6015118386849,601243,1391661772,7102287398410651685,3002895833862647272,2025112011077000000113764146|xiniu_xgc_bgc,1,是
C09674,直属上海松江鹿都国际广场店,浙江公司,上海战区,上海省区,上海一办,关店,专卖店,直营,综合体,13407322,504312136.0,,6013773484849,601160.0,1307835285.0,6805795511359014927,6724909544060199952,,1,是
C09676,陕西安康镇坪国心北路店,陕西公司,西安战区,陕西省区,陕西外阜办,关店,专卖店,加盟,街铺,,,,6013997411849,601144,,7034729884186314785,,,1,是
C09677,陕西咸阳秦都万达华润万家店,陕西公司,西安战区,陕西省区,陕西外阜办,关店,专卖店,加盟,综合体,13885848,505846146,,6013998310849,601227,1923275445,7067116499416287265,,,1,是
C09678,直属武汉简易路专卖店,江西公司,九江战区,湖北办,湖北办,关店,专卖店,直营,街铺,,,,,,,,,,1,是
C09679,沈阳便利店渠道店,陕西公司,沈阳战区,辽吉省区,沈阳办,关店,渠道店,加盟,,,,,,,,,,,1,是
C09680,烟台青君商行渠道专柜,浙江公司,青岛战区,山东省区,青岛办,关店,专柜店,加盟,特殊渠道,,,,,,,,,,1,是
C09681,青岛黄岛金鼎利群,浙江公司,青岛战区,山东省区,青岛办,关店,专卖店,加盟,商超,13909426,2127768042,,6015059193849,601198,1899374313,7040818808931485736,3002516972464743355,,1,是
C09682,杭州逸盛路店,浙江公司,杭州战区,浙江省区,杭州办,关店,专卖店,加盟,综合体,13466520,504938809,,6013954740849,601175,1299290556,,,,1,是
C09683,厦门翔安浦园专卖店,江西公司,厦门战区,福建省区,闽南办,关店,专卖店,加盟,街铺,,,,6014012973849,,,7095631041204848654,,,1,是
C09685,吉安泰和福来客生活超市店,江西公司,赣州战区,江西一区,吉安办,正常营业,专卖店,加盟,商超,14108869,,,6015129225849,,1313790165,6949966661030086693,3003921224808437988,,1,是
C09689,鄂尔多斯东胜每天超市店,陕西公司,北京战区,京津冀省区,北京办,关店,专卖店,加盟,商超,,,,6015483267849,,,,,,1,是
C09690,河南平顶山中骏万德隆店,陕西公司,郑州战区,河南省区,河南外阜办,关店,专卖店,加盟,综合体,13703415,505501753,,,,653532786,,,,1,是
C09691,杭州余杭区金庄路店,浙江公司,杭州战区,浙江省区,杭州办,关店,专卖店,加盟,街铺,13426340,2123454816,,6013955503849,601165,565862726,,,,1,是
C09692,珠海唐家康乐路专卖店,广东公司,广州战区,广东省区,中珠办,关店,专卖店,加盟,街铺,17795854,504334443,,6014315008849,601163,824852146,7106630251174463502,3002815583078748785,,1,是
C09693,东莞黄江田心广场专卖店,广东公司,东莞战区,广东省区,东莞办,关店,专卖店,加盟,商超,13474337,504972045,15905468.0,6014139071849,,1180275256,7031722976600934407,3002605544670401605,2025112011077000000113675723|xiniu_xgc_bgc,1,是
C09694,厦门同安阳翟专卖店,江西公司,厦门战区,福建省区,闽南办,关店,专卖店,加盟,街铺,13596691,505208259,,6014014970849,,,,,,1,是
C09695,成都市亿鑫三和企业管理有限公司（龙川西站店）,广东公司,东莞战区,广东省区,惠汕办,正常营业,专卖店,加盟,高势能,,,,,,,,,,1,否
C09696,成都市亿鑫三和企业管理有限公司（惠州北站店）,广东公司,东莞战区,广东省区,惠汕办,正常营业,专卖店,加盟,高势能,,,,,,,,,,1,否
C09697,成都市亿鑫三和企业管理有限公司（河源东站店）,广东公司,东莞战区,广东省区,惠汕办,正常营业,专卖店,加盟,高势能,,,,,,,,,,1,否
C09698,河南郑州瑞锦小区店,陕西公司,郑州战区,河南省区,郑州办,关店,专卖店,加盟,街铺,13567307,2127275928,,6013996266849,,1231464837,7033989563991197709,,,1,是
C09699,杭州西湖服务区1店,浙江公司,杭州战区,浙江省区,杭州办,关店,专卖店,加盟,交通枢纽,,,,,,,,,,1,是
C09700,青海西宁五四大街大百店,陕西公司,西安战区,陕西省区,兰州办,关店,专卖店,加盟,商超,13952808,504753750,,6013967806849,601176,1933271841,7052883101445277703,,,1,是
C09701,钦州灵山步行街店,广东公司,南宁战区,广西省区,南宁办,关店,专卖店,加盟,街铺,13582212,2125259773,,6014901030849,601182,1395462193.0,7040671270916065280,,,1,是
C09702,杭州西湖服务区2店,浙江公司,杭州战区,浙江省区,杭州办,关店,专卖店,加盟,交通枢纽,,,,,,,,,,1,是
C09703,鄂尔多斯太古街店,陕西公司,北京战区,京津冀省区,北京办,关店,专卖店,加盟,街铺,13534399,2126271981,,6015115790849,,,7051846700545083404,3003045450453197261,,1,是
C09704,赣州兴国五福广场店,江西公司,赣州战区,江西一区,赣州办,正常营业,专卖店,加盟,街铺,13527977,2126508994,16638146.0,6015145920849,,952084830,7041794290263001103,,2026030911077000000115177969|xiniu_xgc_bgc,1,是
C09705,青岛火车站,浙江公司,青岛战区,山东省区,青岛办,关店,专卖店,加盟,高势能,,,,,,,,,,1,是
C09706,长沙火车站新华联一店,江西公司,长沙战区,湖南省区,长沙办,关店,渠道店,加盟,高势能,,,,6015166395849,,,,,,1,是
C09707,九江奥林匹克花园店,江西公司,九江战区,江西二区,九江办,正常营业,专卖店,加盟,街铺,14224210,506114356,,6015167642849,601238,1881978760,7044795872294471683,3002393017291615676,2025112011077000000113704731|xiniu_xgc_bgc,1,是
C09710,杭州余杭万通时尚公馆店,浙江公司,杭州战区,浙江省区,杭州办,关店,专卖店,加盟,街铺,13657819,2128942783,,6013953084849,601194,1158783695,7059212176979920933,3002459494758162938,,1,是
C09711,浙江诸暨服务区,浙江公司,杭州战区,浙江省区,杭州办,关店,专卖店,加盟,交通枢纽,,,,,,,,,,1,否
C09712,樟树机关安置小区店,江西公司,南昌二战区,江西一区,丰新办,暂停营业,专卖店,加盟,街铺,13840377,504762560,17727231.0,6015167625849,601164,1978425562,7038441117674637319,3002440229145060167,,1,是
C09713,义乌万达广场店,浙江公司,杭州战区,浙江省区,金衢办,关店,专卖店,加盟,综合体,13461871,504743684,,6013952868849,601173,1968910093,,,,1,是
C09714,陕西安康白河狮子山新城店,陕西公司,西安战区,陕西省区,陕西外阜办,关店,专卖店,加盟,街铺,,,,6013997224849,601179,,7068522532709599245,,,1,是
C09715,珠海金湾机场B店,广东公司,广州战区,广东省区,中珠办,正常营业,专卖店,加盟,高势能,,,,,,,,,,1,否
C09716,北京盒马生鲜超市,陕西公司,北京战区,京津冀省区,北京办,关店,渠道店,加盟,商超,,,,,,,,,,1,是
C09727,贵阳T3机场检外一店,重庆公司,贵阳战区,云贵省区,贵阳办,关店,专卖店,加盟,高势能,,,,,,,,,,1,是
C09736,贵阳T3机场检内二店,重庆公司,贵阳战区,云贵省区,贵阳办,关店,专卖店,加盟,高势能,,,,,,,,,,1,是
C09738,贵阳T3机场检内一店,重庆公司,贵阳战区,云贵省区,贵阳办,关店,专卖店,加盟,高势能,,,,,,,,,,1,是
C09743,丰城樟树虹桥店,江西公司,南昌二战区,江西一区,丰新办,关店,专卖店,加盟,街铺,,,,6015165821849,601190,,7046216000731088910,3002804068944224950,,1,是
C09745,广州南站乐途瑞店,广东公司,广州战区,广东省区,广佛办,正常营业,专卖店,加盟,高势能,,,,,,,,,,1,否
C09750,山东泰安泰山大润发,浙江公司,青岛战区,山东省区,济南办,关店,专卖店,加盟,商超,13530640,505519191,,6015059387849,601166,1111991448,,,,1,是
C09751,泰安社区电商渠道,浙江公司,青岛战区,山东省区,济南办,关店,渠道店,加盟,,,,,,,,,,,1,是
C09752,聊城社区电商渠道,浙江公司,青岛战区,山东省区,济南办,关店,渠道店,加盟,,,,,,,,,,,1,是
C09753,枣庄社区电商渠道,浙江公司,青岛战区,山东省区,济南办,关店,渠道店,加盟,,,,,,,,,,,1,是
C09754,淄博社区电商渠道,浙江公司,青岛战区,山东省区,淄博办,关店,渠道店,加盟,,,,,,,,,,,1,是
C09755,菏泽社区电商渠道,浙江公司,青岛战区,山东省区,济南办,关店,渠道店,加盟,,,,,,,,,,,1,是
C09756,独椒戏加盟深圳龙华新区店,其他,深圳福田区,独椒戏,独椒戏(南昌),正常营业,,加盟,,,,,,,,,,,1,否
C09761,北京江西酒店一楼江西特产厅,陕西公司,北京战区,京津冀省区,北京办,关店,渠道店,加盟,特殊渠道,,,,,,,,,,1,是
C09762,江苏宿迁沭阳恒隆广场店,浙江公司,苏州战区,江苏省区,南京办,关店,专卖店,加盟,街铺,13686256,2125955307,,6013968684849,601197,1014624547,,,,1,是
C09763,莆田馨宜专卖店,江西公司,福州战区,福建省区,福州办,关店,专卖店,加盟,综合体,13813570,505711812,,6014110769849,,,,,,1,是
C09764,直属宝安桥头地铁店,广东公司,深圳战区,广东省区,宝安办,正常营业,专卖店,直营,街铺,13801066,2132147391,14394599.0,6013995608849,,727559502,6601168712085014531,3003055791208637519,2026031611077000000115299482|xiniu_xgc_bgc,1,是
C09765,杭州渠道淘菜菜,浙江公司,杭州战区,浙江省区,杭州办,关店,渠道店,加盟,,,,,,,,,,,1,是
C09769,湖南桃江县建设中路店,江西公司,长沙战区,湖南省区,长沙办,关店,专卖店,加盟,街铺,13655947,2125858420,,6015167013849,,,,,,1,是
C09770,江苏苏州龙湖天街店,浙江公司,苏州战区,江苏省区,苏州办,关店,专卖店,加盟,商超,,,,,,,,,,1,是
C09772,潍坊寿光全福元世纪店,浙江公司,青岛战区,山东省区,济南办,关店,专卖店,加盟,商超,13802074,2133661549,,6015069709849,601167,915207075,,,,1,是
C09773,海口美兰机场T2专卖店,广东公司,海口战区,海南办,海南办,关店,专卖店,加盟,高势能,,,,,,,,,,1,是
C09774,海口机场美兰机场T2二店,广东公司,海口战区,海南办,海南办,关店,专卖店,加盟,高势能,,,,,,,,,,1,是
C09776,上海北京慰衡国际有限公司渠道,浙江公司,上海战区,上海省区,上海一办,关店,渠道店,加盟,特殊渠道,,,,,,,,,,1,是
C09778,宜春宝利黄冈店,江西公司,宜春战区,江西二区,宜春办,暂停营业,专卖店,加盟,街铺,14098300,2135009940,,6015167356849,,,7085583275481106443,3002823616242393955,,1,是
C09779,青岛佳世客合肥路店,浙江公司,青岛战区,山东省区,青岛办,关店,专卖店,加盟,商超,,,,6015071006849,601168,,,,,1,是
C09781,浙江诸暨服务区2店,浙江公司,杭州战区,浙江省区,杭州办,关店,专卖店,加盟,交通枢纽,,,,,,,,,,1,是
C09782,杭州萧山北干街店,浙江公司,杭州战区,浙江省区,杭州办,关店,专卖店,加盟,街铺,505222229,505222229,,6015527277849,601193,962942608,6601138915124463623,,,1,是
C09783,河南固始县国源超市店,陕西公司,郑州战区,河南省区,河南外阜办,关店,专卖店,加盟,商超,13644213,505261349,,,,1630569003,,,,1,是
C09784,广西东兴贵州路店,广东公司,南宁战区,广西省区,南宁办,关店,专卖店,加盟,街铺,13876673,505846143,16384013.0,6014904537849,601224,1129031879,7121936069599168546,3002765823766073467,,1,是
C09787,贵州六盘水六枝那平路店,重庆公司,贵阳战区,云贵省区,遵义办,关店,专卖店,加盟,街铺,13542890,,,6015017612849,,,7070723701695580160,3002901011099783915,,1,是
C09788,陕西安康紫阳广场店,陕西公司,西安战区,陕西省区,陕西外阜办,关店,专卖店,加盟,街铺,,,,6013998143849,601178,,,,,1,是
C09789,鹰抚抚州梦湖菜市场店,江西公司,抚州战区,江西一区,鹰抚办,关店,专卖店,加盟,街铺,,,,,,,,,,1,是
C09790,柳州融安地王商业广场专卖店,广东公司,南宁战区,广西省区,柳桂办,关店,专卖店,加盟,综合体,,,,6014894632849,,,,,,1,是
C09792,长沙友阿便利系统店,江西公司,长沙战区,湖南省区,长沙办,关店,渠道店,加盟,,,,,,,,,,,1,是
C09793,长沙佳宜便利系统店,江西公司,长沙战区,湖南省区,长沙办,关店,专卖店,加盟,,,,,,,,,,,1,是
C09795,广州南沙越秀御城专卖店,广东公司,广州战区,广东省区,广佛办,关店,专卖店,加盟,街铺,13752736,2131057939,,6014225689849,,,7132758248263780391,3002715538374268139,,1,是
C09796,九江安永人家店,江西公司,九江战区,江西二区,九江办,关店,专卖店,加盟,街铺,,,,,,,,,,1,是
C09797,佛山官窑联承广场专卖店,广东公司,广州战区,广东省区,广佛办,关店,专卖店,加盟,街铺,,,,6014225766849,601262,,7122748219024476173,,,1,是
C09798,直属沈阳新隆嘉保利花园店,陕西公司,沈阳战区,辽吉省区,辽吉直营办,关店,专卖店,直营,街铺,14609409,1100810801,,6015116082849,,,7114608823934912552,,,1,是
C09799,直属沈阳新隆嘉东塔店,陕西公司,沈阳战区,辽吉省区,辽吉直营办,关店,专卖店,直营,街铺,14040103,506110037,,6015118549849,601413,,6647234604379932679,,,1,是
C09800,厦门集美国贸天悦专卖店,江西公司,厦门战区,福建省区,闽南办,关店,专卖店,加盟,街铺,25594289,505243363,,6014010570849,,884271726,7045475265162954765,3003226173731772192,,1,是
C09801,山东泰安高新五矿家家悦,浙江公司,青岛战区,山东省区,济南办,正常营业,专卖店,加盟,商超,13650478,505257165,,6015071104849,601192,1911605059,7076733429642954785,3002938515463147913,,1,是
C09802,贵阳南明T3机场专卖店,重庆公司,贵阳战区,云贵省区,贵阳办,关店,专卖店,加盟,高势能,,,,,,,,,,1,是
C09803,陕西安康恒口店,陕西公司,西安战区,陕西省区,陕西外阜办,关店,专卖店,加盟,街铺,2135009942,2135009942,,6013996841849,601177,,7035089640679802916,,,1,是
C09804,湖北武汉盒马生鲜平台道店,江西公司,九江战区,湖北办,湖北办,关店,渠道店,加盟,,,,,,,,,,,1,是
C09805,江苏淘菜菜无锡仓,浙江公司,苏州战区,江苏省区,苏州办,关店,渠道店,加盟,特殊渠道,,,,,,,,,,1,是
C09806,淘菜菜合肥仓,浙江公司,苏州战区,安徽办,安徽办,关店,渠道店,加盟,,,,,,,,,,,1,是
C09807,湛江徐闻东方一路专卖店,广东公司,广州战区,广东省区,中珠办,关店,专卖店,加盟,街铺,13743268,2129585846,,6014315011849,601257,1629643074,7049609745540253726,3002437720845325611,,1,是
C09808,江苏苏州大润发东环店,浙江公司,苏州战区,江苏省区,苏州办,关店,专卖店,加盟,商超,13769816,505514482,,6013970578849,601209,1144232247,,,,1,是
C09809,沈阳家乐福于洪店,陕西公司,沈阳战区,辽吉省区,沈阳办,关店,专卖店,加盟,商超,13853772,505796004,,6015116680849,601216,,,,,1,是
C09810,潍坊临朐全福元,浙江公司,青岛战区,山东省区,青岛办,关店,专卖店,加盟,商超,12123463,2096494205,,6015074906849,601212,852764117,6975631152337913871,,,1,是
C09811,福州福清万达永辉专卖店,江西公司,福州战区,福建省区,福州办,关店,专卖店,加盟,综合体,13709234,2132126604,,6014009961849,,1280047435,7119454293186316299,,,1,是
C09812,滨州社区电商渠道,浙江公司,青岛战区,山东省区,济南办,关店,渠道店,加盟,特殊渠道,,,,,,,,,,1,是
C09813,东营社区电商渠道,浙江公司,青岛战区,山东省区,济南办,关店,渠道店,加盟,,,,,,,,,,,1,是
C09814,德州社区电商渠道,浙江公司,青岛战区,山东省区,济南办,关店,渠道店,加盟,特殊渠道,,,,,,,,,,1,是
C09815,威海社区电商渠道,浙江公司,青岛战区,山东省区,青岛办,关店,渠道店,加盟,特殊渠道,,,,,,,,,,1,是
C09816,青岛社区电商渠道,浙江公司,青岛战区,山东省区,青岛办,关店,渠道店,加盟,特殊渠道,,,,,,,,,,1,是
C09817,日照社区电商渠道,浙江公司,青岛战区,山东省区,青岛办,关店,渠道店,加盟,,,,,,,,,,,1,是
C09818,淘菜菜南京仓,浙江公司,苏州战区,江苏省区,苏州办,关店,渠道店,加盟,特殊渠道,,,,,,,,,,1,是
C09819,杭州绍兴北站店,浙江公司,杭州战区,浙江省区,杭州办,关店,专卖店,加盟,高势能,,,,,,,,,,1,是
C09820,三亚大东海网乐专卖店,广东公司,海口战区,海南办,海南办,关店,专卖店,加盟,街铺,14059770,,,6014905167849,,,7123016828518926336,,,1,否
C09821,直属淄博吾悦广场,浙江公司,青岛战区,山东省区,直属办,关店,专卖店,直营,综合体,13854462,2131668673,,6015057386849,,1833349369,7078995109912283148,3003648769106617053,,1,是
C09822,柳州三江百佳汇店,广东公司,南宁战区,广西省区,柳桂办,关店,专卖店,加盟,街铺,13888913,2128123016,16384034.0,6014907938849,601287,835851013,7044117989234313229,3002782938905874751,,1,是
C09823,青岛黄岛辛安万达,浙江公司,青岛战区,山东省区,青岛办,关店,专卖店,加盟,综合体,,,,,,1914079002,,,,1,是
C09824,天津淘菜菜,陕西公司,北京战区,京津冀省区,天津办,关店,渠道店,加盟,特殊渠道,,,,,,,,,,1,是
C09825,泰安泰山佳乐家,浙江公司,青岛战区,山东省区,济南办,关店,专卖店,加盟,商超,,,,,,,,,,1,是
C09826,北京鑫京时代农业技术发展有限公司,陕西公司,北京战区,京津冀省区,北京办,关店,渠道店,加盟,,,,,,,,,,,1,是
C09827,青岛黄岛辛安万达家家悦,浙江公司,青岛战区,山东省区,青岛办,关店,专卖店,加盟,综合体,13909425,,,6015059389849,601220,855475819,7077026940460206120,3002508600926540963,,1,是
C09828,德州齐河万达家家悦,浙江公司,青岛战区,山东省区,济南办,关店,专卖店,加盟,综合体,13653851,505581596,,6015070907849,,774087511,7049935318719399940,3002448493142516842,,1,是
C09829,济宁市爱琴海公园,浙江公司,青岛战区,山东省区,济南办,关店,专卖店,加盟,商超,15216185,2131668674,,6015070909849,601213,977747296,7077026905613928456,3002570949617885965,,1,是
C09830,德州齐河万达,浙江公司,青岛战区,山东省区,济南办,关店,专卖店,加盟,综合体,13652643,2127850831,,6015074619849,,706025073,,,,1,是
C09832,泰安新泰吾悦家家悦,浙江公司,青岛战区,山东省区,济南办,关店,专卖店,加盟,商超,13922202,,,,,1475601584,,,,1,是
C09833,邯郸市邯山区悦然广场店,陕西公司,北京战区,京津冀省区,北京办,关店,专卖店,加盟,商超,13844397,2128982291,,6015130704849,,1652380637,,,,1,是
C09834,甘肃兰州金城中心永辉店,陕西公司,西安战区,陕西省区,兰州办,关店,专卖店,加盟,商超,13952816,,,6016775580849,,1087204057,7232186683788101647,,,1,是
C09835,内蒙古鄂尔多斯机场店,陕西公司,北京战区,京津冀省区,北京办,关店,专卖店,加盟,高势能,,,,,,,,,,1,是
C09836,青海西宁海湖广场一家亲店,陕西公司,西安战区,陕西省区,兰州办,关店,专卖店,加盟,商超,,,,6013966131849,,,7052314495339497486,,,1,否
C09837,江苏苏州相城百汇广场店,浙江公司,苏州战区,江苏省区,苏州办,关店,专卖店,加盟,街铺,13856486,2128548514,15905425.0,6013970962849,601222,1877172567,7045103661353011237,3002596441426662116,,1,是
C09838,鹰抚抚州硕丰天城店,江西公司,抚州战区,江西一区,鹰抚办,关店,专卖店,加盟,街铺,13790872,505686963,,6015167236849,,,7057414427389200398,3002799945146704947,,1,是
C09839,厦门翔安巷西专卖店,江西公司,厦门战区,福建省区,闽南办,关店,专卖店,加盟,街铺,13807407,2131511096,,6014012572849,,,6740571342975830028,,,1,是
C09840,济南燕山银座,浙江公司,青岛战区,山东省区,济南办,关店,专卖店,加盟,商超,13910261,505943814,,6015069011849,,1630461354,7077476040762722311,,,1,是
C09841,直属大连西安路百盛店,陕西公司,沈阳战区,辽吉省区,大连办,关店,专卖店,直营,综合体,,,,,,,,,,1,是
C09842,直属沈阳新隆嘉营盘街店,陕西公司,沈阳战区,辽吉省区,辽吉直营办,关店,专卖店,直营,街铺,13926331,2133699227,,6015120056849,,,7152034603077732360,3003004301493478200,,1,是
C09843,直属沈阳新隆嘉宁山东路店,陕西公司,沈阳战区,辽吉省区,辽吉直营办,关店,专卖店,直营,街铺,cover_C09843_14040101,cover_C09843_506100301,,6015115777849,,,,,,1,是
C09845,龙岩漳平市政广场专卖店,江西公司,厦门战区,福建省区,闽南办,关店,专卖店,加盟,街铺,20622269,505727997,,6015210402849,,1259277351,7049936155164280869,3002977644906917132,,1,是
C09847,直属潍坊泰华城,浙江公司,青岛战区,山东省区,潍坊办,关店,专卖店,直营,综合体,,,,,,,,,,1,是
C09848,直属淄博吾悦家家悦,浙江公司,青岛战区,山东省区,直属办,关店,专卖店,直营,商超,cover_C09848_13854461,cover_C09848_505752129,,cover_C09848_6015057387849,,1416282044,7078995326597597216,3002697117772158112,,1,是
C09850,泰安高新五矿购物中心,浙江公司,青岛战区,山东省区,济南办,关店,专卖店,加盟,综合体,14244974,2137015820,,,,,,,,1,是
C09851,直属沈阳奥莱城店,陕西公司,沈阳战区,辽吉省区,辽吉直营办,关店,专卖店,直营,综合体,13926353,2133684295,,6014200491849,,,cover_C09851_7152034427697104927,,,1,是
C09852,三亚海韵路专卖店,广东公司,海口战区,海南办,海南办,关店,专卖店,加盟,街铺,,,,6014904952849,,,7233239292074526772,,,1,否
C09853,鄂尔多斯伊金霍洛旗太阳城店,陕西公司,北京战区,京津冀省区,北京办,关店,专卖店,加盟,综合体,13764664,cover_C09853_1176970656,,6015115085849,,1025701292,7051846600586430502,3003057061436170536,,1,是
C09854,日照莒县正基广场,浙江公司,青岛战区,山东省区,青岛办,关店,专卖店,加盟,商超,,,,,,1315214299,,,,1,是
C09856,陕西汉中洋县唐塔路店,陕西公司,西安战区,陕西省区,陕西外阜办,关店,专卖店,加盟,街铺,13885847,505846145,,6013996632849,601228,997296341,,,,1,是
C09857,河南新郑市解放北路社区店,陕西公司,郑州战区,河南省区,河南外阜办,关店,专卖店,加盟,街铺,13923218,,,6013997134849,,,7074434915206449182,,,1,是
C09858,海口凤桂路专卖店,广东公司,海口战区,海南办,海南办,关店,专卖店,加盟,街铺,13889913,506157181,,6014893271849,,,7080822114936358915,,,1,否
C09859,甘肃兰州东湖广场一店,陕西公司,西安战区,陕西省区,兰州办,关店,专卖店,加盟,综合体,,,,,,,,,,1,是
C09860,甘肃兰州中海广场店,陕西公司,西安战区,陕西省区,兰州办,关店,专卖店,加盟,街铺,13952813,,,6016776013849,,,7099399105952090142,,,1,否
C09861,菏泽东站一店,浙江公司,青岛战区,山东省区,济南办,关店,专卖店,加盟,高势能,,,,,,,,,,1,是
C09862,菏泽东站专柜二店,浙江公司,青岛战区,山东省区,济南办,关店,专柜店,加盟,高势能,,,,,,,,,,1,是
C09863,直属济宁爱琴海购物中心,浙江公司,青岛战区,山东省区,济南办,关店,专卖店,直营,综合体,,,,,,,,,,1,是
C09864,济宁兖州南站专柜一店,浙江公司,青岛战区,山东省区,济南办,关店,专卖店,加盟,高势能,,,,,,,,,,1,是
C09865,济宁北站专柜店,浙江公司,青岛战区,山东省区,济南办,关店,专柜店,加盟,高势能,,,,,,,,,,1,是
C09866,济宁兖州南站专柜二店,浙江公司,青岛战区,山东省区,济南办,关店,专柜店,加盟,高势能,,,,,,,,,,1,是
C09867,九江修水凤凰广场店,江西公司,九江战区,江西二区,九江办,正常营业,专卖店,加盟,街铺,14718863,505580200,,6015164795849,,591788222,6931843373032540160,,2025112011077000000113723705|xiniu_xgc_bgc,1,是
C09868,河北卤菜批发市场渠道1,陕西公司,北京战区,京津冀省区,北京办,关店,渠道店,加盟,特殊渠道,,,,,,,,,,1,是
C09870,济南章丘和谐广场,浙江公司,青岛战区,山东省区,济南办,关店,专卖店,加盟,综合体,14191814,506094886,,6015062068849,,642616603,7092735397888788487,3002640569242723056,,1,是
C09871,上海松江万达永辉超市专柜,浙江公司,上海战区,上海省区,上海一办,关店,渠道店,加盟,商超,,,,,,,,,,1,是
C09872,甘肃兰州王府井华联店,陕西公司,西安战区,陕西省区,兰州办,关店,专卖店,加盟,综合体,15589388,1116985093,,,,,,,,1,是
C09873,上海永辉超市通河店专柜,浙江公司,上海战区,上海省区,上海一办,关店,渠道店,加盟,特殊渠道,,,,,,,,,,1,是
C09874,上海松江印象城永辉超市专柜,浙江公司,上海战区,上海省区,上海一办,关店,渠道店,加盟,商超,,,,,,,,,,1,是
C09875,江苏宿迁沭阳大润发店,浙江公司,苏州战区,江苏省区,南京办,关店,专卖店,加盟,街铺,14044074,506213744,,6013972308849,,,,,,1,是
C09876,漫和城农贸市场店,其他,南昌区域,煌大江西一区,南昌办,正常营业,,加盟,,,,,,,,,,,1,否
C09877,湖北武汉美团买菜平台,江西公司,九江战区,湖北办,湖北办,关店,渠道店,加盟,,,,,,,,,,,1,是
C09878,陕西安康巴山西路万友店,陕西公司,西安战区,陕西省区,陕西外阜办,关店,专卖店,加盟,商超,2135023865,2135023865,,6013999423849,,,7068874929441081357,,,1,是
C09879,东阳人民北路店,浙江公司,杭州战区,浙江省区,金衢办,关店,专卖店,加盟,街铺,17483282,1149271301,,6013953845849,601237,2131689869,7053659280263612446,3002570941513868507,,1,是
C09880,甘肃兰州读者大道店,陕西公司,西安战区,陕西省区,兰州办,关店,专卖店,加盟,街铺,13885850,505606057,16383956.0,6016774786849,601226,1286221157,7051413345764657165,,,1,是
C09881,上海梅龙镇餐饮渠道店,浙江公司,上海战区,上海省区,上海一办,关店,渠道店,加盟,,,,,,,,,,,1,是
C09882,深圳东站专柜店,广东公司,深圳战区,广东省区,宝安办,关店,专卖店,加盟,高势能,,,,,,,,,,1,是
C09883,直属长沙万家丽国际购物广场店,江西公司,长沙战区,湖南省区,长沙办,关店,专卖店,直营,综合体,,,,,cover_C09883_197513,cover_C09883_158772902,,,,1,是
C09886,福州闽侯高新万达专卖店,江西公司,福州战区,福建省区,福州办,关店,专卖店,加盟,综合体,13887088,505945066,,6014010467849,,,,,,1,是
C09887,台州天台山站专卖店,浙江公司,杭州战区,福建省区,浙南办,关店,专卖店,加盟,高势能,,,,,,,,,,1,是
C09888,安徽君王服务区店,浙江公司,苏州战区,安徽办,安徽办,关店,专柜店,加盟,交通枢纽,,,,,,,,,,1,是
C09889,天津亮婷商贸有限责任公司,陕西公司,北京战区,京津冀省区,天津办,关店,渠道店,加盟,,,,,,,,,,,1,是
C09890,长沙市朝阳路店,江西公司,长沙战区,湖南省区,长沙办,关店,专卖店,加盟,街铺,,,,,,,,,,1,是
C09891,直属长沙宁乡天虹店,江西公司,长沙战区,湖南省区,长沙办,关店,专卖店,直营,商超,6464659,cover_C09891_171181474,,,cover_C09891_253552,cover_C09891_1842595121,,,,1,是
C09893,福田福星路专卖店,广东公司,深圳战区,广东省区,龙岗办,关店,专卖店,加盟,街铺,399585,410317.0,,6014172608849,601215.0,4542863.0,6601195362155759620,6724909269431146653,,1,是
C09894,酒小二渠道店,广东公司,南宁战区,广西省区,南宁办,关店,渠道店,加盟,,,,,,,,,,,1,是
C09896,直属长沙宁乡格林春天和润店,江西公司,长沙战区,湖南省区,长沙办,关店,专卖店,直营,商超,cover_C09896_2036524729,cover_C09896_2036524729,,,cover_C09896_330281,cover_C09896_1746226758,,,,1,是
C09897,福州仓山万达专卖店,江西公司,福州战区,福建省区,福州办,关店,专卖店,加盟,综合体,3766460,160269559,16020071.0,6014009960849,,844903075,6601194512993748996,3002660935392663010,2026030311077000000115154637|xiniu_xgc_bgc,1,是
C09898,泉州晋江万业城专卖店,江西公司,厦门战区,福建省区,闽南办,关店,专卖店,加盟,商超,15013478,507334196,,6014010891849,,,,,,1,是
C09899,福州福清万嘉专卖店,江西公司,福州战区,福建省区,福州办,关店,专卖店,加盟,街铺,298984,1933798,,6014010955849,179231,1632490494,6601160852223559683,3002677882375869568,,1,是
C09900,福州鼓楼前湖专卖店,江西公司,福州战区,福建省区,福州办,关店,专卖店,加盟,街铺,7080236,172760944,,6014012473849,,cover_C09900_113579412,,,,1,是
C09901,安徽潜山店,浙江公司,苏州战区,安徽办,安徽办,关店,专卖店,加盟,街铺,13894205,505953520,,,,1052720850,,,,1,是
C09902,安徽石牌店,浙江公司,苏州战区,安徽办,安徽办,关店,专柜店,加盟,街铺,,,,,601230,1209723891,7069576731526596647,,,1,是
C09903,泉州永和专卖店,江西公司,厦门战区,福建省区,闽南办,关店,专卖店,加盟,街铺,4942045,161891393,15968004.0,6014012581849,,92945653,,,,1,是
C09904,河南省驻马店市建业凯旋广场店,陕西公司,郑州战区,河南省区,驻马店办,关店,专卖店,加盟,街铺,14090921,2137010819,,6014909970849,,,,,,1,是
C09905,河南省驻马店市美域美家店,陕西公司,郑州战区,河南省区,驻马店办,关店,专卖店,加盟,街铺,24085107,2135031939,,6014895076849,,1241995741,7068874532269869093,,,1,是
C09908,广州天河黄村北环路专卖店,广东公司,广州战区,广东省区,广佛办,关店,专卖店,加盟,街铺,14020631,506105194,,6014224885849,,,,,,1,是
C09909,深圳市得众通贸易（巴迪奥专柜）,广东公司,深圳战区,广东省区,宝安办,关店,专卖店,加盟,商超,,,,,,,,,,1,是
C09910,莆田万达专卖店,江西公司,福州战区,福建省区,福州办,关店,专卖店,加盟,综合体,24832482,524520148,,6016111984849,,533812025,7199485836973328443,3003605599986102266,,1,是
C09913,重庆淘菜菜,重庆公司,重庆战区,川渝省区,重庆办,关店,渠道店,加盟,特殊渠道,,,,,,,,,,1,是
C09914,广州铁路站车服务有限公司（佛山西基地组）,广东公司,深圳战区,广东省区,宝安办,关店,渠道店,加盟,高势能,,,,,,,,,,1,是
C09915,广州铁路站车服务有限公司（广州南基地组）,广东公司,深圳战区,广东省区,宝安办,关店,渠道店,加盟,高势能,,,,,,,,,,1,是
C09916,广州铁路站车服务有限公司（深圳北基地组）,广东公司,深圳战区,广东省区,宝安办,关店,渠道店,加盟,高势能,,,,,,,,,,1,是
C09917,广州铁路站车服务有限公司（潮汕基地组）,广东公司,深圳战区,广东省区,宝安办,关店,渠道店,加盟,高势能,,,,,,,,,,1,是
C09918,广州铁路站车服务有限公司（长沙南基地组）,广东公司,深圳战区,广东省区,宝安办,关店,渠道店,加盟,高势能,,,,,,,,,,1,是
C09919,宝安光明大街店,广东公司,深圳战区,广东省区,宝安办,正常营业,专卖店,加盟,街铺,14021138,2133684950,14594564.0,6014159660849,601261,1254603305,7064410804933625887,3002714268604600710,2025112011077000000113723707|xiniu_xgc_bgc,1,是
C09920,杭州新宇浙江外国语店,浙江公司,杭州战区,浙江省区,杭州办,关店,渠道店,加盟,特殊渠道,,,,,,,,,,1,是
C09921,杭州新宇浙大城市学院店,浙江公司,杭州战区,浙江省区,杭州办,关店,渠道店,加盟,特殊渠道,,,,,,,,,,1,是
C09922,杭州新宇滨江立业园店,浙江公司,杭州战区,浙江省区,杭州办,关店,渠道店,加盟,特殊渠道,,,,,,,,,,1,是
C09923,腾大餐饮杭州余杭万达店,浙江公司,杭州战区,浙江省区,杭州办,关店,渠道店,加盟,特殊渠道,,,,,,,,,,1,是
C09924,上海市虹桥天街永辉超市场内店,浙江公司,上海战区,上海省区,上海一办,关店,渠道店,加盟,商超,,,,,,,,,,1,是
C09925,腾大餐饮杭州临平万宝城店,浙江公司,杭州战区,浙江省区,杭州办,关店,渠道店,加盟,特殊渠道,,,,,,,,,,1,是
C09926,上海浦东新区曹路永辉超市场内店,浙江公司,上海战区,上海省区,上海一办,关店,专柜店,加盟,综合体,,,,,,,,,,1,是
C09927,北山店,江西公司,南昌一战区,江西一区,南昌一办,正常营业,专卖店,加盟,街铺,,,,6015117077849,601247,1661925240,7146069854036953118,3003332312486781309,2025112011077000000113708848|xiniu_xgc_bgc,1,是
C09933,济宁兖州社区电商渠道,浙江公司,青岛战区,山东省区,济南办,关店,渠道店,加盟,,,,,,,,,,,1,是
C09936,济南历城社区电商渠道,浙江公司,青岛战区,山东省区,济南办,关店,渠道店,加盟,,,,,,,,,,,1,是
C09937,青岛即墨电商渠道,浙江公司,青岛战区,山东省区,青岛办,关店,渠道店,加盟,,,,,,,,,,,1,是
C09938,直属贵阳观山湖兰州路专卖店,重庆公司,贵阳战区,云贵省区,贵阳办,关店,专卖店,直营,街铺,14038606,2135150423,,6014201840849,,1786196413,7102767808169117704,3002779947103883856,,1,是
C09939,北京淘菜菜,陕西公司,北京战区,京津冀省区,北京办,关店,渠道店,加盟,特殊渠道,,,,,,,,,,1,是
C09941,上海33家永辉超市南翔印象城,浙江公司,上海战区,上海省区,上海一办,关店,专柜店,加盟,特殊渠道,,,,,,,,,,1,是
C09942,上海市永辉超市33家宝山旭辉店,浙江公司,上海战区,上海省区,上海一办,关店,渠道店,加盟,,,,,,,,,,,1,是
C09943,上海嘉定大融城渠道店,浙江公司,上海战区,上海省区,上海一办,关店,专柜店,加盟,特殊渠道,,,,,,,,,,1,是
C09944,永辉超市33家店上海长江国际,浙江公司,上海战区,上海省区,上海一办,关店,渠道店,加盟,,,,,,,,,,,1,是
C09945,上海永辉超市33家店嘉定宝龙店,浙江公司,上海战区,上海省区,上海一办,关店,专柜店,加盟,,,,,,,,,,,1,是
C09946,上海33家永辉超市沪太路大融城店,浙江公司,上海战区,上海省区,上海一办,关店,专柜店,加盟,,,,,,,,,,,1,是
C09947,上海永辉超市33家店龙湖北城天街,浙江公司,上海战区,上海省区,上海一办,关店,专柜店,加盟,特殊渠道,,,,,,,,,,1,是
C09948,上海市33家永辉超市正大陆翔店,浙江公司,上海战区,上海省区,上海一办,关店,渠道店,加盟,,,,,,,,,,,1,是
C09949,上海33家永辉超市安亭万科店,浙江公司,上海战区,上海省区,上海一办,关店,渠道店,加盟,,,,,,,,,,,1,是
C09950,上海市33家永辉超市宝杨路宝杨宝龙广场,浙江公司,上海战区,上海省区,上海一办,关店,渠道店,加盟,,,,,,,,,,,1,是
C09951,富川凤凰路店,广东公司,南宁战区,广西省区,柳桂办,关店,专卖店,加盟,街铺,13975848,2132181023,,6014907228849,,975998064,7056252113898178590,,,1,是
C09952,上海永辉33家经纬商业广场渠道店,浙江公司,上海战区,上海省区,上海一办,关店,渠道店,加盟,,,,,,,,,,,1,是
C09957,上海33家永辉超市祝桥天河广场渠道店,浙江公司,上海战区,上海省区,上海一办,关店,专柜店,加盟,,,,,,,,,,,1,是
C09958,上海永辉超市33家店鲁班路渠道店,浙江公司,上海战区,上海省区,上海一办,关店,渠道店,加盟,,,,,,,,,,,1,是
C09959,上海市永辉超市33家七宝宝龙店,浙江公司,上海战区,上海省区,上海一办,关店,渠道店,加盟,,,,,,,,,,,1,是
C09960,上海33家永辉超市青浦万达茂渠道店,浙江公司,上海战区,上海省区,上海一办,关店,专柜店,加盟,,,,,,,,,,,1,是
C09962,上海市33家永辉超市隆昌渠道店,浙江公司,上海战区,上海省区,上海一办,关店,渠道店,加盟,,,,,,,,,,,1,是
C09963,上海市永辉33家永辉超市颛桥万达广场店,浙江公司,上海战区,上海省区,上海一办,关店,渠道店,加盟,,,,,,,,,,,1,是
C09964,上海市33家永辉超市马桥万达渠道店开通,浙江公司,上海战区,上海省区,上海一办,关店,专柜店,加盟,,,,,,,,,,,1,是
C09965,上海市33家永辉超市浦江万达广场渠道店,浙江公司,上海战区,上海省区,上海一办,关店,渠道店,加盟,,,,,,,,,,,1,是
C09966,上海33家永辉超市九亭金地渠道店,浙江公司,上海战区,上海省区,上海一办,关店,渠道店,加盟,,,,,,,,,,,1,是
C09967,上海市33家永辉超市吴中爱琴海渠道店,浙江公司,上海战区,上海省区,上海一办,关店,渠道店,加盟,,,,,,,,,,,1,是
C09968,上海市永辉超市33家颛桥龙湖渠道店,浙江公司,上海战区,上海省区,上海一办,关店,专柜店,加盟,,,,,,,,,,,1,是
C09969,上海市永辉超市33家青浦宝龙渠道店,浙江公司,上海战区,上海省区,上海一办,关店,专柜店,加盟,,,,,,,,,,,1,是
C09970,上海市33家永辉超市吴泾嘉怡水岸渠道店,浙江公司,上海战区,上海省区,上海一办,关店,渠道店,加盟,,,,,,,,,,,1,是
C09971,上海33家永辉超市云间路渠道店,浙江公司,上海战区,上海省区,上海一办,关店,专柜店,加盟,,,,,,,,,,,1,是
C09972,上海市33家永辉超市碧江广场渠道店,浙江公司,上海战区,上海省区,上海一办,关店,渠道店,加盟,,,,,,,,,,,1,是
C09973,上海市33家永辉超市真如星光耀广场渠道店,浙江公司,上海战区,上海省区,上海一办,关店,渠道店,加盟,,,,,,,,,,,1,是
C09974,上海市永辉超市33家唐镇阳光城渠道店,浙江公司,上海战区,上海省区,上海一办,关店,专柜店,加盟,,,,,,,,,,,1,是
C09975,上海市33家永辉超市森兰汇港渠道店,浙江公司,上海战区,上海省区,上海一办,关店,渠道店,加盟,,,,,,,,,,,1,是
C09976,上海市永辉超市33家店三林万科渠道店,浙江公司,上海战区,上海省区,上海一办,关店,渠道店,加盟,,,,,,,,,,,1,是
C09977,上海市永辉超市33家华泾龙湖渠道店,浙江公司,上海战区,上海省区,上海一办,关店,专柜店,加盟,,,,,,,,,,,1,是
C09981,直属大连由家村新隆嘉店,陕西公司,沈阳战区,辽吉省区,大连办,关店,专卖店,直营,街铺,14222915,2138077112,,6015117859849,601254,1217242881,7120465627763968015,3002975562870133299,,1,是
C09982,桂林正阳步行街专卖二店,广东公司,南宁战区,广西省区,柳桂办,关店,专卖店,加盟,街铺,14200016,506080738,,6014904441849,601248,,,,,1,是
C09987,防城港柳钢店-邓宏,广东公司,南宁战区,广西省区,南宁办,关店,渠道店,加盟,特殊渠道,,,,,,,,,,1,否
C09988,直属上海昆山欧尚店,浙江公司,苏州战区,上海省区,上海一办,关店,专卖店,直营,综合体,,,,,,,,,,1,是
C09989,直属上海昆山大润发,浙江公司,苏州战区,上海省区,上海一办,关店,专卖店,直营,商超,,,,6013775444849,,,,,,1,是
C09990,直属上海松江亚乐城永辉店,浙江公司,上海战区,上海省区,上海一办,关店,专卖店,直营,商超,11630448,2091745213,,6013773482849,600658,1454694624,6969331218638702604,3002564461687251495,,1,是
C09992,直属樟树一店,江西公司,南昌二战区,江西一区,丰新办,正常营业,专卖店,直营,临街店铺,14169319,2139523061.0,,6015252168849,601249.0,,6601135306957654023,3003810034104277122,,1,是
C10004,重庆沙坪坝凤天沃尔玛店,重庆公司,重庆战区,川渝省区,重庆办,关店,专卖店,加盟,商超,,,,,,,,,,1,是
C10005,直属南宁万达茂广场店,广东公司,南宁战区,广西省区,南宁办,关店,专卖店,直营,综合体,,,,,,,,,,1,是
C10006,博实美象公司广南专卖店,广东公司,广州战区,广东省区,广佛办,关店,专柜店,加盟,高势能,,,,,,,,,,1,否
C10009,直属合肥华润万象汇店,浙江公司,苏州战区,安徽办,安徽办,关店,专卖店,直营,综合体,,,,,,,,,,1,是
C10017,河南驻马店淘菜菜电商渠道账户,陕西公司,郑州战区,河南省区,驻马店办,关店,专卖店,加盟,特殊渠道,,,,,,,,,,1,是
C10018,河南郑州淘菜菜电商渠道账户,陕西公司,郑州战区,河南省区,郑州办,关店,渠道店,加盟,特殊渠道,,,,,,,,,,1,是
C10019,山西太原淘菜菜电商渠道账户,陕西公司,西安战区,山西办,山西办,关店,渠道店,加盟,,,,,,,,,,,1,是
C10020,陕西西安淘菜菜电商渠道账户,陕西公司,西安战区,陕西省区,西安办,关店,渠道店,加盟,特殊渠道,,,,,,,,,,1,是
C10023,上饶罗桥菜场店,江西公司,抚州战区,江西二区,上饶办,暂停营业,专卖店,加盟,街铺,,,,6015339219849,,682244567,6601139778358347779,,,1,是
C10024,甘肃兰州新港城店,陕西公司,西安战区,陕西省区,兰州办,关店,专卖店,加盟,街铺,,,,,,,,,,1,是
C10025,陕西西安航空团购电商渠道,陕西公司,西安战区,陕西省区,西安办,关店,渠道店,加盟,,,,,,,,,,,1,是
C10026,湛江徐闻时代广场专卖店,广东公司,广州战区,广东省区,中珠办,关店,专卖店,加盟,综合体,,,,6014224697849,601295,,7071673080774395918,,,1,是
C10027,直属沈阳太原街万达商业街店,陕西公司,沈阳战区,辽吉省区,辽吉直营办,关店,专卖店,直营,综合体,14443687,2140853181,,6015117856849,,1647091352,6873438848999835659,6724909316924783199,,1,否
C10028,山西忻州师范学院店,陕西公司,西安战区,山西办,山西办,关店,专卖店,加盟,特殊渠道,,,,,,,,,,1,否
C10029,桂林理工大学渠道二店,广东公司,南宁战区,广西省区,柳桂办,关店,专卖店,加盟,特殊渠道,,,,6015250520849,,,,,,1,否
C10031,茂名高州中山路专卖店,广东公司,广州战区,广东省区,中珠办,关店,专卖店,加盟,街铺,14135912,1103430293,,6014314903849,,,,,,1,是
C10032,河南上蔡鹏宇国际城店,陕西公司,郑州战区,河南省区,驻马店办,关店,专卖店,加盟,街铺,14306427,2138199908,,6015300169849,,,,,,1,是
C10034,上海甜卿电子商务有限公司渠道,浙江公司,上海战区,上海省区,上海一办,关店,渠道店,加盟,特殊渠道,,,,,,,,,,1,是
C10035,昭通巧家天力购物商场店,重庆公司,贵阳战区,云贵省区,昆明办,关店,专卖店,加盟,商超,14406296,506270021,,6015021913849,,,7087023792161032203,3002695029996069554,,1,是
C10037,河南省区专属渠道账号,陕西公司,郑州战区,河南省区,郑州办,关店,专卖店,加盟,特殊渠道,,,,,,,,,,1,是
C10038,直属潍坊诸城佳乐家二店,浙江公司,青岛战区,山东省区,直属办,关店,专卖店,直营,综合体,14355665,2136960631,,6015070912849,,,,,,1,是
C10039,直属遵义深圳路店,重庆公司,贵阳战区,云贵省区,遵义办,关店,专卖店,直营,街铺,14421730,1123291809,,6015166721849,,1915126120,7147340155068614689,3003401786501964411,,1,是
C10040,贵阳贵安新区专柜店,重庆公司,贵阳战区,云贵省区,贵阳办,关店,专卖店,加盟,街铺,,,,,,,,,,1,是
C10041,长春欧亚长新购物中心店,陕西公司,沈阳战区,辽吉省区,长春办,关店,专卖店,加盟,综合体,15081777,1108605690,,6015115567849,,563217380,7119712787605964834,3003054086844850782,,1,是
C10042,山西太原机场2店,陕西公司,西安战区,山西办,山西办,关店,专卖店,加盟,高势能,,,,,,,,,,1,是
C10043,山西太原机场1店,陕西公司,西安战区,山西办,山西办,正常营业,专卖店,加盟,高势能,,,,,,,,,,1,否
C10044,长沙星沙吾悦广场店,江西公司,长沙战区,湖南省区,长沙办,关店,专卖店,加盟,商超,14202930,2137017599,,6015165730849,601256,193477570,6709246407200475149,3002802741698503144,,1,是
C10046,合肥永辉天鹅湖渠道店,浙江公司,苏州战区,安徽办,安徽办,关店,渠道店,加盟,特殊渠道,,,,,,,,,,1,是
C10047,合肥永辉祁门路渠道店,浙江公司,苏州战区,安徽办,安徽办,关店,渠道店,加盟,特殊渠道,,,,,,,,,,1,是
C10048,西安市长安大学城电商渠道,陕西公司,西安战区,陕西省区,西安办,关店,渠道店,加盟,特殊渠道,,,,,,,,,,1,是
C10049,西安超市系统电商渠道,陕西公司,西安战区,陕西省区,西安办,关店,渠道店,加盟,,,,,,,,,,,1,是
C10050,哈尔滨哈西时令鲜生店,陕西公司,沈阳战区,辽吉省区,哈尔滨办,关店,专卖店,加盟,综合体,1101943951,1101943951,,6015117858849,,,,,,1,是
C10051,三亚博后店,广东公司,海口战区,海南办,海南办,正常营业,专卖店,加盟,街铺,16642805,1135382036,,6016874683849,,,7548342093153601577,,,1,否
C10058,丰城樟树邹家山菜场店,江西公司,南昌二战区,江西一区,丰新办,正常营业,专卖店,加盟,街铺,14718406,1101822076,17727228.0,6015165822849,601315,1609386113,7099809550575863812,3002823616255693870,,1,是
C10060,广州白云永平专卖店,广东公司,广州战区,广东省区,广佛办,关店,专卖店,加盟,街铺,14864388,1105400153.0,,6015252958849,,,6807269396671744008,3002899609605842141,,1,是
C10061,赣州高铁专柜2店,江西公司,赣州战区,江西一区,赣州办,关店,专柜店,加盟,高势能,,,,,,,,,,1,是
C10062,广西靖西财富广场店,广东公司,南宁战区,广西省区,南宁办,关店,专卖店,加盟,街铺,,,,,,,,,,1,是
C10063,山西长治金威超市电商渠道店,陕西公司,西安战区,山西办,山西办,关店,渠道店,加盟,,,,,,,,,,,1,是
C10064,天津恒盛隆商贸有限公司,陕西公司,北京战区,京津冀省区,天津办,关店,渠道店,加盟,特殊渠道,,,,,,,,,,1,是
C10065,直属地铁万科嗨鸭店,江西公司,南昌一战区,江西一区,南昌一办,关店,专卖店,直营,商超,,,,,,,,,,1,是
C10066,东莞企石润升百货店,广东公司,东莞战区,广东省区,东莞办,正常营业,专卖店,加盟,街铺,14215451,1128299982,14876901.0,6015251513849,,1537920058,6651803034139576331,3003089730817663389,2025111911077000000113753129|xiniu_xgc_bgc,1,是
C10067,九江共青大泽泰时代广场店,江西公司,九江战区,江西二区,九江办,关店,专卖店,加盟,综合体,14309192,2137028420.0,,6015166798849,601259.0,1862742280.0,7132341595331889160,3002804485011182747,,1,是
C10068,九江德安时代凌飞店,江西公司,九江战区,江西二区,九江办,正常营业,专卖店,加盟,街铺,14309103,506154832,,6015165415849,601260,1435097711,7083282178615805983,3002799327436645073,2025112011077000000113673767|xiniu_xgc_bgc,1,是
C10069,金域华润店,江西公司,南昌一战区,江西二区,南昌四办,正常营业,专卖店,加盟,街铺,14481875,524635612,16170850.0,6015119054849,601265,779252786,7091586286192068644,3002882484015867197,2025112011077000000113736686|xiniu_xgc_bgc,1,是
C10070,福州茶亭店,江西公司,福州战区,福建省区,福州办,关店,专卖店,加盟,街铺,20266080,501711427,,6014412865849,164899,6537237,6601203037337815044,6724909473345033092,,1,是
C10072,秦皇岛高铁站店,陕西公司,北京战区,京津冀省区,天津办,关店,专卖店,加盟,高势能,,,,,,,,,,1,是
C10074,直属柳州五星街美食广场店,广东公司,南宁战区,广西省区,柳桂办,正常营业,专卖店,直营,街铺,8719943,2034992986,17633470.0,6015240294849,,180644423,6865185599276566539,3003357309868745164,2026031611077000000115308507|xiniu_xgc_bgc,1,是
C10075,直属杭州凤起商业街店,浙江公司,杭州战区,浙江省区,杭州办,关店,专卖店,直营,交通枢纽,10518287,2066971244.0,,6013954950849,600553.0,610234416.0,6994698228096567309,3002908126263808419,,1,是
C10077,东莞虎门大宁宁馨路专卖店,广东公司,东莞战区,广东省区,东莞办,关店,专卖店,加盟,街铺,14433861,506261053,,6015251421849,,1771105487,6870808887214229504,3002445871083655391,,1,是
C10078,直属桂林文化宫店,广东公司,南宁战区,广西省区,柳桂办,关店,专卖店,直营,街铺,,,,,,,,,,1,是
C10079,昆明盒马鲜生专线,重庆公司,贵阳战区,云贵省区,昆明办,关店,渠道店,加盟,特殊渠道,,,,,,,,,,1,是
C10080,广州南站博实美象公司2店,广东公司,广州战区,广东省区,广佛办,关店,专卖店,加盟,高势能,,,,,,,,,,1,否
C10082,直属天津屿东城地铁站店,陕西公司,北京战区,京津冀省区,天津办,关店,专卖店,直营,交通枢纽,14482906,2140854740,,cover_C10082_6015120063849,,,,,,1,是
C10083,锦州南站店,陕西公司,沈阳战区,辽吉省区,辽吉外阜办,关店,专卖店,加盟,高势能,,,,,,,,,,1,否
C10084,煌上煌嗨鸭（叠山路专卖店）,江西公司,嗨鸭项目组,江西二区,南昌三办,关店,专卖店,加盟,街铺,,,,,,,,,,1,是
C10085,煌上煌嗨鸭（江大天虹专卖店）,江西公司,嗨鸭项目组,江西一区,南昌二办,关店,专柜店,加盟,综合体,,,,,,,,,,1,是
C10086,成都市亿鑫三和企业管理有限公司（潮汕高铁站）,广东公司,东莞战区,广东省区,惠汕办,正常营业,专卖店,加盟,高势能,,,,,,,,,,1,否
C10087,九江德安联盛快乐城广场店,江西公司,九江战区,江西二区,九江办,关店,专卖店,加盟,综合体,15462308,1101824846.0,,6015675731849,,,7098991400829585445,3003228155284918637,,1,是
C10088,华宇尚城店,江西公司,南昌一战区,江西二区,南昌四办,正常营业,专卖店,加盟,街铺,14471508,1101847094,14270473.0,6015115372849,601264,786994308,7088328371234408486,3003061628845663071,,1,是
C10089,青海西宁社区电商渠道,陕西公司,西安战区,陕西省区,兰州办,关店,渠道店,加盟,,,,,,,,,,,1,是
C10090,广州一里商贸有限公司广州南站3店,广东公司,广州战区,广东省区,广佛办,关店,专柜店,加盟,高势能,,,,,,,,,,1,否
C10091,衡阳祁东永昌大道店,江西公司,长沙战区,湖南省区,衡邵办,关店,专卖店,加盟,街铺,14455613,2141216443,,6015166390849,601308,,7092763460852779008,3003023366338418384,,1,是
C10092,直属长沙梅溪湖步步高店,江西公司,长沙战区,湖南省区,长沙办,关店,专卖店,直营,商超,14640167,1101944125,,6015118150849,601274,,7095560195790932007,,,1,是
C10093,广州一里商贸有限公司广州南站2店,广东公司,广州战区,广东省区,广佛办,关店,专柜店,加盟,高势能,,,,,,,,,,1,是
C10094,广州一里商贸有限公司广州南站店,广东公司,广州战区,广东省区,广佛办,关店,专卖店,加盟,高势能,,,,,,,,,,1,是
C10095,江苏常州机电学院店,浙江公司,苏州战区,江苏省区,苏州办,关店,渠道店,加盟,特殊渠道,,,,,,,,,,1,是
C10096,吉安天虹店,江西公司,赣州战区,江西一区,吉安办,正常营业,专卖店,加盟,综合体,31408612,540680118,22590875.0,6015167633849,,800837689,7152069473946732551,3003232211363931310,2025112011077000000113749269|xiniu_xgc_bgc,1,是
C10097,西安社区便利电商渠道,陕西公司,西安战区,陕西省区,兰州办,关店,渠道店,加盟,,,,,,,,,,,1,是
C10098,直属株洲王府井店,江西公司,长沙战区,湖南省区,株洲办,关店,专卖店,直营,街铺,,,,,,,,,,1,是
C10099,合肥永辉世纪金源滨湖专柜店,浙江公司,苏州战区,安徽办,安徽办,关店,渠道店,加盟,特殊渠道,,,,,,,,,,1,是
C10100,福州福清动车站专卖店,江西公司,福州战区,福建省区,福州办,关店,专卖店,加盟,高势能,,,,,,,,,,1,是
C10101,宁德火车站店,江西公司,福州战区,福建省区,闽北办,暂停营业,经销,加盟,高势能,,,,,,,,,,1,是
C10102,西双版纳允景洪小学店,重庆公司,贵阳战区,云贵省区,昆明办,关店,专卖店,加盟,街铺,14507846,506490985,,6015024507849,,,,,,1,是
C10106,合肥师范学院专柜,浙江公司,苏州战区,安徽办,安徽办,关店,渠道店,加盟,特殊渠道,,,,,,,,,,1,否
C10107,河南郑州乐尚天地店,陕西公司,郑州战区,河南省区,郑州办,关店,专卖店,加盟,综合体,14513418,506343002.0,,6015539588849,601268.0,,6601240688052946952,,,1,是
C10108,大连壹加壹渠道店,陕西公司,沈阳战区,辽吉省区,大连办,关店,渠道店,加盟,特殊渠道,,,,,,,,,,1,是
C10109,直属海口海甸城专卖店,广东公司,海口战区,海南办,海南办,关店,专卖店,直营,街铺,14566765,1100835718,,6015165442849,601286,1737214582,7103725105433970692,,,1,是
C10110,烟台莱山万象汇二店,浙江公司,青岛战区,山东省区,青岛办,关店,专卖店,加盟,综合体,,,,,,,,,,1,是
C10111,浙江十足宁波仓,浙江公司,杭州战区,浙江省区,杭州办,关店,渠道店,加盟,,,,,,,,,,,1,是
C10112,浙江十足杭州仓,浙江公司,杭州战区,浙江省区,杭州办,关店,渠道店,加盟,,,,,,,,,,,1,是
C10113,浙江十足台州仓,浙江公司,杭州战区,浙江省区,杭州办,关店,渠道店,加盟,,,,,,,,,,,1,是
C10114,浙江十足苏州仓,浙江公司,苏州战区,浙江省区,杭州办,关店,渠道店,加盟,,,,,,,,,,,1,是
C10115,浙江十足温州仓,浙江公司,杭州战区,浙江省区,杭州办,关店,渠道店,加盟,,,,,,,,,,,1,是
C10116,北京建国路沃尔玛店,陕西公司,北京战区,京津冀省区,北京办,关店,专卖店,加盟,商超,14353504,506199588,,6015115087849,601410,,7152029298051549217,,,1,是
C10117,淘菜菜徐州仓,浙江公司,苏州战区,江苏省区,苏州办,关店,渠道店,加盟,特殊渠道,,,,,,,,,,1,是
C10119,海南海花岛欧堡专卖店,广东公司,海口战区,海南办,海南办,关店,专卖店,加盟,交通枢纽,21784444,518685486,,,,,,,,1,否
C10121,重庆嘉茂永辉专柜店,重庆公司,重庆战区,川渝省区,重庆办,关店,渠道店,加盟,商超,,,,,,,,,,1,是
C10122,淘菜菜东莞仓,广东公司,东莞战区,广东省区,东莞办,关店,专卖店,加盟,特殊渠道,,,,,,,,,,1,是
C10123,济南市历城华信银座店,浙江公司,青岛战区,山东省区,济南办,关店,专卖店,加盟,商超,15382572,1112456088,,6015511926849,,1825832385,7141282411781834786,3002398662301920745,,1,是
C10124,济南高新银座,浙江公司,青岛战区,山东省区,济南办,关店,专卖店,加盟,商超,15382498,1112436366,,6015513622849,,1405231595,7119454353416685604,3003111447924810969,,1,是
C10127,直属温州新南站专卖店,浙江公司,杭州战区,福建省区,直营组,关店,专卖店,直营,交通枢纽,4653680,162850853,,6015057795849,265614,cover_C10127_169036902,,,,1,是
C10128,直属大连辛吉街新隆嘉店,陕西公司,沈阳战区,辽吉省区,大连办,关店,专卖店,直营,街铺,14644174,1101864027,,6015115785849,601273,1987023866,7120465632894093352,3003631332325469954,,1,是
C10129,直属北京南三环木樨园店,陕西公司,北京战区,京津冀省区,北京办,关店,专卖店,直营,街铺,14520164,506355878,,6015120068849,,1487117908,7091585114408388616,3002914408701242718,,1,是
C10130,金华陆村小区店,浙江公司,杭州战区,浙江省区,金衢办,关店,专柜店,加盟,街铺,14446131,506240729,,6015114365849,601263,920327619,7086112283964737551,,,1,是
C10131,潍坊高密全福元凤凰店,浙江公司,青岛战区,山东省区,青岛办,关店,专卖店,加盟,商超,15216534,507611934,,6015511524849,,,7141281980129216545,,,1,是
C10132,南京办地推账号,浙江公司,苏州战区,江苏省区,南京办,关店,渠道店,直营,特殊渠道,,,,,,,,,,1,是
C10133,苏州办地推账号,浙江公司,苏州战区,江苏省区,苏州办,关店,渠道店,直营,特殊渠道,,,,,,,,,,1,是
C10134,宁德德润店,江西公司,福州战区,福建省区,闽北办,关店,专卖店,加盟,综合体,14796648,1103481532,,6015205294849,,643605312,,,,1,是
C10135,福州罗源闽星专卖店,江西公司,福州战区,福建省区,福州办,关店,专卖店,加盟,街铺,14549584,1100482745,,6015095353849,601294,1866941893,7090826622659463179,3002752101992246660,,1,是
C10136,直属叠山路嗨鸭店,江西公司,南昌一战区,江西二区,南昌三办,关店,专卖店,直营,街铺,cover_C10136_9523751,cover_C10136_500652596,,6015258209849,601269,1148165058.0,,,,1,是
C10137,直属江大天虹嗨鸭店,江西公司,南昌一战区,江西一区,南昌二办,关店,专卖店,直营,商超,cover_C10137_5473916,cover_C10137_2057156028,,6015257915849,601289,,6601177491107219464,,,1,是
C10162,宜春润达店,江西公司,宜春战区,江西二区,宜春办,关店,专卖店,加盟,综合体,15315390,506546603,,6015166022849,601298,,7003920839549421599,3001907574602601450,,1,是
C10164,宁德运生一店,江西公司,福州战区,福建省区,闽北办,关店,专卖店,加盟,商超,,,,,,,,,,1,是
C10165,广州淇晨祥餐饮广南专卖店,广东公司,广州战区,广东省区,广佛办,关店,专柜店,加盟,高势能,,,,,,,,,,1,否
C10168,福州仓山步行街专卖店,江西公司,福州战区,福建省区,福州办,关店,专卖店,加盟,街铺,,,,cover_C10168_6015071110849,601293,,7088949479902021646,3002760104208667649,,1,是
C10169,鹰抚抚州上顿渡广场东路店,江西公司,抚州战区,江西一区,鹰抚办,正常营业,专卖店,加盟,街铺,14743219,1101954814,16638034.0,6015167237849,,1998397481,6601153219701770243,3002799945186087961,2025112011077000000113743647|xiniu_xgc_bgc,1,是
C10170,吉安井冈山农贸市场店,江西公司,赣州战区,江西一区,吉安办,正常营业,专卖店,加盟,街铺,14720821,,,6015167839849,,928052609,6873865474816460813,3002802749324337978,2025112011077000000113619784|xiniu_xgc_bgc,1,是
C10171,湖北黄梅武穴永宁大道店,江西公司,九江战区,湖北办,湖北办,关店,专卖店,加盟,街铺,14790156,506361816,,6015092061849,,,,,,1,是
C10172,宝安松岗松明大道店,广东公司,深圳战区,广东省区,宝安办,正常营业,专卖店,加盟,街铺,15022640,,,6015251350849,,1792953590,6892227478987737101,3002966944159601071,,1,是
C10173,直属北京山水文园永辉店,陕西公司,北京战区,京津冀省区,北京办,关店,专卖店,直营,商超,,,,6015266796849,,,,,,1,是
C10174,青岛李沧利客来店,浙江公司,青岛战区,山东省区,青岛办,关店,专柜店,加盟,商超,,,,6015061280849,,,,,,1,是
C10175,烟台蓬莱北关路利群商厦店,浙江公司,青岛战区,山东省区,青岛办,关店,专柜店,加盟,商超,10710873,2043061269,,6015070204849,,,6896594466522531852,6724909341466635949,,1,是
C10176,浙江十足南京仓,浙江公司,苏州战区,浙江省区,杭州办,关店,渠道店,加盟,,,,,,,,,,,1,是
C10177,赣州金坪西路店,江西公司,赣州战区,江西一区,赣州办,正常营业,专卖店,加盟,街铺,14718701,1101769600,16638163.0,6015165449849,601300,1293745254,7099451723801970696,3002782371649463248,2025112011077000000113761180|xiniu_xgc_bgc,1,是
C10178,东莞常平万佳华专卖店,广东公司,东莞战区,广东省区,东莞办,关店,专柜店,加盟,街铺,,,,6015253008849,,,7103725162431776801,,,1,是
C10179,直属青岛重庆南路利群店,浙江公司,青岛战区,山东省区,直属办,关店,专卖店,直营,商超,cover_C10179_14911833,cover_C10179_506609333,,6015165125849,601309,,6859690635285334031,,,1,是
C10180,珠海斗门井岸步行街专卖店,广东公司,广州战区,广东省区,中珠办,关店,专卖店,加盟,街铺,14669245,1101849024,,6015252111849,601290,1353717321,6927389618211915776,3002856824869104963,,1,是
C10181,湖北黄梅梅川专卖店,江西公司,九江战区,湖北办,湖北办,关店,专卖店,加盟,街铺,15309216,1109724281,,6015092164849,,,7153857796402841634,,,1,是
C10182,鹰抚东乡赣东商贸城店,江西公司,抚州战区,江西一区,鹰抚办,正常营业,专卖店,加盟,街铺,14719308,1101876950,16389398.0,6015167049849,,1459550062,7154719124126435358,3003728232232067972,2025111911077000000113661665|xiniu_xgc_bgc,1,是
C10183,吉安青原国光店,江西公司,赣州战区,江西一区,吉安办,正常营业,专卖店,加盟,商超,14724712,1105412710,16190050.0,6015165832849,,1842187253,7110028682596452389,3003909738457441016,2025112011077000000113630801|xiniu_xgc_bgc,1,是
C10197,贵阳花溪航天园专柜店,重庆公司,贵阳战区,云贵省区,贵阳办,关店,专卖店,加盟,特殊渠道,,,,,,,,,,1,是
C10198,温州菜蔬生连锁超市总仓,浙江公司,杭州战区,福建省区,浙南办,关店,渠道店,加盟,,,,,,,,,,,1,是
C10199,广州南岗万达康富路专卖店,广东公司,广州战区,广东省区,广佛办,关店,专卖店,加盟,综合体,17672503,1100830576,,6015250558849,,975283375,7024043648488589320,3001752713408156570,,1,是
C10200,天等天新街店,广东公司,南宁战区,广西省区,南宁办,关店,专卖店,加盟,街铺,,,,6016772497849,,1028302634,7162862691541846053,,,1,否
C10201,中山火炬科技东路专卖店,广东公司,广州战区,广东省区,中珠办,关店,专卖店,加盟,街铺,,,,,,,,,,1,是
C10202,上饶洋口店,江西公司,抚州战区,江西二区,上饶办,关店,专卖店,加盟,街铺,15165440,2140991591,,6015166014849,,,7090493515725342760,,,1,是
C10203,直属苏浦路沁庐酒吧街店,其他,青岛战区,其他,直属办,正常营业,,直营,,,,,,,,,,,1,是
C10209,杭州盒马邻里店,浙江公司,杭州战区,浙江省区,杭州办,关店,渠道店,加盟,,,,,,,,,,,1,是
C10214,沈阳金斗云渠道店,陕西公司,沈阳战区,辽吉省区,沈阳办,关店,渠道店,加盟,,,,,,,,,,,1,是
C10215,天津宁河商业道店,陕西公司,北京战区,京津冀省区,天津办,关店,专卖店,加盟,街铺,14858814,1101773246,,6015119762849,,,,,,1,是
C10216,河南郑州东站渠道1店,陕西公司,郑州战区,河南省区,郑州办,关店,渠道店,加盟,高势能,,,,,,,,,,1,是
C10217,宜春一百商贸公司,江西公司,宜春战区,江西二区,宜春办,关店,渠道店,加盟,,,,,,,,,,,1,是
C10218,南昌新建区旭辉华润,江西公司,南昌一战区,江西一区,南昌一办,正常营业,专卖店,加盟,商超,14765362,506590916,14264567.0,6015278280849,601311,506176661,7102249991703365647,3002883920386597378,2025111911077000000113761088|xiniu_xgc_bgc,1,是
C10219,长沙岳麓区华溪路店,江西公司,长沙战区,湖南省区,长沙办,关店,专卖店,加盟,街铺,,,,6015166104849,601307,,,,,1,是
C10220,九江中航城店,江西公司,九江战区,江西二区,九江办,关店,专卖店,加盟,街铺,14789645,506620473,,6015167643849,,,7108285109102610462,3003050135677447673,,1,是
C10221,泉州社区团购,江西公司,厦门战区,福建省区,闽南办,关店,专柜店,加盟,特殊渠道,,,,,,,,,,1,是
C10223,温州乐清汇丰路店,浙江公司,杭州战区,福建省区,浙南办,关店,专卖店,加盟,街铺,,,,6015201094849,,,7101284450801027105,3002801329398288491,,1,是
C10225,直属河南郑州正弘汇店,陕西公司,郑州战区,河南省区,郑州办,关店,专卖店,直营,综合体,cover_C10225_16572309,1127545077,,,,,,,,1,是
C10226,沈阳合作街地铁站店,陕西公司,沈阳战区,辽吉省区,沈阳办,关店,专卖店,加盟,交通枢纽,,,,,,,,,,1,是
C10227,直属厦门集美锦园专卖店,江西公司,厦门战区,福建省区,直营组,关店,专卖店,直营,街铺,14735426,cover_C10227_1103450430,,cover_C10227_6015117954849,,,cover_C10227_7119590838803531787,,,1,是
C10228,直属沈阳抖音渠道合作店,陕西公司,沈阳战区,辽吉省区,辽吉直营办,关店,渠道店,直营,,,,,,,,,,,1,是
C10229,北京四元桥家乐福,陕西公司,北京战区,京津冀省区,北京办,正常营业,专卖店,加盟,商超,15032706,1108576136,14394345.0,6015295029849,601411,1976002186,7154951818026420257,3003065841312211785,2025112011077000000113682909|xiniu_xgc_bgc,1,是
C10230,江苏南京江宁欧尚超市店,浙江公司,苏州战区,江苏省区,南京办,关店,专卖店,加盟,商超,,,,,,,,,,1,是
C10231,江苏南京雨花吾悦广场店,浙江公司,苏州战区,江苏省区,南京办,关店,专卖店,加盟,综合体,11666668,502287489,,6013969676849,,1723610222,6970436114301585423,3002085513795867443,,1,是
C10232,赣州三百山路店,江西公司,赣州战区,江西一区,赣州办,关店,专卖店,加盟,街铺,14765415,506600755,,6015165714849,601301,,7094657163468998663,,,1,是
C10234,北京盒马鲜生店,陕西公司,北京战区,京津冀省区,北京办,关店,渠道店,加盟,特殊渠道,,,,,,,,,,1,是
C10235,上海高直信息技术有限公司,浙江公司,上海战区,上海省区,上海一办,关店,渠道店,加盟,,,,,,,,,,,1,是
C10236,宁德运生二店,江西公司,福州战区,福建省区,闽北办,关店,专卖店,加盟,特殊渠道,,,,,,,,,,1,是
C10237,宁德运生三店,江西公司,福州战区,福建省区,闽北办,关店,专卖店,加盟,特殊渠道,,,,,,,,,,1,是
C10238,温州泰顺泰分路店,浙江公司,杭州战区,福建省区,浙南办,关店,专卖店,加盟,街铺,1101923941,1101923941,,6015201683849,,,,,,1,是
C10239,直属潍坊高密中百佳乐家一店,浙江公司,青岛战区,山东省区,直属办,关店,专卖店,直营,商超,14703328,506615558,,6015166339849,,,7092332564580403230,3002767831286457193,,1,是
C10240,新乡长垣银河新天地店,陕西公司,郑州战区,河南省区,河南外阜办,关店,专卖店,加盟,综合体,14778882,,,6015300554849,,,7140913648796436521,,,1,是
C10241,惠州元山服务区西专卖店,广东公司,东莞战区,广东省区,惠汕办,关店,专卖店,加盟,交通枢纽,,,,,,,,,,1,是
C10242,惠州元山服务区东店,广东公司,东莞战区,广东省区,惠汕办,正常营业,专卖店,加盟,交通枢纽,,,,,,,,,,1,否
C10243,东莞长安万科店,广东公司,东莞战区,广东省区,东莞办,正常营业,专卖店,加盟,综合体,14657749,1101934872,15967925.0,6015252710849,,1947123160,6601186189321963528,3002804198911873589,2025111911077000000113697599|xiniu_xgc_bgc,1,是
C10244,直属上海社区团购,浙江公司,上海战区,上海省区,上海一办,关店,渠道店,直营,,,,,,,,,,,1,是
C10246,河南郑州美团优选（电商）渠道,陕西公司,郑州战区,河南省区,郑州办,关店,渠道店,加盟,特殊渠道,,,,,,,,,,1,是
C10247,直属咸阳人民商场店,陕西公司,西安战区,陕西省区,陕西外阜办,关店,专卖店,直营,街铺,14784145,1100888103,,6015300744849,,,7092297294501906473,,,1,是
C10248,上海大山合菇粮生物科技有限公司,浙江公司,上海战区,上海省区,上海一办,关店,渠道店,加盟,,,,,,,,,,,1,是
C10249,直属西安交大常春藤花园店,陕西公司,西安战区,陕西省区,西安办,关店,专卖店,直营,街铺,14811186,1101922295,,6015337287849,,963675530,7094137924278716454,,,1,是
C10250,直属西安天朗翰苑店,陕西公司,西安战区,陕西省区,西安办,关店,专卖店,直营,街铺,14674721,506465674,16018678.0,6015167843849,,1842889282,7095323927019030542,,,1,是
C10254,柳州城中万达金街店,广东公司,南宁战区,广西省区,柳桂办,关店,专柜店,加盟,综合体,15127513,507307477,,6015345934849,601402,1851823465.0,6601242684919121928,,,1,是
C10255,上海冠彦实业有限公司,浙江公司,上海战区,上海省区,上海一办,关店,渠道店,加盟,,,,,,,,,,,1,是
C10256,重庆奥园永辉电商店,重庆公司,重庆战区,川渝省区,重庆办,关店,渠道店,加盟,特殊渠道,,,,,,,,,,1,是
C10257,福建淘菜菜,江西公司,福州战区,福建省区,福州办,关店,渠道店,加盟,特殊渠道,,,,,,,,,,1,是
C10258,九江沙河庐山站店,江西公司,九江战区,江西二区,九江办,正常营业,专卖店,加盟,高势能,,,,,,,,,,1,否
C10259,重庆茶园金科永辉电商店,重庆公司,重庆战区,川渝省区,重庆办,关店,渠道店,加盟,特殊渠道,,,,,,,,,,1,是
C10260,重庆龙湖大学城永辉电商店,重庆公司,重庆战区,川渝省区,重庆办,关店,渠道店,加盟,特殊渠道,,,,,,,,,,1,是
C10261,重庆春华秋实永辉电商店,重庆公司,重庆战区,川渝省区,重庆办,关店,渠道店,加盟,特殊渠道,,,,,,,,,,1,是
C10262,重庆陈家桥永辉电商店,重庆公司,重庆战区,川渝省区,重庆办,关店,渠道店,加盟,特殊渠道,,,,,,,,,,1,是
C10263,沈阳新隆嘉华园东路店,陕西公司,沈阳战区,辽吉省区,沈阳办,关店,专卖店,加盟,商超,14962564,1105283610,,6015117852849,,,,3003136622646923730,,1,是
C10265,泉州石狮便利店渠道,江西公司,厦门战区,福建省区,闽南办,关店,专柜店,加盟,特殊渠道,,,,,,,,,,1,是
C10266,深圳美团优选科技有限公司（深圳仓）,广东公司,深圳战区,广东省区,龙岗办,关店,渠道店,加盟,特殊渠道,,,,,,,,,,1,是
C10267,深圳美团优选科技有限公司（汕头仓）,广东公司,东莞战区,广东省区,惠汕办,关店,渠道店,加盟,特殊渠道,,,,,,,,,,1,否
C10268,深圳美团优选科技有限公司（广州仓）,广东公司,深圳战区,广东省区,龙岗办,关店,渠道店,加盟,特殊渠道,,,,,,,,,,1,否
C10269,叮咚买菜苏州仓,浙江公司,苏州战区,江苏省区,南京办,关店,渠道店,加盟,特殊渠道,,,,,,,,,,1,是
C10270,东莞长安厦边华大专卖店,广东公司,东莞战区,广东省区,东莞办,关店,专卖店,加盟,商超,15083763,513748513,16189106.0,6015241312849,,1729687883,7136848420157556770,3003167887815058422,2025111911077000000113668649|xiniu_xgc_bgc,1,是
C10271,直属辽宁公司快手电商渠道店,陕西公司,北京战区,京津冀省区,北京办,关店,渠道店,直营,,,,,,,,,,,1,是
C10275,北京马连道店,陕西公司,北京战区,京津冀省区,北京办,关店,渠道店,加盟,特殊渠道,,,,,,,,,,1,是
C10276,珠海晨曦餐饮公司珠海北岭店,广东公司,广州战区,广东省区,中珠办,关店,专卖店,加盟,特殊渠道,,,,,,,,,,1,是
C10277,王府井店,江西公司,南昌一战区,江西二区,南昌三办,正常营业,专卖店,加盟,商超,28933019,530490685,,6016490398849,601278,1533408389,7289271625290090537,3003641111731050600,2025111911077000000113701652|xiniu_xgc_bgc,1,是
C10278,老福山,江西公司,南昌一战区,江西二区,南昌三办,关店,专卖店,加盟,街铺,,,,,601279,162197872,6601161625384781827,3002718238682751523,,1,是
C10279,省府大院店,江西公司,南昌一战区,江西二区,南昌三办,关店,专卖店,加盟,街铺,,,,6015250691849,601272,975853217,7034373085855762469,6724909544064872287,,1,是
C10280,十字街,江西公司,南昌一战区,江西二区,南昌三办,关店,专卖店,加盟,街铺,,,,6017122347849,601280,29647,6601138636803016718,6724909316886853467,,1,是
C10281,坛子口,江西公司,南昌一战区,江西二区,南昌三办,正常营业,专卖店,加盟,街铺,,,,6017122761849,601281,50832158,6601165834377234436,6724909544098170895,,1,是
C10282,公园路,江西公司,南昌一战区,江西二区,南昌三办,正常营业,专卖店,加盟,街铺,27798160,528890340,16189118.0,6015251315849,601271,29634,6601189564931377156,6724909462666864052,2025112011077000000113617841|xiniu_xgc_bgc,1,是
C10283,澄湖店,江西公司,南昌一战区,江西二区,南昌三办,正常营业,专卖店,加盟,街铺,24036060,2075438292,14657069.0,6015251610849,601275,1621947369,6711514130202904587,6724909544063272510,2026030911077000000115100945|xiniu_xgc_bgc,1,是
C10284,龚村店,江西公司,南昌一战区,江西二区,南昌三办,正常营业,专卖店,加盟,街铺,24036493,170294546,14657280.0,6015252993849,601276,1386090356,6865866715142604803,6724909544065198696,,1,是
C10285,小兰店,江西公司,南昌一战区,江西二区,南昌三办,正常营业,专卖店,加盟,街铺,15834728,518282907,14657223.0,6015252994849,601277,29670,6601156462259472391,3002718238596408225,2026030411077000000115225704|xiniu_xgc_bgc,1,是
C10286,宝安沙井上南大街专卖店,广东公司,深圳战区,广东省区,宝安办,关店,专卖店,加盟,街铺,,,,,,,,,,1,是
C10287,漳州龙海厦大专卖店,江西公司,厦门战区,福建省区,闽南办,关店,专卖店,加盟,街铺,14871799,1105297555,,6015202299849,,,,,,1,是
C10288,直属九江江洲店,江西公司,九江战区,江西二区,九江办,关店,专卖店,直营,街铺,,,,,,,,,,1,是
C10290,义乌新城吾悦永辉超市店,浙江公司,杭州战区,浙江省区,金衢办,关店,渠道店,加盟,商超,,,,,,,,,,1,是
C10291,宁德太姥山专卖店,江西公司,福州战区,福建省区,闽北办,关店,专卖店,加盟,街铺,15628714,506550513,,,,,,,,1,是
C10292,陕西商洛山阳福瑞万家店,陕西公司,西安战区,陕西省区,陕西外阜办,关店,专卖店,加盟,街铺,15064794,,,6015300347849,,,7111525018680461319,,,1,是
C10293,直属西二环华润万家店,陕西公司,西安战区,陕西省区,西安办,关店,专卖店,直营,商超,9675385,500885250,,6013998308849,cover_C10293_331719,cover_C10293_1135208524,cover_C10293_6699505068535842828,,,1,是
C10294,直属南郊人人乐店,陕西公司,西安战区,陕西省区,西安办,关店,专卖店,直营,商超,11620063,502174751,,6013998411849,600685,966288768,,,,1,是
C10295,安徽青阳店,浙江公司,苏州战区,安徽办,安徽办,关店,专卖店,加盟,街铺,14886063,1105558229,,,,,,,,1,是
C10297,宾阳财政路店,广东公司,南宁战区,广西省区,南宁办,关店,专卖店,加盟,街铺,15202670,1112433016,,6015428993849,601401,,7122069901455411230,,,1,是
C10298,龙岗平湖上木古专卖店,广东公司,深圳战区,广东省区,龙岗办,关店,专卖店,加盟,街铺,14959378,506609881,16130812.0,6015250614849,601310,159843131,6601255777640384526,3002857361607467552,,1,是
C10299,江西旅游商贸职业学院专柜,江西公司,南昌一战区,江西一区,南昌一办,关店,专卖店,加盟,特殊渠道,,,,,,,,,,1,是
C10300,温州龙霞路专卖店,浙江公司,杭州战区,福建省区,浙南办,关店,专卖店,加盟,街铺,1103510051,1103510051,,6015205892849,,,7100131421494183943,,,1,是
C10301,惠州乌石店,广东公司,东莞战区,广东省区,惠汕办,正常营业,专卖店,加盟,街铺,15212380,1110772988,15905507.0,6015252913849,,1405538150,7370925518629111808,3002905110997668097,2026031711077000000115247696|xiniu_xgc_bgc,1,是
C10302,青岛胶州龙湖天街家家悦店,浙江公司,青岛战区,山东省区,青岛办,暂停营业,专卖店,加盟,商超,15701688,1119789516,16389605.0,6015511928849,,1732824189,7142789117279995939,3002811558818324773,,1,是
C10303,柳州基隆店,广东公司,南宁战区,广西省区,柳桂办,关店,专卖店,加盟,街铺,15127514,1108751161,,6015240195849,,,,,,1,是
C10304,重庆美团优选电商店,重庆公司,重庆战区,川渝省区,重庆办,关店,渠道店,加盟,特殊渠道,,,,,,,,,,1,是
C10305,昌东谢佛路店,江西公司,南昌一战区,江西一区,南昌二办,正常营业,专卖店,加盟,街铺,,,,,,1645637732,7102250225293363207,3003874947473547316,2025112011077000000113712853|xiniu_xgc_bgc,1,是
C10306,昌东钱岗店,江西公司,南昌一战区,江西一区,南昌二办,正常营业,专卖店,加盟,街铺,,,,,601375,1832922024,7115438976395282467,3003042656345661811,2025112011077000000113729811|xiniu_xgc_bgc,1,是
C10307,直属天津奥城商业广场店,陕西公司,北京战区,京津冀省区,天津办,关店,专卖店,直营,综合体,15042095,1108510982,,6015345632849,,,7112276205638715423,3003598062082630333,,1,是
C10309,厦门东孚服务区专柜,江西公司,厦门战区,福建省区,闽南办,关店,专卖店,加盟,交通枢纽,,,,,,,,,,1,是
C10310,叮咚买菜苏州青花仓,浙江公司,苏州战区,江苏省区,南京办,关店,渠道店,加盟,特殊渠道,,,,,,,,,,1,是
C10311,三亚崖城裕民路专卖店,广东公司,海口战区,海南办,海南办,关店,专卖店,加盟,街铺,15954461,1123333774,,6016876188849,,,7154196240396191747,,,1,是
C10312,直属南京龙湾龙湖天街店,浙江公司,苏州战区,江苏省区,南京办,关店,专卖店,直营,综合体,,,,,,,,,,1,是
C10313,沈阳阳城生鲜民航店,陕西公司,沈阳战区,辽吉省区,沈阳办,关店,专卖店,加盟,街铺,14962648,1105293614,,6015295620849,601325,,,,,1,是
C10314,广州花都狮岭新民路专卖店,广东公司,广州战区,广东省区,广佛办,关店,专卖店,加盟,街铺,14911007,506620471,,6015250023849,,1289230927,7135777963915610115,3003232212134864329,,1,是
C10315,直属沈阳阳城生鲜东站店,陕西公司,沈阳战区,辽吉省区,辽吉直营办,关店,专卖店,直营,街铺,15287681,1110809719,,6015266797849,,,7124646246966364200,3003031258220014987,,1,是
C10316,直属赣州中联商城店,江西公司,赣州战区,江西一区,赣州办,正常营业,专卖店,直营,街铺,15014348,506720955,15968008.0,6015338332849,,1040158862,7111915147609786409,3002986858620167325,2026030711077000000115241029|xiniu_xgc_bgc,1,是
C10317,莲塘食品大楼店,江西公司,南昌一战区,江西二区,南昌四办,关店,专卖店,加盟,街铺,19091907,1109725641.0,,6015279673849,,,7102582300637923341,3003668289714037310,,1,是
C10318,成都叮咚电商,重庆公司,重庆战区,川渝省区,重庆办,关店,渠道店,加盟,特殊渠道,,,,,,,,,,1,是
C10319,北京春雷鸿运贸易有限公司,陕西公司,北京战区,京津冀省区,北京办,关店,渠道店,加盟,特殊渠道,,,,,,,,,,1,是
C10320,直属恒大华府店,江西公司,南昌一战区,江西二区,南昌三办,正常营业,专卖店,直营,街铺,15166269,1108536877,14270460.0,6015252817849,601313,1365566968,7122771751632799777,3003067968971318389,2025111911077000000113664661|xiniu_xgc_bgc,1,是
C10321,云锦路店,江西公司,南昌一战区,江西二区,南昌三办,关店,专卖店,加盟,街铺,,,,6015415442849,601291,169009725.0,,,,1,是
C10322,淘菜菜南宁仓,广东公司,南宁战区,广西省区,南宁办,关店,渠道店,加盟,,,,,,,,,,,1,是
C10324,山西美特好超市渠道账户,陕西公司,西安战区,山西办,山西办,关店,渠道店,加盟,,,,,,,,,,,1,是
C10325,浙江交通学院店,浙江公司,杭州战区,浙江省区,杭州办,关店,渠道店,加盟,特殊渠道,,,,,,,,,,1,是
C10326,东莞华为绿岛花园专卖店,广东公司,东莞战区,广东省区,东莞办,关店,专柜店,加盟,街铺,16982353,509351689,,6016135301849,,1328678237,7213555265461815356,3003597610962755861,,1,否
C10327,博白文化街店,广东公司,南宁战区,广西省区,南宁办,关店,专卖店,加盟,街铺,15522624,1116982511,,6015542568849,601399,,cover_C10327_7142810839601383455,,,1,是
C10328,宁德鼎盛专卖店,江西公司,福州战区,福建省区,闽北办,关店,专卖店,加盟,特殊渠道,,,,,,,,,,1,是
C10329,九江新湖庐山国际菜场店,江西公司,九江战区,江西二区,九江办,关店,专卖店,加盟,街铺,16276010,1125551894,,6015299737849,,,7101987546015483912,3003785072467616282,,1,是
C10330,惠州牧云溪谷专卖店,广东公司,东莞战区,广东省区,惠汕办,关店,专卖店,加盟,街铺,,,,6015252706849,,,7149095557439424546,,,1,否
C10332,惠州江北佳兆业广场店,广东公司,东莞战区,广东省区,惠汕办,正常营业,专卖店,加盟,综合体,15044472,1108615610,15905464.0,6015252707849,,1814547736,7156478478970259495,3003025711322538775,2025112011077000000113764147|xiniu_xgc_bgc,1,是
C10333,惠州惠城上排专卖店,广东公司,东莞战区,广东省区,惠汕办,关店,专卖店,加盟,街铺,15311663,,,6015264777849,,,7134897419825973256,,,1,否
C10334,广州天河长兴广场专卖店,广东公司,广州战区,广东省区,广佛办,关店,专卖店,加盟,街铺,14766501,1109725681,,6015252113849,,175464628,7147506920265123854,6724909312053752453,,1,是
C10335,佛山乐从风度广场专卖店,广东公司,广州战区,广东省区,广佛办,关店,专卖店,加盟,商超,15041783,1108536870,,6015249912849,601333,613274818,7116379316955973663,3002924994296980586,,1,是
C10336,宜春商贸公司,江西公司,宜春战区,江西二区,宜春办,关店,渠道店,加盟,,,,,,,,,,,1,是
C10337,直属绳金塔2店,江西公司,南昌一战区,江西二区,南昌三办,正常营业,专卖店,直营,街铺,15166221,507087365,14948038.0,6015251608849,601314,786783750,7122771774684530701,3002912874472804365,2025111911077000000113640708|xiniu_xgc_bgc,1,是
C10338,直属天虹桃苑店,江西公司,南昌一战区,江西二区,南昌三办,关店,专柜店,直营,商超,,,,,,,,,,1,是
C10340,江苏省区加盟地推账号,浙江公司,苏州战区,江苏省区,苏州办,关店,渠道店,加盟,,,,,,,,,,,1,是
C10341,云南临沧勐库店,重庆公司,贵阳战区,云贵省区,昆明办,关店,专卖店,加盟,街铺,24393030,,,6015306566849,,,,3003517240033616356,,1,是
C10342,河南郑州字节跳动渠道店,陕西公司,郑州战区,河南省区,河南外阜办,关店,渠道店,加盟,,,,,,,,,,,1,是
C10344,都匀剑江中路永辉专卖店,重庆公司,贵阳战区,云贵省区,贵阳办,关店,专卖店,加盟,商超,,,,,,,,,,1,是
C10345,贵阳乌当新添大道永辉专卖店,重庆公司,贵阳战区,云贵省区,贵阳办,关店,专卖店,加盟,商超,,,,,,,,,,1,是
C10346,毕节赫章九零路店,重庆公司,贵阳战区,云贵省区,遵义办,关店,专卖店,加盟,街铺,14997451,,,6015306656849,,664756842,7122067544604674051,3003162955792917480,,1,是
C10347,广州南站巴士畅捷店,广东公司,广州战区,广东省区,广佛办,关店,专柜店,加盟,高势能,,,,,,,,,,1,否
C10348,济宁龙贵环西路店,浙江公司,青岛战区,山东省区,济南办,关店,专卖店,加盟,商超,,,,,,,,,,1,是
C10349,长沙雨花区喜盈门店,江西公司,长沙战区,湖南省区,长沙办,暂停营业,专卖店,加盟,综合体,15086196,1110043510,15861056.0,6015415374849,,1487208646,7118256471955130375,3003173238193133544,2026030911077000000115108914|xiniu_xgc_bgc,1,是
C10350,直属天虹经开店,江西公司,南昌一战区,江西一区,南昌一办,关店,专柜店,直营,综合体,,,,,,,,,,1,是
C10351,直属长沙望城坡店,江西公司,长沙战区,湖南省区,长沙办,关店,专卖店,直营,街铺,,,,,,,7135615567997700127,3003351125703496961,,1,是
C10352,济宁任城龙贵赛宝店,浙江公司,青岛战区,山东省区,济南办,关店,专卖店,加盟,商超,,,,,,,,,,1,是
C10353,济宁任城龙贵共青团店,浙江公司,青岛战区,山东省区,济南办,关店,专卖店,加盟,商超,,,,,,,,,,1,是
C10354,泰安泰山吾悦广场店,浙江公司,青岛战区,山东省区,济南办,关店,专卖店,加盟,综合体,,,,,,,,,,1,是
C10355,济宁龙贵星城广场店,浙江公司,青岛战区,山东省区,济南办,关店,专卖店,加盟,商超,,,,,,,,,,1,是
C10356,九江湖口联盛店,江西公司,九江战区,江西二区,九江办,正常营业,专卖店,加盟,商超,15104317,1149374849,,6015300146849,,1614272546,7110898525843490855,3002906821976363112,2025112011077000000113616869|xiniu_xgc_bgc,1,是
C10357,九江怡嘉苑店,江西公司,九江战区,江西二区,九江办,关店,专卖店,加盟,街铺,17871259,510023056.0,,6015299847849,,,7204668542288693248,6724909544111583691,,1,是
C10358,直属天虹南天阳光店,江西公司,南昌一战区,江西一区,南昌一办,关店,专柜店,直营,综合体,,,,,,,,,,1,是
C10359,九江四码头江洲菜场店,江西公司,九江战区,江西二区,九江办,关店,专卖店,加盟,交通枢纽,17159274,,,6015300323849,,919960746,7208095990606202914,6724909471161930475,,1,是
C10362,直属株洲天元区株百工大店,江西公司,长沙战区,湖南省区,长沙办,关店,专卖店,直营,商超,,,,,,,,,,1,是
C10363,直属株洲株百庐山店,江西公司,长沙战区,湖南省区,长沙办,关店,专卖店,直营,商超,,,,,,,,,,1,是
C10365,直属株洲天元区株百栗雨店,江西公司,长沙战区,湖南省区,长沙办,关店,专卖店,直营,商超,,,,,,,,,,1,是
C10366,上饶横峰兴安华城店,江西公司,抚州战区,江西二区,上饶办,正常营业,专卖店,加盟,街铺,16483113,1128286906,,6015339142849,,1381921500,7185371167690065959,,2025111911077000000113624684|xiniu_xgc_bgc,1,是
C10368,大连北站一店,陕西公司,沈阳战区,辽吉省区,大连办,正常营业,专卖店,加盟,高势能,,,,,,,,,,1,否
C10369,甘肃临夏大什字店,陕西公司,西安战区,陕西省区,兰州办,关店,专卖店,加盟,街铺,15266994,506643512,,6016476290849,,,,,,1,是
C10370,南宁润家鲜生广源渠道店,广东公司,南宁战区,广西省区,南宁办,关店,渠道店,加盟,特殊渠道,,,,,,,,,,1,是
C10371,直属河南郑州绿地老街店,陕西公司,郑州战区,河南省区,郑州办,关店,专卖店,直营,街铺,15114444,1109230667,,6015337488849,,,7129348597606270983,,,1,是
C10372,杭州新宇警官学院店,浙江公司,杭州战区,浙江省区,杭州办,关店,渠道店,加盟,特殊渠道,,,,,,,,,,1,是
C10373,宁波新宇万里学院店,浙江公司,杭州战区,浙江省区,杭州办,关店,渠道店,加盟,特殊渠道,,,,,,,,,,1,是
C10374,直属合肥包河万达店,浙江公司,苏州战区,安徽办,安徽办,关店,专卖店,直营,综合体,15618577,507428780,,6015456002849,,876424047,6907357361598367757,3003606969154023316,,1,是
C10376,长春春平渠道店,陕西公司,沈阳战区,辽吉省区,长春办,关店,渠道店,加盟,,,,,,,,,,,1,是
C10377,泉州南安星城新天地专卖店,江西公司,厦门战区,福建省区,闽南办,关店,专卖店,加盟,商超,15178204,1109241291,,6015346118849,,,cover_C10377_7106780317981083661,3002890951447323648,,1,是
C10378,宁德柘荣专卖店,江西公司,福州战区,福建省区,闽北办,关店,专卖店,加盟,街铺,,,,6015346120849,,,7157677990531303435,3002986388774817960,,1,是
C10380,九江南山公园奥克斯缔壹城店,江西公司,九江战区,江西二区,九江办,正常营业,专卖店,加盟,街铺,15166322,506651670,,6015299648849,,674899716,7108284882513561636,3002883892406948591,2025112011077000000113626776|xiniu_xgc_bgc,1,是
C10382,昭平文化广场店,广东公司,南宁战区,广西省区,柳桂办,关店,专卖店,加盟,街铺,14986960,1108526726,,6015251468849,601330,,,,,1,是
C10383,宜春老火车站店,江西公司,宜春战区,江西二区,宜春办,关店,专卖店,加盟,街铺,15118197,1109724005,,6015429181849,,,7116413542764382245,3002995441513898882,,1,是
C10384,上饶大市场店,江西公司,抚州战区,江西二区,上饶办,关店,专卖店,加盟,街铺,,,,,,,,,,1,是
C10385,百色森林中心城店,广东公司,南宁战区,广西省区,南宁办,关店,专卖店,加盟,街铺,15202871,1108206298,,6015429466849,601398,1415806460,7113409736048904233,,,1,是
C10386,沈阳春平渠道店,陕西公司,沈阳战区,辽吉省区,沈阳办,关店,渠道店,加盟,,,,,,,,,,,1,是
C10387,河南郑州丰庆佳苑店,陕西公司,郑州战区,河南省区,郑州办,关店,专卖店,加盟,街铺,15025241,1110044915,,6015300170849,,,,,,1,是
C10389,重庆多多买菜电商店,重庆公司,重庆战区,川渝省区,重庆办,关店,渠道店,加盟,特殊渠道,,,,,,,,,,1,是
C10390,河南社旗万德隆时代广场店,陕西公司,郑州战区,河南省区,河南外阜办,关店,专卖店,加盟,综合体,15081575,1109900673,,6015300746849,,,7140517661582198799,,,1,是
C10391,安徽农业大学专柜店,浙江公司,苏州战区,安徽办,安徽办,关店,渠道店,加盟,特殊渠道,,,,,,,,,,1,是
C10392,绍兴平水中心小学店,浙江公司,杭州战区,浙江省区,杭州办,关店,渠道店,加盟,特殊渠道,,,,,,,,,,1,是
C10395,青岛崂山大润发,浙江公司,青岛战区,山东省区,青岛办,关店,专卖店,加盟,商超,11091619,2073354036,,6015070126849,600588,,cover c10395_7185015557899421707,cover_C10395_3002145072422916586,,1,是
C10396,盒马生鲜南京仓,浙江公司,苏州战区,江苏省区,南京办,关店,渠道店,加盟,,,,,,,,,,,1,是
C10397,漳州南靖祥瑞专卖店,江西公司,厦门战区,福建省区,闽南办,关店,专卖店,加盟,街铺,,,,6015294947849,,,7124177061865867275,,,1,是
C10398,哈尔滨哈西大街好食多店,陕西公司,沈阳战区,辽吉省区,哈尔滨办,关店,专卖店,加盟,街铺,15386230,1112475829,,6015294228849,,,7148418916044572672,,,1,是
C10399,直属沈阳和平大润发店,陕西公司,沈阳战区,辽吉省区,沈阳办,关店,专卖店,直营,商超,,,,,,,,,,1,是
C10400,斗柏路铜锣湾广场店,江西公司,南昌一战区,江西二区,南昌四办,关店,专卖店,加盟,街铺,26224714,507339615,14331982.0,6015278281849,601355,1236942172,7114525909767424034,3003657208638805747,,1,是
C10401,杭州叮咚（台州仓店）,浙江公司,杭州战区,浙江省区,杭州办,关店,渠道店,加盟,特殊渠道,,,,,,,,,,1,是
C10402,宁德华宁专卖店,江西公司,福州战区,福建省区,闽北办,关店,专卖店,加盟,商超,16008250,1123369122,,cover_C10402_6015430632849,,,6712814684585609229,3003057497102492061,,1,是
C10403,泉州晋江夜市街专卖店,江西公司,厦门战区,福建省区,闽南办,关店,专卖店,加盟,街铺,2625192,152309048,,6015345638849,,159140439,,,,1,是
C10404,湖北潜江服务区店,江西公司,九江战区,湖北办,湖北办,关店,专卖店,加盟,交通枢纽,,,,,,,,,,1,否
C10405,沈阳和平大润发商业街店,陕西公司,沈阳战区,辽吉省区,沈阳办,关店,专卖店,加盟,商超,cover_C10405_13712478,cover_C10405_505563159,,cover_C10405_6015120054849,,1508511070,7047395025835001886,3002717321167872373,,1,是
C10406,沈阳皇姑万象汇店,陕西公司,沈阳战区,辽吉省区,沈阳办,关店,专卖店,加盟,综合体,17898193,507436527,,6015295030849,,,7151234936488331277,3002938183118394458,,1,是
C10407,贵阳云岩区中华中路专卖店,重庆公司,贵阳战区,云贵省区,贵阳办,关店,专卖店,加盟,街铺,14997452,1144479767,,6015305358849,,,7118653214706272259,3003023182840603054,,1,是
C10408,直属潍坊青州佳乐家店,浙江公司,青岛战区,山东省区,直属办,关店,专卖店,直营,商超,15530560,,,6015511526849,,,7141280496595503107,,,1,是
C10410,直属日照万达店,浙江公司,青岛战区,山东省区,直属办,关店,专卖店,直营,综合体,15530021,507215647,,6015511329849,,,7117501118992779298,3003645347803473360,,1,是
C10412,萍乡龙飞锦绣嘉园店,江西公司,宜春战区,江西二区,宜春办,关店,专卖店,加盟,街铺,15274586,,16384059.0,6015464027849,,683258884,7114898382917011486,3003872392229986806,,1,是
C10413,湾里城建广场店,江西公司,南昌一战区,江西一区,南昌一办,正常营业,专卖店,加盟,街铺,15165589,1109380813,16638108.0,6015283168849,601361,1690012413,7126083971422619687,3003198105167831843,2025111911077000000113731586|xiniu_xgc_bgc,1,是
C10417,三亚海棠湾林旺市场店,广东公司,海口战区,海南办,海南办,关店,专卖店,加盟,街铺,15027095,1109724008,16130471.0,6015250355849,601332,567837759,7122067220394182691,3002973522709390496,2026031311077000000115305323|xiniu_xgc_bgc,1,是
C10418,三亚商品街港华广场店,广东公司,海口战区,海南办,海南办,正常营业,专卖店,加盟,街铺,19217992,,16130477.0,6016876976849,600184,1934020595,7308209060656973887,,,1,是
C10419,河源龙川水贝众合专卖店,广东公司,东莞战区,广东省区,惠汕办,关店,专卖店,加盟,街铺,7884517,300671961,,6014225049849,320115,1907908722,6767544218211633156,6724909544106130236,,1,是
C10420,北京力达恒泰商贸有限公司,陕西公司,北京战区,京津冀省区,北京办,关店,渠道店,加盟,特殊渠道,,,,,,,,,,1,是
C10421,南宁富宁广场渠道店,广东公司,南宁战区,广西省区,南宁办,关店,渠道店,加盟,特殊渠道,,,,,,,,,,1,是
C10422,龙岗平湖白泥坑专卖店,广东公司,深圳战区,广东省区,龙岗办,关店,专卖店,加盟,街铺,15315160,1110830156,,6015451461849,601359,913863300,7124151615791040520,3003055389777404475,,1,是
C10423,龙岗横岗天颂雅苑专卖店,广东公司,深圳战区,广东省区,龙岗办,关店,专卖店,加盟,街铺,15228851,1110664407,,6016006122849,601354,,7136379424630556709,3003003584110731818,,1,是
C10424,青山湖现代庄园店,江西公司,南昌一战区,江西一区,南昌二办,关店,专卖店,加盟,街铺,,,,6017194522849,,,6704548639378917384,3003872392341426917,,1,是
C10425,贵阳云岩大十字专卖店,重庆公司,贵阳战区,云贵省区,贵阳办,关店,专卖店,加盟,街铺,15480281,,,6015305569849,,,7126749359526643716,,,1,是
C10427,六盘水万达广场店,重庆公司,贵阳战区,云贵省区,遵义办,暂停营业,专卖店,加盟,综合体,27346646,,16638171.0,6015304960849,,,7357897861222107147,3002925045533118558,2025112011077000000113762151|xiniu_xgc_bgc,1,是
C10428,天通苑家乐福店,陕西公司,北京战区,京津冀省区,北京办,关店,专柜店,加盟,商超,12013402,2092893778,,6015118673849,601184,,6995044831730862088,,,1,是
C10429,龙岗坂田南坑广联专卖店,广东公司,深圳战区,广东省区,龙岗办,关店,专卖店,加盟,街铺,15168324,,,6015463125849,601350,,7167256809026095104,,,1,是
C10430,直属长春一汽新世纪购物中心店,陕西公司,沈阳战区,辽吉省区,长春办,关店,专卖店,直营,综合体,15166755,1109241284,,6015345926849,,,7152034589043591176,,,1,是
C10431,成都美团优选电商,重庆公司,重庆战区,川渝省区,重庆办,关店,渠道店,加盟,特殊渠道,,,,,,,,,,1,是
C10432,西安明光路白桦林居店,陕西公司,西安战区,陕西省区,西安办,关店,专卖店,加盟,街铺,15265069,,,6015538158849,,,7141684699487733800,,,1,是
C10433,佛山长华国际专卖店,广东公司,广州战区,广东省区,广佛办,关店,专卖店,加盟,综合体,15442471,1112440795,,6015448023849,601373,1176750027,7122766321687005216,3003017803077034827,,1,是
C10434,东莞望牛墩嘉荣广场店,广东公司,东莞战区,广东省区,东莞办,正常营业,专卖店,加盟,街铺,15376634,507085969,15905510.0,6015463718849,,1790029389,7147271106745878564,3003124114990010893,2025111911077000000113709618|xiniu_xgc_bgc,1,是
C10435,天津陆合文化传媒有限公司,陕西公司,北京战区,京津冀省区,天津办,关店,渠道店,加盟,,,,,,,,,,,1,是
C10436,东莞长安乐营派对（ktv）,广东公司,东莞战区,广东省区,东莞办,正常营业,经销,加盟,特殊渠道,,,,,,,,,,1,是
C10437,重庆磁器口江小白酒馆店,重庆公司,重庆战区,川渝省区,重庆办,关店,渠道店,加盟,特殊渠道,,,,,,,,,,1,是
C10438,直属抚州大润发店,江西公司,抚州战区,江西一区,鹰抚办,关店,专卖店,直营,街铺,,,,,,,,,,1,是
C10440,云南临沧临翔路店,重庆公司,贵阳战区,云贵省区,昆明办,关店,专卖店,加盟,街铺,16435332,507403794,,6015536787849,,,7135768981570488361,3003176934406005655,,1,是
C10441,北京春雷鸿运贸易有限公司（永辉渠道）,陕西公司,北京战区,京津冀省区,北京办,关店,渠道店,加盟,,,,,,,,,,,1,是
C10442,萍乡南剑小区店,江西公司,宜春战区,江西二区,宜春办,正常营业,专卖店,加盟,街铺,15407456,,16384052.0,6015463124849,,1046736744,6650108426003302413,3002573337567309117,2025111911077000000113737594|xiniu_xgc_bgc,1,是
C10443,九江联泰店,江西公司,九江战区,江西二区,九江办,正常营业,专卖店,加盟,街铺,29784319,,,6015300322849,,1896402610,7128005317480319017,3003360864068773291,,1,是
C10444,鹰抚抚州若士路店,江西公司,抚州战区,江西一区,鹰抚办,正常营业,专卖店,加盟,街铺,,,,6017185353849,,,7118338137696241675,3003011976994985585,,1,是
C10445,长沙星沙湘龙社区店,江西公司,长沙战区,湖南省区,长沙办,关店,专卖店,加盟,街铺,15379418,507356181,15861087.0,6015415745849,,1851645117,7129661741231065120,3003057895667475103,,1,是
C10446,西安纺正街东环超市店,陕西公司,西安战区,陕西省区,西安办,关店,专柜店,加盟,商超,,,,,,,,,,1,是
C10447,西安丰庆路御溪望城店,陕西公司,西安战区,陕西省区,西安办,关店,专卖店,加盟,街铺,,,,,,,,,,1,是
C10450,直属九江大润发专柜店,江西公司,九江战区,江西二区,九江办,关店,专柜店,直营,商超,,,,,,,,,,1,是
C10451,沈阳淘菜菜渠道店,陕西公司,沈阳战区,辽吉省区,沈阳办,关店,渠道店,加盟,,,,,,,,,,,1,是
C10452,三亚解放路风情街专卖店,广东公司,海口战区,海南办,海南办,关店,专卖店,加盟,街铺,,,,6015284187849,,,6841590782789486604,,,1,是
C10453,恭城天和百货店,广东公司,南宁战区,广西省区,柳桂办,正常营业,专卖店,加盟,综合体,15262564,,16256672.0,6015289917849,601397,1914669591,7122375938548975646,3003110418760967038,,1,是
C10454,贵阳北站专柜二店,重庆公司,贵阳战区,云贵省区,贵阳办,关店,专卖店,加盟,高势能,,,,,,,,,,1,是
C10455,贵阳北站专柜一店,重庆公司,贵阳战区,云贵省区,贵阳办,关店,专柜店,加盟,高势能,,,,,,,,,,1,是
C10456,厦门乌石浦专卖店,江西公司,厦门战区,福建省区,闽南办,关店,专卖店,加盟,街铺,,,,6015295924849,,,7132050495597709316,,,1,是
C10457,成都市亿鑫三和企业管理有限公司（韶关东站店）,广东公司,广州战区,广东省区,广佛办,正常营业,专卖店,加盟,高势能,,,,,,,,,,1,否
C10458,宜春老步步高店,江西公司,宜春战区,江西二区,宜春办,关店,专卖店,加盟,综合体,,,,,,,,,,1,是
C10459,毕节高铁专柜店,重庆公司,贵阳战区,云贵省区,遵义办,关店,专柜店,加盟,高势能,,,,,,,,,,1,是
C10460,邻几便利店系统,江西公司,厦门战区,福建省区,闽南办,关店,渠道店,加盟,特殊渠道,,,,,,,,,,1,是
C10461,南宁秀灵西1里店,广东公司,南宁战区,广西省区,南宁办,关店,专卖店,加盟,街铺,,,,6015464028849,,801542474,7130068556641028126,,,1,是
C10462,东莞厚街大汇店,广东公司,东莞战区,广东省区,东莞办,正常营业,专卖店,加盟,街铺,5294396,336854090,15905506.0,6014139761849,282167,177888190,6632082135702308867,3002967700871517485,2026031711077000000115251637|xiniu_xgc_bgc,1,是
C10463,宝安西乡明玉路专卖店,广东公司,深圳战区,广东省区,宝安办,关店,专卖店,加盟,街铺,15433098,,,6015463034849,,,7131622987354081284,,,1,是
C10464,直属厦门围里专卖店,江西公司,厦门战区,福建省区,直营组,关店,专卖店,直营,街铺,,,,,,,,,,1,是
C10465,安徽青阳二店,浙江公司,苏州战区,安徽办,安徽办,关店,专卖店,加盟,特殊渠道,,,,,,,,,,1,是
C10466,西安丰庆路御溪生活广场店,陕西公司,西安战区,陕西省区,西安办,关店,专卖店,加盟,街铺,,,,,,,,,,1,否
C10467,甘肃天水上亿广场店,陕西公司,西安战区,陕西省区,兰州办,关店,专卖店,加盟,街铺,,,,,,,7122789568974112799,,,1,是
C10468,中大煌盛店,江西公司,南昌一战区,江西一区,南昌二办,关店,专卖店,加盟,街铺,,,,,,,,,,1,是
C10469,景德镇丽阳时代联华店,江西公司,九江战区,江西二区,景德镇办,关店,专卖店,加盟,商超,,,,cover_10469_6015414490849,,,,,,1,是
C10470,赣州兴国红门店,江西公司,赣州战区,江西一区,赣州办,正常营业,专卖店,加盟,街铺,15410018,507331976,15968040.0,6015430350849,,1050300402,7117937790200875015,,2026030911077000000115197952|xiniu_xgc_bgc,1,是
C10471,赣州兴国锦绣江南店,江西公司,赣州战区,江西一区,赣州办,关店,专卖店,加盟,街铺,15436595,1112448672.0,,6015337493849,,,7164274081028638756,,,1,是
C10474,直属沈阳佳跃超市沈辽路店,陕西公司,沈阳战区,辽吉省区,辽吉直营办,关店,专卖店,直营,街铺,15287685,1110800260,,,,,,,,1,是
C10475,湖北大冶家多福超市怡景店,江西公司,九江战区,湖北办,湖北办,关店,专卖店,加盟,街铺,15245998,1112455058,,6015320782849,,,7119454449227008012,,,1,是
C10476,直属滨州佳乐家店,浙江公司,青岛战区,山东省区,直属办,关店,专卖店,直营,商超,15527248,507446201,,6015511327849,,,,,,1,是
C10477,厦门翔安新兴专卖店,江西公司,厦门战区,福建省区,闽南办,关店,专卖店,加盟,街铺,15191485,1109386779,,6015345930849,,,,,,1,是
C10478,济南堤口路银座店,浙江公司,青岛战区,山东省区,济南办,关店,专卖店,加盟,商超,,,,,,,,,,1,是
C10479,多多买菜（深圳）,广东公司,深圳战区,广东省区,龙岗办,关店,渠道店,加盟,,,,,,,,,,,1,是
C10480,南平邵武专卖店,江西公司,福州战区,福建省区,闽北办,关店,专柜店,加盟,街铺,cover_C10480_20297432,507278649,,6015430351849,,527971132,,,,1,是
C10481,直属滨州全福元店,浙江公司,青岛战区,山东省区,直属办,关店,专卖店,直营,商超,15527249,1116954839,,6015511525849,,,7141280699666925568,,,1,是
C10482,张家口快悦商贸有限公司,陕西公司,北京战区,京津冀省区,北京办,关店,渠道店,加盟,,,,,,,,,,,1,是
C10484,西安西长安街永辉超市店,陕西公司,西安战区,陕西省区,西安办,关店,专卖店,加盟,商超,,,,,,,,,,1,是
C10485,西安华阳城永辉超市店,陕西公司,西安战区,陕西省区,西安办,关店,专卖店,加盟,商超,,,,,,,,,,1,是
C10486,河池凤山鼎丰城店,广东公司,南宁战区,广西省区,南宁办,关店,专卖店,加盟,综合体,15625573,1110776061,,6015543448849,601395,1262232842,7123962558683449351,,,1,是
C10487,直属济宁任城太白家家悦店,浙江公司,青岛战区,山东省区,直属办,关店,专卖店,直营,商超,,,,,,,,,,1,是
C10488,陕西安康火车站专卖店,陕西公司,西安战区,陕西省区,陕西外阜办,关店,专卖店,加盟,高势能,,,,,,,,,,1,是
C10489,直属泰安泰山吾悦广场店,浙江公司,青岛战区,山东省区,直属办,关店,专卖店,直营,商超,15546087,,,6015511930849,,,7141282414713636879,,,1,是
C10490,江西好实财贸易公司专柜店,江西公司,南昌一战区,江西一区,南昌二办,关店,专柜店,加盟,街铺,,,,,,,,,,1,是
C10491,柳州医药技校渠道店,广东公司,南宁战区,广西省区,柳桂办,关店,专卖店,加盟,特殊渠道,15594535,1119329860,,6015543348849,601394,1008004942,7146034231896983590,,,1,否
C10492,陕西西安美团优选电商渠道,陕西公司,西安战区,陕西省区,西安办,关店,渠道店,加盟,特殊渠道,,,,,,,,,,1,是
C10493,贵阳美团优选电商,重庆公司,贵阳战区,云贵省区,贵阳办,关店,渠道店,加盟,特殊渠道,,,,,,,,,,1,是
C10495,广西美团平台渠道店,广东公司,南宁战区,广西省区,南宁办,关店,渠道店,加盟,,,,,,,,,,,1,是
C10498,河南郑州美团优选（电商）渠道2店,陕西公司,郑州战区,河南省区,郑州办,关店,渠道店,加盟,特殊渠道,,,,,,,,,,1,是
C10499,惠州惠城中信水岸城店,广东公司,东莞战区,广东省区,惠汕办,正常营业,专卖店,加盟,街铺,10464635,501314556,15905776.0,6015429255849,600052,1738629446,6904386541695535116,6724909544095485680,2026031711077000000115291671|xiniu_xgc_bgc,1,是
C10500,八一大道万达广场专柜店,江西公司,南昌一战区,江西二区,南昌三办,关店,专柜店,加盟,综合体,,,,,,,,,,1,是
C10501,龙岗坂田岗头专卖店,广东公司,深圳战区,广东省区,龙岗办,关店,专卖店,加盟,街铺,15426451,1112405667.0,,6015452913849,,1834220146,cover_C10501_7140947706972735503,3003055791276859889,,1,是
C10503,青岛城阳万象汇店,浙江公司,青岛战区,山东省区,青岛办,关店,专卖店,加盟,商超,,,,,,,,,,1,是
C10504,青岛城阳正阳中路万达店,浙江公司,青岛战区,山东省区,青岛办,关店,专卖店,加盟,综合体,,,,,,,,,,1,是
C10505,青岛城阳大润发宝龙店,浙江公司,青岛战区,山东省区,青岛办,关店,专卖店,加盟,商超,15971404,2054978602,,,,,6870354534057789455,,,1,是
C10506,青岛城阳春阳路大学店,浙江公司,青岛战区,山东省区,青岛办,关店,专卖店,加盟,商超,,,,,,,,,,1,是
C10507,山东优食商贸有限公司即墨电商,浙江公司,青岛战区,山东省区,青岛办,关店,渠道店,加盟,,,,,,,,,,,1,是
C10509,赣州中海店,江西公司,赣州战区,江西一区,赣州办,正常营业,专卖店,加盟,街铺,15319465,1116947854,,6015430057849,601377,,7125392577205340171,3003110906502882553,,1,是
C10510,赣州温州街店,江西公司,赣州战区,江西一区,赣州办,关店,专卖店,加盟,街铺,15308818,,,6015337495849,,,,,,1,是
C10511,山东优食商贸有限公司济南电商,浙江公司,青岛战区,山东省区,济南办,关店,渠道店,加盟,,,,,,,,,,,1,是
C10512,山东优食商贸有限公司青岛电商,浙江公司,青岛战区,山东省区,青岛办,关店,渠道店,加盟,,,,,,,,,,,1,是
C10513,肇庆敏捷广场专卖店,广东公司,广州战区,广东省区,广佛办,关店,专卖店,加盟,街铺,15328408,1110841912,,6015447542849,601374,,7125309110018377743,3003156785366999909,,1,是
C10514,三亚天涯和平街店,广东公司,海口战区,海南办,海南办,关店,专卖店,加盟,街铺,15748173,500798283,16130478.0,6015429563849,,1432225165,7167569125999888391,,,1,是
C10515,漳州龙海嘉庚专卖店,江西公司,厦门战区,福建省区,闽南办,关店,专卖店,加盟,特殊渠道,,,,,,,,,,1,是
C10516,温州站南谢和超市专卖店,浙江公司,杭州战区,福建省区,浙南办,关店,专卖店,加盟,商超,,,,,,,,,,1,是
C10517,直属北京北苑K酷时尚广场店,陕西公司,北京战区,京津冀省区,北京办,关店,专卖店,直营,综合体,24412224,1122065566,,6015447630849,,565638600,7159226733202245647,3003037946490727845,,1,是
C10518,中山横栏贴边专卖店,广东公司,广州战区,广东省区,中珠办,关店,专卖店,加盟,街铺,15284700,,,6014224752849,601356,526967574,6874508217385256964,6724909544089237528,,1,否
C10519,甘肃临夏陈方花园店,陕西公司,西安战区,陕西省区,兰州办,关店,专卖店,加盟,街铺,18446653,,,,,,7118328961892878377,,,1,否
C10520,直属赣州九方后街店,江西公司,赣州战区,江西一区,赣州办,关店,专卖店,直营,街铺,15426573,1112314315,,6015337581849,,890540957,7135043071602853928,3003527365402104950,,1,是
C10522,三江多耶广场店,广东公司,南宁战区,广西省区,柳桂办,关店,专卖店,加盟,街铺,,,,,,,,,,1,是
C10523,武鸣盛世铭庭店,广东公司,南宁战区,广西省区,南宁办,关店,专卖店,加盟,综合体,,,,,,,,,,1,是
C10524,九江双语小学店,江西公司,九江战区,江西二区,九江办,关店,专卖店,加盟,街铺,15446944,507330449,17604986.0,6015447629849,,792664050,7123180048370108429,3003050135691794145,,1,是
C10525,吉安安福安城北路店,江西公司,宜春战区,江西一区,吉安办,正常营业,专卖店,加盟,街铺,25321386,1111260739,,6015601629849,,1964238772,7168412576097929249,3003232211336733445,2025112011077000000113640802|xiniu_xgc_bgc,1,是
C10527,厦门北站候车室专卖店,江西公司,厦门战区,福建省区,闽南办,关店,专卖店,加盟,高势能,,,,,,,,,,1,是
C10528,龙岩上杭万达专卖店,江西公司,厦门战区,福建省区,闽南办,关店,专卖店,加盟,综合体,,,,6015460493849,,,7173191817889613838,,,1,是
C10530,湖北孝感云梦专卖店,江西公司,九江战区,湖北办,湖北办,关店,专卖店,加盟,街铺,15624479,1116840682,,6015532137849,,,,,,1,是
C10531,美团买菜（广州）,广东公司,广州战区,广东省区,广佛办,关店,经销,加盟,特殊渠道,,,,,,,,,,1,是
C10532,河南开封三毛未来购物广场渠道店,陕西公司,郑州战区,河南省区,郑州办,关店,渠道店,加盟,,,,,,,,,,,1,是
C10534,加盟独椒戏青山湖区万达店,其他,南昌区域,独椒戏,独椒戏(南昌),正常营业,,加盟,,,,,,,,,,,1,否
C10535,直属株洲石峰区田心北门店,江西公司,长沙战区,湖南省区,长沙办,关店,专卖店,直营,街铺,15400455,1112429450,,6015416020849,,,7130098265558616064,,,1,是
C10536,宜春上高友谊上棠线店,江西公司,宜春战区,江西二区,宜春办,正常营业,专卖店,加盟,街铺,,,,6015517775849,,1502612287,6970066852496017446,3002378069653267444,,1,是
C10537,莲塘维也纳广场专柜店,江西公司,南昌一战区,江西二区,南昌四办,关店,专柜店,加盟,综合体,,,,,,,,,,1,是
C10538,中山板芙壹加壹专卖店,广东公司,广州战区,广东省区,中珠办,关店,专卖店,加盟,商超,,,,,,,,,,1,是
C10539,中山星宝壹加壹专卖店,广东公司,广州战区,广东省区,中珠办,关店,专卖店,加盟,商超,,,,,,,,,,1,是
C10540,安徽六安永辉超市店,浙江公司,苏州战区,安徽办,安徽办,关店,专卖店,加盟,综合体,,,,,,,,,,1,是
C10541,上海宝山长江国际专柜店,浙江公司,上海战区,上海省区,上海一办,关店,专柜店,加盟,特殊渠道,,,,,,,,,,1,是
C10543,北京白鹿江西餐厅专柜店(金融街店),陕西公司,北京战区,京津冀省区,北京办,关店,专柜店,加盟,特殊渠道,,,,,,,,,,1,是
C10544,北京白鹿江西餐厅专柜店(中关村大街店),陕西公司,北京战区,京津冀省区,北京办,关店,专柜店,加盟,特殊渠道,,,,,,,,,,1,是
C10545,北京白鹿江西餐厅专柜店（广渠门店）,陕西公司,北京战区,京津冀省区,北京办,关店,专柜店,加盟,特殊渠道,,,,,,,,,,1,是
C10546,九江极地店,江西公司,九江战区,江西二区,九江办,关店,专卖店,加盟,街铺,15274844,,,6015448838849,,1521711771,7124160789316896804,3003226811647042466,,1,是
C10547,海口澄迈立新路专卖店,广东公司,海口战区,海南办,海南办,关店,专卖店,加盟,街铺,15401965,1116990638,,6015448904849,,,7135343593577056291,,,1,是
C10548,上饶春平食品商行,江西公司,抚州战区,江西二区,上饶办,关店,渠道店,加盟,特殊渠道,,,,,,,,,,1,是
C10549,福州动车南站系统,江西公司,福州战区,福建省区,福州办,关店,渠道店,加盟,高势能,,,,,,,,,,1,是
C10550,南宁武鸣里建新市场店,广东公司,南宁战区,广西省区,南宁办,关店,专卖店,加盟,街铺,16256396,507895240,,6015787849849,,734413907,7167238268063320072,,,1,是
C10551,吉安铜锣湾店,江西公司,赣州战区,江西一区,吉安办,关店,专卖店,加盟,商超,16864888,,,6016830508849,,1927901213,6902900059130562563,3003784791554038105,,1,是
C10553,广州铁路站车服务有限公司（广州东基地组）,广东公司,广州战区,广东省区,广佛办,关店,渠道店,加盟,,,,,,,,,,,1,是
C10555,甘肃临夏中天健广场店,陕西公司,西安战区,陕西省区,兰州办,关店,专卖店,加盟,街铺,18446646,,,,,,,,,1,否
C10556,直属万达金街嗨鸭2店,江西公司,南昌一战区,江西一区,南昌一办,关店,专卖店,直营,综合体,,,,,,,,,,1,是
C10557,直属万达金街嗨鸭3店,江西公司,嗨鸭项目组,江西一区,南昌一办,关店,专卖店,直营,综合体,15493442,1116448740,,,,1316287989,,,,1,是
C10558,长春欧亚距城店,陕西公司,沈阳战区,辽吉省区,长春办,关店,专卖店,加盟,综合体,15357025,1112864558,15905433.0,6015346875849,,543976110,7148606042157352967,3003590167567078767,,1,是
C10559,柳州三江多耶广场店,广东公司,南宁战区,广西省区,柳桂办,关店,专卖店,加盟,综合体,15522620,,,6015463520849,601393,,7136406766937442341,,,1,是
C10561,多多买菜（贵州区域）,重庆公司,贵阳战区,云贵省区,贵阳办,关店,渠道店,加盟,特殊渠道,,,,,,,,,,1,是
C10562,宝安西乡步行街南门店,广东公司,深圳战区,广东省区,宝安办,正常营业,专卖店,加盟,街铺,16431383,510407042,15122757.0,6016006235849,,1917829926,6740140587661527052,6724909241332129133,2025112011077000000113659889|xiniu_xgc_bgc,1,是
C10563,西安高新科创路店,陕西公司,西安战区,陕西省区,西安办,关店,专卖店,加盟,街铺,,,,,,,,,,1,是
C10564,景德镇华润万家店,江西公司,九江战区,江西二区,景德镇办,关店,专卖店,加盟,街铺,15309085,1112455057,,6015414490849,601362,1196829916,6884527017602091019,cover_C10564_3003113286694118603,,1,是
C10565,九江中航城步行街店,江西公司,九江战区,江西二区,九江办,关店,专卖店,加盟,街铺,,,,6015517866849,,1152099265,7128005088475351075,3003097502935688317,,1,是
C10566,西安和平春天店,陕西公司,西安战区,陕西省区,西安办,关店,专卖店,加盟,街铺,17168380,,,6016125514849,,,7129348924175616013,,,1,是
C10567,直属世贸天城店,江西公司,南昌一战区,江西一区,南昌一办,正常营业,专卖店,直营,街铺,15442268,1116447420,14262338.0,6015465420849,601358,1800860115,7132356834769242125,3003294361549614442,,1,是
C10568,都匀东来尚城美宜佳专柜店,重庆公司,贵阳战区,云贵省区,贵阳办,关店,专卖店,加盟,街铺,,,,,,,,,,1,是
C10569,西安市新城区金康路店,陕西公司,西安战区,陕西省区,西安办,关店,专卖店,加盟,街铺,,,,6015463032849,,,7132519235137308706,,,1,是
C10570,肇庆时代广场专卖店,广东公司,广州战区,广东省区,广佛办,关店,专卖店,加盟,街铺,15553100,507436548,,6015448833849,,548519752,7141395805647079424,3003664042638746967,,1,是
C10571,云南腾冲一街步行街店,重庆公司,贵阳战区,云贵省区,昆明办,关店,专卖店,加盟,街铺,15539135,1112447631,,6015536381849,,,7129348234132064264,3003119165858456421,,1,是
C10572,安徽淮南新世纪店,浙江公司,苏州战区,安徽办,安徽办,关店,专柜店,加盟,商超,,,,,,,,,,1,是
C10575,赣州南康碧桂园店,江西公司,赣州战区,江西一区,赣州办,关店,专卖店,加盟,街铺,15426575,1112478206,,6015573366849,,,7130114129397975081,,,1,是
C10576,赣州达芬奇店,江西公司,赣州战区,江西一区,赣州办,关店,专卖店,加盟,街铺,15700603,507611609,,,,,7144924546892564493,,,1,是
C10577,宜春G99聚辉超市店,江西公司,宜春战区,江西二区,宜春办,关店,专卖店,加盟,综合体,15675860,507477444,,6015428996849,,,7140509366641231908,3003405777795748965,,1,是
C10578,宜春安义赣电九方店,江西公司,南昌二战区,江西二区,宜春办,关店,专卖店,加盟,综合体,16015241,507994055,,6015601045849,,1298620381,7185119182122387491,3003730671633835183,,1,是
C10579,东莞洪梅中熙公馆店,广东公司,东莞战区,广东省区,东莞办,关店,渠道店,加盟,街铺,,,,,,,,,,1,是
C10580,安徽淮南吾悦广场店,浙江公司,苏州战区,安徽办,安徽办,关店,专柜店,加盟,商超,,,,,,,,,,1,是
C10581,浙江星煌贸易有限公司（杭州渠道）,浙江公司,杭州战区,浙江省区,杭州办,关店,渠道店,加盟,,,,,,,,,,,1,是
C10582,宜春八小店,江西公司,宜春战区,江西二区,宜春办,关店,专卖店,加盟,街铺,15407699,507361060,,6015429377849,,,7132360165604460558,,,1,是
C10583,十里桃花,江西公司,南昌一战区,江西二区,南昌三办,正常营业,专卖店,加盟,街铺,15805116,500727547,14264563.0,6015541852849,,1605081901,6601142956059527171,3003102513178154547,,1,是
C10584,长沙高铁南站专柜店,江西公司,长沙战区,湖南省区,长沙办,关店,专柜店,加盟,高势能,,,,,,,,,,1,是
C10585,营口万达真实惠店,陕西公司,沈阳战区,辽吉省区,大连办,关店,专卖店,加盟,综合体,15809965,1122085769,16383953.0,6015558007849,296646,,6763438264406788110,3003152493860758153,,1,是
C10586,宝安石岩东海百货专卖店,广东公司,深圳战区,广东省区,宝安办,关店,专卖店,加盟,街铺,15432879,1118408923,,6016587705849,,1890084001,7317185157021042729,3004285763486852945,,1,是
C10587,鄂尔多斯北国新天地店,陕西公司,北京战区,京津冀省区,北京办,关店,专卖店,加盟,商超,,,,6015483098849,,,,,,1,是
C10588,莆田动车站店,江西公司,福州战区,福建省区,福州办,关店,专卖店,加盟,高势能,,,,,,,,,,1,是
C10589,直属济宁吾悦广场店,浙江公司,青岛战区,山东省区,济南办,关店,专卖店,直营,综合体,,,,,,,,,,1,是
C10590,嘉兴中环西路大润发店,浙江公司,杭州战区,浙江省区,杭州办,关店,专卖店,加盟,综合体,15446755,1112450534,,6015471221849,601380,,,,,1,是
C10591,腾大餐饮杭州临平银泰城店,浙江公司,杭州战区,浙江省区,杭州办,关店,渠道店,加盟,商超,,,,,,,,,,1,是
C10592,河南开封鲜风晖达店,陕西公司,郑州战区,河南省区,郑州办,关店,渠道店,加盟,特殊渠道,,,,,,,,,,1,是
C10593,腾大餐饮杭州丁桥龙湖店,浙江公司,杭州战区,浙江省区,杭州办,关店,渠道店,加盟,商超,,,,,,,,,,1,是
C10594,腾大餐饮杭州九堡店,浙江公司,杭州战区,浙江省区,杭州办,关店,渠道店,加盟,综合体,,,,,,,,,,1,是
C10595,杭州美博店,浙江公司,杭州战区,浙江省区,杭州办,关店,渠道店,加盟,商超,,,,,,,,,,1,是
C10596,杭州登云店,浙江公司,杭州战区,浙江省区,杭州办,关店,渠道店,加盟,综合体,,,,,,,,,,1,是
C10597,兴义大商汇新场店,重庆公司,贵阳战区,云贵省区,遵义办,关店,专卖店,加盟,街铺,15421821,1112303624,,6015453024849,,,7129860878442825762,3003042322164425150,,1,是
C10598,南宁安吉万达鲸喜食街店,广东公司,南宁战区,广西省区,南宁办,关店,专卖店,加盟,综合体,15522622,,,6015543279849,601392,,,,,1,是
C10599,河南郑州火车站东广场1店,陕西公司,郑州战区,河南省区,郑州办,关店,专柜店,加盟,高势能,,,,,,,,,,1,是
C10600,新建中心2店,江西公司,南昌一战区,江西一区,南昌一办,关店,专卖店,加盟,街铺,16442516,171356886,,6015463924849,,,6601175179919886350,3003668565176684789,,1,是
C10601,丰城樟树东方明珠店,江西公司,南昌二战区,江西一区,丰新办,关店,专卖店,加盟,商超,,,,,,,,,,1,是
C10602,九江仪表厂店,江西公司,九江战区,江西二区,九江办,关店,专卖店,加盟,街铺,15372779,1112297051,,6015448032849,,,7127868682218244099,3003232211179967006,,1,是
C10604,直属大连泉水D1区店,陕西公司,沈阳战区,辽吉省区,大连办,关店,专卖店,直营,街铺,15395573,1112313451,,6015483183849,601365,1865801321,7145723187941902350,3003430017564320002,,1,是
C10607,江苏苏州吴中万达店,浙江公司,苏州战区,江苏省区,苏州办,关店,专卖店,加盟,综合体,16337519,1128332274,,6015429468849,,1888430370,7172807679092459533,3003232209949830461,,1,是
C10608,杭州萧山银泰店,浙江公司,杭州战区,浙江省区,杭州办,关店,专卖店,加盟,综合体,15666041,507511251,,6015556464849,,1723746245,7142131037954148383,3003142313324941818,,1,是
C10609,加盟独椒戏深圳福田区连城新天地店,其他,深圳战区,独椒戏,独椒戏(深圳),正常营业,,加盟,,,,,,,,,,,1,
C10611,江西拓延建设工程有限公司（营建账号勿删）,其他,,酱卤事业部,营建部,正常营业,经销,加盟,特殊渠道,,,,,,,,,,1,否
C10612,长春新天地渠道店,陕西公司,沈阳战区,辽吉省区,长春办,关店,渠道店,加盟,,,,,,,,,,,1,是
C10613,北京新世界百货望京店,陕西公司,北京战区,京津冀省区,北京办,关店,专卖店,加盟,综合体,15712912,507511508,,6015448031849,,,7154615404206229534,3003277734240757167,,1,是
C10614,江西鹏翔建设集团有限公司,其他,,酱卤事业部,营建部,正常营业,,加盟,,,,,,,,,,,1,否
C10615,赣州新中央城店,江西公司,赣州战区,江西一区,赣州办,关店,专卖店,加盟,街铺,15700735,1126059095,,6016593135849,,,6627853148998338567,3003795503190123977,,1,是
C10616,深圳市蜂巢建筑科技有限公司（营建账号勿删）,其他,,酱卤事业部,营建部,关店,渠道店,加盟,特殊渠道,,,,,,,,,,1,否
C10617,江西震国建筑工程有限公司,其他,,酱卤事业部,营建部,关店,渠道店,加盟,特殊渠道,,,,,,,,,,1,否
C10618,赣州信丰汽车总站店,江西公司,赣州战区,江西一区,赣州办,关店,专柜店,加盟,交通枢纽,,,,,,,,,,1,是
C10619,广州艺都建筑装饰工程有限公司,其他,,酱卤事业部,营建部,正常营业,,加盟,,,,,,,,,,,1,否
C10621,沈阳华发装饰工程有限公司（山东公司）,其他,,酱卤事业部,营建部,正常营业,,加盟,,,,,,,,,,,1,否
C10626,青岛徽派装饰有限公司,其他,,酱卤事业部,营建部,关店,渠道店,加盟,,,,,,,,,,,1,否
C10627,钟鼓楼,江西公司,南昌一战区,江西二区,南昌三办,正常营业,专卖店,加盟,街铺,19800414,527035205,14657079.0,6015415628849,,2483066,6601144593574529027,6724909429605877316,2025111911077000000113664660|xiniu_xgc_bgc,1,是
C10628,开关厂,江西公司,南昌一战区,江西一区,南昌一办,正常营业,专卖店,加盟,街铺,21080114,1180994991,15967932.0,6015429562849,601363,29659,6601168321142327310,6724909380551728185,,1,是
C10629,贵阳观山湖联合广场美宜佳专柜店,重庆公司,贵阳战区,云贵省区,贵阳办,关店,专卖店,加盟,特殊渠道,,,,,,,,,,1,是
C10630,中山路,江西公司,南昌一战区,江西二区,南昌三办,正常营业,专卖店,加盟,街铺,19875959,526830217,15967942.0,6015415040849,,29637,6601164271667644429,6724909544064776918,2025111911077000000113720583|xiniu_xgc_bgc,1,是
C10631,孺子路店,江西公司,南昌一战区,江西二区,南昌三办,关店,专卖店,加盟,街铺,,,,,,,,,,1,是
C10632,青岛总站店,浙江公司,青岛战区,山东省区,青岛办,关店,专卖店,加盟,高势能,,,,,,,,,,1,是
C10633,济宁南站专柜一店,浙江公司,青岛战区,山东省区,济南办,关店,专柜店,加盟,高势能,,,,,,,,,,1,是
C10634,九江永修书香门第店,江西公司,九江战区,江西二区,九江办,正常营业,专卖店,加盟,街铺,19358022,1119434942,,6017186516849,,1780550357,7233345596289976378,,2025112011077000000113751259|xiniu_xgc_bgc,1,是
C10635,广州东站专卖店,广东公司,广州战区,广东省区,广佛办,关店,专柜店,加盟,高势能,,,,,,,,,,1,否
C10636,东莞长安vivo专卖店,广东公司,东莞战区,广东省区,东莞办,关店,专卖店,加盟,街铺,15803720,507633902,,6015990686849,,,7144597047520266278,,,1,否
C10637,东莞洪梅尧均专卖店,广东公司,东莞战区,广东省区,东莞办,关店,专卖店,加盟,街铺,15556963,507482648,,6015543345849,,720296140,7136484608874383400,3003051217298429443,,1,是
C10638,聊大二店,浙江公司,青岛战区,山东省区,济南办,关店,专卖店,加盟,街铺,1119808456,1119808456,,,,,,6724909310325388702,,1,是
C10639,威海环翠两岸商厦店,浙江公司,青岛战区,山东省区,青岛办,关店,专卖店,加盟,街铺,15499621,1116967069,,6015511825849,,,7136356453689853960,3003232211700130917,,1,是
C10640,济宁南站专柜二店,浙江公司,青岛战区,山东省区,济南办,关店,专柜店,加盟,高势能,,,,,,,,,,1,是
C10641,济宁站专柜,浙江公司,青岛战区,山东省区,济南办,关店,专柜店,加盟,高势能,,,,,,,,,,1,是
C10642,贵阳云岩中大国际专卖二店,重庆公司,贵阳战区,云贵省区,贵阳办,关店,专卖店,加盟,综合体,,,,,,,,3002752476955481137,,1,是
C10643,贵阳云岩贵阳壹号专卖店,重庆公司,贵阳战区,云贵省区,贵阳办,关店,专卖店,加盟,综合体,,,,,,,,,,1,是
C10644,贵阳花溪龙湾万达亭子专卖店,重庆公司,贵阳战区,云贵省区,贵阳办,关店,专卖店,加盟,综合体,,,,6015518386849,,,,,,1,是
C10645,赣州国际企业中心店,江西公司,赣州战区,江西一区,赣州办,关店,专卖店,加盟,街铺,19264951,,,6016630915849,,,6891554096914892815,,,1,是
C10646,萍乡芦溪凌云北路店,江西公司,宜春战区,江西二区,宜春办,正常营业,专卖店,加盟,街铺,18478237,1172375767,19600595.0,6015463925849,,1069931394,7131663967285413927,,2025112011077000000113736813|xiniu_xgc_bgc,1,是
C10647,山西晋中信息学院店,陕西公司,西安战区,山西办,山西办,关店,专卖店,加盟,特殊渠道,,,,,,,,,,1,否
C10649,福清凯旋城专卖店,江西公司,福州战区,福建省区,福州办,关店,专卖店,加盟,街铺,15682587,1119838316,,,,92057860,7155287771714848772,,,1,是
C10650,西安碧桂园凤凰城店,陕西公司,西安战区,陕西省区,西安办,关店,专卖店,加盟,街铺,15587493,,,6015537391849,,,7127154234281658402,,,1,是
C10652,云南食文化会展专号,重庆公司,贵阳战区,云贵省区,昆明办,关店,渠道店,加盟,特殊渠道,,,,,,,,,,1,是
C10654,贵阳春平食品平台,重庆公司,贵阳战区,云贵省区,贵阳办,关店,渠道店,加盟,特殊渠道,,,,,,,,,,1,是
C10655,安徽阜阳理工学院,浙江公司,苏州战区,安徽办,安徽办,关店,渠道店,加盟,特殊渠道,,,,,,,,,,1,是
C10656,河南上蔡金星世纪广场店,陕西公司,郑州战区,河南省区,驻马店办,关店,专卖店,加盟,综合体,15590203,1116821442,,6015463031849,,,7141238787966765060,,,1,是
C10657,兰宫路,江西公司,南昌一战区,江西二区,南昌三办,关店,专卖店,加盟,街铺,,,,6015531948849,601403,,7133887896550115368,3003320666809307807,,1,是
C10658,直属儒喜嗨鸭店,江西公司,嗨鸭项目组,江西二区,南昌三办,关店,专卖店,直营,综合体,15496372,1116832269,,,,1698266733,,,,1,是
C10659,昆明美团优选电商,重庆公司,贵阳战区,云贵省区,昆明办,关店,渠道店,加盟,特殊渠道,,,,,,,,,,1,是
C10660,山东优食商贸有限公司济南美团优选,浙江公司,青岛战区,山东省区,济南办,关店,渠道店,加盟,,,,,,,,,,,1,是
C10661,东莞洪梅嘉荣专卖店,广东公司,东莞战区,广东省区,东莞办,关店,专卖店,加盟,商超,15659997,507398843,,6015545202849,,830938134,7138647834164889611,3003626133552571702,,1,是
C10662,西安长乐坡沁水新城店,陕西公司,西安战区,陕西省区,西安办,关店,专卖店,加盟,街铺,,,,,,,,,,1,是
C10663,沈阳佳跃云峰街地铁站店,陕西公司,沈阳战区,辽吉省区,沈阳办,关店,专卖店,加盟,交通枢纽,15524176,507496743,,6015483265849,601416,914223459,7307186846310598692,6724909544087605504,,1,是
C10664,东莞凤岗嘉乐汇专卖店,广东公司,东莞战区,广东省区,东莞办,关店,专卖店,加盟,商超,10257673,501238683,16638071.0,6014151611849,600087,1307385891,6601244758578825230,2161880276012693742,,1,是
C10665,江门开平水口升宝广场专卖店,广东公司,广州战区,广东省区,中珠办,关店,专卖店,加盟,街铺,,,,6015448219849,601389,,cover_C10665_7130613964346263567,cover_C10665_3003027223264174733,,1,是
C10666,江门恩平昌大昌专卖店,广东公司,广州战区,广东省区,中珠办,关店,专卖店,加盟,街铺,15402227,,,6015449014849,601371,,7147252587052402722,3003232212795762080,,1,是
C10667,见福便利店系统福俱路店,江西公司,福州战区,福建省区,福州办,关店,专卖店,加盟,商超,,,,,,,,,,1,是
C10668,西安凤城八路东环超市店,陕西公司,西安战区,陕西省区,西安办,关店,专卖店,加盟,商超,,,,,,,,,,1,是
C10669,青岛崂山秦岭路店,浙江公司,青岛战区,山东省区,青岛办,关店,专卖店,加盟,商超,,,,,,,,,,1,是
C10670,青岛李沧夏庄路店,浙江公司,青岛战区,山东省区,青岛办,关店,专卖店,加盟,商超,,,,,,,,,,1,是
C10671,泰安泰山新时代店,浙江公司,青岛战区,山东省区,济南办,关店,专卖店,加盟,商超,,,,,,,,,,1,是
C10672,北京望京华彩家乐福,陕西公司,北京战区,京津冀省区,北京办,关店,专卖店,加盟,综合体,11730150,,,6015447628849,601409,,6860168883001722895,6724909479004976682,,1,否
C10673,温州迪嘞便利专卖店,浙江公司,杭州战区,福建省区,浙南办,关店,专卖店,加盟,特殊渠道,,,,,,,,,,1,是
C10674,丰城樟树江南华城二店,江西公司,南昌二战区,江西一区,丰新办,关店,专卖店,加盟,街铺,17806297,507837467.0,,,,,7163287732800718863,3003569320880677225,,1,是
C10675,大连山东路渠道店,陕西公司,沈阳战区,辽吉省区,大连办,关店,渠道店,加盟,,,,,,,,,,,1,是
C10676,大连沙能街渠道店,陕西公司,沈阳战区,辽吉省区,大连办,关店,渠道店,加盟,,,,,,,,,,,1,是
C10677,菏泽站专柜店,浙江公司,青岛战区,山东省区,济南办,关店,专柜店,加盟,高势能,,,,,,,,,,1,是
C10678,直属杭州滨江宝龙永辉店,浙江公司,杭州战区,浙江省区,杭州办,关店,专卖店,直营,商超,15596640,1118411167,,6015527957849,,822593572,7158730787070838821,3003589243092804124,,1,是
C10679,直属山西太原公元时代城店,陕西公司,西安战区,山西办,山西办,关店,专卖店,直营,综合体,15851999,507662978,,6015463923849,,,7144240488265189390,,,1,是
C10680,慈溪大润发店,浙江公司,杭州战区,浙江省区,宁波办,关店,专卖店,加盟,商超,15735028,507522761,,6015557353849,,,,,,1,是
C10681,西安珠江新城摩卡小镇店,陕西公司,西安战区,陕西省区,西安办,关店,专卖店,加盟,街铺,15777892,,,6015589933849,,,7144482894059145231,,,1,是
C10682,温州潘桥便利专卖店,浙江公司,杭州战区,福建省区,浙南办,关店,专卖店,加盟,商超,,,,,,,,,,1,是
C10683,重庆邻里社区电商店,重庆公司,重庆战区,川渝省区,重庆办,关店,渠道店,加盟,特殊渠道,,,,,,,,,,1,是
C10684,直属湘潭城市盒子情景购物街店,江西公司,长沙战区,湖南省区,长沙办,关店,专卖店,直营,街铺,,,,,,,,,,1,是
C10685,直属湘潭板塘铺店,江西公司,长沙战区,湖南省区,长沙办,关店,专卖店,直营,街铺,,,,,,,,,,1,是
C10686,直属湘潭基建营步步高店,江西公司,长沙战区,湖南省区,长沙办,关店,专卖店,直营,街铺,,,,,,,,,,1,是
C10687,直属湘潭中心店,江西公司,长沙战区,湖南省区,长沙办,关店,专卖店,直营,街铺,,,,,,,,,,1,是
C10689,重庆京东到家电商店,重庆公司,重庆战区,川渝省区,重庆办,关店,渠道店,加盟,特殊渠道,,,,,,,,,,1,是
C10690,上饶步行街店,江西公司,抚州战区,江西二区,上饶办,关店,专卖店,加盟,街铺,,,,,,,,,,1,是
C10691,昆明多多买菜电商店,重庆公司,贵阳战区,云贵省区,昆明办,关店,渠道店,加盟,特殊渠道,,,,,,,,,,1,是
C10692,昆明兴盛优选电商渠道店,重庆公司,贵阳战区,云贵省区,昆明办,关店,渠道店,加盟,特殊渠道,,,,,,,,,,1,是
C10693,济南省博大润发超内店,浙江公司,青岛战区,山东省区,济南办,关店,专卖店,加盟,商超,,,,,,,,,,1,是
C10694,聊城振华开发区超内店,浙江公司,青岛战区,山东省区,济南办,关店,专卖店,加盟,商超,,,,,,,,,,1,是
C10695,赣州信丰一小店,江西公司,赣州战区,江西一区,赣州办,正常营业,专卖店,加盟,街铺,,,,6016627492849,,,7164310679766173726,3003342742886846772,,1,是
C10696,鹰抚抚州瑶平路店,江西公司,抚州战区,江西一区,鹰抚办,关店,专卖店,加盟,街铺,,,,6015517776849,,,7129092568600315942,3003232211479105943,,1,是
C10697,济南历下龙湖天街超内店,浙江公司,青岛战区,山东省区,济南办,关店,专卖店,加盟,商超,,,,,,,,,,1,是
C10698,重庆十荟团社区电商店,重庆公司,重庆战区,川渝省区,重庆办,关店,渠道店,加盟,特殊渠道,,,,,,,,,,1,是
C10699,贵州盒马鲜生电商平台,重庆公司,贵阳战区,云贵省区,贵阳办,关店,渠道店,加盟,特殊渠道,,,,,,,,,,1,是
C10700,济南历下万达圣豪超内店,浙江公司,青岛战区,山东省区,济南办,关店,专卖店,加盟,综合体,,,,,,,,,,1,是
C10701,河南汝南中盛广场店,陕西公司,郑州战区,河南省区,驻马店办,关店,专卖店,加盟,综合体,15587138,507447623,,6015463716849,,,7136073265662920742,,,1,是
C10702,北京白鹿江西餐厅专柜店（马连道店）,陕西公司,北京战区,京津冀省区,北京办,关店,专柜店,加盟,特殊渠道,,,,,,,,,,1,是
C10703,西安凤城三路东环超市店,陕西公司,西安战区,陕西省区,西安办,关店,专卖店,加盟,商超,,,,,,,,,,1,是
C10704,安徽黟县店,浙江公司,苏州战区,安徽办,安徽办,关店,专卖店,加盟,街铺,15742153,1121002037,,6015543740849,,1242071848,,3003470621512863896,,1,是
C10705,安徽黟县二店,浙江公司,苏州战区,安徽办,安徽办,关店,渠道店,加盟,街铺,,,,,,,,,,1,是
C10706,河南郑州华豫佰佳聂庄店,陕西公司,郑州战区,河南省区,郑州办,关店,专卖店,加盟,街铺,,,,,,,,,,1,是
C10707,河南郑州华豫佰佳陇海路店,陕西公司,郑州战区,河南省区,郑州办,关店,专卖店,加盟,街铺,,,,,,,,,,1,是
C10708,河南郑州华豫佰佳庆丰街店,陕西公司,郑州战区,河南省区,郑州办,关店,专卖店,加盟,商超,,,,,,,,,,1,是
C10709,河南郑州华豫佰佳南关街店,陕西公司,郑州战区,河南省区,郑州办,关店,专卖店,加盟,街铺,,,,,,,,,,1,是
C10710,河南郑州华豫佰佳国槐街店,陕西公司,郑州战区,河南省区,郑州办,关店,专卖店,加盟,街铺,,,,,,,,,,1,是
C10711,河南郑州华豫佰佳农科路店,陕西公司,郑州战区,河南省区,郑州办,关店,专卖店,加盟,街铺,,,,,,,,,,1,是
C10712,河南郑州华豫佰佳英协路店,陕西公司,郑州战区,河南省区,郑州办,关店,专卖店,加盟,街铺,,,,,,,,,,1,是
C10713,河南郑州华豫佰佳海马店,陕西公司,郑州战区,河南省区,郑州办,关店,专卖店,加盟,街铺,,,,,,,,,,1,是
C10714,河南郑州华豫佰佳阳光城店,陕西公司,郑州战区,河南省区,郑州办,关店,专卖店,加盟,街铺,,,,,,,,,,1,是
C10715,河南郑州华豫佰佳荣邦城店,陕西公司,郑州战区,河南省区,郑州办,关店,专卖店,加盟,街铺,,,,,,,,,,1,是
C10716,九江万达广场店,江西公司,九江战区,江西二区,九江办,关店,专卖店,加盟,综合体,16174219,1126214095,15968045.0,6015594960849,,726139494,7130873739063134249,3003026347968013245,,1,是
C10717,九江泰山路店,江西公司,九江战区,江西二区,九江办,关店,专卖店,加盟,街铺,,,,,,,,,,1,是
C10718,河源太平古街专卖店,广东公司,东莞战区,广东省区,惠汕办,关店,专卖店,加盟,街铺,15636574,1116823328,,,,,7142709892367779879,,,1,是
C10719,河南郑州华豫佰佳锦和苑店,陕西公司,郑州战区,河南省区,郑州办,关店,专卖店,加盟,商超,,,,,,,,,,1,是
C10720,墅溪路保利合光店,江西公司,南昌一战区,江西二区,南昌三办,暂停营业,专卖店,加盟,街铺,16014405,507571050,,6015658025849,,1849760506,7146069675481270279,3003892274103132474,,1,是
C10722,龙岗平湖福星街专卖店,广东公司,深圳战区,广东省区,龙岗办,关店,专卖店,加盟,街铺,16048431,1125561098,,,,,7167213535280236558,,,1,是
C10725,高新南大道龙湖店,江西公司,南昌一战区,江西一区,南昌二办,关店,专卖店,加盟,综合体,16282102,507394689,,6015518016849,,,7136872326217336868,,,1,是
C10726,上饶弋阳东华时代广场店,江西公司,抚州战区,江西二区,上饶办,正常营业,专卖店,加盟,综合体,15702373,,16383963.0,6015543200849,,1892164780,7132516754344904715,3003127925170970920,2025111911077000000113618694|xiniu_xgc_bgc,1,是
C10727,安顺普定中兴大道凯旋城店,重庆公司,贵阳战区,云贵省区,遵义办,正常营业,专卖店,加盟,街铺,15601573,1118664165,16638118.0,6015516255849,,933783904,7138248750174046238,3003111377353909070,2025111911077000000113688623|xiniu_xgc_bgc,1,是
C10728,山西太原美特好滨河店,陕西公司,西安战区,山西办,山西办,关店,专卖店,加盟,商超,,,,,,,,,,1,是
C10729,天津鞍山西道店,陕西公司,北京战区,京津冀省区,天津办,关店,专卖店,加盟,街铺,15619787,507506632,,6015528843849,,,,,,1,是
C10730,江苏南通如皋磨头镇店,浙江公司,苏州战区,江苏省区,苏州办,关店,专卖店,加盟,街铺,15591463,507451168,,6015517458849,,995174499,7139014236453210143,,,1,是
C10731,云南建水学政考棚景区店,重庆公司,贵阳战区,云贵省区,昆明办,关店,专卖店,加盟,交通枢纽,15480030,1116974945,,6015536692849,,,7148008512587565059,,,1,是
C10732,合肥庐阳大润发店,浙江公司,苏州战区,安徽办,安徽办,关店,渠道店,加盟,商超,,,,,,,,,,1,是
C10733,湖州安吉科技学院(孝源店）,浙江公司,杭州战区,浙江省区,杭州办,关店,渠道店,加盟,特殊渠道,,,,,,,,,,1,是
C10734,温州瑞安新城吾悦广场店,浙江公司,杭州战区,福建省区,浙南办,关店,渠道店,加盟,商超,,,,,,,,,,1,是
C10735,宝安民治上塘荟专卖店,广东公司,深圳战区,广东省区,宝安办,关店,专卖店,加盟,综合体,15569935,1118663556,,6016005231849,601424,1637254798,7143209546209560616,,,1,是
C10736,温州龙湾万达店,浙江公司,杭州战区,福建省区,浙南办,关店,渠道店,加盟,特殊渠道,,,,,,,,,,1,是
C10737,台州仙居新城吾悦店,浙江公司,杭州战区,福建省区,浙南办,关店,渠道店,加盟,特殊渠道,,,,,,,,,,1,是
C10739,台州玉环新城吾悦店,浙江公司,杭州战区,福建省区,浙南办,关店,渠道店,加盟,特殊渠道,,,,,,,,,,1,是
C10740,直属永辉龙湖天街店,江西公司,南昌一战区,江西一区,南昌二办,关店,专柜店,直营,综合体,,,,,,,,,,1,是
C10742,昌南康城,江西公司,南昌一战区,江西二区,南昌四办,关店,专卖店,加盟,街铺,26027264,524760561,,6015789432849,,1183713842,7131814995595266063,3003322211423658931,,1,是
C10743,江西松标建筑工程有限公司（赣州仓库）（营建账号勿删）,其他,,酱卤事业部,营建部,正常营业,经销,加盟,特殊渠道,,,,,,,,,,1,否
C10744,南京审计学院店,浙江公司,苏州战区,江苏省区,南京办,关店,渠道店,加盟,特殊渠道,,,,,,,,,,1,是
C10745,威海乳山九龙汇店,浙江公司,青岛战区,山东省区,青岛办,关店,专卖店,加盟,商超,,,,,,,,,,1,是
C10746,九江彭泽联盛店,江西公司,九江战区,江西二区,九江办,关店,专卖店,加盟,商超,16395930,508003826,,6015531569849,,,cover_C10746_7140566625580910600,cover_C10746_3003143545829036438,,1,是
C10747,青岛黄岛香江路利群店,浙江公司,青岛战区,山东省区,青岛办,关店,专卖店,加盟,商超,7725691,300651339,,6015593129849,,,6846296850492852227,3002793875425305486,,1,是
C10748,抚顺新隆嘉新湖店,陕西公司,沈阳战区,辽吉省区,辽吉外阜办,关店,专卖店,加盟,街铺,15619874,1116840680,,6015529601849,,,7152659399063013384,3003357042712548687,,1,是
C10749,直属上饶步行街店,江西公司,抚州战区,江西二区,上饶办,关店,专卖店,直营,街铺,15436935,507356988,,6016783404849,,,7130579414567372837,,,1,是
C10750,沈阳英芝韵渠道店,陕西公司,沈阳战区,辽吉省区,沈阳办,关店,渠道店,加盟,,,,,,,,,,,1,是
C10751,烟台招远黄金技术学院专柜店,浙江公司,青岛战区,山东省区,青岛办,关店,专卖店,加盟,特殊渠道,,,,,,,,,,1,是
C10752,桂林学院店,广东公司,南宁战区,广西省区,柳桂办,关店,渠道店,加盟,街铺,,,,,,,7154651566681622563,,,1,否
C10753,桂林医学院临桂店,广东公司,南宁战区,广西省区,柳桂办,关店,专柜店,加盟,商超,,,,6015656737849,,,,,,1,否
C10754,桂林师专店,广东公司,南宁战区,广西省区,柳桂办,关店,渠道店,加盟,街铺,,,,,,,,,,1,否
C10755,中山黄圃蓝天金地花园专卖店,广东公司,广州战区,广东省区,中珠办,关店,专卖店,加盟,街铺,15784922,507546789,16256695.0,6015580125849,,1730360401,7145322332070873095,3003154351497613548,,1,是
C10756,太原小店区阳光花园店,陕西公司,西安战区,山西办,山西办,关店,专卖店,加盟,街铺,,,,6015788776849,,,7133764010964584483,,,1,是
C10757,太原小店区大马中路店,陕西公司,西安战区,山西办,山西办,关店,专卖店,加盟,街铺,15516794,507420252,,6015789150849,,,71338916039234070344,,,1,是
C10758,烟台港银商贸有限公司优同便利系统,浙江公司,青岛战区,山东省区,青岛办,关店,渠道店,加盟,,,,,,,,,,,1,是
C10759,厦门乌石浦酒店渠道,江西公司,厦门战区,福建省区,闽南办,关店,渠道店,加盟,,,,,,,,,,,1,是
C10760,上海宝山宝杨宝龙广场店,浙江公司,上海战区,上海省区,上海一办,关店,渠道店,加盟,特殊渠道,,,,,,,,,,1,是
C10762,直属滨州爱琴海店,浙江公司,青岛战区,山东省区,直属办,关店,专卖店,直营,综合体,507615577,507615577,,6015562608849,,,7146758772336101410,,,1,是
C10763,温州大西洋银泰城店,浙江公司,杭州战区,福建省区,浙南办,关店,专卖店,加盟,特殊渠道,27190559,,,,,,,,,1,是
C10764,直属株洲天元区翡翠名园店,江西公司,长沙战区,湖南省区,长沙办,关店,专柜店,直营,街铺,,,,,,,,,,1,是
C10765,温州平阳万达店,浙江公司,杭州战区,福建省区,浙南办,关店,渠道店,加盟,特殊渠道,,,,,,,,,,1,是
C10766,温州万科景山印象里店,浙江公司,杭州战区,福建省区,浙南办,关店,渠道店,加盟,特殊渠道,,,,,,,,,,1,是
C10767,温州龙湾吾悦广场店,浙江公司,杭州战区,福建省区,浙南办,关店,渠道店,加盟,特殊渠道,,,,,,,,,,1,是
C10769,防城港中心区乐天花园店,广东公司,南宁战区,广西省区,南宁办,关店,专卖店,加盟,街铺,15625570,1119837389,16384030.0,6015543278849,601391,1107293418,7147511771728005157,,2026031711077000000115369612|xiniu_xgc_bgc,1,是
C10770,惠州瑞峰广场天虹专卖店,广东公司,东莞战区,广东省区,惠汕办,关店,专卖店,加盟,商超,9773566,500953563,15905434.0,6014315101849,600054,1715366943,6876474833455106048,6724909544076617002,2025111911077000000113731590|xiniu_xgc_bgc,1,是
C10771,安徽工业大学,浙江公司,苏州战区,安徽办,安徽办,关店,渠道店,加盟,街铺,,,,,,,,,,1,否
C10772,温州宏泰大厦店,浙江公司,杭州战区,福建省区,浙南办,关店,专柜店,加盟,特殊渠道,,,,,,,,,,1,是
C10773,九江家家乐店,江西公司,九江战区,江西二区,九江办,关店,专卖店,加盟,街铺,15701206,507511258,,6015517585849,,,7138218097370105893,3002105585460187502,,1,是
C10774,合肥漫乐城店,浙江公司,苏州战区,安徽办,安徽办,关店,专卖店,加盟,综合体,17007090,1141793826,,,,689725743,,,,1,是
C10775,佛山乐从水藤步行街专卖店,广东公司,广州战区,广东省区,广佛办,关店,专卖店,加盟,街铺,16163818,1126042824,,6015933958849,601456,1980737076,7146813846743681058,3003453861301133812,,1,是
C10776,吉安安福汽车站店,江西公司,宜春战区,江西一区,吉安办,关店,专卖店,加盟,交通枢纽,,,,6015600270849,,1922864469,7148832044494112802,,,1,是
C10777,进贤康盛阳光店,江西公司,南昌二战区,江西二区,南昌三办,正常营业,专卖店,加盟,街铺,534045345,534045345,,6017189611849,,807569619,7278490092736366628,3002804147434557456,,1,是
C10778,漳州南靖新中山专卖店,江西公司,厦门战区,福建省区,闽南办,关店,专卖店,加盟,街铺,,,,,,,,3003586053797454263,,1,是
C10779,河南许昌向阳路店,陕西公司,郑州战区,河南省区,河南外阜办,关店,专卖店,加盟,街铺,,,,,,,,,,1,是
C10780,潍坊安丘向阳路佳乐家店,浙江公司,青岛战区,山东省区,青岛办,关店,专卖店,加盟,商超,15808985,,,,,,6921453919415568384,3002295759081317862,,1,是
C10781,沈阳龙湖天街永辉店,陕西公司,沈阳战区,辽吉省区,沈阳办,关店,专卖店,加盟,商超,15677956,1119709394,15905490.0,6015530004849,,1234889940,7227696793843976250,3003595216817461293,,1,是
C10782,西安子午服务区南区店,陕西公司,西安战区,陕西省区,西安办,关店,专卖店,加盟,交通枢纽,,,,,,,,,,1,否
C10783,湾里鹏泰超市店,江西公司,南昌一战区,江西一区,南昌一办,正常营业,专卖店,加盟,商超,16442743,508055471,16638129.0,6015826156849,,611067579,7173551369482143756,3003457290378057027,2025112011077000000113625745|xiniu_xgc_bgc,1,是
C10784,山东优食商贸有限公司青岛乐华便利店,浙江公司,青岛战区,山东省区,青岛办,关店,渠道店,加盟,商超,,,,,,,,,,1,是
C10785,直属潍坊青州商店街大润发,浙江公司,青岛战区,山东省区,直属办,关店,专卖店,直营,商超,16421306,,,6015059194849,,,6983883338658367519,,,1,是
C10786,宝安新安中粮专卖店,广东公司,深圳战区,广东省区,宝安办,关店,专柜店,加盟,街铺,508356135,508356135,,6016006124849,,1970863867,7205409229560088587,,,1,是
C10787,通化江南欧亚店,陕西公司,沈阳战区,辽吉省区,长春办,关店,专卖店,加盟,商超,16761098,508215295,,,,1103067142,7156189994489481224,3003617846882865603,,1,是
C10788,威海环翠韩乐坊店,浙江公司,青岛战区,山东省区,青岛办,关店,专卖店,加盟,街铺,15774104,1122234952,,,,15774104,7145036388684007465,,,1,是
C10790,长沙星沙信息学院店,江西公司,长沙战区,湖南省区,长沙办,关店,专卖店,加盟,特殊渠道,,,,6015659422849,,,7150582684949940258,,,1,是
C10791,湖南锦世翔装饰工程有限公司（营建账号勿删）,其他,,酱卤事业部,营建部,正常营业,经销,加盟,特殊渠道,,,,,,,,,,1,否
C10792,杭州临安宝龙店,浙江公司,杭州战区,浙江省区,杭州办,关店,专柜店,加盟,商超,,,,,,,,,,1,是
C10793,腾大餐饮杭州江东龙湖店,浙江公司,杭州战区,浙江省区,杭州办,关店,渠道店,加盟,商超,,,,,,,,,,1,是
C10794,杭州西子国际店,浙江公司,杭州战区,浙江省区,杭州办,关店,渠道店,加盟,综合体,,,,,,,,,,1,是
C10795,腾大餐饮杭州青山湖宝龙店,浙江公司,杭州战区,浙江省区,杭州办,关店,渠道店,加盟,特殊渠道,,,,,,,,,,1,是
C10796,腾大餐饮杭州富春新天地店,浙江公司,杭州战区,浙江省区,杭州办,关店,渠道店,加盟,特殊渠道,,,,,,,,,,1,是
C10797,广州白云钟落潭地铁站专卖店,广东公司,广州战区,广东省区,广佛办,关店,,加盟,,,,,,,,,,,1,是
C10798,沈阳佳跃超市沈辽路店,陕西公司,沈阳战区,辽吉省区,沈阳办,关店,专卖店,加盟,街铺,16052618,1128284975,,6015295032849,601459,,7045103999451662372,3003083602693560227,,1,是
C10799,杭州奥体印象城店,浙江公司,杭州战区,浙江省区,杭州办,关店,专柜店,加盟,综合体,15799936,507575181,,6015671227849,,,7148345136731129889,,,1,是
C10800,杭州西湖大学云谷校区店,浙江公司,杭州战区,浙江省区,杭州办,关店,渠道店,加盟,特殊渠道,,,,,,,,,,1,是
C10801,杭州汽车高级技工学校店,浙江公司,杭州战区,浙江省区,杭州办,关店,渠道店,加盟,特殊渠道,,,,,,,,,,1,是
C10802,杭州浙江理工大学生活一区店,浙江公司,杭州战区,浙江省区,杭州办,关店,渠道店,加盟,特殊渠道,,,,,,,,,,1,是
C10803,杭州江干东城永辉超市店,浙江公司,杭州战区,浙江省区,杭州办,关店,渠道店,加盟,特殊渠道,,,,,,,,,,1,是
C10804,义乌佛堂永辉超市店,浙江公司,杭州战区,浙江省区,杭州办,关店,渠道店,加盟,特殊渠道,,,,,,,,,,1,是
C10805,杭州萧山宝龙永辉内场店,浙江公司,杭州战区,浙江省区,杭州办,关店,渠道店,加盟,商超,,,,,,,,,,1,是
C10806,西安东关南街店,陕西公司,西安战区,陕西省区,西安办,关店,专卖店,加盟,街铺,15828231,1116963074,,6015589552849,,,7138428205941131296,,,1,是
C10807,贵阳云岩金关百花大道专卖店,重庆公司,贵阳战区,云贵省区,贵阳办,关店,专卖店,加盟,街铺,16299965,,,6015990598849,,,7163853630792173605,3003656720987758749,,1,是
C10808,宝安公明根竹园专卖店,广东公司,深圳战区,广东省区,宝安办,关店,专卖店,加盟,商超,,,,,,,,,,1,是
C10809,厦门思明悦享店（方田几）,江西公司,厦门战区,福建省区,闽南办,关店,渠道店,加盟,商超,,,,,,,,,,1,是
C10810,厦门思明火车站店（方田几）,江西公司,厦门战区,福建省区,闽南办,关店,渠道店,加盟,商超,,,,,,,,,,1,是
C10811,厦门集美宏谦店（方田几）,江西公司,厦门战区,福建省区,闽南办,关店,渠道店,加盟,商超,,,,,,,,,,1,是
C10812,厦门集美万科云城一店（方田几）,江西公司,厦门战区,福建省区,闽南办,关店,渠道店,加盟,商超,,,,,,,,,,1,是
C10813,厦门集美万科云城二店（方田几）,江西公司,厦门战区,福建省区,闽南办,关店,渠道店,加盟,商超,,,,,,,,,,1,是
C10814,厦门海沧石塘店（方田几）,江西公司,厦门战区,福建省区,闽南办,关店,渠道店,加盟,商超,,,,,,,,,,1,是
C10815,厦门思明创想店（方田几）,江西公司,厦门战区,福建省区,闽南办,关店,渠道店,加盟,商超,,,,,,,,,,1,是
C10816,韶关翁源龙湖广场专卖店,广东公司,广州战区,广东省区,广佛办,关店,专卖店,加盟,街铺,15790349,507620475,14725177.0,6015594278849,,1915415464,7139591081473083428,3003172772469122201,,1,是
C10817,龙岗平湖融湖专卖店,广东公司,深圳战区,广东省区,龙岗办,关店,专卖店,加盟,街铺,,,,6015824794849,,,,,,1,是
C10818,安徽滁州大润发,浙江公司,苏州战区,安徽办,安徽办,关店,专柜店,加盟,综合体,15947609,1123343673,,6016190949849,,570175415,7153818701219760167,3003527144003806035,,1,是
C10819,赣州滩儿上店,江西公司,赣州战区,江西一区,赣州办,关店,专卖店,加盟,街铺,15700690,507506878,,,,,7144350217919055910,,,1,是
C10820,赣州龙都店,江西公司,赣州战区,江西一区,赣州办,关店,专卖店,加盟,街铺,16883150,,,,,,7205403062221932605,,,1,是
C10821,吉安泰和沙村店,江西公司,赣州战区,江西一区,吉安办,正常营业,专卖店,加盟,街铺,,,,6015599385849,,1232309636,7139341970706532367,3003085083093577209,2025112011077000000113622815|xiniu_xgc_bgc,1,是
C10822,经开榴云路店,江西公司,南昌一战区,江西一区,南昌一办,正常营业,专卖店,加盟,街铺,15983740,524626385,16256687.0,6017149747849,,1457324554,7158998005910079522,3003672151975994441,2026030411077000000115209713|xiniu_xgc_bgc,1,是
C10823,南昌理工学院,江西公司,南昌一战区,江西一区,南昌一办,关店,专卖店,加盟,特殊渠道,,,,,,,,,,1,是
C10824,宜春鹏发店,江西公司,宜春战区,江西二区,宜春办,关店,专卖店,加盟,街铺,15984007,507565176.0,,6015601114849,,1856975256,7144915891614910477,3003436388568568293,,1,是
C10825,衡阳师范学院店,江西公司,长沙战区,湖南省区,长沙办,关店,专卖店,加盟,特殊渠道,,,,,,,,,,1,是
C10826,九江德安凤凰城店,江西公司,九江战区,江西二区,九江办,关店,专卖店,加盟,街铺,,,,,,,,,,1,是
C10827,东莞东坑喜悦里专卖店,广东公司,东莞战区,广东省区,东莞办,关店,专卖店,加盟,综合体,15900319,508087095,,6015991656849,,1553622963,7156854837265565727,3003221565488080051,,1,是
C10828,沈阳大太阳沈辽路比优特店,陕西公司,沈阳战区,辽吉省区,沈阳办,关店,专卖店,加盟,商超,,,,,,,,,,1,是
C10829,杭州阿里巴巴云谷园区店,浙江公司,杭州战区,浙江省区,杭州办,关店,渠道店,加盟,特殊渠道,,,,,,,,,,1,是
C10830,杭州浙江农林大学店,浙江公司,杭州战区,浙江省区,杭州办,关店,渠道店,加盟,特殊渠道,,,,,,,,,,1,是
C10831,沈阳大太阳长青店,陕西公司,沈阳战区,辽吉省区,沈阳办,关店,专卖店,加盟,商超,,,,,,,,,,1,是
C10832,上海嘉定工艺美术职业学院,浙江公司,上海战区,上海省区,上海一办,关店,渠道店,加盟,特殊渠道,,,,,,,,,,1,是
C10833,龙岗横岗六约路专卖店,广东公司,深圳战区,广东省区,龙岗办,关店,专卖店,加盟,街铺,,,,,,,,,,1,是
C10834,北京东城南锣鼓巷店,陕西公司,北京战区,京津冀省区,北京办,关店,专卖店,加盟,交通枢纽,15677346,,,6015557514849,,,7142761776730343463,,,1,是
C10835,桂林博文学院店,广东公司,南宁战区,广西省区,柳桂办,关店,渠道店,加盟,街铺,,,,,,,7146399502704838669,,,1,否
C10836,北京全家便利店,陕西公司,北京战区,京津冀省区,北京办,关店,,加盟,,,,,,,,,,,1,是
C10837,北京7-11便利店,陕西公司,北京战区,京津冀省区,北京办,关店,渠道店,加盟,特殊渠道,,,,,,,,,,1,是
C10838,北京罗森便利店,陕西公司,北京战区,京津冀省区,北京办,关店,渠道店,加盟,特殊渠道,,,,,,,,,,1,是
C10839,江苏华润苏果渠道店,浙江公司,苏州战区,江苏省区,苏州办,关店,渠道店,加盟,特殊渠道,,,,,,,,,,1,是
C10840,大连金州渠道店,陕西公司,沈阳战区,辽吉省区,大连办,关店,渠道店,加盟,综合体,,,,,,,,,,1,是
C10841,温州龙港大润发专卖店,浙江公司,杭州战区,福建省区,浙南办,关店,专卖店,加盟,商超,,,,,,,,,,1,是
C10842,九江学院商业街店,江西公司,九江战区,江西二区,九江办,关店,专卖店,加盟,街铺,,,,6015650743849,,1975245702,7143541860860954639,3003620646579509654,,1,是
C10843,长沙开福区德雅路店,江西公司,长沙战区,湖南省区,长沙办,关店,专卖店,加盟,街铺,15746222,507484372,,6015579853849,,,7143923135878793229,,,1,是
C10844,上饶公园道店,江西公司,抚州战区,江西二区,上饶办,正常营业,专卖店,加盟,街铺,15803970,507620469,16256677.0,6015580143849,,781952662,7146400890751027237,,2025111911077000000113762069|xiniu_xgc_bgc,1,是
C10845,西安永松路东环超市店,陕西公司,西安战区,陕西省区,西安办,关店,专卖店,加盟,商超,,,,,,,,,,1,是
C10846,山东优食商贸有限公司京东到家,浙江公司,青岛战区,山东省区,青岛办,关店,渠道店,加盟,商超,,,,,,,,,,1,是
C10847,深圳尖叫优选科技有限公司,广东公司,深圳战区,广东省区,龙岗办,关店,,加盟,,,,,,,,,,,1,是
C10848,深圳家有好物科技有限公司,广东公司,深圳战区,广东省区,龙岗办,关店,,加盟,,,,,,,,,,,1,是
C10849,景德镇新德园店,江西公司,九江战区,江西二区,景德镇办,关店,专卖店,加盟,街铺,15624865,507502903,,6015532433849,,,cover_C10849_7139856793362794537,3003523806853934417,,1,是
C10850,沈阳万佳渠道店,陕西公司,沈阳战区,辽吉省区,沈阳办,关店,渠道店,加盟,特殊渠道,,,,,,,,,,1,是
C10851,广西工商职业学院武鸣店,广东公司,南宁战区,广西省区,南宁办,关店,专卖店,加盟,特殊渠道,,,,,,,,,,1,否
C10853,威海乳山易捷美食,浙江公司,青岛战区,山东省区,青岛办,关店,渠道店,加盟,商超,,,,,,,,,,1,是
C10854,天津工业大学店,陕西公司,北京战区,京津冀省区,天津办,关店,渠道店,加盟,特殊渠道,,,,,,,,,,1,是
C10855,赣州石城财富广场店,江西公司,赣州战区,江西一区,赣州办,关店,专卖店,加盟,街铺,15971784,507429456,,,,,7143515760176924702,,,1,是
C10856,东莞南城众利路专卖店,广东公司,东莞战区,广东省区,东莞办,关店,渠道店,加盟,街铺,,,,,,,,,,1,是
C10857,珠海斗门时代倾城专卖店,广东公司,广州战区,广东省区,中珠办,关店,专卖店,加盟,街铺,,,,6015579068849,601438,,7149091275298326568,3003232209241908102,,1,是
C10858,广州白云元下田专卖店,广东公司,广州战区,广东省区,广佛办,关店,渠道店,加盟,特殊渠道,,,,,,,,,,1,是
C10859,海安星湖商业广场店,浙江公司,苏州战区,江苏省区,苏州办,关店,专卖店,加盟,综合体,15859422,507586404,,6015665782849,,,7148618191449622558,3003232209892287685,,1,是
C10860,韶关新丰府前路专卖店,广东公司,广州战区,广东省区,广佛办,关店,专卖店,加盟,街铺,15933690,,,6015594458849,,1598067881,7142515260858042403,3003232212169172261,,1,是
C10861,南宁东站兴途店,广东公司,南宁战区,广西省区,南宁办,关店,专卖店,加盟,高势能,,,,,,,,,,1,否
C10862,海南美团优选（三亚仓）,广东公司,海口战区,海南办,海南办,关店,渠道店,加盟,特殊渠道,,,,,,,,,,1,是
C10863,海口椰博路专卖店,广东公司,海口战区,海南办,海南办,关店,专卖店,加盟,街铺,15990025,507709699,15905454.0,6016291440849,,1921411906,7160927481954994176,,2026031711077000000115267633|xiniu_xgc_bgc,1,是
C10864,上饶东都花园店,江西公司,抚州战区,江西二区,上饶办,正常营业,专卖店,加盟,街铺,,,,6015580729849,,,7159046053193320448,,,1,是
C10865,赣州万达广场店,江西公司,赣州战区,江西一区,赣州办,关店,专卖店,加盟,综合体,16085471,,,,,,7154337607294388232,,,1,是
C10866,厦门翔安华天学院店,江西公司,厦门战区,福建省区,闽南办,关店,渠道店,加盟,商超,,,,,,,,,,1,是
C10867,普宁万泰汇专卖店,广东公司,东莞战区,广东省区,惠汕办,关店,专卖店,加盟,综合体,15819571,,,,,,7148364878011435049,,,1,是
C10868,汕尾陆丰潭西专卖店,广东公司,东莞战区,广东省区,惠汕办,关店,专卖店,加盟,街铺,16077317,507556036,,6015578394849,,1010799909,7145755885246908424,3003232212902945902,,1,是
C10869,九江修水金碧世家店,江西公司,九江战区,江西二区,九江办,正常营业,专卖店,加盟,街铺,,,,,,1837972844,7165815730506565664,,2025112011077000000113656724|xiniu_xgc_bgc,1,是
C10870,上海中科学院上海药物研究所店,浙江公司,上海战区,上海省区,上海一办,关店,渠道店,加盟,特殊渠道,,,,,,,,,,1,是
C10871,抚南资溪滨江新城店,江西公司,抚州战区,江西一区,鹰抚办,关店,专卖店,加盟,街铺,15833502,507562665,,6015600354849,,1151496644,7152064410696845326,3003529488577277428,,1,是
C10872,宜春御景店,江西公司,宜春战区,江西二区,宜春办,关店,专卖店,加盟,街铺,16212964,1126056531.0,,,,,7154157376621250568,3003881464817332132,,1,是
C10873,西安航天基地枫栖东路店,陕西公司,西安战区,陕西省区,西安办,关店,专卖店,加盟,街铺,1124495266,1124495266,,6015754382849,,,7158989709669042189,,,1,否
C10874,河南省驻马店恒大名都店,陕西公司,郑州战区,河南省区,驻马店办,关店,专卖店,加盟,综合体,15874991,507662979,,6015649959849,,,7152129732757162019,,,1,是
C10875,宝安新安上川村专卖店,广东公司,深圳战区,广东省区,宝安办,关店,专卖店,加盟,街铺,15971941,1157628546,,6016577057849,,1479161308,7154638388056819748,3004285765507160908,,1,是
C10876,九江瑞昌公园店,江西公司,九江战区,江西二区,九江办,关店,专卖店,加盟,街铺,,,,6017186339849,,,7152484700995454988,,,1,是
C10877,直属沈阳阳光一百店,陕西公司,沈阳战区,辽吉省区,辽吉直营办,关店,专卖店,直营,街铺,15822878,507577188,,6015542569849,601415,724091561,7148233961645443075,3003624145107461452,,1,是
C10878,赣州万达宏昌超市店,江西公司,赣州战区,江西一区,赣州办,关店,专卖店,加盟,综合体,16883621,507917103,,,,,7170000860318009384,,,1,是
C10879,进贤华润吾悦广场,江西公司,南昌二战区,江西二区,南昌四办,关店,专卖店,加盟,综合体,,,,6015600185849,,,7147129896630913032,,,1,是
C10880,太原小店区华宇百花谷店,陕西公司,西安战区,山西办,山西办,关店,专卖店,加盟,综合体,16624120,508114672,,,,1716394565,7186935129682479165,,,1,是
C10881,南宁科学数字学院店,广东公司,南宁战区,广西省区,南宁办,关店,渠道店,加盟,街铺,,,,,,,,,,1,否
C10882,广西艺术学院相思湖店,广东公司,南宁战区,广西省区,南宁办,关店,专卖店,加盟,街铺,,,,,,,,,,1,是
C10883,江西科技学院中快专柜店,江西公司,南昌一战区,江西一区,南昌二办,关店,专柜店,加盟,特殊渠道,,,,,,,,,,1,是
C10885,九江陶洼菜场店,江西公司,九江战区,江西二区,九江办,正常营业,专卖店,加盟,街铺,16214879,507733658,,6015674750849,,710491175,7156149017955534882,3003872394073807245,2025112011077000000113676720|xiniu_xgc_bgc,1,是
C10886,九江怡和苑店,江西公司,九江战区,江西二区,九江办,关店,专卖店,加盟,街铺,15954851,1119426605,,6015648898849,,,7146157667868739591,3003232211185771364,,1,是
C10887,九江谢家垅店,江西公司,九江战区,江西二区,九江办,正常营业,专卖店,加盟,街铺,15954961,1123314331,,6015676700849,,706096740,7147660177611687940,3003443966605667641,2025112011077000000113675719|xiniu_xgc_bgc,1,是
C10889,惠州惠城旺岗专卖店,广东公司,东莞战区,广东省区,惠汕办,关店,专卖店,加盟,街铺,15820522,,,6015599298849,,1136619632,7149377429209876492,3003232212886988151,,1,是
C10890,中山东升同昌路专卖店,广东公司,广州战区,广东省区,中珠办,关店,专卖店,加盟,街铺,15985701,1123997216,,6015647542849,601439,1335099677,7155400348188805127,3003196249314665221,,1,是
C10891,直属重庆渝北鸳鸯店,重庆公司,重庆战区,川渝省区,重庆办,关店,专卖店,直营,街铺,16446196,509915727,,6015992339849,,,7149450938117195779,3003673999113331598,,1,是
C10893,广州白云嘉禾望岗专卖店,广东公司,广州战区,广东省区,广佛办,关店,专卖店,加盟,街铺,15941042,507672402,,6015787648849,,,7151065038520846349,,,1,是
C10894,衡阳蒸湘区精彩生活店,江西公司,长沙战区,湖南省区,长沙办,关店,专卖店,加盟,综合体,19491619,,,6015932919849,,591383778,7163853968383150084,,,1,是
C10895,西安汉城西路金辉优步花园店,陕西公司,西安战区,陕西省区,西安办,关店,专卖店,加盟,街铺,16913433,,,6016480205849,,,7172725467152123935,,,1,是
C10896,东莞厚街河田专卖店,广东公司,东莞战区,广东省区,东莞办,关店,专卖店,加盟,街铺,,,,,,,,,,1,是
C10897,上饶弋阳幸福里店,江西公司,抚州战区,江西二区,上饶办,正常营业,专卖店,加盟,街铺,16800143,1138570535,16256691.0,6016782760849,,1446659425,7162035838023370767,3003232211532260370,2026030911077000000115214938|xiniu_xgc_bgc,1,是
C10898,天津群乐生鲜超市店,陕西公司,北京战区,京津冀省区,天津办,关店,渠道店,加盟,商超,,,,,,,,,,1,是
C10901,上饶广丰鹏和食品店,江西公司,抚州战区,江西二区,上饶办,关店,渠道店,加盟,特殊渠道,,,,,,,,,,1,是
C10904,西安丈八西路袁旗寨店,陕西公司,西安战区,陕西省区,西安办,关店,专卖店,加盟,街铺,,,,,,,,,,1,是
C10905,安顺普定富强路专卖二店,重庆公司,贵阳战区,云贵省区,遵义办,关店,专卖店,加盟,街铺,16301763,1126072206,,6015992220849,,,7152894822230165534,3003673675168719594,,1,是
C10906,直属上海嘉定宝龙广场店,浙江公司,上海战区,上海省区,上海一办,关店,专卖店,直营,商超,,,,,,,,,,1,是
C10907,上海永辉金汇龙湖,浙江公司,上海战区,上海省区,上海一办,关店,渠道店,加盟,特殊渠道,,,,,,,,,,1,是
C10908,东莞常平万和专卖店,广东公司,东莞战区,广东省区,东莞办,关店,专柜店,加盟,综合体,16156210,1122222768,,6015844894849,,1022987741,7164618287953905705,3003232213012783704,,1,是
C10909,九江庐山西海风景区店,江西公司,九江战区,江西二区,九江办,关店,专卖店,加盟,交通枢纽,,,,,,,,,,1,否
C10910,赣州崇义阳明路店,江西公司,赣州战区,江西一区,赣州办,正常营业,专卖店,加盟,综合体,16241466,1126701047,,6016629094849,,1521469668,7218752502378793015,3003872394046214831,2025112011077000000113656726|xiniu_xgc_bgc,1,是
C10911,赣州石城东城菜市场店,江西公司,赣州战区,江西一区,赣州办,关店,专卖店,加盟,街铺,16515343,,,,,,6668592811316758541,,,1,是
C10912,赣州石城小松店,江西公司,赣州战区,江西一区,赣州办,关店,专卖店,加盟,街铺,,,,,,,7160457198248658944,,,1,是
C10913,苏州星光耀店,浙江公司,苏州战区,江苏省区,苏州办,关店,专卖店,加盟,综合体,15973042,1123353649,,6015671418849,,746842790,7156804676292184100,3003232209887896881,,1,是
C10914,九江怡祥苑店,江西公司,九江战区,江西二区,九江办,关店,专卖店,加盟,街铺,16775871,1137967485,,6016944847849,,1356770251,6750874912199591949,6724909434112423377,,1,是
C10915,江铃臻园店,江西公司,南昌一战区,江西二区,南昌三办,正常营业,专卖店,加盟,街铺,24036831,507687237,14657311.0,6015599281849,,1750676884,7160898741707212832,3003322211422020231,2025112011077000000113627798|xiniu_xgc_bgc,1,是
C10916,直属普宁商品城二店专卖店（禁用）,广东公司,东莞战区,广东省区,惠汕办,正常营业,,直营,,,,,,,,,,,1,是
C10917,淮安清江浦区水韵天成店,浙江公司,苏州战区,江苏省区,南京办,关店,专卖店,加盟,街铺,,,,,,,7155696667344242692,,,1,是
C10918,安徽罗集服务区南区,浙江公司,苏州战区,安徽办,安徽办,关店,专卖店,加盟,交通枢纽,,,,,,,,,,1,否
C10919,安徽罗集服务区北区,浙江公司,苏州战区,安徽办,安徽办,关店,专卖店,加盟,交通枢纽,,,,,,,,,,1,否
C10920,义乌钻石餐饮娱乐店,浙江公司,杭州战区,浙江省区,杭州办,正常营业,经销,加盟,特殊渠道,,,,,,,,,,1,是
C10921,三亚浩瀚食品,广东公司,海口战区,海南办,海南办,关店,渠道店,加盟,特殊渠道,,,,,,,,,,1,是
C10922,菜小蔬专柜店,江西公司,南昌一战区,江西一区,南昌一办,关店,专柜店,加盟,综合体,,,,,,,,,,1,是
C10923,扬子洲杨新路店,江西公司,南昌一战区,江西一区,南昌一办,正常营业,专卖店,加盟,街铺,,,,,,,,3003658069153129169,,1,是
C10924,九江金鹏城店,江西公司,九江战区,江西二区,九江办,关店,专卖店,加盟,街铺,16085212,1126035425,,6015673268849,,,7156462106647201822,3003241542470380984,,1,是
C10925,湖北武汉工程大学专柜店,江西公司,九江战区,湖北办,湖北办,关店,专柜店,加盟,特殊渠道,,,,,,,,,,1,是
C10926,湖北武汉铁路学院食堂专柜店,江西公司,九江战区,湖北办,湖北办,关店,专柜店,加盟,特殊渠道,,,,,,,,,,1,是
C10927,湖北武汉工程大学公寓食堂专柜店,江西公司,九江战区,湖北办,湖北办,关店,专柜店,加盟,特殊渠道,,,,,,,,,,1,是
C10930,西安朱雀大街朱雀东坊店,陕西公司,西安战区,陕西省区,西安办,关店,专卖店,加盟,街铺,16330066,507714647,,6015790501849,,,7159033598640097321,,,1,是
C10931,台州市临海服务区一店,浙江公司,杭州战区,福建省区,浙南办,关店,专卖店,加盟,交通枢纽,,,,,,,,,,1,是
C10932,陕西咸阳沣东阳光荟店,陕西公司,西安战区,陕西省区,陕西外阜办,关店,专卖店,加盟,街铺,,,,,,,7171307049408530439,,,1,是
C10933,台州市临海服务区二店,浙江公司,杭州战区,福建省区,浙南办,关店,专卖店,加盟,交通枢纽,,,,,,,,,,1,是
C10938,吉安泰和灌溪店,江西公司,赣州战区,江西一区,吉安办,暂停营业,专卖店,加盟,街铺,,,,6015787545849,,1477232829,7162904076261263375,3003144915418164509,,1,是
C10939,丰城樟树九龙湾店,江西公司,南昌二战区,江西一区,丰新办,关店,专卖店,加盟,街铺,16180438,,,,,,,3003785088967808357,,1,是
C10940,东莞凤岗佳嘉豪园专卖店,广东公司,东莞战区,广东省区,东莞办,关店,专卖店,加盟,街铺,16081186,,,,,,7160224702336927759,,,1,是
C10941,云南临沧百树广场店,重庆公司,贵阳战区,云贵省区,昆明办,关店,专卖店,加盟,街铺,16038256,1126032862,,6015992416849,,,7155101110406121479,3003196655229250843,,1,是
C10942,九江湖口智慧城店,江西公司,九江战区,江西二区,九江办,关店,专卖店,加盟,街铺,16168536,1126042870.0,,6015675844849,,,7158724226457798664,3003745342215004233,,1,是
C10943,成都市亿鑫三和企业管理有限公司（佛山西站店）,广东公司,广州战区,广东省区,广佛办,正常营业,专卖店,加盟,高势能,,,,,,,,,,1,是
C10944,海南琼中万家惠专卖店,广东公司,海口战区,海南办,海南办,关店,专卖店,加盟,街铺,15966230,1146214532,,,,,,,,1,是
C10945,河南鹤壁百盛祥店,陕西公司,郑州战区,河南省区,河南外阜办,关店,专卖店,加盟,商超,,,,,,,,,,1,是
C10946,沈阳铁西盛京大天地店,陕西公司,沈阳战区,辽吉省区,沈阳办,关店,专卖店,加盟,商超,16431151,1127521302,,,,,7173857651309152293,,,1,是
C10947,山东海事学院专柜店,浙江公司,青岛战区,山东省区,青岛办,关店,专卖店,加盟,特殊渠道,,,,,,,,,,1,是
C10948,上海昆山大润发朝阳中路店,浙江公司,苏州战区,上海省区,上海一办,关店,专卖店,加盟,商超,,,,,,,,,,1,是
C10949,陕西咸阳泾阳文庙广场店,陕西公司,西安战区,陕西省区,陕西外阜办,关店,专卖店,加盟,街铺,16071044,1126702830,,6015753684849,,,7156837997290194959,,,1,是
C10950,杭州甬金东阳服务区店,浙江公司,杭州战区,浙江省区,杭州办,正常营业,专卖店,加盟,交通枢纽,,,,,,,,,,1,否
C10951,渚永东阳服务区店,浙江公司,杭州战区,浙江省区,杭州办,关店,专卖店,加盟,交通枢纽,,,,,,,,,,1,否
C10952,大连华丰店,陕西公司,沈阳战区,辽吉省区,大连办,关店,团购账户（购销）,加盟,综合体,,,,,,,,,,1,是
C10953,长春欧亚南三环店,陕西公司,沈阳战区,辽吉省区,长春办,关店,专卖店,加盟,综合体,16053888,1125547641,15905428.0,6015734658849,,1338292224,7164302228314916878,3003615457611651398,2026031311077000000115344335|xiniu_xgc_bgc,1,是
C10955,龙岗平湖华南城专卖店,广东公司,深圳战区,广东省区,龙岗办,关店,专柜店,加盟,街铺,17412681,,,6015825679849,601458,,7167190375361153024,,,1,否
C10956,安徽蒙城店,浙江公司,苏州战区,安徽办,安徽办,关店,专卖店,加盟,街铺,16264283,1126702676,,6016189552849,,563795483,7168442770183587847,,,1,是
C10957,新牛广场店,江西公司,南昌一战区,江西二区,南昌三办,关店,专卖店,加盟,综合体,,,,,,,,,,1,是
C10958,山东交通学院长清店,浙江公司,青岛战区,山东省区,济南办,关店,专卖店,加盟,特殊渠道,16058271,,,,,,7161274514846959647,3003205212901417814,,1,是
C10959,青岛延吉路万达家家悦店,浙江公司,青岛战区,山东省区,青岛办,关店,专卖店,加盟,综合体,,,,,,,,,,1,是
C10960,青岛市南海信广场店,浙江公司,青岛战区,山东省区,青岛办,正常营业,专卖店,加盟,商超,,,,6016774125849,,,,,,1,是
C10961,沈阳顺民心生鲜超市店,陕西公司,沈阳战区,辽吉省区,沈阳办,关店,专卖店,加盟,综合体,,,,,,,,,,1,是
C10962,惠州大学专卖店,广东公司,东莞战区,广东省区,惠汕办,关店,专卖店,加盟,街铺,,,,,,,,,,1,否
C10963,青岛市北可好便利渠道店,浙江公司,青岛战区,山东省区,青岛办,关店,渠道店,加盟,商超,,,,,,,,,,1,是
C10964,赣州华坚时代广场店,江西公司,赣州战区,江西一区,赣州办,关店,专卖店,加盟,综合体,16301849,507844978,,,,,6695673771010820104,,,1,是
C10965,深圳花生部落科技有限公司,广东公司,深圳战区,广东省区,龙岗办,关店,渠道店,加盟,特殊渠道,,,,,,,,,,1,是
C10966,直属滨州吾悦家家悦店,浙江公司,青岛战区,山东省区,直属办,关店,专卖店,直营,商超,,,,,,,,,,1,是
C10967,沈阳兴隆超市连锁有限公司铁西店,陕西公司,沈阳战区,辽吉省区,沈阳办,关店,专卖店,加盟,商超,,,,,,,,,,1,是
C10968,青岛友客便利渠道店,浙江公司,青岛战区,山东省区,青岛办,关店,渠道店,加盟,商超,,,,,,,,,,1,是
C10969,青岛便利蜂渠道店,浙江公司,青岛战区,山东省区,青岛办,关店,渠道店,加盟,商超,,,,,,,,,,1,是
C10970,山东7-ELEVEN便利渠道店,浙江公司,青岛战区,山东省区,青岛办,关店,渠道店,加盟,商超,,,,,,,,,,1,是
C10971,江苏省苏州高铁北站店,浙江公司,苏州战区,江苏省区,苏州办,正常营业,经销,加盟,高势能,,,,,,,,,,1,是
C10972,江苏省南通启东吕四港店,浙江公司,苏州战区,江苏省区,苏州办,关店,专卖店,加盟,商超,16207326,1125556099,,,,,,,,1,是
C10978,小店区恒大绿洲店,陕西公司,西安战区,山西办,山西办,关店,专卖店,加盟,综合体,,,,,,,,,,1,是
C10979,西安团结西路东尚观湖店,陕西公司,西安战区,陕西省区,西安办,关店,专卖店,加盟,街铺,16564164,1124656704,,,,,7163522648721344542,,,1,是
C10980,上海昆山欧尚白马泾路店,浙江公司,苏州战区,上海省区,上海一办,关店,专卖店,加盟,商超,11630177,2087420542,15968029.0,6013775943849,600657,1125518140,6960654792133707813,6974146457846679556,,1,是
C10981,景德镇浮梁宝鼎盛世店,江西公司,九江战区,江西二区,景德镇办,暂停营业,专卖店,加盟,综合体,16795853,1135884571,,6016020430849,,854916595,7186939558292899896,3003510752511333523,,1,是
C10982,长沙中快餐饮渠道店,江西公司,长沙战区,湖南省区,长沙办,关店,渠道店,加盟,特殊渠道,,,,,,,,,,1,是
C10983,宝安松岗满京华专卖店,广东公司,深圳战区,广东省区,宝安办,关店,专卖店,加盟,综合体,18414855,,,6016319026849,,1929744246,7250778562083424271,3004285750502237457,,1,否
C10984,杭州七彩汇店,浙江公司,杭州战区,浙江省区,杭州办,关店,专柜店,加盟,综合体,16559208,1127569180,,6014125240849,,1909209898,7221458133460191243,,,1,是
C10985,珠海斗门成裕专卖店,广东公司,广州战区,广东省区,中珠办,关店,专卖店,加盟,街铺,16271913,507794479,,6015787063849,,782370595,7162847788424759327,3003312105861882754,,1,是
C10986,福州泰禾城市广场专卖店,江西公司,福州战区,福建省区,福州办,关店,专卖店,加盟,街铺,13610717,168507497,,6013964378849,296773,13610717,6710045443797026823,,,1,是
C10987,贵州兴义神奇东路专卖店,重庆公司,贵阳战区,云贵省区,遵义办,关店,专卖店,加盟,街铺,16154878,507879091,,6015992226849,,,7163114616523294755,3003241281289822748,,1,是
C10988,厦门集美锦园专卖店,江西公司,厦门战区,福建省区,直营组,关店,专卖店,加盟,街铺,25446044,1103450430,15861082.0,6015117954849,,1436799574,7119590838803531787,3003018400107474238,,1,是
C10989,佛山三水大塘广场专卖店,广东公司,广州战区,广东省区,广佛办,关店,专卖店,加盟,街铺,16682887,,,6015933565849,,820780197,7189157514858989620,3003335712365257524,,1,否
C10990,赣州香溢华府店,江西公司,赣州战区,江西一区,赣州办,关店,专卖店,加盟,综合体,,,,6016626377849,,,7161960752209741838,,,1,是
C10991,温州龙湾大润发专卖店,浙江公司,杭州战区,福建省区,浙南办,关店,专卖店,加盟,商超,,,,,,,7173546826488875060,3003256037956330477,,1,是
C10992,广州天河元岗直街专卖店,广东公司,广州战区,广东省区,广佛办,关店,专卖店,加盟,街铺,16616977,1136501508,,6015933182849,,1149978148,7187587841415710775,3002290413593470281,,1,否
C10993,温州新南站店,浙江公司,杭州战区,福建省区,浙南办,关店,专柜店,加盟,街铺,,,,,,,,,,1,是
C10994,西安启源五路馨和居店,陕西公司,西安战区,陕西省区,西安办,关店,专卖店,加盟,街铺,,,,,,,,,,1,是
C10995,西安曲江宜居店,陕西公司,西安战区,陕西省区,西安办,关店,专卖店,加盟,街铺,,,,,,,,,,1,是
C10996,西安桃园北路世纪锦绣店,陕西公司,西安战区,陕西省区,西安办,关店,专卖店,加盟,街铺,16913431,1144639901,,6016475987849,,,7182390186155477029,,,1,是
C10997,东莞凤岗雁田东山专卖店,广东公司,东莞战区,广东省区,东莞办,关店,专卖店,加盟,街铺,16199581,1126080642,,6015991734849,,1500920222,7167232505790892032,3003606392316666163,,1,是
C10998,惠州大亚湾万达店,广东公司,东莞战区,广东省区,惠汕办,正常营业,专卖店,加盟,综合体,16228817,1126701026,16638080.0,6015786965849,,1077006867,7167603542387001352,6724909364881725379,2026031711077000000115250644|xiniu_xgc_bgc,1,是
C10999,沈阳大东盛京奥莱店,陕西公司,沈阳战区,辽吉省区,沈阳办,关店,专卖店,加盟,综合体,,,,,,,,,,1,否
C11000,杭州磐安服务区,浙江公司,杭州战区,浙江省区,杭州办,关店,专卖店,加盟,交通枢纽,,,,,,,,,,1,否
C11001,义乌国际商贸城一区12号门店,浙江公司,杭州战区,浙江省区,杭州办,正常营业,经销,加盟,综合体,,,,,,,,,,1,是
C11002,鹰潭江南水都店,江西公司,抚州战区,江西一区,鹰抚办,关店,专卖店,加盟,街铺,1127890532,1127890532,,,,,7159831317314537503,3003437431549209932,,1,是
C11005,中山石歧白水井专卖店,广东公司,广州战区,广东省区,中珠办,待开业,,加盟,,,,,,,,,,,1,是
C11006,鹰抚抚州西湖新村店,江西公司,抚州战区,江西一区,鹰抚办,正常营业,专卖店,加盟,街铺,16433779,1125553962,16383951.0,6016947127849,,924078774,7160564578307278879,3003359192876526894,2025111911077000000113746537|xiniu_xgc_bgc,1,是
C11007,河南郑州富田太阳城店,陕西公司,郑州战区,河南省区,郑州办,关店,专卖店,加盟,街铺,15653001,1127827497,,,,,7168304357471946791,,,1,是
C11008,佛山顺德五沙市场店,广东公司,广州战区,广东省区,广佛办,正常营业,专卖店,加盟,街铺,29163418,528945325,14725179.0,6016213763849,,666751431,7208114340862527503,3003571913831099934,2026031311077000000115267367|xiniu_xgc_bgc,1,是
C11009,西安大庆路大旺城店,陕西公司,西安战区,陕西省区,西安办,关店,专卖店,加盟,街铺,16330062,1127827491,,6015789921849,,,7159854759174752289,,,1,是
C11010,西安建东街店,陕西公司,西安战区,陕西省区,西安办,关店,专卖店,加盟,街铺,16225871,,,,,,7161327049221605412,,,1,是
C11011,宝安沙井后亭天源隆专卖店,广东公司,深圳战区,广东省区,宝安办,关店,专卖店,加盟,街铺,27819393,502055407,,6016843420849,600528,5012668,6601205391969748999,3002719526932649246,,1,是
C11012,赣州新南康南水店,江西公司,赣州战区,江西一区,赣州办,关店,专卖店,加盟,街铺,16296325,507990008,,6016625391849,,,7165285763603499045,3003559283654503929,,1,是
C11013,长沙中快餐饮商务学院专柜店,江西公司,长沙战区,湖南省区,长沙办,关店,专柜店,加盟,特殊渠道,,,,,,,,,,1,是
C11014,赣州华欣小区店,江西公司,赣州战区,江西一区,赣州办,关店,专柜店,加盟,街铺,,,,,,,,,,1,是
C11015,景德镇艺术职业大学店,江西公司,抚州战区,江西二区,景德镇办,关店,渠道店,加盟,特殊渠道,,,,,,,,,,1,是
C11016,九江中茂铂宫,江西公司,九江战区,江西二区,九江办,关店,专卖店,加盟,街铺,16775437,1124611796,,6015787949849,,,7160880219123877888,3003443966605798706,,1,是
C11017,漳州角美专卖店,江西公司,厦门战区,福建省区,闽南办,关店,专卖店,加盟,街铺,19483266,1177120815,,,,640227850,7171070983515768845,3003440994814763957,,1,是
C11018,温州瑞安云州专卖店,浙江公司,杭州战区,福建省区,浙南办,关店,专卖店,加盟,街铺,16422087,1127820262,,,,,7176417702385289231,3003513910289114428,,1,是
C11019,温州瑞安马屿专卖店,浙江公司,杭州战区,福建省区,浙南办,关店,专卖店,加盟,街铺,,,,,,,7174622851750692919,3003526993440776492,,1,是
C11020,淄博桓台信誉楼（山东华朋欣商贸）,浙江公司,青岛战区,山东省区,济南办,正常营业,经销,加盟,商超,,,,,,,,,,1,是
C11021,景德镇乐平东湖豪景店,江西公司,抚州战区,江西二区,景德镇办,关店,专卖店,加盟,街铺,16214121,507833002.0,,,,,7160626212191242280,3003332264618468715,,1,是
C11023,吉满（北京）餐饮管理有限公司,陕西公司,北京战区,京津冀省区,北京办,关店,渠道店,加盟,特殊渠道,,,,,,,,,,1,是
C11024,宝安石岩料坑专卖店,广东公司,深圳战区,广东省区,宝安办,关店,专卖店,加盟,街铺,16426660,1127830374,,6016578001849,,1867252643,7206258030294337568,,,1,是
C11025,上饶乐卖特三江店,江西公司,抚州战区,江西二区,上饶办,关店,专卖店,加盟,街铺,,,,6015786872849,,,7165771407505557518,,,1,是
C11026,景德镇乐平礼林店,江西公司,抚州战区,江西二区,景德镇办,关店,专卖店,加盟,街铺,,,,,,,7163547197898754085,3003437848279819045,,1,是
C11027,吉安星光综合体店,江西公司,赣州战区,江西一区,吉安办,关店,专卖店,加盟,街铺,16296953,,,6015786665849,,,7164392456031733763,,,1,是
C11028,西安金花北路店,陕西公司,西安战区,陕西省区,西安办,关店,专卖店,加盟,街铺,,,,,,,,,,1,是
C11029,安徽清溪服务区店,浙江公司,苏州战区,安徽办,安徽办,关店,专卖店,加盟,交通枢纽,,,,,,,,,,1,否
C11031,九江德安万象城店,江西公司,九江战区,江西二区,九江办,关店,专卖店,加盟,街铺,,,,,,,,,,1,是
C11033,上饶鄱阳青山湖大道店,江西公司,九江战区,江西二区,景德镇办,正常营业,专卖店,加盟,街铺,,,,,,,,,,1,是
C11034,东莞虎门怀德新丰路专卖店,广东公司,东莞战区,广东省区,东莞办,关店,专卖店,加盟,商超,16922671,509070010,,,,,7208114343238797316,,,1,是
C11035,直属沈阳工厂店,陕西公司,沈阳战区,辽吉省区,辽吉直营办,关店,专卖店,直营,街铺,16980167,,,6015753491849,,987553934,7152034427697104927,3003600494195090808,,1,否
C11036,阳江江城新达城专卖店,广东公司,广州战区,广东省区,中珠办,关店,专卖店,加盟,街铺,16483130,1128316385,,6015870711849,,1730835387,7184641380533143607,3003439861227201027,,1,是
C11037,海口海科二店,广东公司,海口战区,海南办,海南办,关店,专卖店,加盟,特殊渠道,,,,,,,,,,1,是
C11038,海口海科一店,广东公司,海口战区,海南办,海南办,关店,专卖店,加盟,特殊渠道,,,,,,,,,,1,是
C11039,贵阳南明火车站专卖店,重庆公司,贵阳战区,云贵省区,贵阳办,关店,专卖店,加盟,高势能,17471917,,,,,,cover_C11039_7221386060964562977,,,1,是
C11040,赣州瑞金三中店,江西公司,赣州战区,江西一区,赣州办,关店,专卖店,加盟,特殊渠道,26972129,1127817935,,6016600186849,,1866291122,7173472905865463820,3003372256164878298,2025111911077000000113696644|xiniu_xgc_bgc,1,是
C11041,长春新天地购物公园店,陕西公司,沈阳战区,辽吉省区,长春办,关店,专卖店,加盟,综合体,16315011,1127806434,,,,,7168698813341927455,3002348799706932640,,1,否
C11042,佛山里水保利花园专柜店,广东公司,广州战区,广东省区,广佛办,关店,专卖店,加盟,街铺,,,,,,,,,,1,否
C11043,青岛迷你岛渠道店,浙江公司,青岛战区,山东省区,青岛办,关店,渠道店,加盟,特殊渠道,,,,,,,,,,1,是
C11044,济南世纪华联渠道店,浙江公司,青岛战区,山东省区,青岛办,关店,渠道店,加盟,特殊渠道,,,,,,,,,,1,是
C11045,青岛蓝岛渠道店,浙江公司,青岛战区,山东省区,青岛办,关店,渠道店,加盟,特殊渠道,,,,,,,,,,1,是
C11046,济南益欣渠道店,浙江公司,青岛战区,山东省区,青岛办,关店,渠道店,加盟,特殊渠道,,,,,,,,,,1,是
C11047,青岛大胖渠道店,浙江公司,青岛战区,山东省区,青岛办,关店,渠道店,加盟,特殊渠道,,,,,,,,,,1,是
C11048,济南橙子便利渠道店,浙江公司,青岛战区,山东省区,青岛办,关店,渠道店,加盟,特殊渠道,,,,,,,,,,1,是
C11049,济南统一银座渠道,浙江公司,青岛战区,山东省区,青岛办,关店,渠道店,加盟,特殊渠道,,,,,,,,,,1,是
C11050,青岛兔优便利渠道店,浙江公司,青岛战区,山东省区,青岛办,关店,渠道店,加盟,特殊渠道,,,,,,,,,,1,是
C11051,济南好生活便利渠道店,浙江公司,青岛战区,山东省区,青岛办,关店,渠道店,加盟,特殊渠道,,,,,,,,,,1,是
C11052,青岛明天渠道店,浙江公司,青岛战区,山东省区,青岛办,关店,渠道店,加盟,特殊渠道,,,,,,,,,,1,是
C11053,江苏宝应店,浙江公司,苏州战区,江苏省区,苏州办,关店,专卖店,加盟,街铺,16459173,507894525,,6015849166849,,789913805,7172424219773372446,3003586685822378246,,1,是
C11055,福建福州船政学院店,江西公司,福州战区,福建省区,福州办,关店,渠道店,加盟,特殊渠道,,,,,,,,,,1,是
C11056,福州农业技术学院店,江西公司,福州战区,福建省区,福州办,关店,渠道店,加盟,特殊渠道,,,,,,,,,,1,是
C11057,南山深职院专卖店,广东公司,深圳战区,广东省区,宝安办,关店,专柜店,加盟,特殊渠道,,,,,,,,,,1,否
C11058,桂林师范大学雁山店,广东公司,南宁战区,广西省区,南宁办,关店,专卖店,加盟,街铺,,,,,,,,,,1,否
C11059,腾大餐饮衢州新城吾悦店,浙江公司,杭州战区,浙江省区,金衢办,关店,渠道店,加盟,综合体,,,,,,,,,,1,是
C11060,腾大餐饮衢州柯城万达店,浙江公司,杭州战区,浙江省区,金衢办,关店,渠道店,加盟,综合体,,,,,,,,,,1,是
C11061,河南鹤壁裕隆美食城店,陕西公司,郑州战区,河南省区,河南外阜办,关店,专卖店,加盟,商超,,,,,,,,,,1,是
C11062,党校专柜店,江西公司,南昌一战区,江西一区,南昌一办,关店,渠道店,加盟,特殊渠道,,,,,,,,,,1,是
C11063,上饶广丰里,江西公司,抚州战区,江西二区,上饶办,关店,专卖店,加盟,街铺,16774582,1137960617.0,,,,944993627,7199534307882092603,,,1,是
C11064,九龙湖安丰花园店,江西公司,南昌一战区,江西一区,南昌一办,正常营业,专卖店,加盟,街铺,16442952,1128135671,16638131.0,6015826048849,,1382372285,7173551373827442696,3003708842611644517,2026030911077000000115248009|xiniu_xgc_bgc,1,是
C11065,温州商学院店,浙江公司,杭州战区,福建省区,福州办,关店,渠道店,加盟,特殊渠道,,,,,,,,,,1,是
C11066,杭州滨江欣盛东方郡店,浙江公司,杭州战区,浙江省区,杭州办,关店,专卖店,加盟,特殊渠道,18590432,510800536,,6015731977849,,1383345198,7163952307502057512,,,1,是
C11067,西安华润二十四城店,陕西公司,西安战区,陕西省区,西安办,关店,专卖店,加盟,街铺,16287637,1126060811,,6015788135849,,,7162490249841477647,,,1,是
C11068,廊坊沃尔玛店,陕西公司,北京战区,京津冀省区,北京办,关店,专柜店,加盟,商超,15069340,2032541110,,6015116096849,320787,1086439456,6846016780737988623,6724909339398415039,,1,是
C11069,上海嘉定中信泰富万达店,浙江公司,上海战区,上海省区,上海一办,关店,专卖店,加盟,综合体,,,,,,,,3002281017982325302,,1,是
C11070,九江都昌惠民店,江西公司,九江战区,江西二区,九江办,正常营业,专卖店,加盟,街铺,,,,6017140834849,,1888150448,7208095723210934331,3003444849418511783,2025112011077000000113718739|xiniu_xgc_bgc,1,是
C11075,中快（北京）餐饮管理有限公司-人民大学店,陕西公司,北京战区,京津冀省区,北京办,关店,渠道店,加盟,特殊渠道,,,,,,,,,,1,是
C11076,深圳小蚁科技（美团快驴）,广东公司,深圳战区,广东省区,龙岗办,关店,渠道店,加盟,特殊渠道,,,,,,,,,,1,是
C11077,广州白云太和金箔广场专卖店,广东公司,广州战区,广东省区,广佛办,关店,专卖店,加盟,综合体,16613134,1135343034,14520833.0,6015934808849,,1429288045,7183193378262091816,3003407843506302447,2025112011077000000113744807|xiniu_xgc_bgc,1,是
C11079,上海宝山济光学院店,浙江公司,上海战区,上海省区,上海一办,关店,渠道店,加盟,特殊渠道,,,,,,,,,,1,是
C11080,长沙中快涉外学院专柜1店,江西公司,长沙战区,湖南省区,长沙办,关店,专柜店,加盟,特殊渠道,,,,,,,,,,1,是
C11081,长沙中快涉外学院专柜2店,江西公司,长沙战区,湖南省区,长沙办,关店,专柜店,加盟,特殊渠道,,,,,,,,,,1,是
C11082,赣州于都水南店,江西公司,赣州战区,江西一区,赣州办,关店,专卖店,加盟,街铺,,,,,,,,,,1,是
C11083,漳州理工职业技术学院店,江西公司,厦门战区,福建省区,闽南办,关店,渠道店,加盟,商超,,,,,,,,,,1,是
C11084,厦门城市职业技术学院店,江西公司,厦门战区,福建省区,闽南办,关店,渠道店,加盟,商超,,,,,,,,,,1,是
C11085,漳州城市职业技术学院店,江西公司,厦门战区,福建省区,闽南办,关店,渠道店,加盟,商超,,,,,,,,,,1,是
C11086,南宁悦荟广场店,广东公司,南宁战区,广西省区,南宁办,关店,专卖店,加盟,街铺,795895,2086617294,,6013992037849,164885,78052576,6601243830874277902,3002282136804206053,,1,是
C11087,西安鄠邑草堂镇店,陕西公司,西安战区,陕西省区,西安办,关店,专卖店,加盟,街铺,16760578,509949333.0,,6015954919849,,,7213188092415445007,3003388516356825917,,1,是
C11088,九江瑞昌一中店,江西公司,九江战区,江西二区,九江办,正常营业,专卖店,加盟,街铺,19323732,,,6017185674849,,1574580365,7164314074279479309,,2025112011077000000113645793|xiniu_xgc_bgc,1,是
C11089,沈阳福润肉类加工有限公司店,陕西公司,沈阳战区,辽吉省区,沈阳办,关店,,加盟,,,,,,,,,,,1,是
C11090,珠海金湾科技学院专卖店,广东公司,广州战区,广东省区,中珠办,关店,专卖店,加盟,特殊渠道,,,,,,,,,,1,是
C11091,西安药厂十字店,陕西公司,西安战区,陕西省区,西安办,关店,专卖店,加盟,街铺,,,,,,,7166899401531754496,,,1,是
C11092,贵阳美乘生活平台,重庆公司,贵阳战区,云贵省区,贵阳办,关店,渠道店,加盟,特殊渠道,,,,,,,,,,1,是
C11093,吉安苑前农贸市场店,江西公司,赣州战区,江西一区,吉安办,关店,专卖店,加盟,街铺,,,,,,1199258444,,3003380364072392035,,1,是
C11094,吉安阳明西路店,江西公司,赣州战区,江西一区,吉安办,关店,专卖店,加盟,街铺,,,,,,,,3003650397255770354,,1,是
C11095,抚南抚州比亚迪工厂店,江西公司,抚州战区,江西一区,鹰抚办,关店,专卖店,加盟,特殊渠道,,,,,,,,,,1,是
C11096,中金启城时代购物广场店,陕西公司,沈阳战区,辽吉省区,沈阳办,关店,专卖店,加盟,综合体,16431306,1127905987,,,,1385204462,7169552916489963535,3003462584074577314,,1,是
C11097,宜春轻工店,江西公司,宜春战区,江西二区,宜春办,关店,专柜店,加盟,特殊渠道,,,,,,,,,,1,是
C11098,长沙星沙泉塘安置小区店,江西公司,长沙战区,湖南省区,长沙办,关店,专卖店,加盟,街铺,16395246,1127904714,,6015825956849,,,7173553677511165982,3003351125636161828,,1,是
C11099,南宁建政路店,广东公司,南宁战区,广西省区,南宁办,关店,专卖店,加盟,商超,16431991,1127521037,,C11099,,,7183198070568388666,,,1,是
C11100,上海昆山盒马九方城店,浙江公司,苏州战区,上海省区,上海一办,关店,渠道店,加盟,商超,,,,,,,,,,1,是
C11101,泰兴星火店,浙江公司,苏州战区,江苏省区,苏州办,关店,专卖店,加盟,街铺,16330940,1126221540,,6015849609849,,,7168664765882075151,3003403805703548277,,1,是
C11102,陕西咸阳财富中心店,陕西公司,西安战区,陕西省区,陕西外阜办,关店,专卖店,加盟,综合体,16564166,1128287946,,,,,7174025782333802510,,,1,是
C11103,杭州余杭安乐路佳园未来府店,浙江公司,杭州战区,浙江省区,杭州办,关店,专柜店,加盟,街铺,16319278,1189767189,15967963.0,6015787175849,,1047918072,7170705452002215944,3003378625969466785,,1,是
C11104,衡阳蒸湘区香江水岸店,江西公司,长沙战区,湖南省区,长沙办,关店,专卖店,加盟,街铺,16805625,1138649775,,,,,7200305403295434787,,,1,是
C11105,赣州瑞金时代广场店,江西公司,赣州战区,江西一区,赣州办,关店,专卖店,加盟,街铺,16559794,508920107,,,,,7180647368755251212,3003453479982670337,,1,是
C11106,上饶阳光福邸店,江西公司,抚州战区,江西二区,上饶办,正常营业,专卖店,加盟,街铺,16442261,1127627513,16257046.0,6016782050849,,720323872,7168363985296476190,,2026030911077000000115088890|xiniu_xgc_bgc,1,是
C11107,来宾大洋百货店,广东公司,南宁战区,广西省区,柳桂办,关店,专卖店,加盟,街铺,16682611,1135888318,,6015934807849,,1707839012,7189182526353573900,,,1,是
C11109,青岛莱西万达家家悦店,浙江公司,青岛战区,山东省区,青岛办,关店,专卖店,加盟,综合体,16527860,1127589857,,,,,7172113816501618692,3003329764763836921,,1,是
C11110,赤峰机场店,陕西公司,沈阳战区,辽吉省区,辽吉外阜办,关店,专卖店,加盟,高势能,,,,,,,,,,1,否
C11111,沈阳金水花城店,陕西公司,沈阳战区,辽吉省区,沈阳办,关店,专卖店,加盟,商超,16571606,1127654046,,,,,7203640260352280591,3003577339496833148,,1,是
C11112,南大专柜一食堂店,江西公司,南昌一战区,江西一区,南昌一办,关店,专柜店,加盟,特殊渠道,,,,,,,,,,1,是
C11113,鹰抚上顿渡临川二小店,江西公司,抚州战区,江西一区,鹰抚办,关店,,加盟,,,,,,,,,,,1,是
C11114,赣州中环城店,江西公司,赣州战区,江西一区,赣州办,关店,专卖店,加盟,街铺,16518068,508121055,,,,,7177695104830801931,,,1,是
C11115,四平吾悦广场店,陕西公司,沈阳战区,辽吉省区,长春办,关店,专卖店,加盟,综合体,,,,,,,,,,1,是
C11116,长春迅驰广场店,陕西公司,沈阳战区,辽吉省区,长春办,关店,专卖店,加盟,综合体,6720948,502821924,16019922.0,6016301897849,,,,3002217030278620526,,1,是
C11117,泉州晋江万达夜市街专卖店,江西公司,厦门战区,福建省区,闽南办,关店,专卖店,加盟,综合体,4195825,161737708,,6014694593849,,,7135058842609682462,3002293140634210496,,1,是
C11118,深圳华润万家总仓店,广东公司,深圳战区,广东省区,龙岗办,关店,渠道店,加盟,特殊渠道,,,,,,,,,,1,是
C11119,鹰抚上顿渡临川一小店,江西公司,抚州战区,江西一区,鹰抚办,关店,专卖店,加盟,街铺,16441938,,,,,,7171031112347551747,3003728066840372339,,1,是
C11120,苏州平江万达店,浙江公司,苏州战区,江苏省区,苏州办,关店,专卖店,加盟,综合体,16644876,508129045,15905451.0,6015883765849,,90698231,7186608893072525372,3003563835955581318,,1,是
C11121,杭州甬金东阳服务区2店,浙江公司,杭州战区,浙江省区,杭州办,正常营业,专卖店,加盟,交通枢纽,,,,,,,,,,1,否
C11122,渚永东阳服务区2店,浙江公司,杭州战区,浙江省区,杭州办,关店,专卖店,加盟,交通枢纽,,,,,,,,,,1,否
C11123,西安解放路悦荟广场店,陕西公司,西安战区,陕西省区,西安办,关店,专卖店,加盟,街铺,,,,,,,7187308132769466402,,,1,是
C11124,三亚荔枝沟专卖店,广东公司,海口战区,海南办,海南办,关店,专卖店,加盟,街铺,16642806,1135334774,,,,,7183195697640917027,,,1,否
C11125,海口金棕榈专卖店,广东公司,海口战区,海南办,海南办,关店,专卖店,加盟,街铺,16431147,507951284.0,,,,,7172854749908174888,,,1,是
C11126,东莞道滘中心市场专卖店,广东公司,东莞战区,广东省区,东莞办,关店,专卖店,加盟,街铺,16375228,1127830375,,6015992501849,,,7169400254301734942,3003357291242922614,,1,是
C11127,义乌开元南街店,浙江公司,杭州战区,浙江省区,金衢办,关店,专卖店,加盟,街铺,16319209,1127581551,,6015787847849,,1772377081,7168813308122761255,3003586325743575192,,1,是
C11128,九江林语菜场店,江西公司,九江战区,江西二区,九江办,正常营业,专卖店,加盟,街铺,1137960618,1137960618,19294522.0,6016300279849,,847436609,7176877187893561344,3003523191302820598,2025112011077000000113698718|xiniu_xgc_bgc,1,是
C11130,福州屏西专卖店,江西公司,福州战区,福建省区,福州办,关店,专卖店,加盟,街铺,16542333,1127655373,,6015883575849,,,7179045296985344057,3003441010224082299,,1,是
C11131,赣州赣南师大店,江西公司,赣州战区,江西一区,赣州办,关店,专柜店,加盟,特殊渠道,,,,,,,,,,1,是
C11132,弋阳世纪华联汇金店,江西公司,抚州战区,江西二区,上饶办,关店,专卖店,加盟,商超,,,,,,,,,,1,是
C11133,河南安阳淘小胖店,陕西公司,郑州战区,河南省区,河南外阜办,关店,专卖店,加盟,商超,,,,,,,,,,1,是
C11134,长春宽城万达广场店,陕西公司,沈阳战区,辽吉省区,长春办,正常营业,专卖店,加盟,综合体,17166293,1144576141,15967929.0,6016303134849,,1945091637,6708517585400383499,3001904983386793263,2025112011077000000113706779|xiniu_xgc_bgc,1,是
C11135,金华东阳江北之芯店,浙江公司,杭州战区,浙江省区,金衢办,关店,专柜店,加盟,街铺,20886813,1197944692,,6015845372849,,1983443239,7174618241950550077,3003368888538967473,,1,是
C11136,河南驻马店金雀路店,陕西公司,郑州战区,河南省区,驻马店办,关店,专卖店,加盟,街铺,16597237,1128140807,,,,,7192032773933926438,,,1,是
C11137,惠州下埔专卖店,广东公司,东莞战区,广东省区,惠汕办,关店,专卖店,加盟,街铺,20137305,1128343698,,6015990979849,,1418468823,7183195690644801569,3003354010017113036,,1,是
C11138,厦门本地生活店,江西公司,厦门战区,福建省区,直营组,关店,渠道店,加盟,商超,,,,,,,,,,1,是
C11139,丰城万达店,江西公司,南昌二战区,江西一区,丰新办,关店,专卖店,加盟,综合体,,,,,,,,,,1,是
C11140,直属长春力旺康城店,陕西公司,沈阳战区,辽吉省区,长春办,关店,专卖店,直营,街铺,16682975,,,,,521900717,7218087885818300456,3003595096027901911,,1,是
C11141,赣州赣县星洲润达宏昌店,江西公司,赣州战区,江西一区,赣州办,正常营业,专卖店,加盟,综合体,16601678,1128299987,16384039.0,6016384339849,,,7186939768329324601,3003484112614138670,2026030911077000000115188942|xiniu_xgc_bgc,1,是
C11144,烟台大学专柜店,浙江公司,青岛战区,山东省区,青岛办,关店,专卖店,加盟,特殊渠道,,,,,,,,,,1,是
C11145,韶关高铁站专卖店,广东公司,广州战区,广东省区,广佛办,关店,专柜店,加盟,高势能,,,,,,,,,,1,是
C11146,沈阳吾悦广场店,陕西公司,沈阳战区,辽吉省区,沈阳办,关店,专卖店,加盟,商超,17898237,1135417419,,6016143270849,,,7149363425528055847,3002717354144801606,,1,是
C11147,南山哈工大专卖店,广东公司,深圳战区,广东省区,宝安办,关店,专柜店,加盟,特殊渠道,,,,,,,,,,1,否
C11148,东莞常平联邦花园专卖店,广东公司,东莞战区,广东省区,东莞办,关店,专卖店,加盟,街铺,16536190,1131400111,,6015992221849,,600204808,7183194920822245387,3003505459463037742,,1,是
C11149,南宁徐鑫渠道店,广东公司,南宁战区,广西省区,南宁办,关店,专卖店,加盟,特殊渠道,,,,,,,,,,1,否
C11151,宝安会展中心水岸专卖店,广东公司,深圳战区,广东省区,宝安办,关店,专卖店,加盟,街铺,16875853,1142994464,,6016006026849,,,7205409055123179557,3003543989087244471,,1,是
C11152,漳州诏安店,江西公司,厦门战区,福建省区,闽南办,正常营业,专卖店,加盟,街铺,16660145,508118209,15861084.0,6016143550849,,1037568306,7190700879484291083,3003440994837144312,2025111911077000000113635713|xiniu_xgc_bgc,1,是
C11153,上饶凤凰西大道绿地店,江西公司,抚州战区,江西二区,上饶办,关店,专卖店,加盟,街铺,,,,,,,,,,1,是
C11154,东莞桥头三乐广场专卖店,广东公司,东莞战区,广东省区,东莞办,关店,专卖店,加盟,街铺,16717561,1127649347,,6016577719849,,1700756064,7200267966695344131,3003612449225253985,,1,是
C11155,赣州高铁西客站专卖店,江西公司,赣州战区,江西一区,赣州办,关店,专卖店,加盟,高势能,,,,,,,,,,1,否
C11156,三亚清水湾宜之家专卖店,广东公司,海口战区,海南办,海南办,关店,专卖店,加盟,街铺,8924369,,,6016877417849,,,6871430024340244491,,,1,否
C11157,杭州磐安服务区2店,浙江公司,杭州战区,浙江省区,杭州办,关店,专卖店,加盟,交通枢纽,,,,,,,,,,1,否
C11158,直属沈阳郡源悦城店,陕西公司,沈阳战区,辽吉省区,辽吉直营办,关店,专卖店,直营,交通枢纽,18413583,510715496,,,,1828584711,,,,1,否
C11159,象湖医院超市店,江西公司,南昌一战区,江西二区,南昌四办,正常营业,经销,加盟,特殊渠道,,,,,,,,,,1,是
C11161,河南郑州绿地新里花园店,陕西公司,郑州战区,河南省区,郑州办,关店,专卖店,加盟,街铺,16573756,1135211620,,,,,7182164996174907447,,,1,是
C11162,金华沪昆兰溪服务区店,浙江公司,杭州战区,浙江省区,金衢办,关店,专柜店,加盟,交通枢纽,,,,,,,,,,1,否
C11163,金华沪昆兰溪服务区2店,浙江公司,杭州战区,浙江省区,金衢办,关店,专柜店,加盟,交通枢纽,,,,,,,,,,1,否
C11164,河南郑州森林阳光花园店,陕西公司,郑州战区,河南省区,郑州办,关店,专卖店,加盟,街铺,16876182,,,,,,7210289465284102181,,,1,是
C11166,长沙中快工程大学专柜店,江西公司,长沙战区,湖南省区,长沙办,关店,专柜店,加盟,特殊渠道,,,,,,,,,,1,是
C11167,沈阳宁山新隆嘉,陕西公司,沈阳战区,辽吉省区,沈阳办,关店,专卖店,加盟,街铺,14040101,506100301,,,,,7112375900351662117,,,1,是
C11168,金华沪昆金华服务区店,浙江公司,杭州战区,浙江省区,金衢办,关店,专卖店,加盟,交通枢纽,,,,,,,,,,1,否
C11169,金华沪昆金华服务区2店,浙江公司,杭州战区,浙江省区,金衢办,关店,专卖店,加盟,交通枢纽,,,,,,,,,,1,否
C11172,温州大学店,浙江公司,杭州战区,福建省区,福州办,关店,专卖店,加盟,特殊渠道,,,,,,,,,,1,是
C11173,温州龙港新鸿步行街专卖店,浙江公司,杭州战区,福建省区,浙南办,关店,专卖店,加盟,街铺,,,,,,,,,,1,是
C11174,宁德师范学院店,江西公司,福州战区,福建省区,闽北办,关店,专卖店,加盟,特殊渠道,,,,cover_C11174_6015430632849,,,,,,1,是
C11175,南平建阳建发广场专卖店,江西公司,福州战区,福建省区,闽北办,关店,专柜店,加盟,街铺,16516129,508096433,,6015884343849,,,7267059928127260711,3003435350233949149,,1,是
C11176,来宾北站兴荣店,广东公司,南宁战区,广西省区,柳桂办,关店,专卖店,加盟,高势能,,,,,,,,,,1,是
C11177,河池凤山县东鹏路店,广东公司,南宁战区,广西省区,南宁办,正常营业,专卖店,加盟,街铺,16895113,1139628721,16638090.0,6016144103849,,636155215,7203224282283903028,,2025112011077000000113743643|xiniu_xgc_bgc,1,是
C11178,陕西延安东大百货店,陕西公司,西安战区,陕西省区,陕西外阜办,关店,专卖店,加盟,综合体,16913430,1155404683,,,,,,,,1,是
C11179,昆明南亚风情第一城店,重庆公司,贵阳战区,云贵省区,昆明办,关店,专卖店,加盟,综合体,16670685,,,6015991457849,,,7188458938319243324,3003514485357417906,,1,是
C11180,中山东区白沙湾专卖店,广东公司,广州战区,广东省区,中珠办,关店,专卖店,加盟,街铺,,,,,,,,,,1,否
C11181,万德福专柜店,陕西公司,沈阳战区,辽吉省区,大连办,关店,专柜店,加盟,综合体,,,,,,,,,,1,是
C11182,九江长虹小区店,江西公司,九江战区,江西二区,九江办,关店,专卖店,加盟,街铺,16771980,1138444534,,6017220046849,,,7176877234278369280,3003523084783887668,,1,是
C11183,赣州赣南师范专柜店,江西公司,赣州战区,江西一区,赣州办,关店,专柜店,加盟,特殊渠道,,,,,,,,,,1,是
C11184,沈阳环宇城店,陕西公司,沈阳战区,辽吉省区,沈阳办,关店,专卖店,加盟,综合体,cover_C11184_16684611,cover_C11184_1135897665,,,,,7186573341598156859,,,1,是
C11185,温州中职学院店,浙江公司,杭州战区,福建省区,福州办,关店,专卖店,加盟,特殊渠道,,,,6015071110849,,,,,,1,是
C11186,江苏扬州宝应吾悦店,浙江公司,苏州战区,江苏省区,南京办,关店,专卖店,加盟,综合体,16563186,1128298660,,6015884555849,,1150413784,7183927849810675716,,,1,是
C11187,都匀万达店,重庆公司,贵阳战区,云贵省区,贵阳办,正常营业,专卖店,加盟,综合体,16733848,1144177298,16130438.0,6015991077849,,672646663,7211020454142674983,3003730906230069621,2025112011077000000113709730|xiniu_xgc_bgc,1,是
C11188,海口滨江路专卖店,广东公司,海口战区,海南办,海南办,关店,专卖店,加盟,街铺,17865101,510032942.0,,,,975377031.0,7208098199267969024,,,1,是
C11189,贵阳观山湖美的悦然广场店,重庆公司,贵阳战区,云贵省区,贵阳办,关店,专卖店,加盟,街铺,,,,,,,,,,1,是
C11190,珠海唐家邻里荟专卖店,广东公司,广州战区,广东省区,中珠办,关店,专卖店,加盟,街铺,,,,6016190569849,,,,,,1,否
C11191,直属嗨鸭奥体天虹店,江西公司,嗨鸭项目组,江西一区,南昌一办,关店,专卖店,直营,综合体,16571710,1135318558.0,,,,636646866,,3003544652380870002,,1,是
C11192,赣州国际时代广场店,江西公司,赣州战区,江西一区,赣州办,关店,专卖店,加盟,街铺,16553019,1127705476.0,,,,,7182163662587578405,,,1,是
C11193,佛山里水合生君景湾专卖店,广东公司,广州战区,广东省区,广佛办,关店,专柜店,加盟,街铺,,,,,,,,,,1,否
C11194,淄博张店民泰农贸店,浙江公司,青岛战区,山东省区,济南办,关店,专卖店,加盟,街铺,,,,,,,,,,1,是
C11195,光明N次方公园专卖店,广东公司,深圳战区,广东省区,宝安办,关店,专卖店,加盟,街铺,18524311,1163872508,,6016338457849,,647618346,7256650232913233960,3004020119674265989,,1,是
C11196,直属长春红旗万达广场店,陕西公司,沈阳战区,辽吉省区,长春办,关店,专卖店,直营,综合体,,,,,,,,,,1,是
C11197,温州乐清步行街专卖店,浙江公司,杭州战区,福建省区,浙南办,关店,专卖店,加盟,街铺,,,,,,,,3003585657628205464,,1,是
C11198,东莞东坑文阁路专卖店,广东公司,东莞战区,广东省区,东莞办,关店,专卖店,加盟,街铺,16818245,508313032,,6015991547849,,933758446,7208114497226016828,3003651131318972322,,1,是
C11199,民丰路好又多店,江西公司,南昌一战区,江西一区,南昌二办,正常营业,专卖店,加盟,街铺,,,,,,1864894110,7199517205460715552,3003949242065197442,2025111911077000000113743556|xiniu_xgc_bgc,1,是
C11200,百色学院澄碧湖店,广东公司,南宁战区,广西省区,南宁办,关店,专卖店,加盟,特殊渠道,,,,,,,,,,1,否
C11201,东莞寮步万润专卖店,广东公司,东莞战区,广东省区,东莞办,关店,专卖店,加盟,街铺,16696454,1135866603,,6016046463849,,1470008973,7200245455496677433,3003536275842897319,,1,是
C11204,新祺周东投阳光城店,江西公司,南昌一战区,江西一区,南昌一办,正常营业,专卖店,加盟,街铺,18454452,,,,,1023207869159114,7247832498883790887,3003711132747438109,,1,是
C11205,高安幸福超市店,江西公司,南昌二战区,江西二区,宜春办,关店,专卖店,加盟,街铺,16652915,1135327420,,,,1111741949,7186939776413468683,3003574786094408532,,1,是
C11206,邵阳武冈市新广场店,江西公司,长沙战区,湖南省区,衡邵办,关店,专卖店,加盟,综合体,17791016,1151249120,,,,861794885,7230718054785615909,,,1,是
C11208,象湖一附院专卖店,江西公司,南昌一战区,江西二区,南昌四办,关店,专卖店,加盟,街铺,16772105,,,,,,,3003550011858267527,,1,是
C11209,西安双元巷八府庄店,陕西公司,西安战区,陕西省区,西安办,关店,专卖店,加盟,街铺,17168383,1155354066,,,,,7213564492402133047,,,1,是
C11210,西安西梆子市街迎春店,陕西公司,西安战区,陕西省区,西安办,关店,专卖店,加盟,街铺,cover_C11210_20287411,,,,,,,,,1,是
C11211,南宁火车站站前超市店,广东公司,南宁战区,广西省区,南宁办,关店,专卖店,加盟,商超,,,,,,,,,,1,是
C11212,景德镇乐平众埠星远店,江西公司,抚州战区,江西二区,景德镇办,关店,专卖店,加盟,街铺,,,,,,,7183235876397271092,3003410577823245069,,1,是
C11213,长沙宁乡泉州路店,江西公司,长沙战区,湖南省区,长沙办,关店,专卖店,加盟,街铺,16589669,1135314411,,,,503935921,7186939772761098296,,,1,是
C11214,直属嗨鸭朝阳天虹店,江西公司,嗨鸭项目组,江西一区,南昌一办,关店,专卖店,直营,综合体,16628102,2083760657.0,,,,1886949247,6970436227694594089,3003720385198954992,,1,是
C11215,河南郑州万和城店,陕西公司,郑州战区,河南省区,郑州办,关店,专卖店,加盟,街铺,cover_C11215_16598011,cover_C11215_1135888059,,,,,7186482997728643112,,,1,是
C11216,长春红旗万达广场店,陕西公司,沈阳战区,辽吉省区,长春办,关店,专卖店,加盟,综合体,,,,,,,,,,1,是
C11217,长春红旗万达广场2店,陕西公司,沈阳战区,辽吉省区,长春办,关店,专柜店,加盟,综合体,16819589,508291873,16019776.0,6016303530849,,1398031376,7307215205410048038,3003615457963417818,,1,是
C11218,直属青岛李沧中海国际店,浙江公司,青岛战区,山东省区,直属办,关店,专卖店,直营,街铺,16636683,1135223405,,6016227453849,,1585080715,7187221338862389306,3003635393642999662,,1,是
C11219,三亚荔枝沟昌盛广场专卖店,广东公司,海口战区,海南办,海南办,关店,专卖店,加盟,街铺,16656980,1135364724,,,,,,,,1,是
C11220,遵义凤冈桁生源时代广场店,重庆公司,贵阳战区,云贵省区,遵义办,关店,专卖店,加盟,综合体,18903602,,,6015991733849,,,7195848123434928184,3003453388503559659,,1,是
C11221,哈尔滨大润发通乡店,陕西公司,沈阳战区,辽吉省区,哈尔滨办,关店,专卖店,加盟,商超,9526716,302445745,,6015115575849,320789,1914065496,6854261383962396679,6724909544088148585,,1,是
C11222,广州花都狮岭盘古路专卖店,广东公司,广州战区,广东省区,广佛办,关店,专卖店,加盟,街铺,16787955,508421736,,,,,7199951714101757967,3003562706896396748,,1,否
C11223,南平建瓯不夜城专卖店,江西公司,福州战区,福建省区,闽北办,关店,专卖店,加盟,综合体,,,,,,,,,,1,是
C11224,宜春帝泊湾店,江西公司,宜春战区,江西二区,宜春办,关店,专卖店,加盟,街铺,16650037,1135439025,,6016223471849,,1043163203,7186939779781494841,3003572682646266330,,1,是
C11226,韶关翁源建国一路专卖店,广东公司,广州战区,广东省区,广佛办,关店,专卖店,加盟,街铺,8991889,500733001,14934115.0,6014301420849,,1072123275,6852744219233142798,6724909516846247259,,1,是
C11227,上海徐汇街坊盒马店,浙江公司,上海战区,上海省区,上海一办,关店,渠道店,加盟,商超,,,,,,,,,,1,是
C11228,杭州富阳服务区东区店,浙江公司,杭州战区,浙江省区,杭州办,关店,专卖店,加盟,交通枢纽,,,,,,,,,,1,否
C11229,三亚后海专卖店,广东公司,海口战区,海南办,海南办,关店,专卖店,加盟,街铺,,,,,,,,,,1,否
C11230,宝安沙井上南大汇城专卖店,广东公司,深圳战区,广东省区,宝安办,关店,专卖店,加盟,街铺,16706448,1138982688,,6016005123849,,1885495667,7200301938854856742,6724909544072110300,,1,是
C11231,陕西延安黄龙中心街店,陕西公司,西安战区,陕西省区,陕西外阜办,关店,专卖店,加盟,街铺,16690466,,,,,,7190180592326019106,,,1,是
C11232,长沙中快天马专柜店,江西公司,长沙战区,湖南省区,长沙办,关店,专柜店,加盟,特殊渠道,,,,,,,,,,1,是
C11233,长春润泽超市店,陕西公司,沈阳战区,辽吉省区,长春办,关店,专柜店,加盟,商超,19086339,511976471,,6016635785849,,863934204,7216583957737900035,3003660487521247253,,1,是
C11234,上海奉贤南桥龙湖天街永辉店,浙江公司,上海战区,上海省区,上海一办,关店,渠道店,加盟,商超,,,,,,,,,,1,是
C11235,余姚高铁站店,浙江公司,杭州战区,浙江省区,宁波办,关店,专卖店,加盟,高势能,,,,,,,,,,1,否
C11237,厦门翔安大嶝岛专柜,江西公司,厦门战区,福建省区,闽南办,关店,渠道店,加盟,特殊渠道,,,,,,,,,,1,是
C11238,吉安泰和高铁站店,江西公司,赣州战区,江西一区,吉安办,正常营业,专卖店,加盟,高势能,,,,,,,,,,1,是
C11239,珠海香洲棕榈假日专卖店,广东公司,广州战区,广东省区,中珠办,关店,专卖店,加盟,街铺,16613136,1129072586,,6015884342849,,1838587526,7186474741262190630,3003566967075843649,,1,是
C11241,直属上海嘉定福海路店,浙江公司,上海战区,上海省区,上海一办,关店,专卖店,直营,街铺,16654181,1135324934,,6016105598849,,1624979119,7187982353816356921,3003536189037683587,,1,是
C11242,河南驻马店淘菜菜电商渠道账户2,陕西公司,郑州战区,河南省区,驻马店办,关店,渠道店,加盟,特殊渠道,,,,,,,,,,1,是
C11245,赣州瑞金文化广场店,江西公司,赣州战区,江西一区,赣州办,关店,专卖店,加盟,街铺,,,,,,,7211713847160211468,3003617177144370502,,1,是
C11246,吉安泰和万合店,江西公司,赣州战区,江西一区,吉安办,关店,专卖店,加盟,街铺,,,,,,,,3003745248192632883,,1,是
C11247,安徽肥东服务区,浙江公司,苏州战区,安徽办,安徽办,关店,专卖店,加盟,交通枢纽,,,,,,,,,,1,否
C11248,高安八景建材农贸市场店,江西公司,南昌二战区,江西二区,宜春办,正常营业,专卖店,加盟,街铺,,,,6016945448849,,1831779043,7221423776431343668,,,1,是
C11249,宜春万载黄茅店,江西公司,宜春战区,江西二区,宜春办,关店,专卖店,加盟,街铺,,,,,,,7220234294847866918,,,1,是
C11250,台州杜桥专卖店,浙江公司,杭州战区,福建省区,浙南办,关店,专卖店,加盟,街铺,,,,,,,,,,1,是
C11251,东莞南城莱蒙广场店,广东公司,东莞战区,广东省区,东莞办,正常营业,专卖店,加盟,街铺,16696642,1137342918,15905480.0,6016190954849,,2679881,7199952457441478689,3002804087503819479,2025111911077000000113634697|xiniu_xgc_bgc,1,是
C11252,九江瑞昌安定湖店,江西公司,九江战区,江西二区,九江办,关店,专卖店,加盟,街铺,19323959,,,,,934317949,7265970375480051727,,,1,是
C11253,贵阳清镇吾悦广场店,重庆公司,贵阳战区,云贵省区,贵阳办,关店,专卖店,加盟,综合体,16955875,509977760,16638120.0,6015991353849,,650598035,7215180594374772771,3003672571588256883,,1,是
C11254,赣州茅店镇店,江西公司,赣州战区,江西一区,赣州办,关店,专卖店,加盟,街铺,,,,6016174351849,,,7210289442307704844,,,1,是
C11255,济南高铁渠道店,浙江公司,青岛战区,山东省区,济南办,关店,渠道店,加盟,高势能,,,,,,,,,,1,是
C11257,赣州新天地国光店,江西公司,赣州战区,江西一区,赣州办,关店,专卖店,加盟,商超,,,,6016632670849,,192691730,7210264171112679461,3003103500280439147,,1,是
C11258,鹰抚贵溪凯翔春天店,江西公司,抚州战区,江西一区,鹰抚办,正常营业,专卖店,加盟,街铺,17338598,,23540936.0,6016227938849,,1963258616,7213193375787272227,3003532768820047319,,1,是
C11259,涟源地下商业街店,江西公司,长沙战区,湖南省区,株洲办,暂停营业,专卖店,加盟,街铺,18378641,1161746337,17146732.0,6015933357849,,1710965438,7251786121972025382,3003852312297251040,2025112011077000000113686760|xiniu_xgc_bgc,1,是
C11260,南宁大和平店,广东公司,南宁战区,广西省区,南宁办,关店,专卖店,加盟,街铺,17931947,533715023,16384027.0,6016173584849,,1172365741,6631875487998150660,,,1,是
C11261,直属贵阳花溪长江路专卖店,重庆公司,贵阳战区,云贵省区,贵阳办,关店,专卖店,直营,街铺,17195032,509811807,,6015992415849,,,7216200410971768835,3002771784627655189,,1,是
C11262,宜春一百商贸2店,江西公司,宜春战区,江西二区,宜春办,关店,渠道店,加盟,特殊渠道,,,,,,,,,,1,是
C11263,九江新五中菜场店,江西公司,九江战区,江西二区,九江办,关店,专卖店,加盟,街铺,,,,6017219436849,,,7199517200992962612,3002044301963208003,,1,是
C11264,西安长乐坊店,陕西公司,西安战区,陕西省区,西安办,关店,专卖店,加盟,街铺,,,,,,,,,,1,是
C11265,温州文成专卖店,浙江公司,杭州战区,福建省区,浙南办,关店,专卖店,加盟,商超,24689976,,,,,,,3003532955370597698,,1,是
C11266,台州温岭轻轨站专卖店,浙江公司,杭州战区,福建省区,浙南办,关店,专柜店,加盟,街铺,,,,,,,,,,1,是
C11267,长春大学店,陕西公司,沈阳战区,辽吉省区,长春办,关店,专卖店,加盟,特殊渠道,,,,,,,,,,1,是
C11268,北京健翔大厦店,陕西公司,北京战区,京津冀省区,北京办,关店,专卖店,加盟,商超,14244563,1127560084,,6015116866849,316177,,6951533544606795816,3002912397924995644,,1,是
C11269,北京家乐福姚家园店,陕西公司,北京战区,京津冀省区,北京办,关店,专卖店,加盟,商超,cover_C11269_8834533,cover_C11269_503346515,,cover_C11269_6015116865849,cover_C11269_316176,cover_C11269_1082680205,cover_C11269_7143799796086605835,,,1,是
C11271,吉安望族名家店,江西公司,赣州战区,江西一区,吉安办,关店,专卖店,加盟,街铺,17178439,1137774801,,6016944739849,,1868303270,7216528982257993731,3003527551768011169,,1,是
C11272,吉安肖家港邮政局煌上煌店,江西公司,赣州战区,江西一区,吉安办,关店,专卖店,加盟,街铺,16846721,1149026413,,6016830451849,,1139945486,7206236107783047224,3003745202643117458,,1,是
C11273,（景德镇）江西辰译优商贸公司,江西公司,九江战区,江西二区,景德镇办,关店,渠道店,加盟,特殊渠道,,,,,,,,,,1,是
C11274,广州海珠中大市场专卖店,广东公司,广州战区,广东省区,广佛办,关店,专卖店,加盟,街铺,5162925,164160240,14725171.0,6016268946849,269205,1544763001,7221054269149939723,3002922252784706025,2026031711077000000115391486|xiniu_xgc_bgc,1,是
C11275,陵水清水湾榕城美食节店,广东公司,海口战区,海南办,海南办,暂停营业,专卖店,加盟,街铺,19218689,,16130462.0,6016875890849,,,7247738752401934348,,,1,是
C11276,宜春万载翰林店,江西公司,宜春战区,江西二区,宜春办,关店,专卖店,加盟,街铺,,,,6016781573849,,,7194366135079274548,3003574455754822013,,1,是
C11277,直属青岛市南新贵都街边店,浙江公司,青岛战区,山东省区,直属办,关店,专卖店,直营,街铺,,,,,,,,,,1,是
C11278,九江德化小区店泰山路店,江西公司,九江战区,江西二区,九江办,关店,专卖店,加盟,街铺,16775285,1137961029.0,,,,,7199560518112118817,3003730374382723908,,1,是
C11279,河南许昌鼎鑫滨河花园店,陕西公司,郑州战区,河南省区,郑州办,关店,专卖店,加盟,街铺,16692477,1135419998,,,,,7189552896189401140,,,1,是
C11280,广州花都大润发店,广东公司,广州战区,广东省区,广佛办,正常营业,专卖店,加盟,商超,17127175,300334410,16914093.0,6016878081849,,157375932,,,,1,是
C11281,光明区公明大围专卖店,广东公司,深圳战区,广东省区,宝安办,关店,专卖店,加盟,街铺,16869264,,,6016005620849,,1848534063,7222845511525468195,3003529016838300470,,1,是
C11282,直属长春岭东路店,陕西公司,沈阳战区,辽吉省区,长春办,关店,专卖店,直营,街铺,cover_C11282_17005587,cover_C11282_1141743815,,,,cover_C11282_1239833086,cover_C11282_7218089058025605124,cover_C11282_3003622896456274274,,1,是
C11283,西安太白北路边家村店,陕西公司,西安战区,陕西省区,西安办,关店,专卖店,加盟,街铺,17168410,1155340300,16384048.0,6016128265849,,1806549104,7216595113210808360,,,1,是
C11284,杭州富阳服务区西区店,浙江公司,杭州战区,浙江省区,杭州办,关店,专卖店,加盟,交通枢纽,,,,,,,,,,1,是
C11285,福州仙塔街专卖店,江西公司,福州战区,福建省区,福州办,关店,专卖店,加盟,街铺,,,,,,,7213639893157677090,3003725453575659683,,1,是
C11286,西安钟楼骡马市店,陕西公司,西安战区,陕西省区,西安办,关店,专卖店,加盟,街铺,,,,,,,,,,1,否
C11289,陵水清水湾瀚海美食街店,广东公司,海口战区,海南办,海南办,关店,专卖店,加盟,街铺,,,,,,,,,,1,否
C11290,宝安松岗联投沃尔玛专卖店,广东公司,深圳战区,广东省区,宝安办,关店,专卖店,加盟,商超,17602079,,,6016008224849,,873474385,6896223483257161742,,,1,否
C11291,长春万科蓝山店,陕西公司,沈阳战区,辽吉省区,长春办,关店,专卖店,加盟,街铺,,,,,,,,,,1,是
C11292,直属医附院食堂专柜店,江西公司,南昌一战区,江西二区,南昌三办,关店,专柜店,直营,街铺,,,,,,,,,,1,是
C11293,万宁日月湾融创专卖店,广东公司,海口战区,海南办,海南办,关店,专卖店,加盟,交通枢纽,,,,,,,,,,1,否
C11296,沈阳环宇城,陕西公司,沈阳战区,辽吉省区,沈阳办,关店,专卖店,加盟,综合体,16684611,1135897665,,,,,,3003531996810912249,,1,是
C11297,阳朔益田西街店,广东公司,南宁战区,广西省区,柳桂办,关店,专卖店,加盟,街铺,16919772,1139470820,,6016144516849,,1221329271,7203204458308700220,3003584207651578823,,1,是
C11298,贵阳开阳一店,重庆公司,贵阳战区,云贵省区,贵阳办,关店,专卖店,加盟,街铺,17020952,509115689,,,,,7210988311068805154,3003569850433017180,,1,是
C11299,安徽肥东服务区北区,浙江公司,苏州战区,安徽办,安徽办,关店,专卖店,加盟,交通枢纽,,,,,,,,,,1,否
C11300,温州新南站一店,浙江公司,杭州战区,福建省区,浙南办,关店,专卖店,加盟,交通枢纽,24181366,521505544,15967980.0,6016436287849,,169036902,7291181392031909943,,2026031311077000000115338372|xiniu_xgc_bgc,1,是
C11303,西安朱宏路新北城店,陕西公司,西安战区,陕西省区,西安办,关店,专卖店,加盟,街铺,16913432,,,,,,7213642266877888516,3003547759357996392,,1,是
C11305,吉安服务区东区店,江西公司,赣州战区,江西一区,吉安办,关店,专卖店,加盟,交通枢纽,,,,,,,,,,1,否
C11307,赣州火车站店,江西公司,赣州战区,江西一区,赣州办,关店,专卖店,加盟,高势能,,,,,,,,,,1,否
C11308,赣州水碓店,江西公司,赣州战区,江西一区,赣州办,关店,专卖店,加盟,街铺,17019267,1141743740,,6016593727849,,1505921524,7206236459152443407,,,1,是
C11309,娄底特通渠道账户,江西公司,长沙战区,湖南省区,株洲办,关店,渠道店,加盟,特殊渠道,,,,,,,,,,1,是
C11310,河南郑州盛华里店,陕西公司,郑州战区,河南省区,郑州办,关店,专卖店,加盟,综合体,17166333,,,6016173581849,,,7210963389697230909,3003665201860062980,,1,是
C11311,绍兴江桥综合市场店,浙江公司,杭州战区,浙江省区,杭州办,关店,专卖店,加盟,街铺,16939657,508187561,,6016032265849,,1276201643,7203718222095321092,3003589263055398381,,1,是
C11312,上饶桃李郡店,江西公司,抚州战区,江西二区,上饶办,关店,专卖店,加盟,街铺,,,,6016782925849,,,7209179993249679395,3003680481643242827,,1,是
C11313,中山石岐新都汇专卖店,广东公司,广州战区,广东省区,中珠办,关店,专卖店,加盟,综合体,,,,,,,,,,1,是
C11315,绍兴上虞东街店,浙江公司,杭州战区,浙江省区,杭州办,关店,专卖店,加盟,街铺,16906321,1139750054,,6016032351849,,620652712,7205403062716860456,3003576154952738100,,1,是
C11316,三亚金宝莱专卖店,广东公司,海口战区,海南办,海南办,关店,专卖店,加盟,街铺,17002569,509155504,,,,,,,,1,否
C11317,东莞大朗蔡边专卖店,广东公司,东莞战区,广东省区,东莞办,关店,专卖店,加盟,街铺,17130904,1149144784,,6016222292849,,1200597933,7213555269689673763,3003626065408631544,,1,是
C11318,山西医科大学店,陕西公司,西安战区,山西办,山西办,关店,专卖店,加盟,特殊渠道,,,,,,,,,,1,否
C11319,靖西城中路专卖店,广东公司,南宁战区,广西省区,南宁办,关店,专卖店,加盟,街铺,17371634,510109813,,6016174350849,,1812291717,7222192079731722295,,,1,是
C11320,西安明德路明德千禧阁店,陕西公司,西安战区,陕西省区,西安办,关店,专卖店,加盟,街铺,17550294,509284274,,,,,7221849993252964389,,,1,是
C11321,贵州盘州合力超市红果店,重庆公司,贵阳战区,云贵省区,贵阳办,关店,专卖店,加盟,商超,17420441,1155319377,17520177.0,6016291831849,,952492988,7148072033232881678,3002810610365410641,,1,是
C11322,山西太原恒大山水城店,陕西公司,西安战区,山西办,山西办,关店,专卖店,加盟,街铺,17168381,,,6016772695849,,769444218,7220279632879159357,,,1,是
C11323,福州南通永嘉天地专卖店,江西公司,福州战区,福建省区,福州办,关店,专卖店,加盟,综合体,18931083,1168704493,,,,1532674065,7302307050745235497,,,1,是
C11324,未启用客户,江西公司,福州战区,福建省区,福州办,关店,,直营,,,,,,,,,,,1,否
C11325,光明区合水口地铁专卖店,广东公司,深圳战区,广东省区,宝安办,关店,专卖店,加盟,交通枢纽,17293207,509219933,14876892.0,6016144629849,,1369826155,7213554615965452320,3003609562453451053,,1,是
C11326,河南郑州新街坊店,陕西公司,郑州战区,河南省区,郑州办,关店,专卖店,加盟,街铺,17288998,,,,,,7213287857392191543,,,1,是
C11327,河南郑州东站高铁1店,陕西公司,郑州战区,河南省区,郑州办,关店,专卖店,加盟,高势能,,,,,,,,,,1,是
C11328,东莞大岭山杨屋店,广东公司,东莞战区,广东省区,东莞办,正常营业,专卖店,加盟,商超,17323134,509845079,15905485.0,6016250957849,,1160013533,7218000757625194551,3003680195784745046,2025112011077000000113638766|xiniu_xgc_bgc,1,是
C11329,北京首都机场T3安检内店,陕西公司,北京战区,京津冀省区,北京办,正常营业,专卖店,加盟,高势能,,,,,,,,,,1,是
C11330,中山东凤万科店,广东公司,广州战区,广东省区,中珠办,正常营业,专卖店,加盟,街铺,17597223,509797020,15967909.0,＇6016204343849,,1442131990,7233300321915635767,3003740465951707274,2025112011077000000113742654|xiniu_xgc_bgc,1,是
C11331,上海嘉定宝龙店,浙江公司,上海战区,上海省区,上海一办,关店,专卖店,加盟,综合体,17695251,1155283411,,6016211970849,,1766584622,7238500556073863226,3003838544830109285,,1,否
C11332,直属合肥天鹅河万达店,浙江公司,苏州战区,安徽办,安徽办,关店,专卖店,直营,综合体,,,,,,,,,,1,是
C11333,鹰抚抚州海瑞公馆店,江西公司,抚州战区,江西一区,鹰抚办,关店,专卖店,加盟,街铺,17192395,1149116007,16383975.0,6017186539849,,1487148581,7208056344975247399,3003731016748281622,,1,是
C11336,赣州赣县双龙大道店,江西公司,赣州战区,江西一区,赣州办,关店,专卖店,加盟,街铺,17243126,1144702550,,,,,7212901956103178273,3003754141548714183,,1,是
C11338,莆田动车站店,江西公司,福州战区,福建省区,福州办,正常营业,专卖店,加盟,高势能,,,,,,,,,,1,是
C11339,昆明1903盒马专柜店,重庆公司,贵阳战区,云贵省区,昆明办,关店,专卖店,加盟,综合体,16327417,,,,,,,,,1,是
C11340,苏州金鸡湖欧尚店,浙江公司,苏州战区,江苏省区,苏州办,关店,专卖店,加盟,商超,17280241,509262557,,6016174069849,,1221678217,7215115155774900239,,,1,是
C11341,富力,江西公司,南昌一战区,江西二区,南昌四办,关店,专卖店,加盟,街铺,19522731,,,,,,7319422556971206668,,,1,否
C11342,鹰潭中央星城店,江西公司,抚州战区,江西一区,鹰抚办,关店,专柜店,加盟,综合体,,,,,,,,,,1,是
C11343,赣州南康时代新城店,江西公司,赣州战区,江西一区,赣州办,正常营业,专卖店,加盟,街铺,30233115,537081607,16256682.0,6016595138849,,1999876896,7220718827720411139,3003717185825513992,2026030911077000000115178948|xiniu_xgc_bgc,1,是
C11344,未启用门店,江西公司,福州战区,福建省区,福州办,待开业,,加盟,,,,,,,,,,,1,否
C11345,福州师范学院店,江西公司,福州战区,福建省区,福州办,关店,专卖店,加盟,特殊渠道,,,,,,,,,,1,否
C11346,龙岗技师学院专卖店,广东公司,深圳战区,广东省区,龙岗办,关店,专柜店,加盟,特殊渠道,,,,,,,,,,1,否
C11347,长沙星沙当代广场店,江西公司,长沙战区,湖南省区,长沙办,关店,专卖店,加盟,街铺,17445209,1149026673,,6016190951849,,568993081,7221365583541962804,3003728173945496448,,1,是
C11348,河南郑州万和城2店,陕西公司,郑州战区,河南省区,郑州办,关店,专卖店,加盟,街铺,16598011,1135888059,,,,,cover_C11348_7213293576074037303,,,1,是
C11349,宝安桥头地铁专卖店,广东公司,深圳战区,广东省区,宝安办,关店,专柜店,加盟,交通枢纽,,,,,,,,,,1,否
C11350,上饶以伟店,江西公司,抚州战区,江西二区,上饶办,暂停营业,专卖店,加盟,街铺,17112080,509109690,16256674.0,6016782850849,,1585734650,7209122956998346810,3003617119492776148,,1,是
C11351,云南临沧云县草皮街店,重庆公司,贵阳战区,云贵省区,昆明办,关店,专卖店,加盟,街铺,17205679,1151284908,,,,,7214032799878088715,3003590342755430187,,1,是
C11352,丽江七星街二店,重庆公司,贵阳战区,云贵省区,昆明办,关店,专卖店,加盟,街铺,17350301,,,,,,7219521069462325300,3003725705657656473,,1,是
C11353,威海环翠大润发店,浙江公司,青岛战区,山东省区,青岛办,关店,专卖店,加盟,商超,9415795,501385433,16130452.0,6016304003849,,1685654506,,,,1,是
C11354,未启用门店,陕西公司,北京战区,京津冀省区,天津办,待开业,,加盟,,,,,,,,,,,1,是
C11355,天津市师大店,陕西公司,北京战区,京津冀省区,天津办,关店,专卖店,加盟,综合体,,,,,,,,,,1,否
C11356,天津武清荔隆广场店,陕西公司,北京战区,京津冀省区,天津办,关店,专卖店,加盟,商超,17387637,1149035958,,,,681196102,7226185752164436025,3003710429858440482,,1,否
C11357,长春欧亚越野路店,陕西公司,沈阳战区,辽吉省区,长春办,关店,专卖店,加盟,综合体,17090794,509231395,,6016303030849,,,7218122256474458172,3003617963610547554,,1,是
C11358,西安丈八西路西沙湖花园店,陕西公司,西安战区,陕西省区,西安办,关店,专卖店,加盟,街铺,,,,,,,,,,1,否
C11359,青岛黄岛官厅街边店,浙江公司,青岛战区,山东省区,青岛办,关店,专卖店,加盟,街铺,,,,,,,7216883944459864064,,,1,是
C11360,诸暨湄池振兴路店,浙江公司,杭州战区,浙江省区,杭州办,关店,专卖店,加盟,街铺,17104234,1144139439,,6016190743849,,696504162,7216585590211348517,,,1,是
C11361,甘肃临夏庆胜东路和谐苑店,陕西公司,西安战区,陕西省区,兰州办,关店,专卖店,加盟,街铺,18446637,,,6016482244849,,,,,,1,否
C11362,陕西咸阳三原服务区东区店,陕西公司,西安战区,陕西省区,陕西外阜办,正常营业,专卖店,加盟,交通枢纽,,,,,,,,,,1,是
C11363,龙华大浪华信广场专卖店,广东公司,深圳战区,广东省区,宝安办,关店,专卖店,加盟,街铺,17848320,,,6016218000849,,999846470,7226569540032563233,,,1,是
C11364,未启用客户,陕西公司,郑州战区,河南省区,郑州办,待开业,,加盟,,,,,,,,,,,1,否
C11365,河南郑州正弘汇店,陕西公司,郑州战区,河南省区,郑州办,关店,专卖店,加盟,综合体,16572309,2043166932,,6016475029849,,517370615,7180609756791310397,3003408534114768306,,1,是
C11366,河南焦作云台山岸上店,陕西公司,郑州战区,河南省区,河南外阜办,关店,专卖店,加盟,交通枢纽,17657648,,,,,,,,,1,是
C11367,九江共青和熙家园店,江西公司,九江战区,江西二区,九江办,关店,专卖店,加盟,街铺,24474150,521415254,,,,1561316125,7223588727728113667,3003730336578048344,,1,是
C11368,赣州华润万象城专柜店,江西公司,赣州战区,江西一区,赣州办,关店,专柜店,加盟,综合体,,,,,,,,,,1,是
C11369,赣州温馨家园店,江西公司,赣州战区,江西一区,赣州办,正常营业,专卖店,加盟,街铺,17257910,509217702,16638044.0,6016373509849,,564226894,7213197291111319585,3003728525238707418,2025112011077000000113627802|xiniu_xgc_bgc,1,是
C11370,株洲王府井店,江西公司,长沙战区,湖南省区,株洲办,关店,专卖店,加盟,街铺,11893849,1112299738,,6015250928849,600765,164962223,6601148843595663374,3002791398871638370,,1,是
C11371,宝安沙井步涌专卖店,广东公司,深圳战区,广东省区,宝安办,关店,专卖店,加盟,街铺,11231609,501268270,,6014162373849,322612,1103283793,6767245378191509516,,,1,是
C11372,株洲天元区株百工大店,江西公司,长沙战区,湖南省区,长沙办,关店,专卖店,加盟,商超,10061103,2056553797,,6015166396849,600374,600374,6941187178105931776,3001812134723391696,,1,是
C11373,抚州大润发店,江西公司,抚州战区,江西一区,鹰抚办,关店,专卖店,加盟,街铺,,,,6015295836849,,,7131999777180354567,,,1,是
C11374,未启用客户,重庆公司,贵阳战区,云贵省区,贵阳办,待开业,,加盟,,,,,,,,,,,1,否
C11375,贵阳观山湖金融城店,重庆公司,贵阳战区,云贵省区,贵阳办,关店,专卖店,加盟,街铺,17568084,510087485,,,,,,3003714562299735997,,1,是
C11376,安顺关岭滨河东路店,重庆公司,贵阳战区,云贵省区,遵义办,关店,专卖店,加盟,街铺,17594800,510017791,,,,,7225823433362245632,,,1,是
C11377,安顺关岭壹号美食广场店,重庆公司,贵阳战区,云贵省区,遵义办,正常营业,专卖店,加盟,街铺,17288846,1155500478,16638115.0,6016113104849,,809708775,7226910576864135207,3003713291739246423,2026031311077000000115291433|xiniu_xgc_bgc,1,是
C11378,普宁广达广场专卖店,广东公司,东莞战区,广东省区,惠汕办,关店,专卖店,加盟,街铺,17323135,1149095381,,6016240014849,,41308906,6995773637122852878,3002657145931538728,,1,是
C11379,泉州晋江沟西专卖店,江西公司,厦门战区,福建省区,闽南办,关店,专卖店,加盟,街铺,,,,,,,,,,1,是
C11380,漳州龙文建元专卖店,江西公司,厦门战区,福建省区,闽南办,关店,专卖店,加盟,街铺,17391152,1180893587,,6016225116849,,1813127582,7003922657376733197,,,1,是
C11381,滨州全福元店,浙江公司,青岛战区,山东省区,济南办,关店,专卖店,加盟,商超,,,,,,,,3003144159458733347,,1,是
C11382,株洲天元区翡翠名园店,江西公司,长沙战区,湖南省区,长沙办,关店,专卖店,加盟,街铺,16449333,,,6015901359849,,534488475,7145868190906583076,3003351619811316377,,1,是
C11383,滨州吾悦家家悦店,浙江公司,青岛战区,山东省区,济南办,关店,专卖店,加盟,商超,17804812,,,6016127826849,,,,3003631845194078687,,1,是
C11384,未启用客户,浙江公司,青岛战区,山东省区,直属办,待开业,,直营,,,,,,,,,,,1,否
C11385,青岛市北重庆南路利群店,浙江公司,青岛战区,山东省区,青岛办,关店,专卖店,加盟,商超,14911833,506609333,,6016128372849,,,,6724909473164640492,,1,是
C11386,九江共青大学城店,江西公司,九江战区,江西二区,九江办,关店,专卖店,加盟,综合体,17387709,,,,,,7220282202825705531,,,1,是
C11387,宜春鼓楼路店,江西公司,宜春战区,江西二区,宜春办,关店,专卖店,加盟,街铺,17296141,509319529,,6016781575849,,,7215173113451907072,,,1,是
C11388,滨州爱琴海店,浙江公司,青岛战区,山东省区,济南办,关店,专卖店,加盟,综合体,,,,,,,,,,1,否
C11389,中山石岐兴中广场专卖店,广东公司,广州战区,广东省区,中珠办,关店,专卖店,加盟,街铺,,,,,,,7213554615248226342,,,1,是
C11390,丰城丰和农贸市场店,江西公司,南昌二战区,江西一区,丰新办,正常营业,专卖店,加盟,街铺,16638048,,16638048.0,6017188297849,,867563428,7325773757292840971,,2025112011077000000113700728|xiniu_xgc_bgc,1,是
C11391,南钢2店,江西公司,南昌一战区,江西一区,南昌二办,关店,专卖店,加盟,综合体,,,,6017226107849,,,,,,1,是
C11392,株洲天元区株百栗雨店,江西公司,长沙战区,湖南省区,长沙办,关店,专卖店,加盟,商超,14832977,,,6015164999849,266003,187535686,6724682588214102027,3002103338721288691,,1,是
C11393,株洲天元区株百庐山店,江西公司,长沙战区,湖南省区,长沙办,关店,专卖店,加盟,商超,14832978,322326129,,6015131817849,322673,1476966269,,,,1,是
C11395,西安太奥广场店,陕西公司,西安战区,陕西省区,西安办,关店,专卖店,加盟,街铺,18257975,,,,,,7241442772023806011,,,1,是
C11396,直属上海中庚漫游城店,浙江公司,上海战区,上海省区,上海一办,关店,专卖店,直营,综合体,17388107,509384032,,6016173873849,,599213604,,3003725312076689152,,1,是
C11397,长春宽城万达2店,陕西公司,沈阳战区,辽吉省区,长春办,正常营业,专卖店,加盟,综合体,19088943,1197729228,16019780.0,6016303603849,,903190127,7220621506835908645,,2025112011077000000113690777|xiniu_xgc_bgc,1,是
C11398,长春站店,陕西公司,沈阳战区,辽吉省区,长春办,正常营业,专卖店,加盟,高势能,,,,,,,,,,1,否
C11399,河源龙川新城专卖店,广东公司,东莞战区,广东省区,惠汕办,关店,专卖店,加盟,街铺,17543133,,,6016252471849,,999985436,7218001026131953701,,,1,是
C11400,佛山九江沙头专卖店,广东公司,广州战区,广东省区,广佛办,关店,专卖店,加盟,街铺,,,,,,,,,,1,是
C11401,贵阳观山湖美的林城合力店,重庆公司,贵阳战区,云贵省区,贵阳办,关店,专卖店,加盟,商超,18842983,509344262,,,,,7221037735878854713,3003637094424715872,,1,是
C11402,潍坊青州商店街大润发,浙江公司,青岛战区,山东省区,青岛办,关店,专卖店,加盟,商超,,,,,,,,,,1,否
C11405,九江战区乐鲜装地推账号,江西公司,九江战区,江西二区,九江办,关店,渠道店,加盟,特殊渠道,,,,,,,,,,1,否
C11406,珠海金湾科干学院专卖店,广东公司,广州战区,广东省区,中珠办,关店,专卖店,加盟,特殊渠道,,,,,,,,,,1,是
C11407,安顺镇宁一店,重庆公司,贵阳战区,云贵省区,遵义办,关店,专卖店,加盟,街铺,17674968,1155280553,,,,,7230400720229369890,3003674977854529552,,1,是
C11408,鲅鱼圈高铁站店,陕西公司,沈阳战区,辽吉省区,大连办,关店,专卖店,加盟,高势能,,,,,,,,,,1,否
C11409,丹东高铁站店,陕西公司,沈阳战区,辽吉省区,大连办,关店,专卖店,加盟,高势能,,,,,,,,,,1,是
C11410,江苏常州新北万达店,浙江公司,苏州战区,江苏省区,苏州办,关店,专卖店,加盟,综合体,17719386,509824038,,6016223908849,,959677590,7229526723237251076,,,1,否
C11411,长春欧亚创意路店,陕西公司,沈阳战区,辽吉省区,长春办,关店,专卖店,加盟,综合体,17637844,510987445,15905432.0,6016304004849,,837615376,7274846788463364157,3003728194937103383,,1,是
C11412,宝安西乡勤诚达专卖店,广东公司,深圳战区,广东省区,宝安办,关店,专卖店,加盟,综合体,17763778,509964606.0,,6016224305849,,6937489.0,7233598732913084471,3003757400531738859,,1,否
C11413,东莞黄江万业店,广东公司,东莞战区,广东省区,东莞办,正常营业,专卖店,加盟,街铺,17369039,1151000510,17552624.0,6016174726849,,1878509007,7218001033589426180,6724909513153166946,,1,是
C11415,长沙战区地推渠道账户（禁用）,江西公司,长沙战区,湖南省区,长沙办,关店,渠道店,加盟,特殊渠道,,,,,,,,,,1,否
C11416,宝安西乡三围万众百货专卖店,广东公司,深圳战区,广东省区,宝安办,关店,专卖店,加盟,街铺,17547360,,,6016320125849,,1901100033,7233956945189668875,3003967642338731296,,1,否
C11417,西安鄠邑秦渡镇店,陕西公司,西安战区,陕西省区,西安办,关店,专卖店,加盟,街铺,17442483,,,,,,7221840949347895300,3003646179650806902,,1,是
C11418,惠州南高铁店,广东公司,东莞战区,广东省区,惠汕办,关店,专柜店,加盟,高势能,,,,,,,,,,1,否
C11419,玉山悦府金街店,江西公司,抚州战区,江西二区,上饶办,关店,专卖店,加盟,街铺,17806044,1155455096.0,,,,,7236681992174045218,,,1,是
C11420,东莞南站店,广东公司,东莞战区,广东省区,东莞办,正常营业,专卖店,加盟,高势能,,,,,,,,,,1,是
C11421,嘉善施家北路店,浙江公司,杭州战区,浙江省区,杭州办,关店,专卖店,加盟,街铺,17371042,509199517,,6016190852849,,,7219631703562651659,3003694420035150957,,1,否
C11422,陕西公司渠道地推店,陕西公司,西安战区,陕西省区,西安办,关店,渠道店,加盟,特殊渠道,,,,,,,,,,1,否
C11423,常德火车站专柜店,江西公司,长沙战区,湖南省区,长沙办,关店,专柜店,加盟,高势能,,,,,,,,,,1,是
C11425,衡阳香江百货万达店,江西公司,长沙战区,湖南省区,衡邵办,正常营业,经销,加盟,综合体,,,,,,,,,,1,是
C11426,台州天台店,浙江公司,杭州战区,福建省区,浙南办,关店,专卖店,加盟,街铺,17352160,509183732,,6016174830849,,1970495674,7216557330991679523,3003665196820734710,,1,是
C11427,宜春宝利裕丰店,江西公司,宜春战区,江西二区,宜春办,关店,专卖店,加盟,综合体,17450172,1149145721.0,,,,,7218009617589078071,3003731102586182106,,1,是
C11428,遵义高铁站专柜店,重庆公司,贵阳战区,云贵省区,遵义办,关店,专卖店,加盟,高势能,,,,,,,,,,1,是
C11429,赣州上犹和平路店,江西公司,赣州战区,江西一区,赣州办,关店,专卖店,加盟,街铺,17624479,1155440070,16189116.0,6016372725849,,1499784509,7218756228510386213,3003778498456295541,,1,是
C11430,衡阳香江百货蒸北店,江西公司,长沙战区,湖南省区,衡邵办,正常营业,经销,加盟,商超,,,,,,,,,,1,是
C11431,衡阳香江百货白沙店,江西公司,长沙战区,湖南省区,衡邵办,正常营业,经销,加盟,商超,,,,,,,,,,1,是
C11432,衡阳香江百货创景店,江西公司,长沙战区,湖南省区,衡邵办,正常营业,经销,加盟,商超,,,,,,,,,,1,是
C11433,衡阳香江百货大雁城店,江西公司,长沙战区,湖南省区,衡邵办,正常营业,经销,加盟,商超,,,,,,,,,,1,是
C11434,未启用客户,广东公司,南宁战区,广西省区,南宁办,待开业,,加盟,,,,,,,,,,,1,否
C11435,防城港白浪滩店,广东公司,南宁战区,广西省区,南宁办,关店,专卖店,加盟,街铺,17895248,,,,,,7231769056935446588,,,1,是
C11436,海口观澜湖新城一店,广东公司,海口战区,海南办,海南办,关店,专卖店,加盟,街铺,,,,,,,,,,1,是
C11437,宁德屏南总店,江西公司,福州战区,福建省区,闽北办,正常营业,专卖店,加盟,街铺,17607180,509871558,16256690.0,6016204926849,,1931028744,7224761190155716665,3003731777881580209,2025111911077000000113672649|xiniu_xgc_bgc,1,是
C11438,南宁东站逸客店,广东公司,南宁战区,广西省区,南宁办,关店,专卖店,加盟,高势能,,,,,,,,,,1,否
C11439,陕西咸阳三原政府街店,陕西公司,西安战区,陕西省区,陕西外阜办,关店,专卖店,加盟,街铺,17600241,509883475,,,,,7224391601269770275,,,1,否
C11440,华润橡府店,江西公司,南昌一战区,江西一区,南昌二办,关店,专卖店,加盟,街铺,19690861,,,,,,,,,1,是
C11441,冷水江锑都大厦店,江西公司,长沙战区,湖南省区,长沙办,正常营业,专卖店,加盟,街铺,13807541,2131647362,16256683.0,6016332421849,601113,1378457992,7251432756784302132,3004722104797767428,2026030911077000000115200930|xiniu_xgc_bgc,1,是
C11442,九龙湖青原山路店,江西公司,南昌一战区,江西一区,南昌一办,正常营业,专卖店,加盟,街铺,18454652,,16256700.0,6016335449849,,1890355083,7254443482588055612,,2026030411077000000115124685|xiniu_xgc_bgc,1,是
C11443,沈阳虎石台店,陕西公司,沈阳战区,辽吉省区,沈阳办,关店,专卖店,加盟,街铺,17567033,509781655,,,,981718596,7222932202135226428,3003701793395839150,,1,否
C11444,未启用客户,广东公司,东莞战区,广东省区,东莞办,待开业,,加盟,,,,,,,,,,,1,否
C11445,广东广酒学院专卖店,广东公司,东莞战区,广东省区,东莞办,关店,专柜店,加盟,特殊渠道,,,,,,,,,,1,否
C11446,温州机场店,浙江公司,杭州战区,福建省区,浙南办,关店,专卖店,加盟,高势能,,,,,,,,,,1,是
C11447,安徽全椒店,浙江公司,苏州战区,安徽办,安徽办,关店,专卖店,加盟,街铺,17452338,,,,,540668213,,,,1,否
C11448,达州大竹一店,重庆公司,重庆战区,川渝省区,重庆办,关店,专卖店,加盟,街铺,17436897,1155440589,,6016142199849,,811682844,7219506935823861760,3003714602537525791,,1,是
C11449,达州大竹二店,重庆公司,重庆战区,川渝省区,重庆办,关店,专柜店,加盟,商超,17930172,510039791,,,,,,,,1,否
C11450,安徽临泉店,浙江公司,苏州战区,安徽办,安徽办,关店,专卖店,加盟,街铺,20332679,514765373,,6016203971849,,1030525752,7245135082980116484,,,1,否
C11451,珠海口岸第一专卖店,广东公司,广州战区,广东省区,中珠办,关店,专卖店,加盟,街铺,17420558,1149271289,,6016190064849,,1274220109,7222904104882800698,,,1,是
C11452,乐卖特商贸有限公司南昌京东店,其他,南昌区域,煌大江西一区,煌大生鲜办事处,正常营业,,加盟,,,,,,,,,,,1,否
C11453,江西柴米油盐餐饮发展有限公司,其他,南昌区域,煌大江西一区,煌大生鲜办事处,正常营业,,加盟,,,,,,,,,,,1,否
C11454,黎川辉红畜禽养殖合作社,其他,南昌区域,煌大江西一区,煌大生鲜办事处,正常营业,,加盟,,,,,,,,,,,1,否
C11455,江西鹏颂商贸有限公司报单,其他,南昌区域,煌大江西一区,煌大生鲜办事处,正常营业,,加盟,,,,,,,,,,,1,否
C11456,北海北站店,广东公司,南宁战区,广西省区,南宁办,正常营业,专卖店,加盟,高势能,,,,,,,,,,1,是
C11457,苏州吴中丽丰广场店,浙江公司,苏州战区,江苏省区,苏州办,关店,专卖店,加盟,商超,17773879,1151168971,,7324932768981321747,,694371220,7230273592436230205,,,1,否
C11458,鹰抚抚州阳光城,江西公司,抚州战区,江西一区,鹰抚办,正常营业,专卖店,加盟,街铺,17651461,532185441,16638041.0,6017185354849,,1709291014,7220276247899670531,,2025111911077000000113646692|xiniu_xgc_bgc,1,是
C11459,北京环球新意广场店,陕西公司,北京战区,京津冀省区,北京办,关店,专卖店,加盟,综合体,17672729,,,,,,7225507722177808387,3003744199478846197,,1,否
C11460,湖北浠水北城大市场专卖店,江西公司,九江战区,湖北办,湖北办,关店,专卖店,加盟,街铺,20369241,,,,,,7221423444229883939,3003892273751824025,,1,是
C11461,山西太原市中正天街店,陕西公司,西安战区,山西办,山西办,关店,专卖店,加盟,综合体,17550292,1151101553.0,,,,,7226898569729411104,,,1,否
C11462,泉州石狮德辉专卖店,江西公司,厦门战区,福建省区,闽南办,关店,专卖店,加盟,街铺,,,,,,,,,,1,是
C11463,广州白云庆达广场专卖店,广东公司,广州战区,广东省区,广佛办,关店,专卖店,加盟,街铺,17887951,510403734,,6016213762849,,624069524,7233239231915624487,3003903098866540992,,1,是
C11465,高安瑞阳店,江西公司,南昌二战区,江西二区,宜春办,正常营业,专卖店,加盟,街铺,17484836,509705078,,6016221892849,,1135363174,7220274037811841076,3003747917152071527,2025112011077000000113767086|xiniu_xgc_bgc,1,是
C11466,宝安高新奇工业园专卖店,广东公司,深圳战区,广东省区,宝安办,关店,专柜店,加盟,特殊渠道,,,,,,,,,,1,是
C11467,河源蓝塘服务区东区专卖店,广东公司,东莞战区,广东省区,惠汕办,关店,专柜店,加盟,交通枢纽,,,,,,,,,,1,是
C11468,河源蓝塘服务区西区专卖店,广东公司,东莞战区,广东省区,惠汕办,关店,专柜店,加盟,交通枢纽,,,,,,,,,,1,是
C11469,河源瓦溪服务区南区专卖店,广东公司,东莞战区,广东省区,惠汕办,关店,专柜店,加盟,交通枢纽,,,,,,,,,,1,否
C11470,河源瓦溪服务区北区专卖店,广东公司,东莞战区,广东省区,惠汕办,关店,专柜店,加盟,交通枢纽,,,,,,,,,,1,否
C11471,江苏无锡宜兴宜北店,浙江公司,苏州战区,江苏省区,苏州办,关店,专卖店,加盟,街铺,17524109,1144638011,,6016190566849,,,7225521021959276544,,,1,否
C11472,广州番禺易发街店,广东公司,广州战区,广东省区,广佛办,正常营业,专卖店,加盟,街铺,17334483,509253404,15385831.0,6016223378849,,1264217760,7221039536690694147,3003869202919170620,2025112011077000000113732709|xiniu_xgc_bgc,1,是
C11473,梅州棉洋服务区南区专卖店,广东公司,东莞战区,广东省区,惠汕办,关店,专柜店,加盟,交通枢纽,,,,,,,,,,1,否
C11474,未启用客户,广东公司,东莞战区,广东省区,惠汕办,待开业,,加盟,,,,,,,,,,,1,否
C11475,梅州横陂服务区西区专卖店,广东公司,东莞战区,广东省区,惠汕办,关店,专柜店,加盟,交通枢纽,,,,,,,,,,1,否
C11476,梅州横陂服务区东区专卖店,广东公司,东莞战区,广东省区,惠汕办,关店,专柜店,加盟,交通枢纽,,,,,,,,,,1,否
C11477,梅州棉洋服务区北区专卖店,广东公司,东莞战区,广东省区,惠汕办,关店,专柜店,加盟,交通枢纽,,,,,,,,,,1,否
C11478,浦东森兰花园城店,浙江公司,上海战区,上海省区,上海一办,关店,专卖店,加盟,综合体,17968330,510245822.0,,6016213576849,,1780069831.0,7238493087587108904,3003838782156673567,,1,否
C11479,直属西安太乙路中铁一局店,陕西公司,西安战区,陕西省区,西安办,关店,专卖店,直营,街铺,17550289,1166750730,,,,,7222899964001650723,,,1,否
C11480,三明夏商百货专卖店,江西公司,福州战区,福建省区,闽北办,关店,专卖店,加盟,街铺,,,,,,,,3003727543565817177,,1,是
C11481,无锡广瑞大润发店,浙江公司,苏州战区,江苏省区,苏州办,关店,专卖店,加盟,商超,17607093,1150950609,,,,1477722053,7226554539690690616,,,1,否
C11482,飞洲国际广场店,浙江公司,上海战区,上海省区,上海一办,关店,专卖店,加盟,综合体,,,,,,,,,,1,是
C11483,直属上海虹桥到达层南公安岗亭店,浙江公司,上海战区,上海省区,上海一办,正常营业,专卖店,直营,高势能,,,,,,,,,,1,否
C11484,未启用客户,江西公司,福州战区,福建省区,直营组,待开业,,直营,,,,,,,,,,,1,否
C11485,直属福州宝龙专卖店,江西公司,福州战区,福建省区,直营组,关店,专卖店,直营,综合体,21252048,531998682,16383995.0,6016221893849,,1475772593,7263419954936940583,,,1,是
C11486,吉林四平东站店,陕西公司,沈阳战区,辽吉省区,长春办,关店,专卖店,加盟,高势能,,,,,,,,,,1,否
C11487,天津中北永旺店,陕西公司,北京战区,京津冀省区,天津办,关店,专卖店,加盟,综合体,9786766,2045886987,14394332.0,6016302167849,,1358264904,6864224674297989123,3002912247142355642,2026031311077000000115335348|xiniu_xgc_bgc,1,是
C11488,独椒戏深圳光明大仟里店,其他,深圳宝安区,独椒戏,独椒戏(南昌),正常营业,渠道店,加盟,综合体,,,,,,,,,,1,否
C11489,西安文苑北路盛世长安店,陕西公司,西安战区,陕西省区,陕西外阜办,关店,专卖店,加盟,街铺,,,,,,,,,,1,否
C1149,煌大test客户,其他,南昌区域,煌大江西一区,煌大生鲜办事处,正常营业,,加盟,,,,,,,,,,,1,否
C11491,景德镇学院店,江西公司,九江战区,江西二区,景德镇办,关店,专柜店,加盟,特殊渠道,,,,,,,,,,1,是
C11492,上饶信州区胜利路店,江西公司,抚州战区,江西二区,上饶办,关店,专卖店,加盟,街铺,17651656,510012277,,6016782471849,,1974581299,7225444096020580409,,,1,是
C11493,北海闽辉东都专卖店,广东公司,南宁战区,广西省区,南宁办,关店,专卖店,加盟,街铺,17633094,510328237,,,,,7231775197383100471,,,1,否
C11494,未启用客户,重庆公司,重庆战区,川渝省区,重庆办,待开业,,加盟,,,,,,,,,,,1,否
C11495,重庆永川高铁站店,重庆公司,重庆战区,川渝省区,重庆办,关店,专卖店,加盟,高势能,,,,,,,,,,1,是
C11496,直属重庆江北观音桥方圆LIVE店,重庆公司,重庆战区,川渝省区,重庆办,关店,专卖店,直营,综合体,18066983,,,,,,,,,1,是
C11497,厦门集美五月花专卖店,江西公司,厦门战区,福建省区,闽南办,关店,专卖店,加盟,街铺,19759174,509861556,,,221272,165522684,7225541515051796512,,,1,是
C11498,沈阳和平大润发二店,陕西公司,沈阳战区,辽吉省区,沈阳办,正常营业,专卖店,加盟,综合体,13712478,505563159,15905525.0,6016359536849,,1508511070,7047395025835001886,3002717321167872373,2025111911077000000113645705|xiniu_xgc_bgc,1,是
C11499,三亚马岭专卖店,广东公司,海口战区,海南办,海南办,关店,专卖店,加盟,商超,17543868,522355223,16130479.0,6016874596849,,1832070977,7223268589016221735,,2025111911077000000113651687|xiniu_xgc_bgc,1,是
C11500,泰安岱岳区叶波大润发专柜店,浙江公司,青岛战区,山东省区,济南办,关店,专柜店,加盟,商超,,,,,,,,,,1,是
C11501,长春红旗万达广场3店,陕西公司,沈阳战区,辽吉省区,长春办,关店,专柜店,加盟,综合体,,,,6016303604849,,,,6724909452692367129,,1,否
C11502,宝安新桥义乌商城专卖店,广东公司,深圳战区,广东省区,宝安办,关店,专卖店,加盟,街铺,18345626,1157916976,,601628546484900.,,630518538,7231793290926884901,,,1,否
C11503,儋州乐卖特专卖店,广东公司,海口战区,海南办,海南办,关店,专卖店,加盟,商超,17538783,509891300,,,,,7223267777480493059,,,1,否
C11504,未启用客户,广东公司,广州战区,广东省区,中珠办,待开业,,加盟,,,,,,,,,,,1,否
C11505,中山南区悦来天虹专卖店,广东公司,广州战区,广东省区,中珠办,关店,专卖店,加盟,综合体,18230628,510370968,15967906.0,6016301343849,,1820263442,7245205752854349876,3004014875665605006,,1,是
C11506,江苏省如东三元店,浙江公司,苏州战区,江苏省区,苏州办,关店,专卖店,加盟,街铺,17718528,1151156462,,,,,7229136587265673250,,,1,否
C11507,大丰吾悦店,浙江公司,苏州战区,江苏省区,南京办,关店,专卖店,加盟,街铺,17709377,1151327107,,6016205500849,,1927928802,7225509787960608806,,,1,否
C11508,广州市顶腾贸易有限公司广州东站店,广东公司,广州战区,广东省区,广佛办,正常营业,专卖店,加盟,高势能,,,,,,,,,,1,否
C11509,东莞莞城万科专卖店,广东公司,东莞战区,广东省区,东莞办,关店,专卖店,加盟,街铺,17887367,1155736957,,6016236263849,,182096238,7233225904158148665,3003809764429800822,,1,否
C11510,南山白石洲一街专卖店,广东公司,深圳战区,广东省区,宝安办,关店,专卖店,加盟,街铺,17715268,1155555203,16256697.0,6016283781849,,154373894,7234781127767787555,3004285763572048387,,1,是
C11511,沈阳中街吾悦广场店,陕西公司,沈阳战区,辽吉省区,沈阳办,关店,专卖店,加盟,商超,19688230,1178192709,,,,,7295930842377881640,,,1,是
C11512,吉安遂川云岭友谊广场店,江西公司,赣州战区,江西一区,吉安办,关店,专卖店,加盟,商超,18469359,,,,,,7243727492740024359,,,1,是
C11513,吉安遂川泰园友谊广场店,江西公司,赣州战区,江西一区,吉安办,关店,专卖店,加盟,商超,18469127,,,,,752593181,7243724177889298471,,,1,是
C11515,衡阳香江百货立新店,江西公司,长沙战区,湖南省区,衡邵办,正常营业,经销,加盟,商超,,,,,,,,,,1,是
C11516,衡阳香江百货延安店,江西公司,长沙战区,湖南省区,衡邵办,正常营业,经销,加盟,商超,,,,,,,,,,1,是
C11517,衡阳香江百货滨江店,江西公司,长沙战区,湖南省区,衡邵办,正常营业,经销,加盟,商超,,,,,,,,,,1,是
C11518,衡阳香江百货高兴店,江西公司,长沙战区,湖南省区,衡邵办,正常营业,经销,加盟,商超,,,,,,,,,,1,是
C11519,衡阳香江百货专柜中山店,江西公司,长沙战区,湖南省区,衡邵办,关店,专柜店,加盟,商超,,,,,,,,,,1,是
C11520,衡阳香江百货湘江店,江西公司,长沙战区,湖南省区,衡邵办,正常营业,经销,加盟,商超,,,,,,,,,,1,是
C11521,衡阳香江百货红湘店,江西公司,长沙战区,湖南省区,衡邵办,正常营业,经销,加盟,商超,,,,,,,,,,1,是
C11522,衡阳香江百货长丰店,江西公司,长沙战区,湖南省区,衡邵办,正常营业,经销,加盟,商超,,,,,,,,,,1,是
C11523,上海嘉定区中信泰富万达广场店,浙江公司,上海战区,上海省区,上海一办,关店,专卖店,加盟,综合体,13423107,2096047929.0,,6013774259849,600762.0,1367108645.0,7020604883552176158,,,1,是
C11524,未启用客户,浙江公司,苏州战区,江苏省区,苏州办,待开业,,加盟,,,,,,,,,,,1,否
C11525,常州武进万达店,浙江公司,苏州战区,江苏省区,苏州办,关店,专卖店,加盟,综合体,17891235,510073987,,,,1450873899,7233620341506738232,,,1,否
C11526,嘉兴市真真老老食品有限公司融合店,浙江公司,杭州战区,浙江省区,杭州办,正常营业,专卖店,加盟,街铺,,,,6016164469849,,,,,,1,否
C11527,东莞寮步松溪路专卖店,广东公司,东莞战区,广东省区,东莞办,关店,专卖店,加盟,街铺,17797550,1155392157,,6016222190849,,1477304131,7231765899085088824,3003809762117887301,,1,否
C11528,广州市顶腾贸易有限公司广州东站一店,广东公司,广州战区,广东省区,广佛办,正常营业,专卖店,加盟,高势能,,,,,,,,,,1,否
C11530,济南历下洪山路银座店,浙江公司,青岛战区,山东省区,济南办,正常营业,专卖店,加盟,商超,,,,,,,,,,1,是
C11531,厦门集美灌口专卖店,江西公司,厦门战区,福建省区,闽南办,关店,专卖店,加盟,街铺,25594287,509677946,15861083.0,6016222192849,,967407507,7225549935742847035,,2025112011077000000113762152|xiniu_xgc_bgc,1,是
C11532,直属合肥绩溪路店,浙江公司,苏州战区,安徽办,安徽办,关店,专卖店,直营,街铺,17794600,1155729575,,6016224541849,,1027802852,7239572532557252660,1042071304,,1,否
C11533,灵山那隆金斗店,广东公司,南宁战区,广西省区,南宁办,关店,专卖店,加盟,街铺,,,,,,,7231803169612531768,,,1,是
C11535,吉安金鹭花园店,江西公司,赣州战区,江西一区,吉安办,关店,专卖店,加盟,街铺,20185822,,,,,682310161,7270446720083839030,,,1,是
C11536,新建前进花园店,江西公司,南昌一战区,江西一区,南昌一办,正常营业,专卖店,加盟,街铺,,,,6016253634849,,1725489636,7232512737749534779,3003809750268453479,2025111911077000000113655700|xiniu_xgc_bgc,1,是
C11537,肇庆大旺益万家专卖店,广东公司,广州战区,广东省区,广佛办,关店,专卖店,加盟,街铺,17991658,1178379695,16914084.0,6016306541849,,1216832247,7248483431426820135,3003716718273832025,,1,是
C11538,河南商丘世纪中路店,陕西公司,郑州战区,河南省区,河南外阜办,关店,专卖店,加盟,街铺,17619654,1155280657,,6016203881849,,,7225562288499984384,,,1,否
C11539,合肥永辉宝文店,浙江公司,苏州战区,安徽办,安徽办,关店,专卖店,加盟,商超,17957855,1155508281,,,,,,,,1,否
C11540,宁波慈城服务区西区店,浙江公司,杭州战区,浙江省区,宁波办,关店,专卖店,加盟,交通枢纽,,,,,,,,,,1,否
C11541,宁波慈城服务区东区店,浙江公司,杭州战区,浙江省区,宁波办,关店,专卖店,加盟,交通枢纽,,,,,,,,,,1,否
C11542,揭阳揭东霖磐专卖店,广东公司,东莞战区,广东省区,惠汕办,关店,专卖店,加盟,街铺,19717907,,20617935.0,6016237614849,,1964830452,7553864612202940456,3002671363499240723,2026031311077000000115372242|xiniu_xgc_bgc,1,是
C11543,灵山旧州江滨路店,广东公司,南宁战区,广西省区,南宁办,关店,专卖店,加盟,街铺,,,,,,,7231814302586374181,,,1,是
C11545,灵山太平镇店,广东公司,南宁战区,广西省区,南宁办,关店,专卖店,加盟,街铺,,,,,,,7263728566683043901,,,1,是
C11546,启东申港城店,浙江公司,苏州战区,江苏省区,苏州办,关店,专卖店,加盟,商超,17666397,1151251936,,,,,7226562711063103526,,,1,否
C11547,北海新大润发店,广东公司,南宁战区,广西省区,南宁办,关店,专卖店,加盟,街铺,18097419,1157715205,,,,,7242877236494206991,,,1,否
C11548,无锡东港万花城店,浙江公司,苏州战区,江苏省区,苏州办,关店,专卖店,加盟,商超,18275695,510401981,,6016285801849,,,7241435201053427773,,,1,是
C11549,佛山里水永润广场店,广东公司,广州战区,广东省区,广佛办,关店,专卖店,加盟,商超,17654374,163032371,,6014226153849,,166024623,cover_C11549_6633967631701379079,cover_C11549_6724909277068645733,,1,否
C11550,赤峰松山沃尔玛店,陕西公司,沈阳战区,辽吉省区,辽吉外阜办,关店,专卖店,加盟,综合体,17688649,1151041934,,6016360242849,,1158041203,7003932568546445326,3003416213299670431,,1,是
C11551,北京丰台站店,陕西公司,北京战区,京津冀省区,北京办,关店,专卖店,加盟,高势能,,,,,,,,,,1,否
C11552,墅溪农民公寓店,江西公司,南昌一战区,江西二区,南昌四办,暂停营业,专卖店,加盟,街铺,14657071,,14657071.0,,,1405399063,7245560426656696354,3003809747144479198,2026030411077000000115140741|xiniu_xgc_bgc,1,是
C11553,河北邢台站店,陕西公司,北京战区,京津冀省区,北京办,关店,专柜店,加盟,高势能,,,,,,,,,,1,否
C11555,直属长沙芙蓉区龙湖天街店,江西公司,长沙战区,湖南省区,长沙办,关店,专卖店,直营,综合体,18017400,1157739903,15861070.0,6016284270849,,1492646932,7238792698499434500,3003872391873012886,,1,是
C11556,重庆万州北站专卖店,重庆公司,重庆战区,川渝省区,重庆办,关店,专卖店,加盟,高势能,,,,,,,,,,1,否
C11557,三亚万科湖畔专卖店,广东公司,海口战区,海南办,海南办,关店,专卖店,加盟,街铺,17821953,1155354777,,,,1200184398,7231768850164647974,,,1,否
C11558,义乌柳青夜市七区店,浙江公司,杭州战区,浙江省区,金衢办,关店,专卖店,加盟,街铺,17524120,509815846,,6016204162849,,1658520041,7224344553384478720,3003725883385483583,,1,否
C11559,博乐路大润发店,浙江公司,上海战区,上海省区,上海一办,关店,专卖店,加盟,商超,17980765,1155399358,,6016213764849,,1579749748,7238502447184873487,3003838782157301056,,1,否
C11560,直属西安西门人人乐店,陕西公司,西安战区,陕西省区,西安办,正常营业,专卖店,直营,商超,17926654,1166569888,16018611.0,6016303324849,,159992535,7232195927149119549,,2025111911077000000113697603|xiniu_xgc_bgc,1,是
C11561,河南郑州南彩店,陕西公司,郑州战区,河南省区,郑州办,关店,专卖店,加盟,街铺,18560703,,,,,,7270321425595795513,,,1,否
C11562,衡阳香江百货阳光店,江西公司,长沙战区,湖南省区,衡邵办,正常营业,经销,加盟,商超,,,,,,,,,,1,是
C11563,衡阳香江百货光辉店,江西公司,长沙战区,湖南省区,衡邵办,正常营业,经销,加盟,商超,,,,,,,,,,1,是
C11565,赣州信丰桃江御景店,江西公司,赣州战区,江西一区,赣州办,暂停营业,专卖店,加盟,街铺,18275922,510466869,16638167.0,6016626378849,,657746251,7249623330922170408,3003928669623232258,2025112011077000000113747604|xiniu_xgc_bgc,1,是
C11568,常州机场店,浙江公司,苏州战区,江苏省区,苏州办,关店,专卖店,加盟,高势能,,,,,,,,,,1,是
C11569,杭州浙江交通学院2店,浙江公司,杭州战区,浙江省区,杭州办,关店,专柜店,加盟,特殊渠道,,,,,,,,,,1,是
C11570,上饶鄱阳高铁站店,江西公司,九江战区,江西二区,景德镇办,正常营业,专卖店,加盟,高势能,,,,,,,,,,1,是
C11571,九江火车站二楼候车厅店,江西公司,九江战区,江西二区,九江办,正常营业,专卖店,加盟,高势能,,,,,,,,,,1,是
C11572,上海黄浦新世界店,浙江公司,上海战区,上海省区,上海一办,关店,专卖店,加盟,综合体,18661837,1163978189.0,,6016345284849,,822513895.0,7265481692163344424,3004050393489908186,,1,是
C11573,贵阳北站店,重庆公司,贵阳战区,云贵省区,贵阳办,关店,专卖店,加盟,高势能,,,,,,,,,,1,是
C11574,未启用客户,陕西公司,西安战区,山西办,山西办,待开业,,加盟,,,,,,,,,,,1,是
C11575,山西太原金牛公馆店,陕西公司,西安战区,山西办,山西办,关店,专卖店,加盟,综合体,18074391,,,,,,7252996848195995709,,,1,是
C11576,济宁任城区大润发,浙江公司,青岛战区,山东省区,济南办,关店,专卖店,加盟,商超,,,,,,,,,,1,否
C11577,民主东街店,浙江公司,上海战区,上海省区,上海一办,关店,专卖店,加盟,街铺,,,,,,,,,,1,是
C11578,直属嘉怡路店,浙江公司,上海战区,上海省区,上海一办,关店,专卖店,直营,综合体,18451371,1161517348,15385833.0,6016303601849,,985409649,7255208955960363049,3003968691414964642,,1,是
C11579,惠州旭日二路专卖店,广东公司,东莞战区,广东省区,惠汕办,关店,专卖店,加盟,街铺,17772607,,,6016234598849,,1954673237,7231778943706073125,3003807405998842787,,1,否
C11580,桂林乐群路店,广东公司,南宁战区,广西省区,柳桂办,关店,专卖店,加盟,街铺,,,,,,,,,,1,是
C11581,直属大连民主广场24小时店,陕西公司,沈阳战区,辽吉省区,大连办,正常营业,专卖店,直营,街铺,17861855,1155340695,15905478.0,6016265353849,,1326241140,7233584927353079860,3003807349933675840,2025111911077000000113623708|xiniu_xgc_bgc,1,是
C11582,长沙县东方樾专柜店,江西公司,长沙战区,湖南省区,长沙办,关店,渠道店,加盟,街铺,17693889,1151008021,,6016213305849,,1406570734,7227339458985592869,3003756724178264858,,1,是
C11583,西安临潼桃源西路店,陕西公司,西安战区,陕西省区,西安办,关店,专卖店,加盟,街铺,17912338,1155299693,,,,,7232182568865499188,,,1,是
C11584,未启用客户,广东公司,东莞战区,广东省区,惠汕办,待开业,,加盟,,,,,,,,,,,1,是
C11585,惠州惠城西湖丽日专卖店 ,广东公司,东莞战区,广东省区,惠汕办,关店,专卖店,加盟,商超,17734953,1155418566,,6016237913849,,1628992104,7231753083976419331,3002105531036607630,,1,否
C11586,荣昌莲花广场永辉店,重庆公司,重庆战区,川渝省区,重庆办,关店,专卖店,加盟,街铺,,,,,,,,,,1,是
C11587,荣昌南阳百货店,重庆公司,重庆战区,川渝省区,重庆办,关店,专卖店,加盟,街铺,,,,,,,,,,1,是
C11588,珠海三灶唐人街专卖店,广东公司,广州战区,广东省区,中珠办,关店,专卖店,加盟,综合体,8448300,507638644,15967955.0,6016301036849,325028,1854778433,6822436925413033998,6724909350072124765,,1,是
C11589,东莞站店,广东公司,东莞战区,广东省区,东莞办,正常营业,专卖店,加盟,高势能,,,,,,,,,,1,否
C11590,东莞滨湖万科里专卖店,广东公司,东莞战区,广东省区,东莞办,关店,专卖店,加盟,街铺,17828657,1157719705,,6016236262849,,1150280402,7231775841808549943,3003809763072546894,,1,否
C11591,杭州临平星桥七彩小镇店,浙江公司,杭州战区,浙江省区,杭州办,关店,专卖店,加盟,综合体,17524110,509856272,,6016212365849,,1950350285,7226932966222465080,,,1,否
C11592,滨海中市路店,浙江公司,苏州战区,江苏省区,南京办,关店,专卖店,加盟,街铺,17881020,510008790,,6016236740849,,1636825747,7233262044261124151,,,1,否
C11593,九江九瑞大道大润发店,江西公司,九江战区,江西二区,九江办,关店,专卖店,加盟,街铺,,,,6017218596849,,,7350942181164582962,3004739173680588557,,1,是
C11595,进贤南火车站,江西公司,南昌二战区,江西二区,南昌四办,正常营业,专卖店,加盟,高势能,,,,,,,,,,1,是
C11596,直属赣州公务员小区店,江西公司,赣州战区,江西一区,赣州办,正常营业,专卖店,直营,街铺,17979084,510198800,16189136.0,6016373613849,,1388688341,7236274018712553476,3003892274238628372,2025111911077000000113675626|xiniu_xgc_bgc,1,是
C11597,直属长沙雨花区旭辉国际店,江西公司,长沙战区,湖南省区,长沙办,关店,专卖店,直营,综合体,18301392,1161717591,15861069.0,6016331814849,,194349546,7248899062085191735,3003982744111551897,,1,是
C11598,陕西咸阳三原服务区西区店,陕西公司,西安战区,陕西省区,陕西外阜办,正常营业,专卖店,加盟,交通枢纽,,,,,,,,,,1,是
C11599,河南栾川老君山店,陕西公司,郑州战区,河南省区,郑州办,关店,专卖店,加盟,交通枢纽,17661707,,,,,,,,,1,是
C11600,厦门集美霞梧广场专卖店,江西公司,厦门战区,福建省区,闽南办,关店,专卖店,加盟,街铺,,,,,,,7233616466820466691,,,1,是
C11601,高安莲花都市嘉园店,江西公司,南昌二战区,江西二区,宜春办,关店,专卖店,加盟,街铺,,,,,,,7224396814097582115,,,1,是
C11602,南宁五一环球店,广东公司,南宁战区,广西省区,南宁办,关店,专卖店,加盟,街铺,17931576,,,,,,7234782599657293836,,,1,否
C11603,东莞石排公园南路店,广东公司,东莞战区,广东省区,东莞办,正常营业,专卖店,加盟,商超,17887351,,15967923.0,6016235994849,,1390978328,7233226523409385524,3003807887258165820,2025112011077000000113741658|xiniu_xgc_bgc,1,是
C11604,未启用客户,广东公司,深圳战区,广东省区,龙岗办,待开业,,加盟,,,,,,,,,,,1,是
C11605,福田红岭中路专卖店,广东公司,深圳战区,广东省区,龙岗办,关店,专卖店,加盟,街铺,17849631,1155388834,,6016232694849,,1318996375,7241833989063837711,,,1,否
C11606,东莞麻涌创兴四路店,广东公司,东莞战区,广东省区,东莞办,关店,专柜店,加盟,街铺,,,,,,,,,,1,否
C11607,普宁高铁站二店专卖店,广东公司,东莞战区,广东省区,惠汕办,关店,专柜店,加盟,高势能,,,,,,,,,,1,否
C11608,九江庐山市南康大道帝景御园店,江西公司,九江战区,江西二区,九江办,暂停营业,专卖店,加盟,街铺,17911594,509999461,,6016960354849,,933467529,7234060640820660259,3003810104584413944,2026030911077000000115165957|xiniu_xgc_bgc,1,是
C11609,婺源月华路二中店,江西公司,抚州战区,江西二区,景德镇办,正常营业,专卖店,加盟,街铺,18142410,,16383979.0,6016782370849,,1495663857,7254485433260869670,3005630805326565411,2025111911077000000113626680|xiniu_xgc_bgc,1,是
C11610,九江庐山市蛟塘镇店,江西公司,九江战区,江西二区,九江办,正常营业,专卖店,加盟,街铺,,,,,,,7238785206608463911,,,1,是
C11611,西安临潼东三岔店,陕西公司,西安战区,陕西省区,西安办,关店,专卖店,加盟,街铺,17788896,1155459638,16130472.0,6016232081849,,1992630068,7230409320100268092,,,1,是
C11612,梅州万达金街专卖店,广东公司,东莞战区,广东省区,东莞办,关店,专卖店,加盟,综合体,17813440,1155322184,,6016236352849,,758870843,7233222796527011879,3003821471735456514,,1,否
C11613,广州南站普旅食品店,广东公司,广州战区,广东省区,广佛办,关店,专柜店,加盟,高势能,,,,,,,,,,1,否
C11615,贵阳花果园金融街专卖店,重庆公司,贵阳战区,云贵省区,贵阳办,关店,专卖店,加盟,街铺,,,,,,,,,,1,否
C11616,防城港德诚市场店,广东公司,南宁战区,广西省区,南宁办,关店,专卖店,加盟,街铺,17882950,1157865060,,6016249957849,,600713585,7234785828029892667,,,1,是
C11618,九江庐山市横塘店,江西公司,九江战区,江西二区,九江办,关店,专卖店,加盟,街铺,,,,,,,7235945116534310952,3003810104939029218,,1,是
C11619,赣州龙南宏昌城店,江西公司,赣州战区,江西一区,赣州办,关店,专卖店,加盟,商超,17842692,510049297,,6016628691849,,700655711,7231851548110768162,,,1,是
C11620,宝安燕罗燕川专卖店,广东公司,深圳战区,广东省区,宝安办,关店,专卖店,加盟,街铺,18682665,1157625203,16638142.0,6016269703849,,1422308564,7238804992872679483,3003903099645268507,2026031711077000000115298615|xiniu_xgc_bgc,1,是
C11621,沈阳和平环宇城店,陕西公司,沈阳战区,辽吉省区,沈阳办,关店,专卖店,加盟,综合体,,,,,,,,,,1,否
C11622,温州龙湾国际机场一店,浙江公司,杭州战区,福建省区,浙南办,关店,专柜店,加盟,高势能,,,,,,,,,,1,是
C11623,温州龙湾国际机场二店,浙江公司,杭州战区,福建省区,浙南办,关店,专柜店,加盟,高势能,,,,,,,,,,1,是
C11624,未启用客户,浙江公司,杭州战区,福建省区,浙南办,待开业,,加盟,,,,,,,,,,,1,否
C11625,山西晋城城区凤城店,陕西公司,西安战区,山西办,山西办,关店,专卖店,加盟,街铺,,,,,,,,,,1,是
C11626,山西晋城红星西街店,陕西公司,西安战区,山西办,山西办,关店,专卖店,加盟,街铺,,,,,,,,,,1,是
C11627,宜春旺镜达店,江西公司,宜春战区,江西二区,宜春办,关店,专卖店,加盟,街铺,18454119,510174530,,,,,7225522054437537847,,,1,是
C11628,七里岗服务区南区,江西公司,南昌一战区,江西一区,南昌一办,正常营业,专卖店,加盟,交通枢纽,,,,,,,,,,1,是
C11629,七里岗服务区北区,江西公司,南昌一战区,江西一区,南昌一办,正常营业,专卖店,加盟,交通枢纽,,,,,,,,,,1,是
C11630,直属荣昌南阳百货店,重庆公司,重庆战区,川渝省区,重庆办,关店,专卖店,直营,街铺,cover_C11630_17883086,,,6015430632849,,,cover_C11630_7255889663607441442,3003872392396216395,,1,否
C11631,直属荣昌莲花广场永辉店,重庆公司,重庆战区,川渝省区,重庆办,关店,专卖店,直营,街铺,17820748,,,,,,7255877284027729975,3003872391973904502,,1,否
C11632,山西晋城城区建设路店,陕西公司,西安战区,山西办,山西办,关店,专卖店,加盟,街铺,,,,,,,,,,1,是
C11633,怀化高铁店,江西公司,长沙战区,湖南省区,衡邵办,关店,专柜店,加盟,高势能,,,,,,,,,,1,是
C11635,衡阳香江百货乐城店,江西公司,长沙战区,湖南省区,衡邵办,正常营业,经销,加盟,商超,,,,,,,,,,1,否
C11636,衡阳香江百货建设店,江西公司,长沙战区,湖南省区,衡邵办,正常营业,经销,加盟,商超,,,,,,,,,,1,否
C11637,衡阳香江百货海博店,江西公司,长沙战区,湖南省区,衡邵办,正常营业,经销,加盟,商超,,,,,,,,,,1,否
C11638,衡阳香江百货采霞店,江西公司,长沙战区,湖南省区,衡邵办,正常营业,经销,加盟,商超,,,,,,,,,,1,否
C11639,温州苍南服务区一店,浙江公司,杭州战区,福建省区,浙南办,关店,专卖店,加盟,交通枢纽,,,,,,,,,,1,是
C11640,鹰抚抚州瑞日家园,江西公司,抚州战区,江西一区,鹰抚办,正常营业,专卖店,加盟,街铺,17966530,510170129,16638033.0,6017185691849,,1895497762,7256685699431139380,,2025111911077000000113627712|xiniu_xgc_bgc,1,是
C11641,温州苍南服务区二店,浙江公司,杭州战区,福建省区,浙南办,关店,专卖店,加盟,交通枢纽,,,,,,,,,,1,是
C11642,吉安恒丰花园店,江西公司,赣州战区,江西一区,吉安办,正常营业,专卖店,加盟,街铺,20215694,539210585,,6016828794849,,1544725795,7270456710555240488,3004348213577979183,2025112011077000000113763170|xiniu_xgc_bgc,1,是
C11643,直属济南历下花园路街店,浙江公司,青岛战区,山东省区,济南办,关店,专卖店,直营,街铺,17667875,509783857,16130445.0,6016227142849,1611262262,1611262262,7229874694646679567,3003809748967036985,,1,是
C11646,朝阳智慧农贸市场店,江西公司,南昌一战区,江西二区,南昌三办,正常营业,专卖店,加盟,街铺,18875816,1161715066.0,,6017225889849,,650148700,7281931231682365455,3004243625166673240,2025112011077000000113705663|xiniu_xgc_bgc,1,是
C11647,新建长征东路店,江西公司,南昌一战区,江西一区,南昌一办,关店,专卖店,加盟,街铺,,,,,,,7232515885427066938,3003809750840025111,,1,是
C11648,直属沈阳太原街中华路店,陕西公司,沈阳战区,辽吉省区,辽吉直营办,关店,专卖店,直营,综合体,22070212,1155543232,15905439.0,6016238536849,,1752077013,7235934918969133091,3003835208947836096,,1,是
C11649,北京首都机场T3到达店,陕西公司,北京战区,京津冀省区,北京办,关店,专卖店,加盟,高势能,,,,,,,,,,1,否
C11650,直属河南郑州火车站二店,陕西公司,郑州战区,河南省区,郑州办,正常营业,专卖店,直营,高势能,,,,,,,7239629172581091384,,,1,否
C11651,厦门围里专卖店,江西公司,厦门战区,福建省区,闽南办,关店,专卖店,加盟,街铺,20117051,1112425462,,,,1175813729,7128801614445414407,3003074132902325565,,1,未知
C11652,直属河南郑州火车站一店,陕西公司,郑州战区,河南省区,郑州办,正常营业,专卖店,直营,高势能,,,,,,,,,,1,否
C11653,直属上海黄浦区南京东路宏伊广场店,浙江公司,上海战区,上海省区,上海一办,关店,专卖店,直营,综合体,,,,,,,,,,1,是
C11654,未启用客户,陕西公司,西安战区,山西办,山西办,待开业,,加盟,,,,,,,,,,,1,否
C11655,山西晋城普陀旺世店,陕西公司,西安战区,山西办,山西办,关店,专卖店,加盟,街铺,,,,,,,,,,1,是
C11656,西安邮电北巷店,陕西公司,西安战区,陕西省区,西安办,关店,专卖店,加盟,街铺,17912271,510066967,,,,,7234036846484555780,,,1,是
C11657,天津机场安检内店,陕西公司,北京战区,京津冀省区,天津办,关店,专卖店,加盟,高势能,,,,,,,,,,1,是
C11658,天津机场安检外店,陕西公司,北京战区,京津冀省区,天津办,关店,专卖店,加盟,高势能,,,,,,,,,,1,是
C11659,海口友谊阳光城专卖店,广东公司,海口战区,海南办,海南办,关店,专卖店,加盟,综合体,17812251,1155479610.0,,6016267939849,,1912270017.0,7231775869012805666,,,1,否
C11660,揭阳揭东天虹专卖店,广东公司,东莞战区,广东省区,惠汕办,关店,专卖店,加盟,商超,18164427,,,,,,7241836856843700258,,,1,是
C11661,青岛西站高铁站店,浙江公司,青岛战区,山东省区,青岛办,关店,专卖店,加盟,高势能,,,,,,,,,,1,否
C11662,直属九江十里前进东路店,江西公司,九江战区,江西二区,九江办,关店,专卖店,直营,街铺,17948098,500925300.0,,6015167810849,600259,,7085957641901443102,3003722297278112740,,1,是
C11663,荔浦滨江路店,广东公司,南宁战区,广西省区,柳桂办,关店,专卖店,加盟,街铺,17931779,1157615331,,,,,7234783565144131619,,,1,是
C11665,河南郑州陇海路大润发店,陕西公司,郑州战区,河南省区,郑州办,关店,专卖店,加盟,综合体,,,,6016308701849,,,6862873471144265742,,,1,否
C11666,宁德运生沃尔玛店,江西公司,福州战区,福建省区,闽北办,关店,专卖店,加盟,街铺,,,,,,,,,,1,是
C11667,宁德运生长兴店,江西公司,福州战区,福建省区,闽北办,关店,专卖店,加盟,街铺,,,,6016942246849,,,,,,1,是
C11668,合肥滨湖方圆荟店,浙江公司,苏州战区,安徽办,安徽办,关店,专卖店,加盟,综合体,,,,,,,,,,1,否
C11669,泉州凤凰城专柜,江西公司,厦门战区,福建省区,闽南办,关店,专柜店,加盟,商超,,,,,,,,,,1,是
C11670,八一广场武商专柜店（沐阳公司）,江西公司,南昌一战区,江西二区,南昌三办,关店,专柜店,加盟,特殊渠道,,,,,,,,,,1,是
C11671,沈北积家店,陕西公司,沈阳战区,辽吉省区,沈阳办,关店,专卖店,加盟,商超,17978034,168034806,,,,,6601182859443046403,6724909456135061219,,1,是
C11672,潍坊昌乐方山大街全福元,浙江公司,青岛战区,山东省区,济南办,关店,专卖店,加盟,商超,18549923,,,6016342383849,,1765305889,6994675897760499719,6724909544086677412,,1,是
C11673,福州福清福俱路店,江西公司,福州战区,福建省区,福州办,关店,专柜店,加盟,特殊渠道,,,,,,,,,,1,否
C11674,未启用客户,陕西公司,西安战区,山西办,山西办,待开业,,加盟,,,,,,,,,,,1,否
C11675,山西长治御泽嘉园店,陕西公司,西安战区,山西办,山西办,关店,专卖店,加盟,街铺,14830139,506472748,,,,,7244805322278176772,,,1,是
C11676,河南郑州探十里购物中心店,陕西公司,郑州战区,河南省区,河南外阜办,关店,专卖店,加盟,综合体,18727022,,,,,,7263714934087747647,,,1,是
C11677,南山区粤海路专卖店,广东公司,深圳战区,广东省区,宝安办,关店,专卖店,加盟,街铺,18017280,510505619,14594567.0,6016266799849,,1489378950,7238794876886714403,3003805261271278778,2025111911077000000113749166|xiniu_xgc_bgc,1,是
C11678,海口观澜湖新城二店,广东公司,海口战区,海南办,海南办,关店,专柜店,加盟,街铺,19906722,无,,6016656003849,,579718971,7302357406447568906,,,1,是
C11679,青岛胶南德泰利群店,浙江公司,青岛战区,山东省区,青岛办,关店,专卖店,加盟,综合体,18430984,,16389399.0,6016775316849,,1525673654,7325119191336355852,,,1,是
C11680,长沙五一临时报单账户2,江西公司,长沙战区,湖南省区,长沙办,关店,渠道店,加盟,特殊渠道,,,,,,,,,,1,否
C11681,长沙五一临时报单账户4,江西公司,长沙战区,湖南省区,长沙办,关店,渠道店,加盟,特殊渠道,,,,,,,,,,1,否
C11682,长沙五一临时报单账户3,江西公司,长沙战区,湖南省区,长沙办,关店,渠道店,加盟,特殊渠道,,,,,,,,,,1,否
C11683,长沙五一临时报单账户1,江西公司,长沙战区,湖南省区,长沙办,关店,渠道店,加盟,特殊渠道,,,,,,,,,,1,否
C11685,直属九江十里菜场店,江西公司,九江战区,江西二区,九江办,关店,专卖店,直营,街铺,18722772,,,,,,7270044165533075471,,,1,是
C11686,广州黄沙巴士畅捷店,广东公司,广州战区,广东省区,广佛办,关店,渠道店,加盟,街铺,,,,,,,,,,1,是
C11687,青岛北高铁站1店,浙江公司,青岛战区,山东省区,青岛办,关店,专柜店,加盟,高势能,,,,,,,,,,1,否
C11688,青岛北高铁站2店,浙江公司,青岛战区,山东省区,青岛办,关店,专柜店,加盟,高势能,,,,,,,,,,1,否
C11690,青岛北高铁站3店,浙江公司,青岛战区,山东省区,青岛办,关店,专柜店,加盟,高势能,,,,,,,,,,1,否
C11692,烟台高铁站,浙江公司,青岛战区,山东省区,青岛办,关店,专柜店,加盟,高势能,,,,,,,,,,1,否
C11693,衡阳香江百货水岸店,江西公司,长沙战区,湖南省区,衡邵办,正常营业,经销,加盟,特殊渠道,,,,,,,,,,1,是
C11694,未启用客户,浙江公司,青岛战区,山东省区,济南办,待开业,,加盟,,,,,,,,,,,1,否
C11695,济南天桥区济南站,浙江公司,青岛战区,山东省区,济南办,关店,专卖店,加盟,高势能,,,,,,,,,,1,是
C11696,济南历城区济南东站,浙江公司,青岛战区,山东省区,济南办,正常营业,专卖店,加盟,高势能,,,,,,,,,,1,是
C11697,广州花都合成市场店,广东公司,广州战区,广东省区,广佛办,关店,专卖店,加盟,街铺,18033708,512236712,,6016575698849,,,7241391974270371855,,,1,否
C11698,福田高铁站店,广东公司,深圳战区,广东省区,龙岗办,正常营业,专卖店,加盟,高势能,,,,,,,,,,1,否
C11699,潍坊潍城月河路佳乐家,浙江公司,青岛战区,山东省区,青岛办,关店,专卖店,加盟,商超,,,,,,,,,,1,是
C11700,昆明云纺店,重庆公司,贵阳战区,云贵省区,昆明办,关店,专卖店,加盟,街铺,18110238,510258728,,,,,7246311352103340084,3003813758154714963,,1,是
C11701,中山石岐白水井专卖店,广东公司,广州战区,广东省区,中珠办,关店,专卖店,加盟,街铺,17949420,510255384,,6016259816849,,747723383,7236688534587836453,3003908997295809078,,1,是
C11702,惠州东平隆生广场专卖店,广东公司,东莞战区,广东省区,惠汕办,关店,专卖店,加盟,商超,17932898,1155428587,,6016260516849,,1816997801,7234774318327826432,3003849748550100428,,1,是
C11703,吉安万安五云农贸市场店,江西公司,赣州战区,江西一区,吉安办,关店,专卖店,加盟,街铺,,,,,,,7243726643120834618,,,1,是
C11709,中山古镇华丰汇店,广东公司,广州战区,广东省区,中珠办,正常营业,专卖店,加盟,综合体,18263568,510346140,16130440.0,6016301037849,,1871694119,7248451711444977721,,2026031711077000000115377546|xiniu_xgc_bgc,1,是
C11710,潮州饶平专卖店,广东公司,东莞战区,广东省区,惠汕办,关店,专卖店,加盟,街铺,18045666,504288874,,6016266798849,,725376753,7237423097094899772,3003849687983300872,,1,是
C11711,贵州惠水金域广场店,重庆公司,贵阳战区,云贵省区,贵阳办,关店,专卖店,加盟,商超,18169588,1157850347,,,,,7243671145994520579,3003818683555914740,,1,是
C11712,北京槐房万达永辉店,陕西公司,北京战区,京津冀省区,北京办,关店,专卖店,加盟,综合体,,,,,,,,,,1,是
C11713,福州闽侯阳光城专卖店,江西公司,福州战区,福建省区,福州办,关店,专卖店,加盟,街铺,,,,6016300091849,,,7239257345803421736,,,1,是
C11714,未启用客户,浙江公司,杭州战区,浙江省区,杭州办,待开业,,直营,,,,,,,,,,,1,否
C11715,直属杭州太平门直街店,浙江公司,杭州战区,浙江省区,杭州办,关店,专卖店,直营,街铺,18490076,1161787984,,6016338067849,,1658768989,7256688905859106856,,,1,是
C11716,重庆美团优选电商,重庆公司,重庆战区,川渝省区,重庆办,关店,渠道店,加盟,特殊渠道,,,,,,,,,,1,否
C11717,广州新塘现代城市花园专卖店,广东公司,广州战区,广东省区,广佛办,关店,专卖店,加盟,街铺,20369502,513978008,16383999.0,6016305562849,,1102197287,7324512752385394723,3004260679059679776,2025111911077000000113761090|xiniu_xgc_bgc,1,是
C11718,灌阳县胜利路店,广东公司,南宁战区,广西省区,柳桂办,关店,专卖店,加盟,街铺,18097639,510133488,,6016291833849,,1730124875,7242879279208335371,,,1,是
C11719,邵阳武冈市新广场2店,江西公司,长沙战区,湖南省区,衡邵办,正常营业,专卖店,加盟,街铺,21028412,,17210595.0,6016829377849,,,7354718438360614953,,,1,是
C11720,常宁泰宁广场店,江西公司,长沙战区,湖南省区,衡邵办,关店,专卖店,加盟,综合体,18302127,,16256673.0,6016269127849,,1334337520,7251427536008120354,,,1,是
C11721,上海新田360广场店,浙江公司,上海战区,上海省区,上海一办,关店,专卖店,加盟,商超,12245643,2096653992,16019778.0,6013773054849,600761,868532991,6601193138155423751,3001824188579091266,,1,是
C11722,珠海香洲华发世纪城专卖店,广东公司,广州战区,广东省区,中珠办,关店,专柜店,加盟,综合体,,,,,,,,,,1,是
C11723,鹰抚抚州开元店,江西公司,抚州战区,江西一区,鹰抚办,正常营业,专卖店,加盟,街铺,29226867,511642542,16638040.0,6016947243849,,1947068280,7256665082153666560,3004235716400125274,,1,是
C11725,九江庐山景区二店,江西公司,九江战区,江西二区,九江办,关店,专柜店,加盟,交通枢纽,,,,,,,,,,1,是
C11729,河南郑州建文新世界店,陕西公司,郑州战区,河南省区,郑州办,关店,专卖店,加盟,街铺,,,,,,,,,,1,是
C11730,光明区长圳村专卖店,广东公司,深圳战区,广东省区,宝安办,关店,专卖店,加盟,街铺,18086778,1157820085,,6016318929849,,542903625,7241842254728398863,3003903099038900566,,1,是
C11731,豪都商贸有限公司广州南站店,广东公司,广州战区,广东省区,广佛办,关店,专柜店,加盟,高势能,,,,,,,,,,1,否
C11732,嘉善服务区南区店,浙江公司,杭州战区,浙江省区,杭州办,关店,专卖店,加盟,交通枢纽,,,,,,,,,,1,是
C11733,嘉善服务区北区店,浙江公司,杭州战区,浙江省区,杭州办,关店,专卖店,加盟,交通枢纽,,,,,,,,,,1,是
C11734,未启用客户,浙江公司,杭州战区,福建省区,浙南办,待开业,,加盟,,,,,,,,,,,1,否
C11735,丽水遂昌北街店,浙江公司,杭州战区,福建省区,浙南办,关店,专卖店,加盟,街铺,18013148,510146601,,,,,7239625307316045879,,,1,是
C11736,广州铁联商贸有限公司广州东站店,广东公司,广州战区,广东省区,广佛办,正常营业,专卖店,加盟,高势能,,,,,,,,,,1,否
C11737,河南开封高铁站店,陕西公司,郑州战区,河南省区,郑州办,关店,专卖店,加盟,高势能,,,,,,,,,,1,是
C11738,甘肃兰州雁滩路店,陕西公司,西安战区,陕西省区,兰州办,关店,专卖店,加盟,街铺,18336029,510365778,,6016309432849,,,7252992654877657126,,,1,是
C11739,鹰抚贵溪万和城店,江西公司,抚州战区,江西一区,鹰抚办,正常营业,专卖店,加盟,商超,20369637,1187652444,,6016783300849,,1781364655,7258463688317732918,3003874579498410147,2025111911077000000113632676|xiniu_xgc_bgc,1,是
C11740,直属长沙岳麓区玉兰路店,江西公司,长沙战区,湖南省区,长沙办,关店,专卖店,直营,交通枢纽,15569828,507413160,15861072.0,6015145902849,600764,1541807751,6999826316107188231,3002055249489833398,,1,是
C11741,萍乡莲花二店,江西公司,宜春战区,江西二区,宜春办,关店,专卖店,加盟,街铺,,,,6016782848849,,,7236313263867168802,,,1,是
C11742,萍乡学院店,江西公司,宜春战区,江西二区,宜春办,正常营业,专卖店,加盟,街铺,18626004,,16384063.0,6016781576849,,1613291093,7255137819834714127,,2025111911077000000113673678|xiniu_xgc_bgc,1,是
C11743,抚南黎川状元路店,江西公司,抚州战区,江西一区,鹰抚办,正常营业,专卖店,加盟,街铺,18444941,,,6016330639849,,1574429699,7253290343485933608,3003874925615059534,2025112011077000000113761176|xiniu_xgc_bgc,1,是
C11745,抚南南城锦绣江南店,江西公司,抚州战区,江西一区,鹰抚办,正常营业,专卖店,加盟,街铺,18040143,1157755602,15968187.0,6016284480849,,1996620278,7239171679652415522,3003872392815288558,2025112011077000000113665757|xiniu_xgc_bgc,1,是
C11746,沈阳长白万象汇店,陕西公司,沈阳战区,辽吉省区,沈阳办,关店,专卖店,加盟,综合体,cover_C11746_18110397,cover_C11746_510208691,,,,,,,,1,是
C11747,呼市赛罕万达商场店,陕西公司,北京战区,京津冀省区,北京办,关店,专卖店,加盟,综合体,18302494,1176970656,15968037.0,6016302757849,,653802966,7242624807764756536,3003920520352018341,,1,是
C11748,呼市赛罕万达步行街店,陕西公司,北京战区,京津冀省区,北京办,正常营业,专卖店,加盟,综合体,18302621,510127549,18659539.0,6016304005849,,1490901605,7243702250600663072,3003920531212378442,2025112011077000000113763171|xiniu_xgc_bgc,1,是
C11749,重庆渝北长安丽都店,重庆公司,重庆战区,川渝省区,重庆办,关店,专卖店,加盟,街铺,18454319,,,,,,7252171710777165863,,,1,是
C11750,罗湖黄贝岭深业东岭专卖店,广东公司,深圳战区,广东省区,龙岗办,关店,专卖店,加盟,街铺,18431446,1163815619,,6016337776849,,1435847170,7255905417006417961,,,1,是
C11751,宜春靖安恒耘里店,江西公司,南昌二战区,江西二区,宜春办,正常营业,专卖店,加盟,街铺,,,,6017210892849,,1179086119,7248923697547839547,3004073381464543694,2025111911077000000113662674|xiniu_xgc_bgc,1,是
C11752,上饶晶科滨江壹号店,江西公司,抚州战区,江西二区,上饶办,关店,专卖店,加盟,街铺,18251275,1157642768,,6016782657849,,501155166,7245094331256670267,3003840477696139442,,1,是
C11753,沈阳浑南全运路万达店,陕西公司,沈阳战区,辽吉省区,沈阳办,关店,专卖店,加盟,综合体,18001696,510221291,15905520.0,6016359134849,,735180840,7278592047395653673,6724909544120096808,,1,是
C11754,未启用客户,广东公司,广州战区,广东省区,中珠办,待开业,,加盟,,,,,,,,,,,1,否
C11755,中山北站专卖店,广东公司,广州战区,广东省区,中珠办,关店,专柜店,加盟,高势能,,,,,,,,,,1,是
C11756,赣州赣县宏昌超市店,江西公司,赣州战区,江西一区,赣州办,正常营业,专卖店,加盟,街铺,18671212,1163898630,,6016634500849,,1208812987,7327561347363768329,3002315245594809472,2025112011077000000113622820|xiniu_xgc_bgc,1,是
C11757,九龙湖新琚农贸市场店,江西公司,南昌一战区,江西一区,南昌一办,正常营业,专卖店,加盟,街铺,18454520,510420891.0,,6016335746849,,530416482,7251422070410577955,,,1,是
C11758,直属长沙岳麓区华润欢乐颂店,江西公司,长沙战区,湖南省区,长沙办,关店,专卖店,直营,综合体,18739257,510954025,,,,1532245160,7264792686182287379,3004308674188906782,,1,是
C11759,山西长治淮海店,陕西公司,西安战区,山西办,山西办,关店,专卖店,加盟,街铺,21136020,1157870707,,6016309721849,,985737122,7245084590270842895,,,1,是
C11760,义乌廿三里信联街店,浙江公司,杭州战区,浙江省区,金衢办,关店,专柜店,加盟,街铺,18799519,511051013,,6016425751849,,1350418257,7274054875216873487,,,1,是
C11761,吉安文澜府店,江西公司,赣州战区,江西一区,吉安办,正常营业,专卖店,加盟,街铺,18454312,1174008076,16190067.0,6016829794849,,1286922605,7254071889172924473,3004359798010223367,2025112011077000000113739669|xiniu_xgc_bgc,1,是
C11762,直属抚州中央花园店,江西公司,抚州战区,江西一区,鹰抚办,正常营业,专卖店,直营,街铺,18338465,1161815920,16383978.0,6016305978849,,1688459811,7246973914989987874,3003917056322741610,2026030911077000000115121955|xiniu_xgc_bgc,1,是
C11764,未启用客户,广东公司,深圳战区,广东省区,宝安办,待开业,,加盟,,,,,,,,,,,1,否
C11765,深圳东站候车室专卖店,广东公司,深圳战区,广东省区,宝安办,关店,专柜店,加盟,高势能,,,,,,,,,,1,是
C11766,赣州横市服务区西区,江西公司,赣州战区,江西一区,赣州办,正常营业,专卖店,加盟,交通枢纽,,,,,,,,,,1,是
C11767,赣州横市服务区东区,江西公司,赣州战区,江西一区,赣州办,正常营业,专卖店,加盟,交通枢纽,,,,,,,,,,1,是
C11768,河南郑州德化新街一店,陕西公司,郑州战区,河南省区,郑州办,关店,专柜店,加盟,街铺,,,,,,,,,,1,是
C11769,安徽蒙城好又多店,浙江公司,苏州战区,安徽办,安徽办,关店,专卖店,加盟,商超,,,,,,,,,,1,是
C11770,直属沈阳北站店,陕西公司,沈阳战区,辽吉省区,辽吉直营办,正常营业,专卖店,直营,高势能,19723679,1178168442,15967931.0,6016651018849,,1066356038,6678463908166027276,,2025111911077000000113656638|xiniu_xgc_bgc,1,是
C11771,直属吉安金鹏花园店,江西公司,赣州战区,江西一区,吉安办,正常营业,专卖店,直营,街铺,18381545,1161701071,16256709.0,6016320007849,,1745716547,7251422707030444084,3003952094551253260,2026030911077000000115173947|xiniu_xgc_bgc,1,是
C11772,西安临潼西大街店,陕西公司,西安战区,陕西省区,西安办,关店,专卖店,加盟,街铺,18508626,,,,,,,,,1,是
C11773,盐城上冈店,浙江公司,苏州战区,江苏省区,南京办,关店,专卖店,加盟,街铺,18744445,1164009456,,6016372835849,,,7263697494901524538,,,1,是
C11775,直属上饶广信区广场店,江西公司,抚州战区,江西二区,上饶办,关店,专卖店,直营,街铺,18160141,1157816150,16383985.0,6016317932849,,1491390990,7242502829317834789,3003889626349314071,,1,是
C11776,苏州吴江吾悦店,浙江公司,苏州战区,江苏省区,苏州办,关店,专卖店,加盟,综合体,18477388,1161857605,,,,,7256610472550467618,,,1,是
C11777,直属青岛黄岛吾悦广场街边店,浙江公司,青岛战区,山东省区,青岛办,关店,专卖店,直营,街铺,,,,,,,,,,1,否
C11778,南宁站商品超市店,广东公司,南宁战区,广西省区,南宁办,关店,专柜店,加盟,高势能,,,,,,,,,,1,是
C11779,南宁万达茂广场店,广东公司,南宁战区,广西省区,南宁办,关店,专卖店,加盟,综合体,14499805,1100900633.0,,6015167538849,601267.0,629875797.0,6791487310883014663,3002968397444097118,,1,是
C11780,上海南站北广场岗亭店,浙江公司,上海战区,上海省区,上海一办,关店,专柜店,加盟,高势能,,,,,,,,,,1,否
C11781,直属宜春上东国际店,江西公司,宜春战区,江西二区,宜春办,关店,专卖店,直营,街铺,7717588,1157832865,16384081.0,6016305623849,,682333050,7246233619356715023,3003923052861006214,,1,是
C11782,宜春广汇广场店,江西公司,宜春战区,江西二区,宜春办,关店,专卖店,加盟,商超,,,,,,,7239165798088968207,3003968746158597836,,1,是
C11783,九江共青温馨苑店,江西公司,九江战区,江西二区,九江办,关店,专卖店,加盟,街铺,18338297,1161756778,,6017186420849,,1153278166,7244753804757829669,,,1,是
C11784,未启用客户,广东公司,南宁战区,广西省区,南宁办,待开业,,加盟,,,,,,,,,,,1,否
C11785,平乐县星港百货店,广东公司,南宁战区,广西省区,南宁办,关店,专卖店,加盟,综合体,18370267,510504402,,6016346815849,,1481022306,7263711036350400568,,,1,是
C11787,吉安汇丰御园店,江西公司,赣州战区,江西一区,吉安办,关店,专卖店,加盟,街铺,20215542,,,6016829092849,,653727569,7270449519274231869,,,1,是
C11788,红谷春天店,江西公司,南昌一战区,江西一区,南昌一办,正常营业,专卖店,加盟,街铺,18311599,2124196154,,6016945050849,,1752932768,7251424813766412340,3003982436515713109,2025112011077000000113694740|xiniu_xgc_bgc,1,是
C11789,厦门集美灌口万达专卖店,江西公司,厦门战区,福建省区,闽南办,关店,专卖店,加盟,综合体,21301444,,,,,,,,,1,是
C11790,中山港口兴港中路专卖店,广东公司,广州战区,广东省区,中珠办,关店,专卖店,加盟,街铺,20923480,1198054775,,6016877081849,,1805812154,7353162319977547814,3004764997231973665,,1,是
C11791,遵义播州合力店,重庆公司,贵阳战区,云贵省区,遵义办,关店,专卖店,加盟,商超,18261613,,,,,,7252139955986630713,3004050772915692919,,1,是
C11792,新建区欣悦湖店,江西公司,南昌一战区,江西一区,南昌一办,正常营业,专卖店,加盟,街铺,18301342,1163850130,16638119.0,6016305851849,,1900101679,7245542667152295969,3003909287483679474,2025111911077000000113641754|xiniu_xgc_bgc,1,是
C11793,义乌永康永辉,浙江公司,杭州战区,浙江省区,金衢办,关店,专柜店,加盟,商超,,,,,,,,,,1,是
C11794,不使用门店,浙江公司,杭州战区,浙江省区,杭州办,正常营业,,加盟,,,,,,,,,,,1,否
C11795,绍兴笛扬路永辉店,浙江公司,杭州战区,浙江省区,杭州办,关店,专柜店,加盟,商超,,,,,,,,,,1,是
C11796,杭州翁梅永辉地铁站店,浙江公司,杭州战区,浙江省区,杭州办,关店,专柜店,加盟,交通枢纽,,,,,,,,,,1,是
C11797,娄底涟源杨市店,江西公司,长沙战区,湖南省区,株洲办,关店,专卖店,加盟,街铺,18529813,,,,,,7242909883505313831,3003892222152257285,,1,是
C11798,娄底双峰地下商场店,江西公司,长沙战区,湖南省区,株洲办,关店,专卖店,加盟,街铺,18447359,,,6016332224849,,1348969092,7253315208418953272,3003938057691144367,2025111911077000000113708627|xiniu_xgc_bgc,1,是
C11799,陕西咸阳丽彩溪岸金街店,陕西公司,西安战区,陕西省区,陕西外阜办,关店,专卖店,加盟,街铺,,,,,,,,,,1,是
C11800,衡阳香江百货三江店,江西公司,长沙战区,湖南省区,衡邵办,正常营业,经销,加盟,综合体,,,,,,,,,,1,是
C11801,衡阳香江百货祝融店,江西公司,长沙战区,湖南省区,衡邵办,正常营业,经销,加盟,商超,,,,,,,,,,1,是
C11802,直属苏州吴中商城店,浙江公司,苏州战区,江苏省区,苏州办,关店,专卖店,直营,街铺,18703984,510906669,,,,1157788035,7263030478590969891,,,1,是
C11803,宝安坪洲地铁站专卖店,广东公司,深圳战区,广东省区,宝安办,关店,专卖店,加盟,交通枢纽,18287337,,,6016576829849,,1136782433,7262567677191784459,3004285754421782349,,1,是
C11804,不使用门店,江西公司,福州战区,福建省区,福州办,关店,,加盟,,,,,,,,,,,1,否
C11805,福州福清上店店,江西公司,福州战区,福建省区,福州办,关店,专柜店,加盟,特殊渠道,,,,,,,,,,1,是
C11806,直属厦门集美杏东专卖店,江西公司,厦门战区,福建省区,直营组,关店,专卖店,直营,街铺,21342662,1157652643,,6016478383849,,1341015969,7244811825454254095,,,1,是
C11807,宁德运生新加坡路店,江西公司,福州战区,福建省区,闽北办,关店,专卖店,加盟,街铺,,,,,,,,,,1,是
C11808,温州瓯北店,浙江公司,杭州战区,福建省区,浙南办,关店,专卖店,加盟,街铺,19916967,1157846402,,,,654969165,7243298402472036355,,,1,是
C11809,宜春东湖花苑店,江西公司,宜春战区,江西二区,宜春办,正常营业,专卖店,加盟,街铺,19265129,,16257045.0,6016782562849,,1137988374,7269980384857688124,3004302695898910977,2025111911077000000113711590|xiniu_xgc_bgc,1,是
C11810,直属河南郑州农科路店,陕西公司,郑州战区,河南省区,郑州办,正常营业,专卖店,直营,街铺,18313221,1161737946,16189147.0,6016305561849,,1620675640,7247734680596777000,3004267194812506715,2025111911077000000113707575|xiniu_xgc_bgc,1,是
C11811,高安市中山路店,江西公司,南昌二战区,江西二区,宜春办,关店,专卖店,加盟,街铺,18606057,1163898632,,,,,7245575399441991713,3003877539278954891,,1,是
C11812,冷水江地下商业街2店,江西公司,长沙战区,湖南省区,长沙办,关店,专卖店,加盟,综合体,,,,6015119772849,,,,4002950215936382377,,1,是
C11813,直属杭州景芳地铁商业街店,浙江公司,杭州战区,浙江省区,杭州办,关店,专卖店,直营,交通枢纽,18493983,510652295,15967995.0,6016472361849,,1039382259,7271590106060818451,,,1,是
C11814,不使用门店,广东公司,广州战区,广东省区,广佛办,关店,,加盟,,,,,,,,,,,1,否
C11815,肇庆大旺御东方广场专卖店,广东公司,广州战区,广东省区,广佛办,关店,专卖店,加盟,街铺,18575208,,,6016332730849,,676494379,7259673092639688767,3003924642099892296,,1,是
C11816,威海环翠鲸园光明路店,浙江公司,青岛战区,山东省区,青岛办,关店,专卖店,加盟,街铺,18431066,,,,,,,,,1,是
C11817,大连椒房壹加壹专柜店,陕西公司,沈阳战区,辽吉省区,大连办,关店,专卖店,加盟,商超,,,,,,,,,,1,是
C11818,河南开封温莎尚郡店,陕西公司,郑州战区,河南省区,郑州办,关店,专卖店,加盟,街铺,,,,,,,,,,1,否
C11819,西安文艺路华润万家店,陕西公司,西安战区,陕西省区,西安办,暂停营业,专卖店,加盟,街铺,22078543,519256261,16130466.0,6016476289849,,1378032977,7244760950392227877,,2025111911077000000113760116|xiniu_xgc_bgc,1,是
C11820,东莞石鼓英才路专卖店,广东公司,东莞战区,广东省区,东莞办,关店,专卖店,加盟,街铺,18353735,1163976025,,6016320006849,,1377164190,7250781252620388391,3004201406105430349,,1,是
C11821,贵阳云岩北京华联宅吉店,重庆公司,贵阳战区,云贵省区,贵阳办,关店,专卖店,加盟,商超,18345405,1161774898,,,,,6814024656262072332,,,1,是
C11822,日照百货大楼店,浙江公司,青岛战区,山东省区,青岛办,关店,专卖店,加盟,商超,18430983,,,6016776328849,,,7266288559311554615,,,1,是
C11823,三亚椰梦长廊专卖店,广东公司,海口战区,海南办,海南办,关店,专卖店,加盟,交通枢纽,18197505,,,,,,,,,1,是
C11825,上饶师范学院乐鲜装专柜店,江西公司,抚州战区,江西二区,上饶办,关店,专卖店,加盟,特殊渠道,,,,,,,,,,1,是
C11826,直属西安草场坡翡翠明珠店,陕西公司,西安战区,陕西省区,西安办,关店,专卖店,直营,街铺,18336028,1163937070,16016519.0,6016288784849,,1291477966,7249685471322720290,,,1,是
C11827,云南昆明南站二店,重庆公司,贵阳战区,云贵省区,昆明办,关店,专卖店,加盟,高势能,,,,,,,,,,1,否
C11828,甘肃定西陇西晟大购物广场店,陕西公司,西安战区,陕西省区,陕西外阜办,关店,专卖店,加盟,综合体,,,,,,,,,,1,是
C11829,福田赤尾地铁站专卖店,广东公司,深圳战区,广东省区,龙岗办,关店,专卖店,加盟,交通枢纽,18553286,1163916265,,6016842747849,,564182885,7269256221016721420,,,1,是
C11830,南昌九龙湖瀚江府店,江西公司,南昌一战区,江西一区,南昌一办,正常营业,专卖店,加盟,街铺,,,,6017196960849,,1531349490,7282863401934522380,3004028194039177517,2025112011077000000113701754|xiniu_xgc_bgc,1,是
C11831,惠州惠阳兴勤专卖店,广东公司,东莞战区,广东省区,惠汕办,关店,专卖店,加盟,商超,18502681,510913629,,6016339211849,,928988608,7255913135054260283,3003080348251235512,,1,是
C11832,佛山容桂天佑城1店,广东公司,广州战区,广东省区,广佛办,关店,专卖店,加盟,街铺,18335630,510685565,,6016332223849,,678771299,7250780201099986947,3004217537103964690,,1,是
C11833,福州永嘉天地专卖店,江西公司,福州战区,福建省区,福州办,关店,专卖店,加盟,综合体,,,,,,,,,,1,否
C11834,不使用门店,江西公司,福州战区,福建省区,福州办,关店,,加盟,,,,,,,,,,,1,否
C11835,莆田枫亭专卖店,江西公司,福州战区,福建省区,福州办,关店,专卖店,加盟,街铺,18705438,1161542621,,,,,,,,1,是
C11836,海南环岛高铁（海口仓）,广东公司,海口战区,海南办,海南办,关店,渠道店,加盟,高势能,,,,,,,,,,1,是
C11837,海南环岛高铁（三亚仓）,广东公司,海口战区,海南办,海南办,关店,渠道店,加盟,高势能,,,,,,,,,,1,是
C11838,潍坊诸城繁荣东路佳乐家店,浙江公司,青岛战区,山东省区,青岛办,关店,专卖店,加盟,商超,25364766,1178041294,,6016774835849,,1124273601,7007290445185157158,3002137509991649560,,1,是
C11839,温州时代公园店,浙江公司,杭州战区,福建省区,福州办,关店,专卖店,加盟,特殊渠道,,,,,,,,,,1,否
C11840,汕尾陆丰甲子店,广东公司,东莞战区,广东省区,惠汕办,关店,专卖店,加盟,街铺,18276211,1157589177,16638085.0,6016304835849,,1654630386,7248461232900933691,3003912313241150767,2025111911077000000113696645|xiniu_xgc_bgc,1,是
C11841,江苏南京南站店,浙江公司,苏州战区,江苏省区,南京办,正常营业,经销,加盟,高势能,,,,,,,,,,1,否
C11842,红谷滩联泰桥郡,江西公司,南昌一战区,江西一区,南昌一办,正常营业,专卖店,加盟,街铺,28568439,532975032,,6017195518849,,668922591,7503787432588871714,,2025112011077000000113676719|xiniu_xgc_bgc,1,是
C11843,景德镇监狱店（江西辰译优商贸公司）,江西公司,九江战区,江西二区,景德镇办,正常营业,经销,加盟,特殊渠道,,,,,,,,,,1,是
C11845,上饶德兴银城南路店,江西公司,抚州战区,江西二区,景德镇办,关店,专卖店,加盟,街铺,18505806,1164013698,,6016628517849,,1460443574,7256658837057308731,3004008648870007333,2025112011077000000113752258|xiniu_xgc_bgc,1,是
C11846,宜春凯怡半山店,江西公司,宜春战区,江西二区,宜春办,关店,专卖店,加盟,街铺,18605849,1163973653,,6016781983849,,1899285522,7244749837927712802,3004217884705367886,,1,是
C11847,杭州东站东广场出发杭州华联店,浙江公司,杭州战区,浙江省区,宁波办,关店,专柜店,加盟,高势能,,,,,,,,,,1,是
C11848,杭州东站西广场出发华铁星际店,浙江公司,杭州战区,浙江省区,宁波办,关店,专柜店,加盟,高势能,,,,,,,,,,1,是
C11849,青岛黄岛吾悦广场金街店,浙江公司,青岛战区,山东省区,青岛办,关店,专卖店,加盟,街铺,,,,6016715075849,,,,,,1,是
C11850,沈阳长白万象汇店,陕西公司,沈阳战区,辽吉省区,沈阳办,正常营业,专卖店,加盟,综合体,18110397,510208691,15967958.0,6016284652849,,1534182904,7241013708183308292,3003863979526432037,2025111911077000000113626676|xiniu_xgc_bgc,1,是
C11851,青岛城阳崇阳路丽达店,浙江公司,青岛战区,山东省区,青岛办,关店,专卖店,加盟,商超,8029653,520671509,15905535.0,6016774540849,,195848981,6712315938076706830,6724909238801635826,,1,是
C11852,龙岗南湾玉岭专卖店,广东公司,深圳战区,广东省区,龙岗办,关店,专卖店,加盟,街铺,5713986,1101944798,,6016578201849,601206,179252602,6601265169710450702,3003041191642632815,,1,是
C11853,贵阳花溪万科大都会店,重庆公司,贵阳战区,云贵省区,遵义办,关店,专卖店,加盟,街铺,,,,,,,,,,1,是
C11855,宜春泸州北路人旺超市店,江西公司,宜春战区,江西二区,宜春办,关店,专卖店,加盟,街铺,19089890,511643961,16256702.0,6016781777849,,818618618,7254447341867665419,3003968738194006742,,1,是
C11856,高安青城林语新店,江西公司,南昌二战区,江西二区,宜春办,正常营业,专卖店,加盟,街铺,18625698,,17679468.0,6016964535849,,754380150,7245569275975436322,3003906655855679910,,1,是
C11857,南昌战区团购散户,江西公司,南昌一战区,江西一区,南昌一办,关店,,加盟,,,,,,,,,,,1,否
C11858,青岛战区团购账户,浙江公司,青岛战区,山东省区,青岛办,关店,渠道店,加盟,特殊渠道,,,,,,,,,,1,否
C11859,德州德城区澳德乐,浙江公司,青岛战区,山东省区,济南办,关店,专卖店,加盟,综合体,18599370,510818389,,6016774538849,,1694612289,,,,1,是
C11860,九江安永小区店,江西公司,九江战区,江西二区,九江办,正常营业,专卖店,加盟,街铺,,,,6016943329849,,,7313747713328154634,,,1,是
C11861,大连亿合城比优特店,陕西公司,沈阳战区,辽吉省区,大连办,关店,专卖店,加盟,商超,18468609,1161882704,,,,569937150,7036284336227747840,,,1,是
C11862,贵州瓮安亿合广场店,重庆公司,贵阳战区,云贵省区,贵阳办,关店,专卖店,加盟,街铺,18413602,,,,,,7252525170869405730,3003952279159482341,,1,是
C11863,宜春西村店,江西公司,宜春战区,江西二区,宜春办,正常营业,专卖店,加盟,街铺,,,,6016373757849,,,7245578946790557734,3003937617634797278,,1,是
C11864,未启用客户,浙江公司,杭州战区,浙江省区,杭州办,待开业,,直营,,,,,,,,,,,1,否
C11865,直属杭州西溪龙湖天街店,浙江公司,杭州战区,浙江省区,杭州办,关店,专卖店,直营,综合体,18369859,1289310670,,6016321513849,,1270673933.0,7252154497995114531,,,1,是
C11866,东莞大朗长富专卖店,广东公司,东莞战区,广东省区,东莞办,关店,专卖店,加盟,街铺,18610853,1172444731,,6016395604849,,52151576,6601153663098423304,3004059649443537229,,1,是
C11867,江苏苏州新区绿宝店,浙江公司,苏州战区,江苏省区,苏州办,关店,专卖店,加盟,街铺,18598815,1164076892,,,,,7258219532584486975,,,1,是
C11868,直属叠山路店,江西公司,南昌一战区,江西二区,南昌三办,关店,专卖店,直营,街铺,9523751,500652596.0,,,,,6601169231528593421,3002803774273463190,,1,是
C11869,直属江大天虹店,江西公司,南昌一战区,江西一区,南昌二办,正常营业,专卖店,直营,商超,5473916,2057156028,14931956.0,6017186002849,,179403756,7252144265613019151,3003962666368937944,2025112011077000000113744660|xiniu_xgc_bgc,1,是
C11870,江苏无锡江阴顾山店,浙江公司,苏州战区,江苏省区,苏州办,关店,专卖店,加盟,商超,18443651,510691043,,,,,,,,1,是
C11871,九江市国棉一厂店,江西公司,九江战区,江西二区,九江办,正常营业,专卖店,加盟,街铺,,,,6017190412849,,1757451113,7351320511474829327,3004348293551987201,,1,是
C11872,九江共青苏家垱店,江西公司,九江战区,江西二区,九江办,正常营业,专卖店,加盟,街铺,,,,,,,7264849049080039479,3004044753782481628,,1,是
C11873,九江庐山市金枫花园店,江西公司,九江战区,江西二区,九江办,正常营业,专卖店,加盟,街铺,18480264,510557424,,6016959972849,,1445193335,7254491643779237922,3003988993574609212,2025112011077000000113672746|xiniu_xgc_bgc,1,是
C11874,未启用客户,陕西公司,西安战区,陕西省区,陕西外阜办,待开业,,加盟,,,,,,,,,,,1,否
C11875,陕西汉中留坝服务区西区店,陕西公司,西安战区,陕西省区,陕西外阜办,暂停营业,专卖店,加盟,交通枢纽,,,,,,,,,,1,是
C11876,陕西汉中留坝服务区东区店,陕西公司,西安战区,陕西省区,陕西外阜办,暂停营业,专卖店,加盟,交通枢纽,,,,,,,,,,1,是
C11877,南宁站广场店,广东公司,南宁战区,广西省区,南宁办,关店,专卖店,加盟,高势能,,,,,,,,,,1,否
C11878,鹰抚抚州万家隆超市店,江西公司,抚州战区,江西一区,鹰抚办,正常营业,专卖店,加盟,街铺,19091599,533940349,16638162.0,6017186732849,,1689066752,7272259181409732608,3005656588610283855,2025111911077000000113686654|xiniu_xgc_bgc,1,是
C11879,台州温岭东辉店,浙江公司,杭州战区,福建省区,浙南办,关店,专卖店,加盟,街铺,,,,,,673962762,7254051834573096964,,,1,是
C11880,直属昌北机场国际厅1店,江西公司,南昌一战区,江西一区,南昌一办,正常营业,专卖店,直营,高势能,,,,,,,,,,1,是
C11881,汕尾陆丰洛州东路专卖店,广东公司,东莞战区,广东省区,惠汕办,关店,专卖店,加盟,街铺,18502669,,,6016337691849,,572925498,7262601953484474408,3004260678396614924,,1,是
C11882,吉安西站店,江西公司,赣州战区,江西一区,吉安办,正常营业,专卖店,加盟,高势能,,,,,,,,,,1,是
C11883,直属昌北机场国际厅2店,江西公司,南昌一战区,江西一区,南昌一办,正常营业,专卖店,直营,高势能,,,,,,,,,,1,否
C11885,直属昌北机场T2C指廊店,江西公司,南昌一战区,江西一区,南昌一办,正常营业,专卖店,直营,高势能,,,,,,,,,,1,是
C11886,宁德霞浦长春店,江西公司,福州战区,福建省区,福州办,关店,专卖店,加盟,街铺,,,,,,,7259955029069531172,,,1,是
C11887,宁德霞浦凤兴店,江西公司,福州战区,福建省区,福州办,关店,专卖店,加盟,街铺,,,,,,,7259949410472331300,,,1,是
C11888,宁德周宁咸村店,江西公司,福州战区,福建省区,福州办,关店,专卖店,加盟,街铺,,,,,,1311292153,7281930865231038521,,,1,是
C11889,江门开平水口升宝店,广东公司,广州战区,广东省区,中珠办,正常营业,专卖店,加盟,街铺,18287360,507465707,15967939.0,6015448219849,,1508264369,7130613964346263567,3003027223264174733,2025112011077000000113734688|xiniu_xgc_bgc,1,是
C11890,直属合肥安粮城市广场店,浙江公司,苏州战区,安徽办,安徽办,关店,专卖店,直营,街铺,,,,,,,,,,1,否
C11891,海口高铁东站专卖店,广东公司,海口战区,海南办,海南办,关店,专卖店,加盟,高势能,,,,,,,,,,1,否
C11892,苏州胥江龙湖店,浙江公司,苏州战区,江苏省区,苏州办,关店,专卖店,加盟,综合体,18443442,510666050,,,,,7256614006838790159,,,1,是
C11893,毕节高铁站店,重庆公司,贵阳战区,云贵省区,遵义办,正常营业,专卖店,加盟,高势能,,,,,,,,,,1,否
C11895,鹰潭白露港菜场店,江西公司,抚州战区,江西一区,鹰抚办,关店,专卖店,加盟,街铺,,,,6016877444849,,1300442839,7255140102166054964,3004023436348891543,,1,是
C11896,南昌广州路赣电洪府,江西公司,南昌一战区,江西一区,南昌二办,正常营业,专卖店,加盟,街铺,27976920,529390306,17210598.0,6017240734849,,1073444908,7461126603922212905,,2026030311077000000115124629|xiniu_xgc_bgc,1,是
C11898,丰城国贸店,江西公司,南昌二战区,江西一区,丰新办,关店,专卖店,加盟,街铺,,,,,,,,,,1,是
C11899,万宁日月湾森林专卖店,广东公司,海口战区,海南办,海南办,关店,专柜店,加盟,交通枢纽,,,,,,,,,,1,是
C11900,佛山罗村合丰专卖店,广东公司,广州战区,广东省区,广佛办,关店,专卖店,加盟,街铺,18466449,1166565500,,6016331936849,,624696590,7250778518835955764,3004010817324521553,,1,是
C11901,大鹏区南澳专卖店,广东公司,深圳战区,广东省区,龙岗办,关店,专柜店,加盟,街铺,,,,,,,,,,1,是
C11902,宜春战区团购账户,江西公司,宜春战区,江西二区,宜春办,关店,渠道店,加盟,特殊渠道,,,,,,,,,,1,否
C11903,珠海斗门百隆广场专卖店,广东公司,广州战区,广东省区,中珠办,关店,专卖店,加盟,街铺,18590802,510945527,,6016576585849,,1052522609,7263710962501289984,3004246354977854787,,1,是
C11904,未启用客户,广东公司,广州战区,广东省区,中珠办,待开业,,加盟,,,,,,,,,,,1,否
C11905,廉江百信广场专卖店,广东公司,广州战区,广东省区,中珠办,关店,专卖店,加盟,街铺,18326038,510388352,,6016338345849,,518801300,7254054689979762746,3004260680168383759,,1,是
C11906,中山南头将军专卖店,广东公司,广州战区,广东省区,中珠办,关店,专卖店,加盟,街铺,18767027,1166469694,,6016387167849,,1350330220,7266361836046387263,3003940161434232705,,1,是
C11907,萍乡宣风镇新店,江西公司,宜春战区,江西二区,宜春办,关店,专卖店,加盟,街铺,,,,,,,7255120513834420260,3004005079468319084,,1,是
C11908,济南历下山大南路街店,浙江公司,青岛战区,山东省区,济南办,关店,专卖店,加盟,街铺,18402033,1163861928,,,,1919157388,7255163251577587752,,,1,是
C11909,聊城东昌府区新东方广场街店,浙江公司,青岛战区,山东省区,济南办,关店,专卖店,加盟,街铺,18521800,510663531,,6016562370849,,556783574,7268146490927745085,,,1,是
C11910,泉州石狮泰禾广场专卖店,江西公司,厦门战区,福建省区,闽南办,关店,专卖店,加盟,街铺,18594889,510920581,,,,976656710,7249603195549255737,,,1,是
C11911,上海嘉定鹤搓路店,浙江公司,上海战区,上海省区,上海一办,关店,专卖店,加盟,街铺,,,,,,,,,,1,是
C11912,衡阳祁东友阿广场2店,江西公司,长沙战区,湖南省区,衡邵办,关店,专卖店,加盟,综合体,11401546,,,6015118570849,601016.0,1111704399.0,7009477939796379661,30028974139387,,1,是
C11913,西安大兴东路店,陕西公司,西安战区,陕西省区,陕西外阜办,关店,专卖店,加盟,街铺,23905019,,,6016479220849,,,,,,1,是
C11914,未启用客户,广东公司,深圳战区,广东省区,宝安办,待开业,,加盟,,,,,,,,,,,1,否
C11915,南山西丽宝能城专卖店,广东公司,深圳战区,广东省区,宝安办,关店,专卖店,加盟,街铺,18929298,511445318.0,,6016472193849,,,7288903551487576120,3004138756216693256,,1,是
C11916,三明腾飞广场专卖店,江西公司,福州战区,福建省区,闽北办,关店,专卖店,加盟,街铺,,,,,,,7279295119134558262,,,1,是
C11917,景德镇陶阳南路店,江西公司,九江战区,江西二区,景德镇办,关店,专卖店,加盟,街铺,,,,,,,,,,1,是
C11918,南宁悦荟静云渠道店,广东公司,南宁战区,广西省区,南宁办,关店,专柜店,加盟,街铺,,,,6016387952849,,,7263728438660302905,,,1,是
C11919,直属济南历城香溢紫郡街店,浙江公司,青岛战区,山东省区,济南办,关店,专卖店,直营,街铺,18674567,510913300,,6016580001849,,1063405067,7268524952070948922,,,1,是
C11920,都匀星乐城广场店,重庆公司,贵阳战区,云贵省区,贵阳办,关店,专卖店,加盟,综合体,20128473,514905777,,6016637842849,,846617521,7308575297249478695,,,1,是
C11921,凯里大十字地下商业街店,重庆公司,贵阳战区,云贵省区,贵阳办,关店,专卖店,加盟,街铺,19109607,,,6016586291849,,985794281,7271235655898761235,,,1,是
C11922,中山横栏君兰豪庭专卖店,广东公司,广州战区,广东省区,中珠办,关店,专卖店,加盟,街铺,18508844,510607744,,6016345282849,,655393645,7263728428661082151,3004081111022022509,,1,是
C11923,深圳东站专卖店二店,广东公司,深圳战区,广东省区,宝安办,关店,专柜店,加盟,高势能,,,,,,,,,,1,是
C11924,未启用客户,广东公司,深圳战区,广东省区,宝安办,待开业,,加盟,,,,,,,,,,,1,是
C11925,深圳东站专卖店三店,广东公司,深圳战区,广东省区,宝安办,关店,专柜店,加盟,高势能,,,,,,,,,,1,是
C11926,龙岩新罗金色家园店,江西公司,厦门战区,福建省区,闽南办,关店,专卖店,加盟,商超,18377215,1161800684,,,,1369884926,7259954839264692282,3004328210090730813,,1,是
C11927,龙岩新罗水韵花都店,江西公司,厦门战区,福建省区,闽南办,关店,专卖店,加盟,商超,24152280,1166640137,,,,766655825,7263752858405701668,3004317487992646170,,1,是
C11928,龙岩新罗龙地华庭店,江西公司,厦门战区,福建省区,闽南办,关店,专卖店,加盟,商超,14627505,,,,,,,,,1,是
C11929,温州鳌江店,浙江公司,杭州战区,福建省区,浙南办,关店,专卖店,加盟,街铺,20040148,502278690,,,,1366278759,7185026722377500727,,,1,是
C11930,沈阳站候车室一店,陕西公司,沈阳战区,辽吉省区,沈阳办,关店,专卖店,加盟,高势能,,,,,,,,,,1,是
C11931,沈阳站候车室二店,陕西公司,沈阳战区,辽吉省区,沈阳办,关店,专卖店,加盟,高势能,,,,,,,,,,1,是
C11932,湾里万科璞悦里店,江西公司,南昌一战区,江西一区,南昌一办,正常营业,专卖店,加盟,街铺,18493189,1163974636,17450642.0,6016944946849,,1713002161,7254444356315121722,3003968753609512149,2025111911077000000113700618|xiniu_xgc_bgc,1,是
C11933,柳州柳北聚辉仁店,广东公司,南宁战区,广西省区,柳桂办,关店,专卖店,加盟,综合体,11257426,501942163,,6016877082849,,179392175,6601228593072703491,,,1,是
C11934,未启用客户,陕西公司,北京战区,京津冀省区,北京办,待开业,,加盟,,,,,,,,,,,1,否
C11935,北京大学昌平大学校区店,陕西公司,北京战区,京津冀省区,北京办,关店,专卖店,加盟,特殊渠道,18302742,510566162,,,,,7248093903453161507,3003943355841552690,,1,是
C11936,南山区南商路专卖店,广东公司,深圳战区,广东省区,宝安办,关店,专卖店,加盟,街铺,18635085,511930238,,6016394939849,,522352989,7268114644483442751,3003970824230735997,,1,是
C11937,直属济南历城万虹广场街店,浙江公司,青岛战区,山东省区,济南办,关店,专卖店,直营,街铺,18466656,1164085347,,,,1282221164,7255128685034866700,,,1,是
C11938,九龙湖绿地博览城店,江西公司,南昌一战区,江西一区,南昌一办,正常营业,专卖店,加盟,街铺,26026256,524750535,16638138.0,6017122346849,,1714396864,7288541403536164927,3005599630271586633,2025112011077000000113711693|xiniu_xgc_bgc,1,是
C11939,天津机场安检三店,陕西公司,北京战区,京津冀省区,天津办,关店,专柜店,加盟,高势能,,,,,,,,,,1,是
C11940,四川渠县老车坝店,重庆公司,重庆战区,川渝省区,重庆办,关店,专卖店,加盟,街铺,18503317,,,6016321512849,,,7255209035777968183,3003943448885863938,,1,是
C11941,广州南站丰吉专卖店,广东公司,广州战区,广东省区,广佛办,关店,专柜店,加盟,高势能,,,,,,,,,,1,是
C11942,南宁园湖北路店,广东公司,南宁战区,广西省区,南宁办,关店,专卖店,加盟,街铺,18493574,1161498218,,6016347108849,,1369439,7258464337625352204,,,1,是
C11943,黑山宽广路店,陕西公司,沈阳战区,辽吉省区,辽吉外阜办,关店,专卖店,加盟,街铺,18593954,510750810,,6016359135849,,780020278,7260801474841315383,3004005767177544253,,1,是
C11945,鹰抚贵溪印象城金街店,江西公司,抚州战区,江西一区,鹰抚办,正常营业,专卖店,加盟,商超,9784131,305198405,16638035.0,6016782472849,323245,826162668,6832641535834687495,3004498786760469009,,1,是
C11946,赣州赣南医学院专柜店,江西公司,赣州战区,江西一区,赣州办,关店,专柜店,加盟,特殊渠道,,,,,,,,,,1,是
C11947,赣州环境工程学院专柜店,江西公司,赣州战区,江西一区,赣州办,关店,专柜店,加盟,特殊渠道,,,,,,,,,,1,是
C11948,海口雅居乐专卖店,广东公司,海口战区,海南办,海南办,关店,专卖店,加盟,街铺,18821278,1168490332,,,,722917227,7267372893233760268,,,1,是
C11950,南宁江南盛天地店,广东公司,南宁战区,广西省区,南宁办,关店,专卖店,加盟,街铺,,,,6016875405849,,,,,,1,是
C11951,长春站2店,陕西公司,沈阳战区,辽吉省区,长春办,关店,专柜店,加盟,高势能,,,,,,,,,,1,是
C11952,长春西站,陕西公司,沈阳战区,辽吉省区,长春办,关店,专柜店,加盟,高势能,,,,,,,,,,1,否
C11953,上海浦东新区曹路永辉店,浙江公司,上海战区,上海省区,上海一办,关店,渠道店,加盟,商超,,,,,,,,,,1,是
C11955, 赣州安远九龙店,江西公司,赣州战区,江西一区,赣州办,关店,专卖店,加盟,街铺,,,,,,,7270044343581280296,3004044738873106980,,1,是
C11956,中山天奕COCO专卖店,广东公司,广州战区,广东省区,中珠办,关店,专卖店,加盟,综合体,19207336,2092044337,,6014225837849,,1594449972,7003352812381800482,3001962493830210839,,1,是
C11957,沈阳汇置尚都店,陕西公司,沈阳战区,辽吉省区,沈阳办,关店,专卖店,加盟,街铺,18620744,1163927400,,6016357535849,,1937485797,7267092624522086439,3004062387485515955,,1,是
C11958,甘肃兰州西固巷店,陕西公司,西安战区,陕西省区,兰州办,关店,专卖店,加盟,街铺,9435824,,,6016774787849,,,,,,1,是
C11959,南宁相思湖购物公园专柜店,广东公司,南宁战区,广西省区,南宁办,关店,专柜店,加盟,街铺,,,,,,,,,,1,是
C11960,龙岗君华时代专卖店,广东公司,深圳战区,广东省区,龙岗办,关店,专卖店,加盟,街铺,18606260,1163948298,,6016394497849,,678609340,7268125002124232758,3004029024411984051,,1,是
C11961,沈阳人和二店,陕西公司,沈阳战区,辽吉省区,沈阳办,关店,专卖店,加盟,综合体,,,,6016945214849,,62064915,7310028980965345307,6724909456282618366,,1,是
C11962,上海松江亚繁亚乐城店,浙江公司,上海战区,上海省区,上海一办,关店,渠道店,加盟,商超,,,,,,,,,,1,是
C11963,福州关东服务区二店,江西公司,福州战区,福建省区,福州办,关店,专柜店,加盟,交通枢纽,,,,,,,,,,1,是
C11964,未启用客户,江西公司,福州战区,福建省区,福州办,待开业,,加盟,,,,,,,,,,,1,否
C11965,福州关东服务区一店,江西公司,福州战区,福建省区,福州办,关店,专柜店,加盟,交通枢纽,,,,,,,,,,1,是
C11966,河南安阳万达店,陕西公司,郑州战区,河南省区,河南外阜办,关店,专卖店,加盟,综合体,,,,,,,,,,1,是
C11967,河南鹤壁山城店,陕西公司,郑州战区,河南省区,河南外阜办,关店,专柜店,加盟,街铺,8846067,,,,,,,,,1,是
C11968,河南鹤壁淇水华联店,陕西公司,郑州战区,河南省区,河南外阜办,关店,专柜店,加盟,商超,,,,,,,,,,1,是
C11969,潍坊诸城中百店,浙江公司,青岛战区,山东省区,青岛办,关店,专卖店,加盟,商超,,,,,,,,,,1,否
C11970,陶山服务区二店,浙江公司,杭州战区,福建省区,浙南办,关店,专柜店,加盟,交通枢纽,,,,,,,,,,1,是
C11971,陶山服务区一店,浙江公司,杭州战区,福建省区,浙南办,关店,专柜店,加盟,交通枢纽,,,,,,,,,,1,是
C11972,桂林文化宫店,广东公司,南宁战区,广西省区,柳桂办,关店,专卖店,加盟,街铺,8005378,2036835440.0,,6013993628849,601266.0,1507676964.0,6619896827418249224,3002270332283916462,,1,
C11973,甘肃天水南站二层店,陕西公司,西安战区,陕西省区,兰州办,关店,专卖店,加盟,高势能,,,,,,,,,,1,是
C11975,赣州江西应用技术职业学院专柜店,江西公司,赣州战区,江西一区,赣州办,关店,专柜店,加盟,特殊渠道,,,,,,,,,,1,是
C11976,赣州理工大学三江专柜店,江西公司,赣州战区,江西一区,赣州办,关店,专柜店,加盟,特殊渠道,,,,,,,,,,1,是
C11977,赣州卫生健康职业学院专柜店,江西公司,赣州战区,江西一区,赣州办,关店,专柜店,加盟,特殊渠道,,,,,,,,,,1,是
C11978,直属长沙岳麓区含浦店,江西公司,长沙战区,湖南省区,长沙办,关店,专卖店,直营,街铺,19212884,512036999,,,,642239192,7286740536086038567,,,1,是
C11979,漳州常山服务区专柜,江西公司,厦门战区,福建省区,闽南办,关店,专柜店,加盟,交通枢纽,,,,,,,,,,1,否
C11980,漳州常山服务区北专柜,江西公司,厦门战区,福建省区,闽南办,关店,专柜店,加盟,交通枢纽,,,,,,,,,,1,否
C11981,青岛西高势能专柜1店,浙江公司,青岛战区,山东省区,青岛办,关店,专柜店,加盟,高势能,,,,,,,,,,1,是
C11982,青岛西高势能专柜2店,浙江公司,青岛战区,山东省区,青岛办,关店,专柜店,加盟,高势能,,,,,,,,,,1,是
C11983,三明万达广场专卖店,江西公司,福州战区,福建省区,闽北办,关店,专卖店,加盟,综合体,,,,,,,,,,1,是
C11984,未启用客户,浙江公司,青岛战区,山东省区,青岛办,待开业,,加盟,,,,,,,,,,,1,否
C11985,青岛高势能专柜店,浙江公司,青岛战区,山东省区,青岛办,关店,专柜店,加盟,高势能,,,,,,,,,,1,是
C11986,烟台龙口东莱博商店,浙江公司,青岛战区,山东省区,青岛办,关店,专卖店,加盟,综合体,,,,6016775029849,,,,,,1,是
C11987,深圳广昕贸易华为店,广东公司,深圳战区,广东省区,龙岗办,正常营业,专卖店,加盟,特殊渠道,,,,,,,,,,1,是
C11988,莆田秀屿万达专卖店,江西公司,福州战区,福建省区,福州办,关店,专卖店,加盟,综合体,18793563,1166779948,,,,1027402796,7272231818743515151,,,1,未知
C11989,直属沈阳北站二店,陕西公司,沈阳战区,辽吉省区,沈阳办,正常营业,专卖店,直营,交通枢纽,,,,6016648968849,,,7276007337117091897,,,1,是
C11990,陕西宝鸡南高铁站店,陕西公司,西安战区,陕西省区,陕西外阜办,关店,专柜店,加盟,高势能,,,,,,,,,,1,是
C11991,陕西汉中高铁站二层店,陕西公司,西安战区,陕西省区,陕西外阜办,关店,专卖店,加盟,高势能,,,,,,,,,,1,是
C11992,青岛城阳正阳中路华润店,浙江公司,青岛战区,山东省区,青岛办,关店,专卖店,加盟,商超,8759468,,,,,,,,,1,是
C11993,南宁东站欢如专柜店,广东公司,南宁战区,广西省区,南宁办,关店,专柜店,加盟,高势能,,,,,,,,,,1,否
C11994,未启用客户,广东公司,东莞战区,广东省区,惠汕办,待开业,,加盟,,,,,,,,,,,1,否
C11995,直属长沙岳麓区阳光一百店,江西公司,长沙战区,湖南省区,长沙办,关店,专卖店,直营,街铺,,,,,,,,,,1,否
C11996,惠州博罗湖镇专卖店,广东公司,东莞战区,广东省区,惠汕办,关店,专卖店,加盟,街铺,18968219,510653078,,6016574640849,,536971702,7259986457970870332,3003989603864650160,,1,是
C11997,肇庆东站优品店,广东公司,广州战区,广东省区,广佛办,正常营业,专卖店,加盟,高势能,,,,,,,,,,1,否
C11998,上饶石狮邻里中心店,江西公司,抚州战区,江西二区,上饶办,正常营业,专卖店,加盟,街铺,,,,6016782371849,,,7298267288069736463,,,1,是
C11999,中山沙溪下泽专卖店,广东公司,广州战区,广东省区,中珠办,关店,专柜店,加盟,街铺,,,,,,,,,,1,是
C12000,滨州滨城区富安国际广场店,浙江公司,青岛战区,山东省区,济南办,关店,专卖店,加盟,综合体,,,,6016580312849,,,,,,1,是
C12002,台州意得广场店,浙江公司,杭州战区,福建省区,浙南办,关店,专卖店,加盟,街铺,,,,6016363828849,,,7259978737297393703,,,1,是
C12003,大连辛寨子专柜店,陕西公司,沈阳战区,辽吉省区,大连办,关店,专柜店,加盟,商超,,,,,,,,,,1,是
C12004,不使用门店,广东公司,东莞战区,广东省区,东莞办,关店,,加盟,,,,,,,,,,,1,是
C12005,东莞石龙金沙湾广场专卖店,广东公司,东莞战区,广东省区,东莞办,关店,专卖店,加盟,街铺,18816579,511100561,16638083.0,6016387671849,,533052163,7019875676685600805,3004260681228921386,2025112011077000000113725755|xiniu_xgc_bgc,1,是
C12006,天津江西大厦店,陕西公司,北京战区,京津冀省区,天津办,关店,专柜店,加盟,交通枢纽,,,,,,,,,,1,是
C12007,海口新海府红城湖专卖店,广东公司,海口战区,海南办,海南办,关店,专柜店,加盟,街铺,,,,,,,,,,1,否
C12008,山西长治解放东街店,陕西公司,西安战区,山西办,山西办,关店,专卖店,加盟,街铺,18551157,,,,,,,,,1,是
C12009,大连沙龙专柜店,陕西公司,沈阳战区,辽吉省区,大连办,关店,专柜店,加盟,综合体,,,,,,,,,,1,否
C12010,万宁新海府日月湾专卖店,广东公司,海口战区,海南办,海南办,关店,专柜店,加盟,街铺,,,,,,,,,,1,否
C12011,海口新海府白龙南专卖店,广东公司,海口战区,海南办,海南办,关店,专柜店,加盟,街铺,,,,,,,,,,1,否
C12012,直属长沙岳麓区览秀城店,江西公司,长沙战区,湖南省区,长沙办,关店,专卖店,直营,综合体,19060972,1170977748,,6016489320849,,842039145,7276030413116540988,3004308047958085700,,1,是
C12013,直属赣州东方红广场店,江西公司,赣州战区,江西一区,赣州办,关店,专卖店,直营,街铺,18878582,1168520024,,6016571259849,,616541298,7271538347154081827,,,1,是
C12014,不使用门店,浙江公司,青岛战区,山东省区,济南办,关店,,加盟,,,,,,,,,,,1,否
C12015,泰安泰山区泰山景区店,浙江公司,青岛战区,山东省区,济南办,关店,专卖店,加盟,交通枢纽,,,,,,,,,,1,是
C12016,福州荆溪大道专卖店,江西公司,福州战区,福建省区,福州办,关店,专卖店,加盟,街铺,18642925,1164038048,,6016475985849,,101231986,6744864113102489604,,,1,是
C12017,五指山三月三购物广场专卖店,广东公司,海口战区,海南办,海南办,关店,专卖店,加盟,街铺,,,,,,,6862203235868968964,,,1,
C12018,杭州三坝地铁商业街店,浙江公司,杭州战区,浙江省区,杭州办,关店,专卖店,加盟,交通枢纽,19819676,1168673507,,6016473218849,,503070082,7304843525940594729,,,1,是
C12019,厦门T4候机室专柜,江西公司,厦门战区,福建省区,直营组,关店,专柜店,加盟,高势能,,,,,,,,,,1,否
C12020,厦门T3候机室专柜,江西公司,厦门战区,福建省区,直营组,关店,专柜店,加盟,高势能,,,,,,,,,,1,否
C12021,宜春润达百货店,江西公司,宜春战区,江西二区,宜春办,关店,专卖店,加盟,街铺,,,,,,,,,,1,是
C12022,贵阳万科大都会广场店,重庆公司,贵阳战区,云贵省区,遵义办,关店,专卖店,加盟,综合体,,,,,,,,,,1,是
C12023,宝安新安兴东众万加专卖店,广东公司,深圳战区,广东省区,宝安办,关店,专卖店,加盟,商超,18927114,511356290,,6016435950849,,1418271661,7272256952686610488,3003869243035493626,,1,是
C12024,不使用门店,陕西公司,西安战区,陕西省区,兰州办,关店,,加盟,,,,,,,,,,,1,否
C12025,甘肃天水南站一层店,陕西公司,西安战区,陕西省区,兰州办,正常营业,专卖店,加盟,高势能,,,,6016775121849,,,,,,1,是
C12026,杭州余杭七贤郡店,浙江公司,杭州战区,浙江省区,宁波办,关店,专卖店,加盟,街铺,18490075,1161757497,,6016338346849,,1961285316,7254809409837074493,,,1,是
C12027,直属杭州丁桥龙湖天街店,浙江公司,杭州战区,浙江省区,杭州办,关店,专卖店,直营,商超,,,,,,,,,,1,否
C12028,宜春万载东大路店,江西公司,宜春战区,江西二区,宜春办,暂停营业,专卖店,加盟,街铺,19455979,,16384054.0,6016600969849,,919731599,7263715279035713571,3002708612853116196,2025111911077000000113674650|xiniu_xgc_bgc,1,是
C12029,宜春万载宏达嘉园店,江西公司,宜春战区,江西二区,宜春办,正常营业,专卖店,加盟,街铺,18671121,1163813638,16389610.0,6016598579849,,1957607770,7259587045701224487,3004149587236987624,2025111911077000000113618695|xiniu_xgc_bgc,1,是
C12030,宜春万载金三角新店,江西公司,宜春战区,江西二区,宜春办,关店,专卖店,加盟,街铺,3901244,1178192263,16256707.0,6016604004849,164765,1368625326,7262285267300517945,3004311318276444228,,1,是
C12032,吉林财富广场店,陕西公司,沈阳战区,辽吉省区,长春办,关店,专卖店,加盟,综合体,18935643,,,,,,,,,1,是
C12033,东莞祥新中路店,广东公司,东莞战区,广东省区,东莞办,正常营业,专卖店,加盟,街铺,3048101,500677511,16384083.0,6015250413849,181553,160309873,6601137351265617933,6724909543919725538,2026031711077000000115246689|xiniu_xgc_bgc,1,是
C12034,未启用客户,江西公司,厦门战区,福建省区,闽南办,待开业,,加盟,,,,,,,,,,,1,否
C12035,厦门集美万达专卖店,江西公司,厦门战区,福建省区,闽南办,关店,专卖店,加盟,综合体,25594288,1164012198,15861088.0,6016362591849,,600487383,7263728441537595426,,,1,是
C12036,苏州吴中区水香街店,浙江公司,苏州战区,江苏省区,苏州办,关店,专卖店,加盟,街铺,18840363,1166795721,,6016395706849,,1868812068,7268093662533044279,,,1,是
C12037,赣州全南解放路店,江西公司,赣州战区,江西一区,赣州办,关店,专卖店,加盟,街铺,,,,6016624599849,,,7288131893478819897,,,1,是
C12038,高安朝阳店,江西公司,南昌二战区,江西二区,宜春办,正常营业,专卖店,加盟,街铺,1305104521,1305104521,,6016964838849,,1233138160,7499384314916800564,3004304908797218893,2025112011077000000113633861|xiniu_xgc_bgc,1,是
C12039,三明建宁店,江西公司,福州战区,福建省区,闽北办,正常营业,专卖店,加盟,街铺,18635463,1163982488,15967919.0,6016363827849,,1845889437,7263728443961903116,,2025111911077000000113668654|xiniu_xgc_bgc,1,是
C12040,抚南乐安商贸城店,江西公司,抚州战区,江西一区,鹰抚办,正常营业,专卖店,加盟,街铺,28603018,,,6017224005849,,773830688,7292979264167610406,,2025112011077000000113662757|xiniu_xgc_bgc,1,是
C12041,惠州博罗信鸿专卖店,广东公司,东莞战区,广东省区,惠汕办,关店,专卖店,加盟,街铺,19046789,1170812732,,6016480583849,,1654275046,7275947564392777762,3004193208180576862,,1,是
C12042,杭州溪谷岚湾店,浙江公司,杭州战区,浙江省区,杭州办,关店,专卖店,加盟,街铺,18491521,510687300,,,,,,,,1,是
C12043,广州食鱼族企业有限公司店,广东公司,广州战区,广东省区,广佛办,关店,渠道店,加盟,商超,,,,,,,,,,1,否
C12045,直属赣州黄金家园店,江西公司,赣州战区,江西一区,赣州办,正常营业,专卖店,直营,街铺,18935340,1170940330,,6016494819849,,504120666,7273689411101919291,,2025111911077000000113672645|xiniu_xgc_bgc,1,是
C12046,海口海德路专卖店,广东公司,海口战区,海南办,海南办,关店,专卖店,加盟,街铺,18639877,1164092596,,,,,7263004142342244364,,,1,是
C12047,海口业里村专卖店,广东公司,海口战区,海南办,海南办,关店,专卖店,加盟,街铺,19777562,1166620531,,6016387951849,,1362872135,7267373139015763983,,,1,是
C12048,佛山三水新动力广场专卖店,广东公司,广州战区,广东省区,广佛办,关店,专卖店,加盟,街铺,27891979,1168484921,15905489.0,6016383078849,,710599893,7267353468480784425,3004040209452865705,,1,是
C12049,上海松江大官塘店,浙江公司,上海战区,上海省区,上海一办,关店,专卖店,加盟,街铺,,,,,,,,,,1,否
C12050,杭州杨家春晓店,浙江公司,杭州战区,浙江省区,宁波办,关店,专卖店,加盟,街铺,18679378,1163843332,,6016373149849,,1976954169,7262545164063737891,,,1,是
C12051,上饶婺源茶乡东路店,江西公司,抚州战区,江西二区,景德镇办,正常营业,专卖店,加盟,街铺,26124843,,,6016624107849,,773881402,7300864192246974505,,2025112011077000000113722682|xiniu_xgc_bgc,1,是
C12052,杭州渠道平台,浙江公司,杭州战区,浙江省区,宁波办,关店,渠道店,加盟,特殊渠道,,,,,,,,,,1,否
C12053,上饶广信第三菜市场,江西公司,抚州战区,江西二区,上饶办,关店,专卖店,加盟,街铺,18729144,,,6016781578849,,,7263796728854218804,,,1,是
C12054,不使用门店,广东公司,深圳战区,广东省区,龙岗办,待开业,,加盟,,,,,,,,,,,1,否
C12055,龙岗坂田华为地铁渠道店,广东公司,深圳战区,广东省区,龙岗办,关店,专卖店,加盟,街铺,18877206,1175033036,,6016426605849,,780425086,7288555374318192676,,,1,是
C12057,青云谱保利中航城店,江西公司,南昌一战区,江西二区,南昌三办,正常营业,专卖店,加盟,街铺,21115648,1168578892,14657198.0,6016974655849,,899297551,7287425902537869369,3004385152997593385,2025111911077000000113659652|xiniu_xgc_bgc,1,是
C12058,吉安永新步步高店,江西公司,赣州战区,江西一区,吉安办,关店,专卖店,加盟,街铺,18808413,,,,,,,,,1,是
C12059,赣州于都楂林贡江雅苑店,江西公司,赣州战区,江西一区,赣州办,关店,专卖店,加盟,街铺,,,,,,,,,,1,是
C12060,广州从化服务区店,广东公司,广州战区,广东省区,广佛办,关店,专柜店,加盟,交通枢纽,,,,,,,,,,1,否
C12061,广州从化服务区1店,广东公司,广州战区,广东省区,广佛办,正常营业,专卖店,加盟,交通枢纽,,,,,,,,,,1,否
C12062,昆明西山万达亭子店,重庆公司,贵阳战区,云贵省区,昆明办,关店,专卖店,加盟,综合体,20350786,,,6016637281849,,798592604,7320416137219409961,,,1,是
C12063,揭阳潮汕机场专卖店,广东公司,东莞战区,广东省区,惠汕办,关店,专柜店,加盟,高势能,,,,,,,,,,1,是
C12065,韶关新丰服务区北区店,广东公司,广州战区,广东省区,广佛办,关店,专柜店,加盟,交通枢纽,,,,,,,,,,1,否
C12066,韶关新丰服务区南区店,广东公司,广州战区,广东省区,广佛办,关店,专柜店,加盟,交通枢纽,,,,,,,,,,1,否
C12067,上饶余干一中店,江西公司,南昌二战区,江西二区,景德镇办,正常营业,专卖店,加盟,街铺,,1271458498,,,,1159046817,7301875562153248808,,2025112011077000000113708708|xiniu_xgc_bgc,1,是
C12068,直属上海闵行华漕u天地店,浙江公司,上海战区,上海省区,上海一办,关店,专卖店,直营,街铺,18704456,1164013694,15124285.0,6016363982849,,1456415899,7268897240087791616,3004050393172288976,2025111911077000000113718657|xiniu_xgc_bgc,1,是
C12069,九江共青碧水华庭店,江西公司,九江战区,江西二区,九江办,关店,专卖店,加盟,街铺,,,,,,1057902833,7263016966263146557,,,1,是
C12070,花都炭步服务区店,广东公司,广州战区,广东省区,广佛办,关店,专柜店,加盟,交通枢纽,,,,,,,,,,1,否
C12071,花都炭步服务区1店,广东公司,广州战区,广东省区,广佛办,关店,专柜店,加盟,交通枢纽,,,,,,,,,,1,否
C12072,惠州惠城龙丰专卖店,广东公司,东莞战区,广东省区,惠汕办,关店,专卖店,加盟,街铺,19046797,1171063047,15905786.0,6016487910849,,1940722868,7277470579895044108,3003988679102210680,2025112011077000000113643758|xiniu_xgc_bgc,1,是
C12074,不使用,江西公司,吉安战区,江西一区,吉安办,关店,,加盟,,,,,,,,,,,1,是
C12075,吉安新干东站店,江西公司,宜春战区,江西一区,吉安办,关店,专卖店,加盟,高势能,,,,,,,,,,1,是
C12076,吉安峡江站店,江西公司,宜春战区,江西一区,吉安办,关店,专卖店,加盟,高势能,,,,,,,,,,1,是
C12077,西安临潼东大街店,陕西公司,西安战区,陕西省区,西安办,关店,专卖店,加盟,街铺,18842596,1184750189,,6016477740849,,,7284111328506185728,,,1,是
C12078,西安鄠邑草堂二店,陕西公司,西安战区,陕西省区,西安办,正常营业,专卖店,加盟,街铺,16760578,509949333,16638137.0,6016395307849,,1924721995,7213188092415445007,3003388516356825917,2026031311077000000115359381|xiniu_xgc_bgc,1,是
C12079,海口龙湖光年店,广东公司,海口战区,海南办,海南办,正常营业,专卖店,加盟,街铺,25944571,524680111,15905444.0,6016356923849,,1167313897,7263715543915202616,,2025112011077000000113675724|xiniu_xgc_bgc,1,是
C12080,厦门海沧新垵专柜,江西公司,厦门战区,福建省区,闽南办,关店,专柜店,加盟,街铺,3153191,510848422,,6016490003849,180853,60114838,6601194877390686215,6724909544060374443,,1,是
C12083,丰城站店,江西公司,南昌二战区,江西一区,丰新办,正常营业,经销,加盟,高势能,,,,,,,,,,1,否
C12084,不使用,江西公司,抚州战区,江西一区,鹰抚办,关店,,加盟,,,,,,,,,,,1,否
C12085,鹰抚抚州利兹堡店,江西公司,抚州战区,江西一区,鹰抚办,正常营业,专卖店,加盟,街铺,32999930,1170850340,,6016946747849,,1924775151,7269980428621056019,3004322616193624618,2025111911077000000113766039|xiniu_xgc_bgc,1,是
C12086,直属上海闵行莲花路汇金超市店,浙江公司,上海战区,上海省区,上海一办,正常营业,专卖店,直营,街铺,18866059,510804639,,6016374124849,,1159805439,7268156885633599544,3004153221280932504,2025111911077000000113659650|xiniu_xgc_bgc,1,是
C12087,河南郑州万达惠济店,陕西公司,郑州战区,河南省区,郑州办,关店,专卖店,加盟,综合体,9588646,2043057050,,,,,6862919130178193411,,,1,是
C12088,醴陵服务区南,江西公司,长沙战区,湖南省区,株洲办,关店,专柜店,加盟,交通枢纽,,,,,,,,,,1,否
C12089,醴陵服务区北,江西公司,长沙战区,湖南省区,株洲办,关店,专柜店,加盟,交通枢纽,,,,,,,,,,1,否
C12090,宜春万达乐卖特新店,江西公司,宜春战区,江西二区,宜春办,关店,专卖店,加盟,综合体,,,,,,,7270045014225324095,3002304675819824596,,1,是
C12091,湖北长岭岗服务区一店,江西公司,九江战区,湖北办,湖北办,关店,专柜店,加盟,交通枢纽,,,,,,,,,,1,否
C12092,湖北长岭岗服务区二店,江西公司,九江战区,湖北办,湖北办,关店,专柜店,加盟,交通枢纽,,,,,,,,,,1,否
C12093,北海市福成机场店,广东公司,南宁战区,广西省区,南宁办,正常营业,专卖店,加盟,高势能,,,,,,,,,,1,是
C12094,不使用门店,重庆公司,重庆战区,川渝省区,重庆办,待开业,,加盟,,,,,,,,,,,1,否
C12095,重庆西站专柜店,重庆公司,重庆战区,川渝省区,重庆办,关店,专柜店,加盟,高势能,,,,,,,,,,1,否
C12096,呼市海亮广场店,陕西公司,北京战区,京津冀省区,北京办,关店,专卖店,加盟,综合体,18781757,512426728,,6016386695849,,799404247,7265584178597464079,3004050959555141865,,1,是
C12097,泉州石狮永宁店,江西公司,厦门战区,福建省区,闽南办,正常营业,专卖店,加盟,街铺,21634496,511096291,15861080.0,6016386893849,,1246745578,7267355528504805435,,2026030911077000000115097943|xiniu_xgc_bgc,1,是
C12098,厦门同安官浔店,江西公司,厦门战区,福建省区,闽南办,关店,专卖店,加盟,街铺,18935914,511169213,,6016436345849,,,7280053470399301644,,,1,是
C12099,直属长沙德思勤店,江西公司,长沙战区,湖南省区,长沙办,关店,专卖店,直营,商超,,,,,,,,,,1,是
C12100,济南东服务区北区店,浙江公司,青岛战区,山东省区,济南办,关店,专柜店,加盟,交通枢纽,,,,,,,,,,1,是
C12101,九江德安朝阳路店,江西公司,九江战区,江西二区,九江办,正常营业,专卖店,加盟,街铺,,,,6017187027849,,,7164429116463122444,,,1,是
C12102,济南东服务区南区店,浙江公司,青岛战区,山东省区,济南办,关店,专柜店,加盟,交通枢纽,,,,,,,,,,1,是
C12103,临沂费县服务区北区店,浙江公司,青岛战区,山东省区,济南办,关店,专柜店,加盟,交通枢纽,,,,,,,,,,1,是
C12104,不使用门店,浙江公司,青岛战区,山东省区,济南办,待开业,,加盟,,,,,,,,,,,1,否
C12105,临沂费县服务区南区店,浙江公司,青岛战区,山东省区,济南办,关店,专柜店,加盟,交通枢纽,,,,,,,,,,1,是
C12106,上海松江平高广场店,浙江公司,上海战区,上海省区,上海一办,关店,专卖店,加盟,街铺,18648309,511016315,,6016362297849,,1740454035,7268146456790304824,3004008441060889022,,1,是
C12107,吉安县盘龙路店,江西公司,赣州战区,江西一区,吉安办,关店,专卖店,加盟,综合体,18929333,,,,,1193552584,7271537832328431616,,,1,是
C12108,沈阳百联比优特店,陕西公司,沈阳战区,辽吉省区,沈阳办,关店,专卖店,加盟,综合体,19150162,1172565573,,,,1902179337,7247470023378208806,3004169711554208267,,1,是
C12109,温州永嘉永兴店,浙江公司,杭州战区,福建省区,福州办,关店,专卖店,加盟,综合体,cover_C12109_19072533,336764735,,,,,cover_C12109_7281192836777642042,,,1,是
C12110,台州温岭动车站专卖店,浙江公司,杭州战区,福建省区,浙南办,关店,专柜店,加盟,高势能,,,,,,,,,,1,否
C12111,沈阳星摩尔比优特店,陕西公司,沈阳战区,辽吉省区,沈阳办,关店,专卖店,加盟,综合体,19114320,511845527,15905420.0,6016497725849,600837,1359552143,7012525881114265631,3002366382063785302,,1,是
C12112,福州闽清天行大街专卖店,江西公司,福州战区,福建省区,福州办,关店,专卖店,加盟,街铺,18916017,511078619,,,,,7271464893100853288,,,1,是
C12113,中山沙朗时代美宸专卖店,广东公司,广州战区,广东省区,中珠办,关店,专卖店,加盟,街铺,19027683,511543187,,6016481773849,,538067468,7280877328995977253,＇300420342267225414,,1,是
C12115,都匀民主路步行街店,重庆公司,贵阳战区,云贵省区,贵阳办,关店,专卖店,加盟,街铺,18749358,512315476,,6016565265849,,,7263738432847874089,3004053576708629938,,1,是
C12116,安徽香铺服务区北区,浙江公司,苏州战区,安徽办,安徽办,正常营业,专卖店,加盟,交通枢纽,,,,,,,,,,1,是
C12117,安徽香铺服务区南区,浙江公司,苏州战区,安徽办,安徽办,正常营业,专卖店,加盟,交通枢纽,,,,,,,,,,1,是
C12118,广州增城凤岗地铁专卖店,广东公司,广州战区,广东省区,广佛办,关店,专卖店,加盟,街铺,18823857,1166660018.0,,6016370977849,,1687458700,7265981785610127379,3004022866265281256,,1,是
C12119,赣州信丰铂金湾店,江西公司,赣州战区,江西一区,赣州办,正常营业,专卖店,加盟,综合体,19615058,512756654,16189130.0,6016631103849,,,7298918860118296616,,2026030911077000000115200929|xiniu_xgc_bgc,1,是
C12120,苏州渠道南京仓,浙江公司,苏州战区,江苏省区,苏州办,关店,渠道店,加盟,特殊渠道,,,,,,,,,,1,否
C12121,光明区公明天虹渠道店,广东公司,深圳战区,广东省区,宝安办,关店,渠道店,加盟,综合体,,,,,,,,,,1,是
C12122,桂林乾景糖啵虎专柜店,广东公司,南宁战区,广西省区,柳桂办,关店,专柜店,加盟,街铺,,,,,,,7278875265109854266,,,1,是
C12123,南宁东站广美顺专柜店,广东公司,南宁战区,广西省区,南宁办,关店,专柜店,加盟,高势能,,,,,,,,,,1,是
C12126,象湖君誉城农贸市场店,江西公司,南昌一战区,江西二区,南昌四办,暂停营业,专卖店,加盟,街铺,19440124,,,,,733999033,7298258669861505061,3004305561776499266,,1,是
C12127,赣州会昌服务北区,江西公司,赣州战区,江西一区,赣州办,关店,专柜店,加盟,交通枢纽,,,,,,,,,,1,否
C12128,赣州会昌服务南区,江西公司,赣州战区,江西一区,赣州办,关店,专柜店,加盟,交通枢纽,,,,,,,,,,1,否
C12129,杭州文一西路地铁商业街店,浙江公司,杭州战区,浙江省区,杭州办,关店,专卖店,加盟,交通枢纽,18980097,1171110114,,6016479219849,,1684015002,7273797860838082612,,,1,是
C12130,中山西区翠景专卖店,广东公司,广州战区,广东省区,中珠办,关店,专柜店,加盟,街铺,,,,,,,,,,1,是
C12131,大连香工街店,陕西公司,沈阳战区,辽吉省区,大连办,关店,专卖店,加盟,街铺,18835554,1168730081,,,,1840848300,7267112542122543115,3004082087907926479,,1,是
C12132,赣州大余步行街店,江西公司,赣州战区,江西一区,赣州办,关店,专卖店,加盟,街铺,19004562,511820181,,6016489476849,,1079882597,7274162271629084672,,,1,是
C12133,鹰抚上顿渡大观天下店,江西公司,抚州战区,江西一区,鹰抚办,正常营业,专卖店,加盟,街铺,18902218,1170940322,,6016636137849,,1312016142,7269966315870226432,,2026030911077000000115204911|xiniu_xgc_bgc,1,是
C12134,不使用门店,浙江公司,苏州战区,江苏省区,苏州办,待开业,,加盟,,,,,,,,,,,1,否
C12135,苏州姑苏区泰华商城店,浙江公司,苏州战区,江苏省区,苏州办,关店,专卖店,加盟,综合体,,,,,,,,,,1,是
C12136,文昌新海府文新路专卖店,广东公司,海口战区,海南办,海南办,关店,专柜店,加盟,街铺,,,,,,,,,,1,否
C12137,海口新海府万人海鲜广场专卖店,广东公司,海口战区,海南办,海南办,关店,专柜店,加盟,街铺,,,,,,,,,,1,否
C12138,江门江海世纪华联专卖店,广东公司,广州战区,广东省区,中珠办,关店,专柜店,加盟,特殊渠道,,,,,,,,,,1,是
C12139,沈阳淘乐店,陕西公司,沈阳战区,辽吉省区,沈阳办,关店,专卖店,加盟,街铺,18897951,511061906,,,,1731057578,7267033554373052476,3004062605521825655,,1,是
C12140,沈阳枫杨路店,陕西公司,沈阳战区,辽吉省区,沈阳办,关店,专卖店,加盟,商超,19098471,1174926883,15905524.0,6016367046849,,901968716,7278595637640169532,3004167376309887564,,1,是
C12141,直属上海闵行区中春路店,浙江公司,上海战区,上海省区,上海一办,关店,专卖店,直营,交通枢纽,,,,,,,,,,1,是
C12142,福州福清中联名城专卖店,江西公司,福州战区,福建省区,福州办,关店,专卖店,加盟,街铺,21315749,1170381671,,6016476292849,,1501117245,7277395650679932962,,,1,是
C12143,沈阳中海尚城店,陕西公司,沈阳战区,辽吉省区,沈阳办,关店,专卖店,加盟,街铺,18796497,510779764,,,,1370621133,7267473438943250443,3004062605710143475,,1,是
C12144,不使用门店,重庆公司,贵阳战区,云贵省区,遵义办,待开业,,加盟,,,,,,,,,,,1,否
C12145,贵阳观山湖印象城广场店,重庆公司,贵阳战区,云贵省区,遵义办,关店,专卖店,加盟,综合体,,,,,,,,,,1,是
C12146,汕头珠港新城专卖店,广东公司,东莞战区,广东省区,惠汕办,关店,专卖店,加盟,街铺,18927278,1168481631,15905472.0,6016433664849,,649465322,7272248820858095655,3004087139483361941,2025111911077000000113731589|xiniu_xgc_bgc,1,是
C12147,陕西咸阳西高铁站店,陕西公司,西安战区,陕西省区,陕西外阜办,关店,专柜店,加盟,高势能,,,,,,,,,,1,否
C12148,湘潭火车站专柜,江西公司,长沙战区,湖南省区,株洲办,关店,专柜店,加盟,高势能,,,,,,,,,,1,否
C12149,甘肃兰州红星紫郡店,陕西公司,西安战区,陕西省区,兰州办,关店,专卖店,加盟,街铺,18842575,,,6016773399849,,,7308979117284657204,,,1,是
C12150,直属北京丰台横一条店,陕西公司,北京战区,京津冀省区,北京办,关店,专卖店,直营,街铺,19099381,1171056721,16638070.0,6016624750849,,1722585893,7277815005725067300,3003557796097200574,,1,是
C12151,济南历城区融创茂店,浙江公司,青岛战区,山东省区,济南办,关店,专卖店,加盟,综合体,,,,,,,,,,1,否
C12152,文昌新海府文建路专卖店,广东公司,海口战区,海南办,海南办,关店,专柜店,加盟,街铺,,,,,,,,,,1,否
C12153,海口新海府滨江路专卖店,广东公司,海口战区,海南办,海南办,关店,专柜店,加盟,街铺,,,,,,,,,,1,否
C12155,海口新海府鸽谣专卖店,广东公司,海口战区,海南办,海南办,关店,专柜店,加盟,街铺,,,,,,,,,,1,否
C12156,海口新海府国贸路专卖店,广东公司,海口战区,海南办,海南办,关店,专柜店,加盟,街铺,,,,,,,,,,1,否
C12157,海口新海府凤翔路专卖店,广东公司,海口战区,海南办,海南办,关店,专柜店,加盟,街铺,,,,,,,,,,1,否
C12158,海口新海府骑楼专卖店,广东公司,海口战区,海南办,海南办,关店,专柜店,加盟,街铺,,,,,,,,,,1,否
C12159,上海渠道平台,浙江公司,上海战区,上海省区,上海一办,关店,渠道店,加盟,特殊渠道,,,,,,,,,,1,否
C12160,直属山西太原经园路店,陕西公司,西安战区,山西办,山西办,关店,专卖店,直营,街铺,18919945,511770074,,6016480601849,,1182066403,7274863793262299193,,,1,是
C12161,惠州火车站专卖店 ,广东公司,东莞战区,广东省区,惠汕办,关店,专柜店,加盟,高势能,,,,,,,,,,1,是
C12162,汕头潮阳高铁站店,广东公司,东莞战区,广东省区,惠汕办,关店,专柜店,加盟,高势能,,,,,,,,,,1,是
C12163,上海松江三湘广场店,浙江公司,上海战区,上海省区,上海一办,关店,专卖店,加盟,街铺,18811348,1163894394,,6016372384849,,1813130848,,3004048364022600065,,1,是
C12164,不使用门店,浙江公司,杭州战区,福建省区,浙南办,待开业,,加盟,,,,,,,,,,,1,否
C12165,青田服务区一店,浙江公司,杭州战区,福建省区,浙南办,关店,专柜店,加盟,交通枢纽,,,,,,,,,,1,是
C12166,青田服务二店,浙江公司,杭州战区,福建省区,浙南办,关店,专柜店,加盟,交通枢纽,,,,,,,,,,1,是
C12167,东莞常平火车站店,广东公司,东莞战区,广东省区,东莞办,关店,专柜店,加盟,高势能,,,,,,,,,,1,否
C12168,湘潭板塘站专柜,江西公司,长沙战区,湖南省区,株洲办,关店,专柜店,加盟,高势能,,,,,,,,,,1,否
C12170,安徽阜阳吾悦广场店,浙江公司,苏州战区,安徽办,安徽办,正常营业,专卖店,加盟,综合体,19283760,511957832,16383946.0,6016571249849,,751855891,7281163565669566518,,2025112011077000000113620790|xiniu_xgc_bgc,1,是
C12171,北京中粮广场店,陕西公司,北京战区,京津冀省区,北京办,关店,专卖店,加盟,特殊渠道,,,,,,,,,,1,是
C12172,潍坊北站一店,浙江公司,青岛战区,山东省区,青岛办,关店,专柜店,加盟,高势能,,,,,,,,,,1,是
C12173,潍坊北站二店,浙江公司,青岛战区,山东省区,青岛办,关店,专柜店,加盟,高势能,,,,,,,,,,1,是
C12174,不使用门店,浙江公司,青岛战区,山东省区,青岛办,待开业,,加盟,,,,,,,,,,,1,否
C12175,潍坊北站三店,浙江公司,青岛战区,山东省区,青岛办,关店,专柜店,加盟,高势能,,,,,,,,,,1,是
C12176,罗湖金光华广场店,广东公司,深圳战区,广东省区,龙岗办,关店,专柜店,加盟,街铺,,,,,,,,,,1,是
C12177,茂名电白望夫专卖店,广东公司,广州战区,广东省区,中珠办,关店,专卖店,加盟,街铺,,,,6016479345849,,1399649467,7273683847502071862,3004081725632324946,,1,是
C12179,浦北北通镇专柜店,广东公司,南宁战区,广西省区,南宁办,关店,专柜店,加盟,街铺,,,,6016491301849,,794647087,7278963262958340111,,,1,是
C12180,江苏盐城滨海吾悦广场店,浙江公司,苏州战区,江苏省区,南京办,关店,专卖店,加盟,商超,,,,,,,,,,1,是
C12181,上海松江小昆山平远街店,浙江公司,上海战区,上海省区,上海一办,关店,专卖店,加盟,街铺,,,,,,,,,,1,是
C12182,武鸣大帽天街店,广东公司,南宁战区,广西省区,南宁办,关店,专卖店,加盟,综合体,20154940,,,6016724339849,,1133598094,7312381373661874186,,,1,是
C12183,上饶余干黄金埠金电大道店,江西公司,南昌二战区,江西二区,景德镇办,正常营业,专卖店,加盟,街铺,,,,,,1723757144,7300080950484928566,,2025112011077000000113742652|xiniu_xgc_bgc,1,是
C12184,北京前门大街店,辽宁公司,北京战区,京津冀省区,北京办,待开业,,加盟,,,,,,,,,,,1,否
C12185,北京前门大街店,陕西公司,北京战区,京津冀省区,北京办,关店,专卖店,加盟,交通枢纽,,,,,,,,,,1,是
C12186,宜春珠泉农贸市场店,江西公司,宜春战区,江西二区,宜春办,正常营业,专卖店,加盟,街铺,,,,6016782467849,,1378750205,7307132663628826658,,2025111911077000000113717663|xiniu_xgc_bgc,1,是
C12187,河南中牟服务区南店,陕西公司,郑州战区,河南省区,郑州办,关店,专柜店,加盟,交通枢纽,,,,,,,,,,1,否
C12188,珠泉农贸市场店,江西公司,宜春战区,江西二区,宜春办,关店,,加盟,,,,,,,,,,,1,否
C12189,西安南五台服务区北区店,陕西公司,西安战区,陕西省区,西安办,正常营业,专卖店,加盟,交通枢纽,,,,,,,,,,1,是
C12190,西安南五台服务区南区店,陕西公司,西安战区,陕西省区,西安办,正常营业,专卖店,加盟,交通枢纽,,,,,,,,,,1,是
C12191,河南开封职业学院店,陕西公司,郑州战区,河南省区,郑州办,关店,专卖店,加盟,特殊渠道,,,,6016490919849,,,,,,1,是
C12192,陕西渭南富平中华郡专柜店,陕西公司,西安战区,陕西省区,陕西外阜办,关店,专柜店,加盟,交通枢纽,,,,,,,,,,1,是
C12193,宝安松岗碧头地铁站专卖店,广东公司,深圳战区,广东省区,宝安办,关店,专卖店,加盟,交通枢纽,19012842,1172589974,16189115.0,6016481546849,,1548830795,7303003763957041203,3004408545282494777,2026031611077000000115278581|xiniu_xgc_bgc,1,是
C12194,不使用,江西公司,宜春战区,江西二区,宜春办,关店,,加盟,,,,,,,,,,,1,是
C12195,宜春青竹花苑店铺,江西公司,宜春战区,江西二区,宜春办,关店,专卖店,加盟,街铺,,,,,,,7268115049150056511,3004068192697462730,,1,是
C12197,上海松江万达广场店,浙江公司,上海战区,上海省区,上海一办,关店,专卖店,加盟,综合体,,,,,,,,,,1,是
C12198,义乌江东中路融合店,浙江公司,杭州战区,浙江省区,金衢办,关店,专卖店,加盟,街铺,,,,,,,,,,1,否
C12199,株洲田心城轨,江西公司,长沙战区,湖南省区,株洲办,关店,专柜店,加盟,高势能,,,,,,,,,,1,否
C12200,株洲城轨大丰站,江西公司,长沙战区,湖南省区,株洲办,关店,专柜店,加盟,高势能,,,,,,,,,,1,否
C12201,杭州钱塘龙湖金沙天街店,浙江公司,杭州战区,浙江省区,杭州办,关店,专卖店,加盟,综合体,18936413,511356143,,6016473219849,,1837791224,＇7273787108647503872,3004152338265383570,,1,是
C12202,南山蛇口游轮中心专卖店,广东公司,深圳战区,广东省区,宝安办,关店,专卖店,加盟,交通枢纽,19404251,512422609,,6016631957849,,1604819862,7296791776621234195,3004285762726371873,,1,是
C12203,福州南广场店,江西公司,福州战区,福建省区,福州办,暂停营业,专卖店,加盟,高势能,20152818,1166619867,16016523.0,6016477874849,,,7276005908742670375,,2025112011077000000113693703|xiniu_xgc_bgc,1,是
C12205,上海黄浦区南京东路宏伊广场店,浙江公司,上海战区,上海省区,上海一办,关店,专卖店,加盟,综合体,17892475,509934045.0,,6013776133849,,1245652635.0,7235944564521961529,6724909544059444652,,1,是
C12206,韶关乐昌大润发专卖店,广东公司,广州战区,广东省区,广佛办,关店,专卖店,加盟,综合体,19251984,1172608768,16914090.0,6016634854849,,158912574,7297161980865939465,3004481658630019676,2026031611077000000115386517|xiniu_xgc_bgc,1,是
C12208,温州龙港西城路专卖店,浙江公司,杭州战区,福建省区,浙南办,关店,专卖店,加盟,街铺,24044974,1168779672,,6016386892849,,1442776142,7271067407261632547,3004087611705664944,,1,是
C12210,安徽黄山休宁店,浙江公司,苏州战区,安徽办,安徽办,正常营业,专卖店,加盟,综合体,19004357,1170897394,16383942.0,6016476681849,,937398206,7275553749018347559,,2025112011077000000113657788|xiniu_xgc_bgc,1,是
C12211,广州番禺风情街专卖店,广东公司,广州战区,广东省区,广佛办,关店,专柜店,加盟,街铺,8035628,300663246,14725196.0,6014225334849,,1426067107,,,,1,是
C12213,株洲火车站店,江西公司,长沙战区,湖南省区,株洲办,正常营业,专卖店,加盟,高势能,,,,,,,,,,1,是
C12214,不使用,江西公司,宜春战区,江西一区,丰新办,关店,,加盟,,,,,,,,,,,1,否
C12215,新余分宜钤阳西路店,江西公司,宜春战区,江西一区,丰新办,正常营业,专卖店,加盟,街铺,19100676,1172814505,,6016586783849,,843679568,7287775422345906230,3004220085717932353,,1,是
C12216,沈阳三台子万象汇店,陕西公司,沈阳战区,辽吉省区,沈阳办,关店,专卖店,加盟,综合体,20054317,1184580985,,,,,,,,1,是
C12217,抚顺恒大万达店,陕西公司,沈阳战区,辽吉省区,辽吉外阜办,关店,专卖店,加盟,综合体,19552627,1178089708,,6016640808849,,1789640130,7300069005138135091,3004280127172684052,,1,是
C12218,温州龙海路专卖店,浙江公司,杭州战区,福建省区,浙南办,关店,专卖店,加盟,街铺,,,,,,,7270424114609784891,,,1,是
C12219,宁德霞浦溪南专卖店,江西公司,福州战区,福建省区,福州办,关店,专卖店,加盟,街铺,,,,,,,,,,1,是
C12221,上饶广信吾悦广场店,江西公司,抚州战区,江西二区,上饶办,正常营业,专卖店,加盟,街铺,19674826,1180544532,,6016626116849,,1094255835,7173542828197283853,,2025111911077000000113664664|xiniu_xgc_bgc,1,是
C12222,湛江岭南专卖店,广东公司,广州战区,广东省区,中珠办,关店,专卖店,加盟,街铺,18878372,511136389,,6016433846849,,1267087926,7270024243151112232,3004046037539761920,,1,是
C12223,沈阳城建学院专柜店,陕西公司,沈阳战区,辽吉省区,沈阳办,关店,专柜店,加盟,特殊渠道,,,,,,1923607158,7298894917496768562,,,1,是
C12225,南宁江南万达店,广东公司,南宁战区,广西省区,南宁办,关店,专卖店,加盟,综合体,19100743,511681141,,6016491530849,,986648092,7278888871750797369,,,1,是
C12226,沈阳郡源悦城店,陕西公司,沈阳战区,辽吉省区,沈阳办,关店,专卖店,加盟,街铺,,,,,,,,,,1,否
C12227,长沙香江百货晚报大道精彩生活超市专柜店,江西公司,长沙战区,湖南省区,长沙办,关店,专柜店,加盟,综合体,,,,,,,,,,1,是
C12228,长沙香江百货左家塘精彩生活超市专柜店,江西公司,长沙战区,湖南省区,长沙办,关店,专柜店,加盟,综合体,,,,,,,,,,1,是
C12229,朝阳永乐集贸市场店,江西公司,南昌一战区,江西二区,南昌三办,正常营业,专卖店,加盟,街铺,524675145,524675145,,6017140525849,,1367746115,7287778578623727653,3004215002938942024,2025112011077000000113646801|xiniu_xgc_bgc,1,是
C12230,华润万家（仅用于开票）,其他,,其他,其他,正常营业,经销,加盟,商超,,,,,,,,,,1,否
C12231,直属重庆珠江太阳城店,重庆公司,重庆战区,川渝省区,重庆办,关店,专卖店,直营,街铺,19109606,,,,,,,,,1,是
C12232,昆明呈贡吾悦广场店,重庆公司,贵阳战区,云贵省区,昆明办,关店,专卖店,加盟,综合体,21395297,,,6016637958849,,,,,,1,是
C12233,泉州石狮世茂专卖店,江西公司,厦门战区,福建省区,闽南办,关店,专卖店,加盟,街铺,18887558,335711609,,6016395211849,,727713588,6881845569749272588,,,1,是
C12235,佛山富弘广场专卖店,广东公司,广州战区,广东省区,广佛办,关店,专卖店,加盟,街铺,18983616,511566205,,6016481294849,,823705354,7277837829999167528,3004260681573508928,,1,是
C12237,汕尾陆丰碣石专卖店,广东公司,东莞战区,广东省区,惠汕办,关店,专卖店,加盟,街铺,19110283,1172804517,,6016495601849,,614363043,7277862422315026473,3004151993603006852,,1,是
C12238,九江庐山市温泉店,江西公司,九江战区,江西二区,九江办,正常营业,专卖店,加盟,街铺,,,,6017189526849,,,7292283149139052544,,,1,是
C12239,上海杨浦宝龙旭辉广场店,浙江公司,上海战区,上海省区,上海一办,关店,专卖店,加盟,综合体,,,,,,,,,,1,是
C12240,东莞茶山茶兴路店,广东公司,东莞战区,广东省区,东莞办,正常营业,专卖店,加盟,街铺,10616307,2090407233,15905503.0,6014132495849,,1286036587,6898446290670061572,6724909544088620938,,1,是
C12241,福州长乐商行街专卖店,江西公司,福州战区,福建省区,福州办,关店,专卖店,加盟,街铺,21490573,511676958,15967912.0,6016489296849,,1637768004,7277466548992755731,,2026030911077000000115088887|xiniu_xgc_bgc,1,是
C12242,陕西安康西服务区北区店,陕西公司,西安战区,陕西省区,陕西外阜办,正常营业,专卖店,加盟,交通枢纽,,,,,,,,,,1,是
C12243,陕西安康西服务区南区店,陕西公司,西安战区,陕西省区,陕西外阜办,正常营业,专卖店,加盟,交通枢纽,,,,,,,,,,1,是
C12244,不使用,江西公司,上饶战区,江西二区,景德镇办,关店,,加盟,,,,,,,,,,,1,否
C12245,上饶鄱阳古县渡店,江西公司,九江战区,江西二区,景德镇办,关店,专卖店,加盟,商超,,,,,,,,,,1,是
C12246,陕西汉中石门服务区东区店,陕西公司,西安战区,陕西省区,陕西外阜办,关店,专卖店,加盟,交通枢纽,,,,,,,,,,1,是
C12247,上海闵行华光生活广场店,浙江公司,上海战区,上海省区,上海一办,关店,专卖店,加盟,街铺,,,,,,,,,,1,是
C12248,贵阳观山湖新世界广场店,重庆公司,贵阳战区,云贵省区,遵义办,关店,专卖店,加盟,街铺,,,,6016637172849,,,,,,1,是
C12249,鹰抚贵溪城南状元府,江西公司,抚州战区,江西一区,鹰抚办,暂停营业,专卖店,加盟,街铺,20370116,1187642433,,6016783407849,,1669314899,7296317430911993865,3004325559353813524,,1,是
C12250,四川乐至北街店,重庆公司,重庆战区,川渝省区,重庆办,关店,专卖店,加盟,街铺,18999775,1168613280,,,,,,,,1,是
C12251,迎宾大道凯旋公馆店,江西公司,南昌一战区,江西二区,南昌三办,正常营业,专卖店,加盟,街铺,19073914,1172414749,14270474.0,6016972891849,,1571042721,7280442000661284916,3004242673451177252,2025111911077000000113662673|xiniu_xgc_bgc,1,是
C12252,新建区省庄佳苑店,江西公司,南昌一战区,江西一区,南昌一办,正常营业,专卖店,加盟,街铺,,,,6017184518849,,1189495849,7275941227021748282,3004130013822066922,2025111911077000000113736584|xiniu_xgc_bgc,1,是
C12253,南宁朝阳百佳汇店,广东公司,南宁战区,广西省区,南宁办,关店,专卖店,加盟,街铺,19196947,512092413,,,,,7282606866671077435,,,1,是
C12255,东莞虎门高铁一店,广东公司,东莞战区,广东省区,东莞办,关店,专卖店,加盟,高势能,,,,,,,,,,1,否
C12256,赣州会昌文园裕景店,江西公司,赣州战区,江西一区,赣州办,关店,专卖店,加盟,街铺,25469696,522397145,15967999.0,6016631588849,,1822529552,7277827661957695503,3004722104436793907,2026030411077000000115111685|xiniu_xgc_bgc,1,是
C12257,上饶弋阳鑫城嘉园店,江西公司,抚州战区,江西二区,上饶办,正常营业,专卖店,加盟,街铺,19393063,1168578865,16256738.0,6016628307849,,1057703402,7272623844194519040,3004130868751314814,2025111911077000000113658679|xiniu_xgc_bgc,1,是
C12258,泰安宁阳服务区南区店,浙江公司,青岛战区,山东省区,济南办,关店,专柜店,加盟,交通枢纽,,,,,,,,,,1,否
C12259,泰安宁阳服务区北区店,浙江公司,青岛战区,山东省区,济南办,关店,专柜店,加盟,交通枢纽,,,,,,,,,,1,否
C12260,长春欧亚东盛2店,陕西公司,沈阳战区,辽吉省区,长春办,关店,专柜店,加盟,商超,cover_C12260_19086276,,,,,,,,,1,是
C12261,温州瓯北领悦广场专卖店,浙江公司,杭州战区,福建省区,浙南办,关店,专卖店,加盟,综合体,19072533,1170988041,,,,1705002767,7281192836777642042,,,1,是
C12262,沈阳江南甲第店,陕西公司,沈阳战区,辽吉省区,沈阳办,关店,专柜店,加盟,街铺,19002582,1170801521,15905522.0,6016497352849,,663367470,7288885355896375353,3002040261733818653,,1,是
C12263,赣州安远版石店,江西公司,赣州战区,江西一区,赣州办,关店,专卖店,加盟,街铺,19454744,,,6016566428849,,,7290462050994620450,,,1,是
C12265,宝安固戍一路康园专卖店,广东公司,深圳战区,广东省区,宝安办,关店,专柜店,加盟,街铺,,,,,,,,,,1,是
C12266,海口学院路专卖店,广东公司,海口战区,海南办,海南办,关店,专卖店,加盟,街铺,19136531,1172595584,,,,,7278281043869468731,,,1,是
C12267,沈阳天地店,陕西公司,沈阳战区,辽吉省区,沈阳办,关店,专卖店,加盟,街铺,19823979,1180725948,,,,575657796,7298918860122490895,,,1,是
C12268,宜春鹏泰超市一店,江西公司,宜春战区,江西二区,宜春办,关店,专卖店,加盟,商超,19040904,1172549612,16257097.0,6016782272849,,745121300,7269353269602814006,3004302695949472313,,1,是
C12271,鹰抚贵溪建设路店,江西公司,抚州战区,江西一区,鹰抚办,关店,专卖店,加盟,街铺,20369523,,,6016782279849,,1240645776,7296311690700785714,3004328210200371792,,1,是
C12273,直属河南郑州柳林路店,陕西公司,郑州战区,河南省区,郑州办,关店,专卖店,直营,街铺,19201233,511924324,16189140.0,6016489319849,,1152888801,7280782882417674298,,,1,是
C12274,不使用,江西公司,九江战区,江西二区,九江办,关店,,加盟,,,,,,,,,,,1,否
C12275,九江都昌颐景园店,江西公司,九江战区,江西二区,九江办,关店,专卖店,加盟,街铺,,,,,,,7281174078755440680,,,1,是
C12276,安徽合肥商之都店,浙江公司,苏州战区,安徽办,安徽办,关店,专卖店,加盟,商超,,,,,,,off_C12276_7283418659291138089,,,1,是
C12277,沈海高速胶州东服务区店,浙江公司,青岛战区,山东省区,青岛办,关店,专柜店,加盟,交通枢纽,,,,,,,,,,1,是
C12278,沈海高速黄岛服务区南侧店,浙江公司,青岛战区,山东省区,青岛办,关店,专柜店,加盟,交通枢纽,,,,,,,,,,1,否
C12279,厦门思明大生里店,江西公司,厦门战区,福建省区,闽南办,正常营业,专卖店,加盟,街铺,25831169,1174877075,15967957.0,6016587602849,,896849509,7284109624855234571,,2025111911077000000113702667|xiniu_xgc_bgc,1,是
C12280,昆明呈贡万达亭子店,重庆公司,贵阳战区,云贵省区,昆明办,关店,专卖店,加盟,综合体,19079760,,,6016489016849,,1028833810,7281241955168700470,,,1,是
C12281,陕西渭南西服务区北区店,陕西公司,西安战区,陕西省区,陕西外阜办,关店,专卖店,加盟,交通枢纽,,,,,,,,,,1,是
C12282,陕西渭南西服务区南区店,陕西公司,西安战区,陕西省区,陕西外阜办,关店,专卖店,加盟,交通枢纽,,,,,,,,,,1,是
C12283,上海松江泗泾大润发店,浙江公司,上海战区,上海省区,上海一办,关店,专卖店,加盟,综合体,19248687,1178219264,,6016488587849,,1768739337,7303448901783128116,,,1,是
C12285,包河区芜湖路店,浙江公司,苏州战区,安徽办,安徽办,关店,专卖店,加盟,街铺,19506693,1177320153,,6016607340849,,873559932,7292965227925080073,,,1,是
C12286,四川淮口服务区店,重庆公司,重庆战区,川渝省区,重庆办,关店,专柜店,加盟,交通枢纽,,,,,,,,,,1,是
C12287,四川淮口服务区一店,重庆公司,重庆战区,川渝省区,重庆办,关店,专卖店,加盟,交通枢纽,,,,,,,,,,1,是
C12288,直属温州黎明西路专卖店,浙江公司,杭州战区,福建省区,直营组,关店,专卖店,直营,街铺,25324989,518181951,,6016494606849,,1209685841,7278515404043978764,,,1,是
C12289,东莞中堂万众专卖店,广东公司,东莞战区,广东省区,东莞办,关店,专卖店,加盟,街铺,19402978,1176211260,,6016593431849,,913972634,7288982416499165195,3004260680791467273,,1,是
C12290,龙华三联景乐专卖店,广东公司,深圳战区,广东省区,宝安办,关店,专卖店,加盟,街铺,19306732,1174686706,,6016588803849,,1418608695,7287418541463046184,3004192792846051095,,1,是
C12291,西安何家营叶波大润发店,陕西公司,西安战区,陕西省区,西安办,关店,专卖店,加盟,商超,,,,,,,,,,1,是
C12292,直属贵阳花溪龙湾万达亭子专卖店,重庆公司,贵阳战区,云贵省区,贵阳办,关店,专卖店,直营,综合体,19690914,301122650,,6016578519849,,1543295004,7025861796850305054,,,1,未知
C12294,不使用,江西公司,九江战区,江西二区,九江办,关店,,加盟,,,,,,,,,,,1,否
C12295,九江共青温馨家园店,江西公司,九江战区,江西二区,九江办,正常营业,专卖店,加盟,街铺,19649309,,,6016958570849,,592096030,7296308926956439602,,2025112011077000000113644791|xiniu_xgc_bgc,1,是
C12296,四川新津服务区店,重庆公司,重庆战区,川渝省区,重庆办,关店,专柜店,加盟,交通枢纽,,,,,,,,,,1,是
C12297,成都豪士特商业经营管理有限公司南昌公司,江西公司,南昌一战区,江西一区,南昌一办,正常营业,专卖店,加盟,高势能,,,,,,,,,,1,是
C12298,衡阳香江百货专柜皓嘉店,江西公司,长沙战区,湖南省区,衡邵办,正常营业,经销,加盟,商超,,,,,,,,,,1,是
C12299,吉安樟山镇店,江西公司,赣州战区,江西一区,吉安办,关店,专卖店,加盟,街铺,,,,,,1477685328,7307527014104172578,,,1,是
C12300,钦州北部湾大学店,广东公司,南宁战区,广西省区,南宁办,关店,专卖店,加盟,商超,,,,,,,7292300983177054219,,,1,是
C12301,安徽大溪河服务区南区,浙江公司,苏州战区,安徽办,安徽办,关店,专卖店,加盟,交通枢纽,,,,,,,,,,1,是
C12302,鹰抚东乡城东鹏泰店,江西公司,抚州战区,江西一区,鹰抚办,正常营业,专卖店,加盟,街铺,19091197,511825148,16383997.0,6016633858849,,927899696,7275962648674437159,3004319777907222837,2025112011077000000113748421|xiniu_xgc_bgc,1,是
C12303,湖北小池柒尚商场店,江西公司,九江战区,湖北办,湖北办,关店,专卖店,加盟,街铺,,,,,,,7287824960839256119,,,1,是
C12305,安徽大溪河服务区北区,浙江公司,苏州战区,安徽办,安徽办,关店,专卖店,加盟,交通枢纽,,,,,,,,,,1,是
C12306,九江武宁鳌鱼菜场店,江西公司,九江战区,江西二区,九江办,正常营业,专卖店,加盟,街铺,19127496,,,6017185821849,,816174195,7278496927514101795,,2025112011077000000113741648|xiniu_xgc_bgc,1,是
C12307,天津站专柜店,陕西公司,北京战区,京津冀省区,天津办,关店,专柜店,加盟,高势能,,,,,,,,,,1,否
C12308,三亚航空旅游学院专卖店,广东公司,海口战区,海南办,海南办,关店,专柜店,加盟,特殊渠道,,,,,,,,,,1,是
C12309,万宁日月湾田新专卖店,广东公司,海口战区,海南办,海南办,关店,专柜店,加盟,交通枢纽,,,,,,,,,,1,是
C12310,山西太谷服务区东区店,陕西公司,西安战区,山西办,山西办,关店,专柜店,加盟,交通枢纽,,,,,,,,,,1,是
C12311,山西太谷服务区西区店,陕西公司,西安战区,山西办,山西办,关店,专柜店,加盟,交通枢纽,,,,,,,,,,1,是
C12312,贵州天马服务北区店,重庆公司,贵阳战区,云贵省区,贵阳办,关店,专卖店,加盟,交通枢纽,,,,,,,,,,1,是
C12313,贵州天马服务南区店,重庆公司,贵阳战区,云贵省区,贵阳办,关店,专卖店,加盟,交通枢纽,,,,,,,,,,1,是
C12315,贵州乌江服务东区店,重庆公司,贵阳战区,云贵省区,贵阳办,关店,专卖店,加盟,交通枢纽,,,,,,,,,,1,是
C12316,贵州乌江服务西区店,重庆公司,贵阳战区,云贵省区,贵阳办,关店,专卖店,加盟,交通枢纽,,,,,,,,,,1,是
C12317,贵州桐梓大娄山服务区店,重庆公司,贵阳战区,云贵省区,贵阳办,正常营业,专卖店,加盟,交通枢纽,,,,6016937869849,,,,,,1,是
C12318,直属温州人民东路专卖店,浙江公司,杭州战区,福建省区,直营组,关店,专卖店,直营,街铺,19884042,1172355282.0,,,,1415663044.0,7278516519707871284,,,1,是
C12319,贵州桐梓大娄山服务区店,重庆公司,贵阳战区,云贵省区,贵阳办,待开业,,加盟,,,,,,,,,,,1,否
C12320,中山民众壹加壹专卖店,广东公司,广州战区,广东省区,中珠办,关店,专卖店,加盟,综合体,19169669,1172471707,15967904.0,6016570380849,,875624997,7282640587931535372,3004260673474107673,,1,是
C12321,广州白云长湴南天广场专卖店,广东公司,广州战区,广东省区,广佛办,关店,专柜店,加盟,综合体,,,,,,,,,,1,是
C12322,苏州园区天虹店,浙江公司,苏州战区,江苏省区,苏州办,关店,专卖店,加盟,商超,19284728,1172609462,,6016587704849,,1226922939,7282971245719586875,,,1,是
C12323,延吉百货进学店,陕西公司,沈阳战区,辽吉省区,长春办,关店,专卖店,加盟,商超,,,,,,,,,,1,否
C12325,常州新北万达二店,浙江公司,苏州战区,江苏省区,苏州办,关店,专卖店,加盟,综合体,24692058,520496266,,6017028940849,,1766011682,7342589699862562827,3003849664996156575,,1,是
C12326,泉州晋江许厝专卖店,江西公司,厦门战区,福建省区,闽南办,关店,专卖店,加盟,街铺,,,,,,,,,,1,是
C12327,陕西咸阳永寿服务区北区店,陕西公司,西安战区,陕西省区,陕西外阜办,关店,专卖店,加盟,交通枢纽,,,,,,,,,,1,是
C12328,九江三泰联盛店,江西公司,九江战区,江西二区,九江办,关店,专卖店,加盟,街铺,,,,,,,7350946503067699237,3004716618380386585,,1,是
C12329,陕西渭南富平服务区南区店,陕西公司,西安战区,陕西省区,陕西外阜办,正常营业,专卖店,加盟,交通枢纽,,,,,,,,,,1,是
C12332,陕西渭南富平服务区北区店,陕西公司,西安战区,陕西省区,陕西外阜办,正常营业,专卖店,加盟,交通枢纽,,,,,,,,,,1,是
C12333,直属河南郑州万和城2店,陕西公司,郑州战区,河南省区,郑州办,关店,专卖店,直营,街铺,19073989,512280748,,6016473415849,,,7213293576074037303,,,1,是
C12335,直属长春中信城浅山店,陕西公司,沈阳战区,辽吉省区,长春办,关店,专卖店,直营,街铺,19460917,1172523451,,6016641803849,,,7294839233007585343,3004311498265897486,,1,是
C12338,东莞长安中南广场专卖店,广东公司,东莞战区,广东省区,东莞办,关店,专卖店,加盟,街铺,19110285,511781838,,6016494027849,,,7277828363119495168,,,1,是
C12339,赣州兴国三中专柜店,江西公司,赣州战区,江西一区,赣州办,关店,专柜店,加盟,街铺,,,,,,,,,,1,是
C12340,直属西安长乐坊店,陕西公司,西安战区,陕西省区,西安办,关店,专卖店,直营,街铺,16732609,1187987335,,6016775002849,,1120647245,7195469398990948404,,,1,未知
C12341,直属西安西梆子市街迎春店,陕西公司,西安战区,陕西省区,西安办,关店,专卖店,直营,街铺,20287411,1187611401,16016517.0,6016772584849,,789856642,7187308523208837120,,,1,是
C12342,青岛市市南区金茂湾购物中心店,浙江公司,青岛战区,山东省区,青岛办,关店,专卖店,加盟,商超,19299462,1174881165,,6016712693849,,1240768025,7278908197916641292,,,1,是
C12343,直属西安丈八西路西沙湖花园店,陕西公司,西安战区,陕西省区,西安办,关店,专卖店,直营,街铺,20465523,1189765866,,6016774505849,,,7341652922100353064,,,1,否
C12345,大连井西专柜店,陕西公司,沈阳战区,辽吉省区,大连办,关店,专柜店,加盟,特殊渠道,,,,,,,,,,1,是
C12346,河南郑州西亚斯学院店,陕西公司,郑州战区,河南省区,郑州办,关店,专卖店,加盟,特殊渠道,,,,,,,,,,1,是
C12347,河南郑州公园茂永辉店,陕西公司,郑州战区,河南省区,郑州办,关店,专柜店,加盟,商超,,,,,,,,,,1,是
C12348,吉安阳明商城国光专柜店,江西公司,赣州战区,江西一区,吉安办,关店,专柜店,加盟,商超,,,,,,,,,,1,是
C12349,吉安城建花园国光专柜店,江西公司,赣州战区,江西一区,吉安办,关店,专柜店,加盟,商超,,,,,,,,,,1,是
C12350,甘肃天水秦安高铁站店,陕西公司,西安战区,陕西省区,兰州办,关店,专柜店,加盟,高势能,,,,,,,,,,1,否
C12351,陕西安康西服务区北区2店,陕西公司,西安战区,陕西省区,陕西外阜办,关店,专柜店,加盟,交通枢纽,,,,,,,,,,1,否
C12352,厦门翔安幸福超市专柜,江西公司,厦门战区,福建省区,闽南办,关店,专柜店,加盟,商超,,,,,,,,,,1,是
C12353,龙岗天安云谷步行街专柜店,广东公司,深圳战区,广东省区,龙岗办,关店,专柜店,加盟,街铺,,,,,,,,,,1,否
C12355,直属大连高新万达金街店,陕西公司,沈阳战区,辽吉省区,大连办,关店,专卖店,直营,综合体,19364362,1174746755,15967928.0,6016574228849,,1975369595,7283044945111877643,3004189957655046748,,1,是
C12356,四川自贡北服务区1店,重庆公司,重庆战区,川渝省区,重庆办,关店,专柜店,加盟,交通枢纽,,,,,,,,,,1,否
C12357,上饶幼师学院专柜店,江西公司,抚州战区,江西二区,上饶办,关店,专柜店,加盟,特殊渠道,,,,,,,,,,1,是
C12358,中山三角高平专卖店,广东公司,广州战区,广东省区,中珠办,关店,专柜店,加盟,街铺,,,,,,,,,,1,否
C12359,天津河东区卫国道店,陕西公司,北京战区,京津冀省区,天津办,关店,专卖店,加盟,交通枢纽,,,,6015120063849,,1204686624,7099263571818252302,3002900978025342097,,1,
C12361,大连金州瑞栢中心店,陕西公司,沈阳战区,辽吉省区,大连办,关店,专卖店,加盟,综合体,8745153,500958868.0,,6015116687849,322707,852330666.0,6881198841425692675,3002302076576507300,,1,
C12362,沈阳上亿荣昇店,陕西公司,沈阳战区,辽吉省区,沈阳办,关店,专卖店,加盟,综合体,19561843,1177994717,,6016605146849,,1578094751,7298895173499488271,3004288655066636896,,1,是
C12363,四川威远广场街店,重庆公司,重庆战区,川渝省区,重庆办,关店,专卖店,加盟,街铺,19308149,1174921441,,,,,,,,1,是
C12365,昆山世茂大润发店,浙江公司,苏州战区,上海省区,上海一办,关店,专卖店,加盟,商超,19338765,,,6016587103849,,1910989853,7282589870517438504,3004223076609856830,,1,是
C12366,青岛市市南区奥帆中心店,浙江公司,青岛战区,山东省区,青岛办,关店,专卖店,加盟,交通枢纽,,,,,,,,,,1,是
C12367,烟台市福山区德胜商城店,浙江公司,青岛战区,山东省区,青岛办,关店,专卖店,加盟,街铺,19399023,512388490,,6016716363849,,773818971,7290836727927670836,,,1,是
C12368,日照万达店,浙江公司,青岛战区,山东省区,青岛办,关店,专卖店,加盟,综合体,,,,,,,,,,1,否
C12369,鹰抚鹰潭五洲南路店,江西公司,抚州战区,江西一区,鹰抚办,关店,专卖店,加盟,街铺,19161398,1172616005,,6016496072849,,964152376,7279293670439553076,3004169273972042262,,1,是
C12370,直属莲塘团购,江西公司,南昌一战区,江西一区,南昌一办,关店,渠道店,加盟,特殊渠道,,,,,,,,,,1,否
C12371,景德镇余干干越壹号店,江西公司,南昌二战区,江西二区,景德镇办,关店,专卖店,加盟,街铺,,,,,,,,,,1,是
C12372,沈阳滑翔顺旺店,陕西公司,沈阳战区,辽吉省区,沈阳办,关店,专卖店,加盟,综合体,19299499,1174911640,15905449.0,6016598427849,,177801563,7300037062252562472,6724909227911242840,,1,是
C12373,沈阳启工比优特店,陕西公司,沈阳战区,辽吉省区,沈阳办,关店,专卖店,加盟,综合体,19450742,1178152685,,6016573670849,,175365295,6601207534965491719,6724909249746312945,,1,是
C12375,沈阳盛京大家庭店,陕西公司,沈阳战区,辽吉省区,沈阳办,关店,专卖店,加盟,综合体,1177175320,1177175320,,,,,,,,1,是
C12376,遵义习水西城体育馆店,重庆公司,贵阳战区,云贵省区,遵义办,关店,专卖店,加盟,街铺,19297853,1197865840,,6016578736849,,1291796729,7307865001853716516,,,1,是
C12377,直属海口国贸路店,广东公司,海口战区,海南办,海南办,关店,专卖店,直营,街铺,19156598,1172558485,15967924.0,6016649450849,,1412245086,7279270824358447104,,2025111911077000000113655694|xiniu_xgc_bgc,1,是
C12378,成都永辉大仓店,重庆公司,重庆战区,川渝省区,重庆办,关店,渠道店,加盟,特殊渠道,,,,,,,,,,1,否
C12380,宜春万载工业园店铺,江西公司,宜春战区,江西二区,宜春办,关店,专卖店,加盟,特殊渠道,,,,6016781574849,,,7288539583497635894,,,1,是
C12381,钦州吾悦广场1号门店,广东公司,南宁战区,广西省区,南宁办,关店,专卖店,加盟,街铺,19279498,,,6016577823849,,886064907,7283441101766133821,,,1,是
C12382,广州新塘南丰吉店,广东公司,广州战区,广东省区,广佛办,正常营业,专卖店,加盟,高势能,,,,,,,,,,1,是
C12383,四川自贡北服务区二店,重庆公司,重庆战区,川渝省区,重庆办,关店,专柜店,加盟,交通枢纽,,,,,,,,,,1,是
C12386,常州龙湖天街店,浙江公司,苏州战区,江苏省区,苏州办,关店,专卖店,加盟,综合体,,,,,,,,,,1,否
C12387,丰城富洲南路店,江西公司,南昌二战区,江西一区,丰新办,正常营业,专卖店,加盟,街铺,19313267,1172464131,16914095.0,6016572527849,,771619596,7282982771826362429,3004305561825618198,2025112011077000000113634778|xiniu_xgc_bgc,1,是
C12388,丰城凯旋公馆店,江西公司,南昌二战区,江西一区,丰新办,正常营业,专卖店,加盟,街铺,19251896,512043653,,6016571629849,,1993906439,7282969732305651752,3004305563505502013,2025112011077000000113761181|xiniu_xgc_bgc,1,是
C12389,丰城机关小区店,江西公司,南昌二战区,江西一区,丰新办,关店,专卖店,加盟,街铺,19251527,,,6016570976849,,1347253654,7282961604591749131,3004311319285179690,,1,是
C12391, 淄博张店区吾悦家家悦店,浙江公司,青岛战区,山东省区,济南办,关店,专卖店,加盟,商超,13854461,505752129,,6016580313849,,,,,,1,未知
C12392,南宁金湖广场水晶城店,广东公司,南宁战区,广西省区,南宁办,关店,专卖店,加盟,综合体,,,,,,,,,,1,否
C12393,嘉兴海盐芳满庭店,浙江公司,杭州战区,浙江省区,杭州办,关店,专卖店,加盟,街铺,19312297,512077384,,6016574816849,,1768588318,7282587265090455611,,,1,是
C12396,九江湖口石塘小区店,江西公司,九江战区,江西二区,九江办,正常营业,专卖店,加盟,街铺,19199032,,,6017195322849,,853412237,7279295807990270004,,2025112011077000000113661768|xiniu_xgc_bgc,1,是
C12397,广州新塘南博实美像店,广东公司,广州战区,广东省区,广佛办,正常营业,专卖店,加盟,高势能,,,,,,,,,,1,否
C12398,安徽颖上吾悦广场店,浙江公司,苏州战区,安徽办,安徽办,关店,专卖店,加盟,综合体,19448441,512037738,,6016570293849,,582440540,7281093007254751268,,,1,是
C12399,赣州西域华城店,江西公司,赣州战区,江西一区,赣州办,关店,专卖店,加盟,街铺,20154784,,,6016782470849,,,7315240639795300404,,,1,是
C12400,佛冈鸿兴广场专卖店,广东公司,广州战区,广东省区,广佛办,关店,专卖店,加盟,商超,19834078,1175044573,16914094.0,6016673398849,,765037380,7307529852629583911,3004259520895459881,,1,是
C12401,青岛市市北和达中心店,浙江公司,青岛战区,山东省区,青岛办,关店,专卖店,加盟,街铺,,,,,,,,,,1,是
C12402,宜春乐优购店铺,江西公司,宜春战区,江西二区,宜春办,关店,专卖店,加盟,街铺,19642989,512831719.0,,6016781399849,,,,,,1,是
C12403,肇庆四会龙甫服务区北区店,广东公司,广州战区,广东省区,广佛办,关店,专柜店,加盟,交通枢纽,,,,,,,,,,1,否
C12405,肇庆四会龙甫服务区南区店,广东公司,广州战区,广东省区,广佛办,关店,专柜店,加盟,交通枢纽,,,,,,,,,,1,否
C12406,滨州东服务区南区店,浙江公司,青岛战区,山东省区,济南办,关店,专柜店,加盟,交通枢纽,,,,,,,,,,1,是
C12407,九江庐山服务区入口店,江西公司,九江战区,江西二区,九江办,正常营业,专卖店,加盟,交通枢纽,,,,,,,,,,1,否
C12408,滨州东服务区北区店,浙江公司,青岛战区,山东省区,济南办,关店,专柜店,加盟,交通枢纽,,,,,,,,,,1,是
C12409,滨州泊头服务区南区店,浙江公司,青岛战区,山东省区,济南办,关店,专柜店,加盟,交通枢纽,,,,,,,,,,1,是
C12410,滨州泊头服务区北区店,浙江公司,青岛战区,山东省区,济南办,关店,专柜店,加盟,交通枢纽,,,,,,,,,,1,是
C12411,济南历城区荣盛广场,浙江公司,青岛战区,山东省区,济南办,关店,专卖店,加盟,商超,,,,,,,,,,1,是
C12412,广州花都永利广场专卖店,广东公司,广州战区,广东省区,广佛办,关店,专卖店,加盟,商超,19660902,1177997352,,6016634072849,,995944504,7297505407956682788,3004243395928002642,,1,是
C12413,广州一里路商贸有限公司广州南站5店,广东公司,广州战区,广东省区,广佛办,正常营业,专卖店,加盟,高势能,,,,,,,,,,1,否
C12415,成都源益祥商贸有限公司,重庆公司,重庆战区,川渝省区,重庆办,关店,渠道店,加盟,特殊渠道,,,,,,,,,,1,否
C12416,长春欧亚东盛3店,陕西公司,沈阳战区,辽吉省区,长春办,关店,专卖店,加盟,综合体,19086276,1198045298,15905527.0,6016595532849,,1774533080,7283045126081890358,2161914579260346887,,1,是
C12417,长沙城轨先锋站店,江西公司,长沙战区,湖南省区,长沙办,关店,专柜店,加盟,高势能,,,,,,,,,,1,否
C12418,四川乐至外西街店,重庆公司,重庆战区,川渝省区,重庆办,关店,专柜店,加盟,商超,,,,,,,,,,1,是
C12419,直属永川华茂购物广场店,重庆公司,重庆战区,川渝省区,重庆办,关店,专卖店,直营,综合体,,,,,,,,,,1,否
C12420,南宁大塘服务区1店,广东公司,南宁战区,广西省区,南宁办,正常营业,专卖店,加盟,交通枢纽,,,,,,,,,,1,是
C12421,南宁大塘服务区2店,广东公司,南宁战区,广西省区,南宁办,正常营业,专卖店,加盟,交通枢纽,,,,,,,,,,1,是
C12422,泉州台商东园专卖,江西公司,厦门战区,福建省区,福州办,关店,专卖店,加盟,街铺,14583765,1101874963,15861065.0,6016772796849,180865,114405855,6601191880237516807,,,1,是
C12423,高安万象店,江西公司,南昌二战区,江西二区,宜春办,正常营业,专卖店,加盟,街铺,29507937,,,6017060083849,,1891775770,7288540669717514292,3004305085868348724,2025112011077000000113752261|xiniu_xgc_bgc,1,是
C12425,惠州三栋专卖店,广东公司,东莞战区,广东省区,惠汕办,关店,专卖店,加盟,街铺,19389443,520515616,15905509.0,6016587402849,,1166385236,7289722944568166459,3004260678532376636,2026031611077000000115370443|xiniu_xgc_bgc,1,是
C12426,韶关财富广场专卖店,广东公司,广州战区,广东省区,广佛办,待开业,,加盟,,,,,,,,,,,1,否
C12428,四川威远万达广场店,重庆公司,重庆战区,川渝省区,重庆办,关店,专卖店,加盟,综合体,19988665,,,,,,,,,1,是
C12436,台州天台新城专卖店,浙江公司,杭州战区,福建省区,浙南办,关店,专卖店,加盟,街铺,19304524,1174769688,,6016574639849,,727874676,7283788677665261583,3004185261219717711,,1,是
C12437,四川渠县地旺广场店,重庆公司,重庆战区,川渝省区,重庆办,关店,专卖店,加盟,综合体,19537019,,,6016636857849,,1392602110,7288988363963500563,,,1,是
C12438,抚南崇仁新天地,江西公司,抚州战区,江西一区,鹰抚办,正常营业,专卖店,加盟,街铺,19520217,,,6017185324849,,1909235249,7286659018309781567,,2026030411077000000115090718|xiniu_xgc_bgc,1,是
C12439,杭州集乡客,浙江公司,杭州战区,浙江省区,宁波办,关店,渠道店,加盟,特殊渠道,,,,,,,,,,1,否
C12440,厦门同安招商雍和府店,江西公司,厦门战区,福建省区,闽南办,关店,专卖店,加盟,街铺,19649170,1178336478,,6016630189849,,1938140782,7299276486983288847,,,1,是
C12441,汕尾海丰梅陇专卖店,广东公司,东莞战区,广东省区,惠汕办,关店,专卖店,加盟,街铺,19361685,512172230,,6016586606849,,1727474236,7287883878058952758,3004220994793738774,,1,是
C12442,杭州西湖池华街店,浙江公司,杭州战区,浙江省区,宁波办,关店,专卖店,加盟,交通枢纽,20203583,514135700,,6016716465849,,1012552584,7318282374429100068,,,1,是
C12443,青岛市市北科技街店,浙江公司,青岛战区,山东省区,青岛办,关店,专卖店,加盟,街铺,19641323,512756653,,6016713888849,,865964679,7292219599758575656,,,1,是
C12445,韶关东站广场店,广东公司,广州战区,广东省区,广佛办,关店,专柜店,加盟,高势能,,,,,,,,,,1,否
C12446,佛山南海万达专卖店,广东公司,广州战区,广东省区,广佛办,关店,专卖店,加盟,综合体,19546382,1178174506,,6016632564849,,1589318588,7296397103146731559,3004483947451161439,,1,是
C12447,昆明世纪金源盒马专柜店,重庆公司,贵阳战区,云贵省区,昆明办,关店,专柜店,加盟,综合体,,,,,,,,,,1,否
C12448,莆田涵江水韵城专卖店,江西公司,福州战区,福建省区,福州办,关店,专卖店,加盟,商超,20537495,1174881371,,6016578652849,,1736506775,7286388620687869989,,,1,是
C12449,莆田大路街专卖店,江西公司,福州战区,福建省区,福州办,关店,专卖店,加盟,街铺,19429106,,,,,740941897,7289623531493525565,,,1,是
C12450,河南信阳西亚和美店,陕西公司,郑州战区,河南省区,郑州办,关店,专柜店,加盟,商超,,,,,,,,,,1,是
C12451,长沙星沙龙塘保利店,江西公司,长沙战区,湖南省区,长沙办,关店,专卖店,加盟,街铺,19429291,512415112,,6016628336849,,1909051354,7290823287998547968,3004257476032108836,,1,是
C12452,景德镇景城名郡店(译翔丽),江西公司,九江战区,江西二区,景德镇办,正常营业,专卖店,加盟,街铺,19429787,512420317,17390525.0,6016623913849,,647708197,7289615927648192527,3004223727790430800,2025112011077000000113640799|xiniu_xgc_bgc,1,是
C12453,辽宁地推账号,陕西公司,沈阳战区,辽吉省区,沈阳办,暂停营业,,加盟,,,,,,,,,,,1,否
C12454,不使用,江西公司,南昌战区,江西一区,南昌一办,关店,,加盟,,,,,,,,,,,1,是
C12455,昌北机场豪士特远机位特产店,江西公司,南昌一战区,江西一区,南昌一办,关店,专柜店,加盟,高势能,,,,,,,,,,1,是
C12456,直属福州汇达广场专卖店,江西公司,福州战区,福建省区,直营组,关店,专卖店,直营,交通枢纽,21579274,514350270,,6016599464849,,1643519760,,,,1,是
C12457,河南南阳万悦城店,陕西公司,郑州战区,河南省区,河南外阜办,关店,专柜店,加盟,综合体,,,,,,,,,,1,是
C12458,平南中心广场店,广东公司,南宁战区,广西省区,柳桂办,关店,专卖店,加盟,综合体,19572228,,,6016592939849,,,7296438370652129314,,,1,是
C12459,东莞厚街中心大道专卖店,广东公司,东莞战区,广东省区,东莞办,关店,专卖店,加盟,街铺,19287745,512375234,,6016567200849,,1640732737,7280820738591606823,3002777848766440457,,1,是
C12460,直属重庆渝北两江春城店,重庆公司,重庆战区,川渝省区,重庆办,关店,专卖店,直营,街铺,19859945,1180951938,,6016578575849,,,7307504975486126131,,,1,是
C12461,上饶沙洲路店,江西公司,抚州战区,江西二区,上饶办,关店,专卖店,加盟,街铺,,,,6016781498849,,,7306345941731117090,,,1,是
C12462,上饶玉山樟村店,江西公司,抚州战区,江西二区,上饶办,关店,专卖店,加盟,街铺,,,,,,,,,,1,是
C12463,四川蓬安相如街店,重庆公司,重庆战区,川渝省区,重庆办,关店,专卖店,加盟,街铺,19571643,12776851,,,,,,,,1,是
C12465,宁德福鼎沃尔玛专卖店,江西公司,福州战区,福建省区,浙南办,关店,专卖店,加盟,商超,19541037,1174904354,,,,,7299333783617013796,,,1,是
C12466,陕西安康宁陕服务区东区店,陕西公司,西安战区,陕西省区,陕西外阜办,关店,专卖店,加盟,交通枢纽,,,,,,,,,,1,是
C12467,山西长治景家庄店,陕西公司,西安战区,山西办,山西办,关店,专卖店,加盟,街铺,8172668,505961314,17146742.0,6016774789849,,1158235676,7310170350849886208,,,1,是
C12468,直属贵阳白云合力专卖店,重庆公司,贵阳战区,云贵省区,贵阳办,关店,专卖店,直营,街铺,,,,,,,,,,1,否
C12469,莆田黄石凤凰百货专卖店,江西公司,福州战区,福建省区,福州办,关店,专卖店,加盟,综合体,19569685,512428752,,6016578275849,,1719608405,7292967181476710435,,,1,是
C12470,红谷滩地铁大厦天虹店,江西公司,南昌一战区,江西一区,南昌一办,正常营业,专卖店,加盟,商超,20381006,,,6016945447849,,1653409723,7313812357220665382,,2025112011077000000113747602|xiniu_xgc_bgc,1,是
C12471,青岛市李沧达翁市场店,浙江公司,青岛战区,山东省区,青岛办,关店,专卖店,加盟,街铺,19404406,1174757423,,,,,,,,1,是
C12472,青岛市崂山劲松七路店,浙江公司,青岛战区,山东省区,青岛办,关店,专卖店,加盟,街铺,19310221,512096451,,6016713798849,,1099392121,7289312330012166200,,,1,是
C12473,陕西安康宁陕服务区西区店,陕西公司,西安战区,陕西省区,陕西外阜办,正常营业,专卖店,加盟,交通枢纽,,,,,,,,,,1,是
C12475,西安临潼服务区北区店,陕西公司,西安战区,陕西省区,陕西外阜办,关店,专卖店,加盟,交通枢纽,,,,,,,,,,1,是
C12476,西安临潼服务区南区店,陕西公司,西安战区,陕西省区,陕西外阜办,关店,专卖店,加盟,交通枢纽,,,,,,,,,,1,是
C12477,云南大理古城店,重庆公司,贵阳战区,云贵省区,昆明办,关店,专卖店,加盟,交通枢纽,19366810,512951807,,6016577058849,,1062476367,7288148483704375351,,,1,是
C12478,青岛市市北嘉定路保利里院里店,浙江公司,青岛战区,山东省区,青岛办,关店,专卖店,加盟,街铺,,,,,,,,,,1,否
C12479,宝安新桥万科星城店,广东公司,深圳战区,广东省区,宝安办,正常营业,专卖店,加盟,街铺,19770840,1180767093,16130457.0,6016844307849,,725937557,7305252189595764736,3004293659455328564,2026031611077000000115263574|xiniu_xgc_bgc,1,是
C12480,宜春温汤新店,江西公司,宜春战区,江西二区,宜春办,正常营业,专卖店,加盟,交通枢纽,,,,6016781984849,,,7298911126048213044,,,1,是
C12481,济南槐荫区印象济南店,浙江公司,青岛战区,山东省区,济南办,关店,专卖店,加盟,街铺,19388142,1175029315,,6016588804849,,,7291909744619423785,,,1,是
C12482,直属合肥中环城商业街店,浙江公司,苏州战区,安徽办,安徽办,关店,专卖店,直营,街铺,19600036,512765017,15905469.0,6016606091849,,802126839,7296402149854939199,3004814764656335448,,1,是
C12483,甘肃陇南西和鼓楼街店,陕西公司,西安战区,陕西省区,兰州办,关店,专卖店,加盟,街铺,19548321,,,6016773214849,,,7294963771569768463,,,1,是
C12485,张家口五一广场店,陕西公司,北京战区,京津冀省区,北京办,关店,专卖店,加盟,商超,19390436,512255014,16914076.0,6016629822849,,643579704,7295667480742070291,3004214714942662936,,1,是
C12486,昌北机场商贸有限公司,江西公司,南昌一战区,江西一区,南昌一办,关店,渠道店,加盟,高势能,,,,,,,,,,1,否
C12487,清远大润发专卖店,广东公司,广州战区,广东省区,广佛办,关店,专卖店,加盟,商超,,,,6016876977849,,,,,,1,是
C12488,大连庄河万达店,陕西公司,沈阳战区,辽吉省区,大连办,正常营业,专卖店,加盟,综合体,6776351,501120468,15967915.0,6015130705849,177508,193358266,6748028411714881544,6724909374521182836,2026031311077000000115377288|xiniu_xgc_bgc,1,是
C12489,宝安松岗吉祥路专卖店,广东公司,深圳战区,广东省区,宝安办,关店,专卖店,加盟,街铺,,,,,,,,,,1,是
C12490,九江新五中加州风情店,江西公司,九江战区,江西二区,九江办,关店,专卖店,加盟,街铺,,,,6017188229849,,,7325161280291997733,3004459435672146183,,1,是
C12491,重庆北站专柜店,重庆公司,重庆战区,川渝省区,重庆办,关店,专柜店,加盟,高势能,,,,,,,,,,1,否
C12492,珠海东澳岛专卖店,广东公司,广州战区,广东省区,中珠办,关店,专卖店,加盟,交通枢纽,,,,,,,,,,1,是
C12493,西安蓝田东服务区南区店,陕西公司,西安战区,陕西省区,陕西外阜办,关店,专卖店,加盟,交通枢纽,,,,,,,,,,1,是
C12495,西安蓝田东服务区北区店,陕西公司,西安战区,陕西省区,陕西外阜办,关店,专卖店,加盟,交通枢纽,,,,,,,,,,1,是
C12497,直属合肥国购广场购物中心店,浙江公司,苏州战区,安徽办,安徽办,关店,专卖店,直营,综合体,20339985,514415372,15905453.0,6016651230849,,793974104,7323108053765752866,3004722114029230653,,1,是
C12498,朝阳国贸天琴湾店,江西公司,南昌一战区,江西二区,南昌三办,关店,专卖店,加盟,街铺,,,,,,1200259002,7306343735905519666,3004359799668513321,,1,是
C12499,遵义习水娄山南路店,重庆公司,贵阳战区,云贵省区,遵义办,关店,专卖店,加盟,街铺,19573587,1197860884,,6016638739849,,,7304855997226190860,,,1,是
C12500,河源连平北服务区店,广东公司,东莞战区,广东省区,惠汕办,正常营业,经销,加盟,交通枢纽,,,,,,,,,,1,是
C12501,河源连平南服务区店,广东公司,东莞战区,广东省区,惠汕办,关店,专柜店,加盟,交通枢纽,,,,,,,,,,1,是
C12502,沈阳永盛购物广场店,陕西公司,沈阳战区,辽吉省区,沈阳办,关店,专卖店,加盟,综合体,19450713,1174912884,,,,553608563,7289359342397032463,3004232197218014508,,1,是
C12503,龙岩新罗九一南路店,江西公司,厦门战区,福建省区,闽南办,关店,专卖店,加盟,街铺,19483767,1177104726,,6016610019849,,780390472,7291848538600769562,3004317487993399385,,1,是
C12505,青云谱博泰生命树店,江西公司,南昌一战区,江西二区,南昌二办,正常营业,专卖店,加盟,街铺,21214877,512977554,16189121.0,6017139344849,,1750483348,7299364308192856079,3004308675036188978,2025111911077000000113756155|xiniu_xgc_bgc,1,是
C12506,南宁西南商都店,广东公司,南宁战区,广西省区,南宁办,关店,专柜店,加盟,综合体,19915101,,,6016636911849,,1033443329,7287438244646488127,,,1,是
C12507,厦门机场泊寓专柜,江西公司,厦门战区,福建省区,闽南办,关店,专柜店,加盟,高势能,,,,,,,,,,1,是
C12508,海口鹏晖福联顺专卖店,广东公司,海口战区,海南办,海南办,关店,专卖店,加盟,街铺,17812251,1155479610,15968027.0,6016659211849,,1909934671.0,7290455473310926911,,,1,是
C12509,景德镇方家山日新店,江西公司,九江战区,江西二区,景德镇办,暂停营业,专卖店,加盟,商超,19582934,512527673,17390626.0,6016634073849,,1373461498,7296741831398656000,,2025112011077000000113621825|xiniu_xgc_bgc,1,是
C12510,南宁良庆区百佳华店,广东公司,南宁战区,广西省区,南宁办,关店,专卖店,加盟,综合体,4335444,161619147,,6016578465849,,157115883,7286397331954468901,,,1,是
C12511,上海华光生活广场店,浙江公司,上海战区,上海省区,上海一办,关店,专卖店,加盟,街铺,,,,,,,,,,1,是
C12512,惠州北二店,广东公司,东莞战区,广东省区,东莞办,关店,专柜店,加盟,高势能,,,,,,,,,,1,是
C12513,直属重庆大足圣迹西路店,重庆公司,重庆战区,川渝省区,重庆办,关店,专卖店,直营,街铺,19536739,,,,,,,,,1,是
C12515,北京顺义区欧陆广场店,陕西公司,北京战区,京津冀省区,北京办,关店,专卖店,加盟,商超,19819214,513018715,,6016774833849,,1236801076,7307182133045364736,,,1,是
C12516,高安德清店铺,江西公司,南昌二战区,江西二区,宜春办,关店,专卖店,加盟,街铺,,,,,,1773233452,cover_C12516_7291186243935684671,3004311317828211297,,1,是
C12517,惠州南城美惠一店,广东公司,东莞战区,广东省区,东莞办,关店,专柜店,加盟,高势能,,,,,,,,,,1,是
C12518,惠州南城美惠二店,广东公司,东莞战区,广东省区,东莞办,关店,专柜店,加盟,高势能,,,,,,,,,,1,是
C12519,鹰抚鹰潭中央星城店,江西公司,抚州战区,江西一区,鹰抚办,关店,专卖店,加盟,街铺,19391859,,,,,,7288542109408167947,,,1,是
C12520,青岛市黄岛中铁博览城店,浙江公司,青岛战区,山东省区,青岛办,关店,专柜店,加盟,街铺,,,,,,,,,,1,否
C12521,福州爱摩轮商业广场店,江西公司,福州战区,福建省区,福州办,关店,专柜店,加盟,交通枢纽,19721880,,,,,1219638834,,,,1,是
C12522,吉安鼎泰国光专柜店,江西公司,赣州战区,江西一区,吉安办,关店,专柜店,加盟,商超,,,,,,,,,,1,是
C12523,赣州九铭广场专柜店,江西公司,赣州战区,江西一区,赣州办,关店,专柜店,加盟,商超,,,,,,,,,,1,否
C12524,不使用,江西公司,赣州战区,江西一区,赣州办,关店,,加盟,,,,,,,,,,,1,否
C12525,赣州宝能太古城店,江西公司,赣州战区,江西一区,赣州办,关店,专柜店,加盟,商超,,,,,,,,,,1,是
C12526,长沙火车站3店,江西公司,长沙战区,湖南省区,长沙办,关店,专卖店,加盟,高势能,19509040,1176216681.0,,,,,7294819358381967387,,,1,是
C12527,宁德霞浦站店,江西公司,福州战区,福建省区,福州办,关店,专柜店,加盟,高势能,,,,,,,,,,1,否
C12532,南山区豪芳花园专柜店,广东公司,深圳战区,广东省区,宝安办,关店,专柜店,加盟,街铺,,,,,,,,,,1,是
C12533,北京千禧购物中心店,陕西公司,北京战区,京津冀省区,北京办,关店,专卖店,加盟,商超,9666941,501929166,,6015116864849,320796,993088008,7054735633675192328,3002327687746856367,,1,是
C12534,不使用门店,陕西公司,北京战区,京津冀省区,北京办,待开业,,加盟,,,,,,,,,,,1,是
C12535,北京槐房万达广场店,陕西公司,北京战区,京津冀省区,北京办,关店,专卖店,加盟,综合体,19636751,1178351318,,6016635237849,,,7296691198582851623,3004286073028252197,,1,是
C12537,海南莲花服务区店,广东公司,海口战区,海南办,海南办,正常营业,专卖店,加盟,交通枢纽,,,,,,,,,,1,否
C12538,海南定安服务区店,广东公司,海口战区,海南办,海南办,正常营业,专卖店,加盟,交通枢纽,,,,,,,,,,1,否
C12539,龙岗中心城万科广场专卖店,广东公司,深圳战区,广东省区,龙岗办,关店,专卖店,加盟,综合体,19696032,512819213,,6016681597849,,1287477846,7295613868737300516,3004305675907932746,,1,是
C12540,安徽合肥市四牌楼商业街店,浙江公司,苏州战区,安徽办,安徽办,关店,专卖店,加盟,街铺,,,,,,,,,,1,否
C12542,济南历下区全运村银座店,浙江公司,青岛战区,山东省区,济南办,关店,专柜店,加盟,商超,,,,,,,,,,1,是
C12543,厦门海沧禹州尊海店,江西公司,厦门战区,福建省区,闽南办,关店,专卖店,加盟,街铺,19561351,512561901,,,,,7294448804525246498,,,1,是
C12544, 不使用门店,重庆公司,重庆战区,川渝省区,重庆办,正常营业,,直营,,,,,,,,,,,1,否
C12545,重庆战区地推账号,重庆公司,重庆战区,川渝省区,重庆办,关店,渠道店,直营,特殊渠道,,,,,,,,,,1,否
C12546,济南槐荫区世购店,浙江公司,青岛战区,山东省区,济南办,关店,专卖店,加盟,商超,19594635,1180599128,,6016913720849,,,7307832443292092470,,,1,是
C12547,直属贵阳观山湖万达广场店,重庆公司,贵阳战区,云贵省区,贵阳办,关店,专卖店,直营,综合体,20095053,,,6016637957849,,660997244,7308650147284518931,,,1,是
C12548,九江柴桑区凯旋春天店,江西公司,九江战区,江西二区,九江办,正常营业,专卖店,加盟,街铺,19674010,1178303886,,6016941498849,,1649143226,7293399877160011776,3004300123340087905,2025112011077000000113650813|xiniu_xgc_bgc,1,是
C12549,贵阳战区地推账号,重庆公司,贵阳战区,川渝省区,重庆办,关店,渠道店,直营,特殊渠道,,,,,,,,,,1,否
C12550,四川仪陇人民路店,重庆公司,重庆战区,川渝省区,重庆办,关店,专卖店,加盟,街铺,19648763,,,,,,,,,1,是
C12551,四川南部西街店,重庆公司,重庆战区,川渝省区,重庆办,关店,专卖店,加盟,街铺,19648761,,,,,,,,,1,是
C12552,四川仪陇德龍广场店,重庆公司,重庆战区,川渝省区,重庆办,关店,专卖店,加盟,街铺,19648762,,,,,,,,,1,是
C12553,四川南部白鹤香洲店,重庆公司,重庆战区,川渝省区,重庆办,关店,专卖店,加盟,街铺,19648760,,,,,,,,,1,是
C12555,郑州战区乐鲜装地推账户,陕西公司,郑州战区,河南省区,郑州办,关店,渠道店,加盟,特殊渠道,,,,,,,,,,1,否
C12556,贵州美团优选电商店,重庆公司,贵阳战区,云贵省区,贵阳办,关店,渠道店,加盟,特殊渠道,,,,,,,,,,1,否
C12557,德州庆云县昆仑购物广场店,浙江公司,青岛战区,山东省区,济南办,关店,专卖店,加盟,综合体,19818002,513091627,,6016774539849,,1031457077,7299746437481367578,,,1,是
C12558,重庆大足MK广场店,重庆公司,重庆战区,川渝省区,重庆办,关店,专卖店,加盟,综合体,,,,,,,,,,1,是
C12559,宁德运生体育场专卖店,江西公司,福州战区,福建省区,浙南办,关店,专卖店,加盟,街铺,,,,6016638574849,,1769779908,,,,1,是
C12560,杭州富阳万达店,浙江公司,杭州战区,浙江省区,宁波办,关店,专卖店,加盟,综合体,19734379,1178398728,,6016638909849,,977275035,7301192448351406080,,,1,是
C12561,义乌工人北路店,浙江公司,杭州战区,浙江省区,金衢办,关店,专卖店,加盟,街铺,19538933,512591562,,6016624751849,,1088316509,7294897037265340450,,,1,是
C12562,江苏盐城大丰金丰鹿角巷店,浙江公司,苏州战区,江苏省区,南京办,关店,专卖店,加盟,街铺,26550282,526490064,,6016728016849,,1071636899,7382104960902629402,3005118679842492951,,1,是
C12563,株洲茶陵犀城广场店,江西公司,长沙战区,湖南省区,株洲办,关店,专卖店,加盟,街铺,,,,,,,,,,1,否
C12565,株洲茶陵朝阳路店,江西公司,长沙战区,湖南省区,株洲办,关店,专卖店,加盟,街铺,19663518,1178292364,,6016830254849,,1484591266,7298921099750803492,,,1,是
C12566,直属长沙万家丽广场店,江西公司,长沙战区,湖南省区,长沙办,正常营业,专卖店,直营,综合体,2500993,155849148,15861059.0,6015164318849,197513,158772902,6601144483000092675,6724909506102003899,,1,是
C12567,长春岭东路店,陕西公司,沈阳战区,辽吉省区,长春办,关店,专卖店,加盟,街铺,17005587,1141743815,,,,1239833086,7218089058025605124,3003622896456274274,,1,未知
C12568,昆山市华润万家店,浙江公司,苏州战区,上海省区,上海一办,关店,专卖店,加盟,商超,20736657,515166674,,6016753294849,,1185299945,7325582628654942217,,,1,是
C12569,东莞大朗大和专卖店,广东公司,东莞战区,广东省区,东莞办,关店,专卖店,加盟,综合体,,,,,,,,,,1,是
C12570,龙岗中心金地龙城专卖店,广东公司,深圳战区,广东省区,龙岗办,关店,专卖店,加盟,街铺,21236637,516965561,17210599.0,6016683812849,,1731762395,7356806791012812837,,,1,是
C12571,九江烟水亭店,江西公司,九江战区,江西二区,九江办,关店,专卖店,加盟,街铺,,,,,,,,,,1,是
C12572,厦门海沧霞阳专卖店,江西公司,厦门战区,福建省区,闽南办,关店,专卖店,加盟,街铺,,,,,,,,,,1,是
C12573,上饶广信信江明珠店,江西公司,抚州战区,江西二区,上饶办,正常营业,专卖店,加盟,街铺,19952630,,,6016781881849,,588986795,7302303844254353462,,2025111911077000000113671651|xiniu_xgc_bgc,1,是
C12574,不使用,江西公司,南昌战区,江西二区,南昌三办,关店,,直营,,,,,,,,,,,1,否
C12575,直属中海朝阳郡熙岸店,江西公司,南昌一战区,江西二区,南昌三办,正常营业,专卖店,直营,街铺,19706766,1178273186,14262336.0,6017186632849,,925905732,7298911225553881122,3004303213344302395,2025111911077000000113620698|xiniu_xgc_bgc,1,是
C12576,直属遵义红花岗思乐为广场店,重庆公司,贵阳战区,云贵省区,遵义办,关店,专卖店,直营,街铺,,,,,,,,,,1,是
C12577,沈阳龙之梦比优特店,陕西公司,沈阳战区,辽吉省区,沈阳办,关店,专卖店,加盟,综合体,,,,,,,,,,1,否
C12578,沈阳五中比优特店,陕西公司,沈阳战区,辽吉省区,沈阳办,关店,专卖店,加盟,综合体,25989788,512950527,15967988.0,6016631102849,,1955937194,7121704177176152098,3004736454983655987,2025111911077000000113647669|xiniu_xgc_bgc,1,是
C12579,宜春上高上新村店,江西公司,宜春战区,江西二区,宜春办,关店,专卖店,加盟,特殊渠道,,,,,,,,,,1,是
C12580,儋州解放北路专卖店,广东公司,海口战区,海南办,海南办,关店,专卖店,加盟,街铺,,,,,,,7325282859236493331,,,1,是
C12581,丰城东方铭城店,江西公司,南昌二战区,江西一区,丰新办,正常营业,专卖店,加盟,街铺,19750467,517700828,17662742.0,6016630586849,,815038196,7298933434423740466,3004305562909746949,2025112011077000000113681713|xiniu_xgc_bgc,1,是
C12582,丰城新世纪家园店,江西公司,南昌二战区,江西一区,丰新办,关店,专卖店,加盟,街铺,19750448,,,6016631475849,,1303227682,7298921323764385807,3004305563555113051,,1,是
C12583,上饶婺源赋春店,江西公司,抚州战区,江西二区,景德镇办,正常营业,专卖店,加盟,街铺,,,,6016781497849,,,7301872587439605769,,,1,是
C12585,厦门集美大学湾店,江西公司,厦门战区,福建省区,闽南办,关店,专卖店,加盟,街铺,19760934,1178080861,,6016638519849,,1863615054,7303923834582501427,,,1,是
C12586,杭州转塘奥莱金街店,浙江公司,杭州战区,浙江省区,宁波办,关店,专卖店,加盟,街铺,19754369,1177984173,,6016629595849,,1218372972,7299049413786208271,,,1,是
C12587,六盘水万达二店,重庆公司,贵阳战区,云贵省区,贵阳办,正常营业,专卖店,加盟,综合体,27372943,,16638125.0,6016638024849,,1913598591,7299282117916100623,,,1,是
C12588,南宁数字科技学院专柜店,广东公司,南宁战区,广西省区,南宁办,关店,专柜店,加盟,特殊渠道,,,,,,,,,,1,否
C12589,凤凰印象新天地,江西公司,南昌一战区,江西一区,南昌一办,正常营业,专卖店,加盟,街铺,19875831,,,6017188976849,,1565066966,7301887528062158874,,2025112011077000000113703720|xiniu_xgc_bgc,1,是
C12590,九江共青南航科院专柜,江西公司,九江战区,江西二区,九江办,关店,专柜店,加盟,特殊渠道,,,,,,,,,,1,是
C12591,合肥华盛广场店,浙江公司,苏州战区,安徽办,安徽办,关店,专卖店,加盟,街铺,21175989,1204229511,,6016838617849,,1944806866,7355374962284169231,,,1,是
C12592,直属山西太原万科蓝山店,陕西公司,西安战区,山西办,山西办,关店,专卖店,直营,街铺,19913523,1183469526,,6016775004849,,,7299686019568240640,,,1,是
C12593,直属广州天河车陂专卖店,广东公司,广州战区,广东省区,广佛办,关店,专卖店,直营,交通枢纽,5806434,166991264.0,,6014224760849,,169750383.0,6626336895833999368,,,1,
C12595,直属杭州江晖路地铁商业街店,浙江公司,杭州战区,浙江省区,杭州办,正常营业,专卖店,直营,交通枢纽,20203584,1184698436,15967992.0,6016717009849,,1133009835,7318284153211635746,,,1,是
C12596,陕西商洛山阳爱尚良品超市专柜店,陕西公司,西安战区,陕西省区,陕西外阜办,关店,专柜店,加盟,商超,,,,,,,,,,1,是
C12597,山西太原武宿机场三店,陕西公司,西安战区,山西办,山西办,关店,专柜店,加盟,高势能,,,,,,,,,,1,是
C12598,大连校园自动贩售机渠道店,陕西公司,沈阳战区,辽吉省区,大连办,关店,渠道店,加盟,特殊渠道,,,,,,,,,,1,否
C12599,宜春安义县长均购物中心店,江西公司,南昌二战区,江西二区,宜春办,关店,专卖店,加盟,综合体,,,,,,,7303928254002366502,,,1,是
C12600,吉安新干步行街店,江西公司,宜春战区,江西一区,吉安办,关店,专卖店,加盟,街铺,19688219,,,,,764716499,7298911167445993524,,,1,是
C12601,福州浦上地铁站美宜佳专卖店,江西公司,福州战区,福建省区,福州办,关店,专卖店,加盟,交通枢纽,,,,,,,,,,1,是
C12602,宁德天茂城市广场专卖店,江西公司,福州战区,福建省区,浙南办,关店,专卖店,加盟,街铺,19760978,513617198,,6016655802849,,1065927751,7304104299879991308,,,1,是
C12603,温州潘凤专卖店,浙江公司,杭州战区,福建省区,浙南办,关店,专卖店,加盟,街铺,10565515,501365577,,6016635356849,,1672365294,,,,1,是
C12605,直属西安太乙城店,陕西公司,西安战区,陕西省区,西安办,关店,专卖店,直营,综合体,19809259,1184710779,,6016775806849,,545104897,7303349863839467535,,,1,是
C12606,遵义习水万达广场店,重庆公司,贵阳战区,云贵省区,遵义办,关店,专卖店,加盟,综合体,20095209,1198010883,,6016636577849,,955945109,7317128968388216870,,,1,是
C12607,澄迈富力红树湾店,广东公司,海口战区,海南办,海南办,关店,渠道店,加盟,交通枢纽,,,,,,,,,,1,是
C12608,加盟深圳光明大仟里店,其他,深圳战区,独椒戏,独椒戏(深圳),正常营业,,加盟,,,,,,,,,,,1,
C12609,冷水江锑都大厦2店,江西公司,长沙战区,湖南省区,长沙办,关店,专卖店,加盟,街铺,18379523,,,6016844770849,,589017739,7072943884019435533,,,1,是
C12610,赣州赣县梅林古镇店,江西公司,赣州战区,江西一区,赣州办,正常营业,专卖店,加盟,街铺,20046189,513990187,16384038.0,6016783401849,,,7318315771279443994,3004682102911248970,2026030911077000000115223933|xiniu_xgc_bgc,1,是
C12611,赣州于都路专卖店,江西公司,赣州战区,江西一区,赣州办,关店,专柜店,加盟,商超,,,,,,,,,,1,是
C12612,龙华福城天虹美食街店,广东公司,深圳战区,广东省区,宝安办,正常营业,专卖店,加盟,综合体,20059734,517070052,,6016690205849,,1915574370,6819247742146185216,3002893210500501772,2025112011077000000113698727|xiniu_xgc_bgc,1,是
C12613,上饶玉山天街店,江西公司,抚州战区,江西二区,上饶办,正常营业,专卖店,加盟,商超,19907843,1183390779,16189138.0,6016781780849,,1440881674,7300060022485026827,,2025111911077000000113643652|xiniu_xgc_bgc,1,是
C12615,上饶职院专柜店,江西公司,抚州战区,江西二区,上饶办,关店,专柜店,加盟,特殊渠道,,,,,,,,,,1,是
C12616,云南楚雄专柜店,重庆公司,贵阳战区,云贵省区,昆明办,关店,专柜店,加盟,高势能,,,,,,,,,,1,否
C12617,赣州龙南博美店,江西公司,赣州战区,江西一区,赣州办,关店,专卖店,加盟,街铺,20517715,515086076,16256737.0,6016781577849,,1716819411,7339031319273293861,,2025112011077000000113658767|xiniu_xgc_bgc,1,是
C12618,天津信誉楼专柜店,陕西公司,北京战区,京津冀省区,天津办,关店,专柜店,加盟,商超,,,,,,,,,,1,是
C12619,陕西汉中勉县服务区北区店,陕西公司,西安战区,陕西省区,陕西外阜办,关店,专卖店,加盟,交通枢纽,,,,,,,,,,1,是
C12620,陕西汉中勉县服务区南区店,陕西公司,西安战区,陕西省区,陕西外阜办,关店,专卖店,加盟,交通枢纽,,,,,,,,,,1,是
C12621,陕西汉中天汉水城服务区西区,陕西公司,西安战区,陕西省区,陕西外阜办,暂停营业,专卖店,加盟,交通枢纽,,,,,,,,,,1,是
C12622,陕西汉中服务区北区店,陕西公司,西安战区,陕西省区,陕西外阜办,正常营业,专卖店,加盟,交通枢纽,,,,,,,,,,1,是
C12623,陕西汉中服务区南区店,陕西公司,西安战区,陕西省区,陕西外阜办,暂停营业,专卖店,加盟,交通枢纽,,,,,,,,,,1,是
C12625,陕西汉中天汉水城服务区东区店,陕西公司,西安战区,陕西省区,陕西外阜办,暂停营业,专卖店,加盟,交通枢纽,,,,,,,,,,1,是
C12626,鹰抚抚州南湖路菜场店,江西公司,抚州战区,江西一区,鹰抚办,关店,专卖店,加盟,街铺,,,,,,,,,,1,是
C12627,遵义习水杉王大道店,重庆公司,贵阳战区,云贵省区,遵义办,关店,专卖店,加盟,街铺,20095212,1198210833,,6016639215849,,886751480,7308563298037811235,,,1,是
C12628,长沙岳麓区格林星城店,江西公司,长沙战区,湖南省区,长沙办,关店,专卖店,加盟,街铺,19780048,1178186622,,6016659410849,,,7301548277131675674,,,1,是
C12629,四川高县财富中心店,重庆公司,重庆战区,川渝省区,重庆办,关店,专卖店,加盟,综合体,,,,,,,,,,1,是
C12630,福州福清市福购多超市石井店,江西公司,福州战区,福建省区,福州办,关店,专卖店,加盟,街铺,19923049,1182909932,,6016650101849,,563998244,7307442775086073919,,,1,是
C12631,福州福清市福购多超市福耀店,江西公司,福州战区,福建省区,福州办,关店,专卖店,加盟,街铺,21588295,,,,,,,,,1,是
C12632,福州福清市福购多超市中恒首府店,江西公司,福州战区,福建省区,福州办,关店,专卖店,加盟,街铺,20747071,1196489562,,6016671922849,,1087847181,7346446140797093942,,,1,是
C12633,鹰抚抚州职业技术学校专柜,江西公司,抚州战区,江西一区,鹰抚办,关店,专柜店,加盟,特殊渠道,,,,,,,,,,1,是
C12634,不使用,江西公司,抚州战区,江西一区,鹰抚办,关店,,加盟,,,,,,164772.0,,,,,1,是
C12635,鹰抚抚州幼儿师范学校专柜,江西公司,抚州战区,江西一区,鹰抚办,关店,专柜店,加盟,特殊渠道,,,,,,,,,,1,是
C12637,赣州中航公园专柜店,江西公司,赣州战区,江西一区,赣州办,关店,专柜店,加盟,商超,,,,,,,,,,1,是
C12639,加盟独椒戏安义零售店,其他,南昌区域,独椒戏,独椒戏(南昌),正常营业,,加盟,,,,,,,,,,,1,
C12640,赣州赣鲜惠超市专柜店,江西公司,赣州战区,江西一区,赣州办,关店,专柜店,加盟,商超,,,,,,,,,,1,是
C12641,珠海唐家港湾壹号专卖店,广东公司,广州战区,广东省区,中珠办,关店,专卖店,加盟,街铺,20991821,,,6016877196849,,,,,,1,是
C12642,吉安井大专柜店,江西公司,赣州战区,江西一区,吉安办,关店,专柜店,加盟,商超,,,,,,,,,,1,是
C12643,樟树直属实验小学店,江西公司,南昌二战区,江西一区,丰新办,关店,专卖店,直营,街铺,20539517,515046163,,,,,7324609266642323491,3004453708995990534,,1,是
C12647,赣州水安康居百户超市专柜店,江西公司,赣州战区,江西一区,赣州办,关店,专柜店,加盟,商超,,,,,,,,,,1,是
C12648,广州白云站店,广东公司,广州战区,广东省区,广佛办,正常营业,专卖店,加盟,高势能,,,,,,,,,,1,否
C12649,东营垦利区全福元店,浙江公司,青岛战区,山东省区,济南办,关店,专卖店,加盟,商超,19946071,1180543794,,6016773238849,,1563818665,,,,1,是
C12650,呼市新华广场店,陕西公司,北京战区,京津冀省区,北京办,关店,专卖店,加盟,综合体,20197888,1184858419,15968036.0,6016774834849,,1622941982,7319362861296257061,,2025112011077000000113764149|xiniu_xgc_bgc,1,是
C12651,河南郑州多乐囤店,陕西公司,郑州战区,河南省区,郑州办,关店,渠道店,加盟,街铺,,,,,,,,,,1,否
C12652,枣庄薛城爱客天天永福北路店,浙江公司,青岛战区,山东省区,济南办,关店,专柜店,加盟,商超,,,,,,,,,,1,是
C12653,宜春德和沁园店,江西公司,宜春战区,江西二区,宜春办,关店,专卖店,加盟,街铺,16256676,,16256676.0,6016781496849,,1406924564,7304106551340435482,3004365555594170940,,1,是
C12654,不使用,江西公司,宜春战区,江西二区,宜春办,关店,,加盟,,,,,6015145916849,190690.0,,6633868913081845767,,,1,是
C12655,宜春凤凰农贸市场店,江西公司,宜春战区,江西二区,宜春办,正常营业,专卖店,加盟,街铺,20624789,,16257112.0,6016781779849,,1497220804,7307510440890730522,3004384831025587521,2025111911077000000113693610|xiniu_xgc_bgc,1,是
C12656,九江德安宝塔新城店,江西公司,九江战区,江西二区,九江办,正常营业,专卖店,加盟,街铺,20531515,,,6017185296849,,694079753,7317879495434864677,,2025112011077000000113680764|xiniu_xgc_bgc,1,是
C12657,福州长乐区东湖数字小镇店,江西公司,福州战区,福建省区,福州办,关店,专卖店,加盟,街铺,19875540,1187620127,,6016774508849,,798327786,,,,1,是
C12658,惠州博罗长宁专卖店,广东公司,东莞战区,广东省区,东莞办,关店,专卖店,加盟,街铺,20030487,513504211,15968010.0,6016683041849,,1472986578,7307189885654288384,3004398967957464856,2025112011077000000113743642|xiniu_xgc_bgc,1,是
C12659,佛山容桂天佑城华润专卖店,广东公司,广州战区,广东省区,广佛办,关店,专卖店,加盟,街铺,19887874,1180892869,15124595.0,6016671617849,,184506998,6601224710833309710,3004398713035919920,,1,是
C12660,成都三季稻商贸有限公司,重庆公司,重庆战区,川渝省区,重庆办,关店,渠道店,加盟,特殊渠道,,,,,,,,,,1,是
C12661,吉安井大专柜2店,江西公司,赣州战区,江西一区,吉安办,关店,专柜店,加盟,特殊渠道,,,,,,,,,,1,是
C12662,萍乡上栗湖溏店,江西公司,宜春战区,江西二区,宜春办,关店,专卖店,加盟,街铺,,,,,,,7306345804975835163,,,1,是
C12665,威海市环翠苏宁广场店,浙江公司,青岛战区,山东省区,青岛办,关店,专卖店,加盟,街铺,19973234,513620937,,6016715074849,,850321836,7306784838843893770,,,1,是
C12666,沈阳工业展览馆店,陕西公司,沈阳战区,辽吉省区,沈阳办,关店,专柜店,加盟,综合体,,,,,,,,,,1,是
C12667,揭阳惠来葵潭专卖店,广东公司,东莞战区,广东省区,惠汕办,关店,专卖店,加盟,街铺,19908124,,,6016673947849,,1992018726,7304879848650967092,3004367704413283618,,1,是
C12668,株洲尚格广场店,江西公司,长沙战区,湖南省区,株洲办,关店,专柜店,加盟,街铺,,,,,,,,,,1,是
C12669,株洲天元区青年街店,江西公司,长沙战区,湖南省区,株洲办,关店,专柜店,加盟,街铺,,,,,,,,,,1,是
C12670,桂东维夏路联达店,江西公司,长沙战区,湖南省区,株洲办,关店,专柜店,加盟,商超,,,,,,,,,,1,是
C12671,暂存门店,浙江公司,青岛战区,山东省区,青岛办,待开业,,加盟,,,,,,,,,,,1,否
C12672,上海浦东曹路招商花园城店,浙江公司,上海战区,上海省区,上海一办,关店,专卖店,加盟,综合体,20135554,513479522,,6016672160849,,886043521,7314919244741740544,3004365840064221452,,1,是
C12673,安徽全椒服务区南区,浙江公司,苏州战区,安徽办,安徽办,关店,专卖店,加盟,交通枢纽,,,,,,,,,,1,是
C12675,安徽全椒服务区北区,浙江公司,苏州战区,安徽办,安徽办,关店,专卖店,加盟,交通枢纽,,,,,,,,,,1,是
C12676,北京大兴机场店,陕西公司,北京战区,京津冀省区,北京办,正常营业,经销,加盟,高势能,,,,,,,,,,1,否
C12677,苏州石路天虹店,浙江公司,苏州战区,江苏省区,苏州办,关店,专卖店,加盟,综合体,20334181,1188009518,15968005.0,6016726305849,,1902021193,7324932768981321747,,,1,是
C12678,珠海唐家琪澳岛专卖店,广东公司,广州战区,广东省区,中珠办,关店,专柜店,加盟,交通枢纽,,,,,,,,,,1,是
C12679,直属贵阳小河长江路专卖店,重庆公司,贵阳战区,川渝省区,贵阳办,关店,专卖店,直营,街铺,20461403,,,6016772624849,,915097131,7330921819672676390,,,1,是
C12680,福州仓山区海通广场店,江西公司,福州战区,福建省区,福州办,关店,专卖店,加盟,街铺,,,,6016671732849,,510311044,,,,1,是
C12681,青岛市城阳青特万达家家悦店,浙江公司,青岛战区,山东省区,青岛办,关店,专卖店,加盟,综合体,20036735,1184720326,,6016716155849,,1436003171,7329798462839457807,,,1,是
C12682,直属地铁万科店,江西公司,南昌一战区,江西一区,南昌一办,关店,专卖店,直营,商超,13570513,2128127329,14311015.0,6017120474849,,741736941,7304120655341946892,3004348023688630325,,1,是
C12683,直属万达金街2店,江西公司,南昌一战区,江西一区,南昌一办,关店,专卖店,直营,综合体,15493992,507364510,,6016945213849,,1953486380,7304122097424992275,3004639619274023238,,1,未知
C12684,不使用,江西公司,南昌战区,江西一区,南昌一办,关店,,直营,,15493442,1116448740.0,,,,1316287989.0,7132649253655939102,,,1,是
C12685,直属梦时代广场店,江西公司,南昌一战区,江西一区,南昌二办,正常营业,专卖店,直营,综合体,6276372,172233235,14311018.0,6016945264849,,1902788819,7285924550397659136,4003102368269277039,2026030911077000000115154920|xiniu_xgc_bgc,1,是
C12686,直属西安西二环店,陕西公司,西安战区,陕西省区,西安办,关店,专卖店,直营,商超,20808074,522735144,,6016737028849,331719,1135208524,6699505068535842828,,,1,是
C12687,北海北站2店,广东公司,南宁战区,广西省区,南宁办,正常营业,专卖店,加盟,高势能,,,,,,,,,,1,是
C12688,北海合浦站店,广东公司,南宁战区,广西省区,南宁办,关店,专柜店,加盟,高势能,,,,,,,,,,1,是
C12689,桂林恭城站店,广东公司,南宁战区,广西省区,南宁办,关店,专柜店,加盟,高势能,,,,,,,,,,1,否
C12690,上饶医专专柜店,江西公司,抚州战区,江西二区,上饶办,关店,专柜店,加盟,特殊渠道,,,,,,,,,,1,是
C12691,西安邮电大学长安校区店,陕西公司,西安战区,陕西省区,西安办,关店,专卖店,加盟,特殊渠道,,,,,,,7302726857315584050,,,1,是
C12692,汕头嵩山南路专卖店,广东公司,东莞战区,广东省区,惠汕办,关店,专卖店,加盟,街铺,19908165,,,6016672702849,,1035571718,7306687270847776794,6724909338832872028,,1,是
C12693,柳州三江南站店,广东公司,南宁战区,广西省区,南宁办,关店,专柜店,加盟,高势能,,,,,,,,,,1,否
C12694,不使用,江西公司,九江战区,江西二区,九江办,关店,,加盟,,,,,,,,,,,1,是
C12695,九江都昌狮山店,江西公司,九江战区,江西二区,九江办,正常营业,专卖店,加盟,街铺,,,,6016944944849,,,7312741183536269349,,,1,是
C12696,光明玉律南海百货店,广东公司,深圳战区,广东省区,宝安办,正常营业,专卖店,加盟,街铺,3065456,157081739,16638099.0,6014334238849,210216,160375092,6601200829414246404,3002749666929513539,2026031611077000000115368545|xiniu_xgc_bgc,1,是
C12697,沈阳于洪广场鑫旺店,陕西公司,沈阳战区,辽吉省区,沈阳办,关店,专卖店,加盟,综合体,20110511,513534791,15905773.0,6016773624849,,1657174267,7185107609295259705,3002984568700248782,,1,是
C12699,长沙恒广国际景园店,江西公司,长沙战区,湖南省区,长沙办,关店,专卖店,加盟,街铺,20027654,1190029957,,6016689167849,,979674759,7307184558359709711,3004398075658511640,,1,是
C12700,鹰抚余江金怡华府店,江西公司,抚州战区,江西一区,鹰抚办,正常营业,专卖店,加盟,街铺,13207651,,,6016732346849,,814582896,7025853405612476424,,2025111911077000000113708615|xiniu_xgc_bgc,1,是
C12701,四川金堂服务区店,重庆公司,重庆战区,川渝省区,重庆办,关店,专卖店,加盟,交通枢纽,,,,,,,,,,1,是
C12702,沈阳和平中海店,陕西公司,沈阳战区,辽吉省区,沈阳办,关店,专卖店,加盟,综合体,20073085,1184672367,15905443.0,6016682675849,,1086564103,7312761709910607883,3004946780736365118,,1,是
C12703,四川眉州府食品有限公司,重庆公司,重庆战区,川渝省区,重庆办,关店,渠道店,加盟,特殊渠道,,,,,,,,,,1,否
C12705,遵义习水时代广场合力店,重庆公司,贵阳战区,云贵省区,遵义办,关店,专卖店,加盟,商超,20156520,cover_C12705_1197865840,,,,,,,,1,是
C12706,河南焦作高铁站店,陕西公司,郑州战区,河南省区,郑州办,关店,专卖店,加盟,高势能,,,,,,,,,,1,是
C12707,福州晋安区东泰禾见福店,江西公司,福州战区,福建省区,福州办,关店,专卖店,加盟,街铺,,,,,,,,,,1,是
C12708,上海青浦区新府中路店,浙江公司,上海战区,上海省区,上海一办,关店,专卖店,加盟,街铺,20086113,513712910,,6016682077849,,1041379339,7309724221171583010,3004397329459683844,,1,是
C12709,龙岗龙城阳光广场店,广东公司,深圳战区,广东省区,龙岗办,正常营业,专卖店,加盟,街铺,20195829,513976446,16638081.0,6016723919849,,1788519181,7317217302964635688,3004413286978589235,2025111911077000000113759111|xiniu_xgc_bgc,1,是
C12711,九江湖口新城菜场店,江西公司,九江战区,江西二区,九江办,正常营业,专卖店,加盟,街铺,20066075,,,6017142210849,,1917481896,7307528340691388416,,2025112011077000000113621824|xiniu_xgc_bgc,1,是
C12712,鹰抚鹰潭北站店,江西公司,抚州战区,江西一区,鹰抚办,关店,专柜店,加盟,高势能,,,,,,,,,,1,否
C12713,北京新宫地铁站店,陕西公司,北京战区,京津冀省区,北京办,关店,专卖店,加盟,交通枢纽,,,,,,,,,,1,是
C12715,天津融侨悦城店,陕西公司,北京战区,京津冀省区,天津办,关店,专卖店,加盟,商超,20155252,513935216,,6016776036849,,865241677,7320859007181948937,,,1,是
C12716,河南许昌金三角店,陕西公司,郑州战区,河南省区,郑州办,关店,专柜店,加盟,综合体,,,,,,,,,,1,是
C12717,河南许昌时代店,陕西公司,郑州战区,河南省区,郑州办,关店,专柜店,加盟,综合体,,,,,,,,,,1,是
C12718,河南许昌禹州店,陕西公司,郑州战区,河南省区,郑州办,关店,专柜店,加盟,综合体,,,,,,,,,,1,是
C12719,河南许昌金汇店,陕西公司,郑州战区,河南省区,郑州办,关店,专柜店,加盟,综合体,,,,,,,,,,1,是
C12720,河南许昌劳动店,陕西公司,郑州战区,河南省区,郑州办,关店,专柜店,加盟,商超,,,,,,,,,,1,是
C12721,河南许昌生活店,陕西公司,郑州战区,河南省区,郑州办,关店,专柜店,加盟,综合体,,,,,,,,,,1,是
C12722,河南许昌天使城店,陕西公司,郑州战区,河南省区,郑州办,关店,专柜店,加盟,综合体,,,,,,,,,,1,是
C12723,河南许昌北海店,陕西公司,郑州战区,河南省区,郑州办,关店,专柜店,加盟,综合体,,,,,,,,,,1,是
C12725,河南许昌人民店,陕西公司,郑州战区,河南省区,郑州办,关店,专柜店,加盟,商超,,,,,,,,,,1,是
C12726,河南许昌云鼎店,陕西公司,郑州战区,河南省区,郑州办,关店,专柜店,加盟,综合体,,,,,,,,,,1,是
C12727,不使用门店,广东公司,广州战区,广东省区,广佛办,待开业,,加盟,,,,,,,,,,,1,否
C12728,景德镇新德园旗舰店,江西公司,九江战区,江西二区,景德镇办,关店,专卖店,加盟,街铺,,,,,,,,,,1,是
C12729,景德镇新天地店,江西公司,九江战区,江西二区,景德镇办,暂停营业,专卖店,加盟,街铺,20121747,514040109,17390512.0,6016711416849,,1475529483,7314193136979281939,3004716618236929814,2025112011077000000113742651|xiniu_xgc_bgc,1,是
C12730,乾龙校园方便食品有限公司店,广东公司,广州战区,广东省区,广佛办,关店,渠道店,加盟,商超,,,,,,,,,,1,否
C12731,龙岗平湖兴兴富田专卖店,广东公司,深圳战区,广东省区,龙岗办,关店,专卖店,加盟,街铺,25985259,1196584547,,6016688858849,,923099956,7309757285025187850,3004483947809974306,,1,是
C12732,河南郑州牧业学院店,陕西公司,郑州战区,河南省区,郑州办,关店,专柜店,加盟,特殊渠道,,,,,,,,,,1,是
C12733,珠海九洲港码头二店,广东公司,广州战区,广东省区,中珠办,关店,专柜店,加盟,交通枢纽,,,,,,,,,,1,否
C12735,珠海九洲港码头一店,广东公司,广州战区,广东省区,中珠办,关店,专柜店,加盟,交通枢纽,,,,,,,,,,1,否
C12736,东营垦利区信誉楼店,浙江公司,青岛战区,山东省区,济南办,正常营业,经销,加盟,综合体,,,,,,,,,,1,是
C12737,直属长春万科东湾半岛店,陕西公司,沈阳战区,辽吉省区,长春办,关店,专卖店,直营,街铺,20131808,513598983,,6016671733849,,1042738872,7313751286921300018,3004430229569704523,,1,是
C12738,大连辽宁中医药大学校园渠道店,陕西公司,沈阳战区,辽吉省区,大连办,关店,渠道店,加盟,特殊渠道,,,,,,,,,,1,否
C12739,河南洛阳升龙城店,陕西公司,郑州战区,河南省区,郑州办,关店,专卖店,加盟,街铺,20203472,1184720160,,,,,7315243689012381722,,,1,是
C12740,福州福清市阳下溪头店,江西公司,福州战区,福建省区,福州办,正常营业,专卖店,加盟,街铺,529610816,529610816,15905473.0,6016945125849,,1897071294,,,2025112011077000000113632792|xiniu_xgc_bgc,1,是
C12741,长沙汇金天虹店,江西公司,长沙战区,湖南省区,长沙办,关店,专卖店,加盟,综合体,20296009,1184772110,,6016828793849,,1743094208,7325401906761697331,,,1,是
C12742,青岛市黄岛井冈山路店,浙江公司,青岛战区,山东省区,青岛办,关店,专卖店,加盟,街铺,20534182,,,6016714687849,,,7328748185000609819,,,1,是
C12743,玉林站美食汇专柜店,广东公司,南宁战区,广西省区,南宁办,关店,专柜店,加盟,高势能,,,,,,,,,,1,否
C12745,广州番禺大石万民城专卖店,广东公司,广州战区,广东省区,广佛办,关店,专柜店,加盟,商超,20241068,1188224529,14725190.0,6016744771849,,1201076664,7320920499772229668,3004481658055172652,2026031611077000000115263562|xiniu_xgc_bgc,1,是
C12746,广州天河龙洞直街专卖店,广东公司,广州战区,广东省区,广佛办,关店,专卖店,加盟,街铺,19986005,1183200937,,6016683236849,,1806266705,7310027540230309903,3004394170340517189,,1,是
C12748,陕西安康东服务区北区店,陕西公司,西安战区,陕西省区,陕西外阜办,关店,专卖店,加盟,交通枢纽,,,,,,,,,,1,是
C12749,陕西安康东服务区南区店,陕西公司,西安战区,陕西省区,陕西外阜办,关店,专卖店,加盟,交通枢纽,,,,,,,,,,1,是
C12750,辽宁朝阳高铁站店,陕西公司,沈阳战区,辽吉省区,沈阳办,正常营业,专卖店,加盟,高势能,,,,6016706771849,,,7312746857959000114,,,1,否
C12751,丰城直属煌盛龙光里店,江西公司,南昌二战区,江西一区,丰新办,关店,专卖店,直营,街铺,20128205,513900286,,,,,7314197713020291083,3004598273072337186,,1,是
C12752,合味原豫章名宴店,江西公司,南昌一战区,江西二区,南昌三办,正常营业,,加盟,,,,,,,,,,,1,否
C12753,合味原迎宾名宴店,江西公司,南昌一战区,江西二区,南昌三办,正常营业,团购账户（购销）,加盟,特殊渠道,,,,,,,,,,1,否
C12755,合味原盛世海港店,江西公司,南昌一战区,江西二区,南昌三办,正常营业,,加盟,,,,,,,,,,,1,否
C12756,宁夏滩羊宴,江西公司,南昌一战区,江西二区,南昌三办,正常营业,,加盟,,,,,,,,,,,1,否
C12757,合味原渔市酒楼（大渔市）,江西公司,南昌一战区,江西二区,南昌三办,关店,渠道店,加盟,,,,,,,,,,,1,否
C12758,合味原朝阳宴店,江西公司,南昌一战区,江西二区,南昌三办,正常营业,,加盟,,,,,,,,,,,1,否
C12759,株洲天元区栗雨香堤店,江西公司,长沙战区,湖南省区,长沙办,关店,专卖店,加盟,街铺,,,,,,,,,,1,是
C12760,温州龙港礼品城专卖店,浙江公司,杭州战区,福建省区,浙南办,关店,专卖店,加盟,街铺,,,,,,,,,,1,是
C12761,九江共青农业大学专柜,江西公司,九江战区,江西二区,九江办,关店,专柜店,加盟,特殊渠道,,,,,,,,,,1,是
C12762,上海浦东新区杨高南路UU美食汇店,浙江公司,上海战区,上海省区,上海一办,关店,专柜店,加盟,特殊渠道,,,,,,,,,,1,是
C12763,桂林恭城十字街店,广东公司,南宁战区,广西省区,南宁办,关店,专卖店,加盟,街铺,20229956,1187554638,,6016723246849,,717406063,7316839433280423999,,,1,是
C12765,海口观澜湖电影公社店,广东公司,海口战区,海南办,海南办,关店,渠道店,加盟,交通枢纽,,,,,,,,,,1,是
C12766,滨州滨城区万达广场店,浙江公司,青岛战区,山东省区,济南办,关店,专卖店,加盟,综合体,,,,,,,,,,1,否
C12767,泉州东海泰禾天街店,江西公司,厦门战区,福建省区,福州办,关店,专卖店,加盟,综合体,20433220,515150413,15967987.0,6016774408849,,191295968,6773543016977205256,3004345339178328596,2025112011077000000113711696|xiniu_xgc_bgc,1,是
C12768,直属杭州钱江世纪城地铁商业街店,浙江公司,杭州战区,浙江省区,杭州办,关店,专卖店,直营,交通枢纽,,,,,,,,,,1,否
C12769,江门鹤山司前服务区南区,广东公司,广州战区,广东省区,中珠办,关店,专柜店,加盟,交通枢纽,,,,,,,,,,1,是
C12770,江门鹤山司前服务区北区,广东公司,广州战区,广东省区,中珠办,关店,专柜店,加盟,交通枢纽,,,,,,,,,,1,是
C12771,江门开平梁金山服务区北区,广东公司,广州战区,广东省区,中珠办,关店,专柜店,加盟,交通枢纽,,,,,,,,,,1,是
C12772,汕尾陆河西服务区,广东公司,东莞战区,广东省区,惠汕办,关店,专柜店,加盟,交通枢纽,,,,,,,,,,1,是
C12773,汕尾陆河东服务区,广东公司,东莞战区,广东省区,惠汕办,关店,专柜店,加盟,交通枢纽,,,,,,,,,,1,是
C12775,汕尾莲花山南服务区,广东公司,东莞战区,广东省区,惠汕办,关店,专柜店,加盟,交通枢纽,,,,,,,,,,1,是
C12776,汕尾莲花山北服务区,广东公司,东莞战区,广东省区,惠汕办,关店,专柜店,加盟,交通枢纽,,,,,,,,,,1,是
C12777,山西忻州西站店,陕西公司,西安战区,山西办,山西办,关店,专卖店,加盟,高势能,,,,,,,,,,1,是
C12778,铜仁石阡白沙专柜店,重庆公司,贵阳战区,云贵省区,贵阳办,关店,专柜店,加盟,街铺,,,,,,,,,,1,是
C12779,重庆永辉沙坪坝店,重庆公司,重庆战区,川渝省区,重庆办,关店,专柜店,加盟,综合体,,,,,,,,,,1,是
C12780,青岛市城阳红岛站东店,浙江公司,青岛战区,山东省区,青岛办,关店,专柜店,加盟,高势能,,,,,,,,,,1,是
C12781,湛江廉江横山服务区西区,广东公司,广州战区,广东省区,中珠办,关店,专柜店,加盟,交通枢纽,,,,,,,,,,1,是
C12782,青岛市城阳红岛站西店,浙江公司,青岛战区,山东省区,青岛办,关店,专柜店,加盟,高势能,,,,,,,,,,1,是
C12783,湛江廉江横山服务区东区,广东公司,广州战区,广东省区,中珠办,关店,专柜店,加盟,交通枢纽,,,,,,,,,,1,是
C12785,湛江吴川浅水服务区北区,广东公司,广州战区,广东省区,中珠办,关店,专柜店,加盟,交通枢纽,,,,,,,,,,1,是
C12786,阳江阳西新墟服务区南区,广东公司,广州战区,广东省区,中珠办,关店,专柜店,加盟,交通枢纽,,,,,,,,,,1,是
C12787,湛江吴川浅水服务区南区,广东公司,广州战区,广东省区,中珠办,关店,专柜店,加盟,交通枢纽,,,,,,,,,,1,是
C12788,阳江阳西新墟服务区北区,广东公司,广州战区,广东省区,中珠办,关店,专柜店,加盟,交通枢纽,,,,,,,,,,1,是
C12789,湛江雷州服务区北区,广东公司,广州战区,广东省区,中珠办,关店,专柜店,加盟,交通枢纽,,,,,,,,,,1,是
C12790,汕头金灶南服务区,广东公司,东莞战区,广东省区,惠汕办,关店,专柜店,加盟,交通枢纽,,,,,,,,,,1,是
C12791,湛江遂西服务区东区,广东公司,广州战区,广东省区,中珠办,关店,专柜店,加盟,交通枢纽,,,,,,,,,,1,是
C12792,惠州平安西服务区,广东公司,东莞战区,广东省区,东莞办,关店,专柜店,加盟,交通枢纽,,,,,,,,,,1,是
C12793,湛江雷州服务区南区,广东公司,广州战区,广东省区,中珠办,关店,专柜店,加盟,交通枢纽,,,,,,,,,,1,是
C12795,惠州平安东服务区,广东公司,东莞战区,广东省区,东莞办,关店,专柜店,加盟,交通枢纽,,,,,,,,,,1,是
C12796,东莞谢岗东服务区,广东公司,东莞战区,广东省区,东莞办,关店,专柜店,加盟,交通枢纽,,,,,,,,,,1,是
C12797,湛江遂西服务区西区,广东公司,广州战区,广东省区,中珠办,关店,专柜店,加盟,交通枢纽,,,,,,,,,,1,是
C12798,东莞谢岗西服务区,广东公司,东莞战区,广东省区,东莞办,关店,专柜店,加盟,交通枢纽,,,,,,,,,,1,是
C12799,惠州龙门西服务区,广东公司,东莞战区,广东省区,东莞办,关店,专柜店,加盟,交通枢纽,,,,,,,,,,1,是
C12800,阳江阳西服务区北区,广东公司,广州战区,广东省区,中珠办,关店,专柜店,加盟,交通枢纽,,,,,,,,,,1,是
C12801,惠州龙门东服务区,广东公司,东莞战区,广东省区,东莞办,关店,专柜店,加盟,交通枢纽,,,,,,,,,,1,是
C12802,中山沙溪服务区西区,广东公司,广州战区,广东省区,中珠办,关店,专柜店,加盟,交通枢纽,,,,,,,,,,1,是
C12803,惠州石坝北服务区,广东公司,东莞战区,广东省区,东莞办,关店,专柜店,加盟,交通枢纽,,,,,,,,,,1,是
C12805,中山沙溪服务区东区,广东公司,广州战区,广东省区,中珠办,关店,专柜店,加盟,交通枢纽,,,,,,,,,,1,是
C12806,惠州石坝南服务区,广东公司,东莞战区,广东省区,东莞办,关店,专柜店,加盟,交通枢纽,,,,,,,,,,1,是
C12807,阳江阳西服务区南区,广东公司,广州战区,广东省区,中珠办,关店,专柜店,加盟,交通枢纽,,,,,,,,,,1,是
C12808,汕尾长沙湾1区服务区,广东公司,东莞战区,广东省区,东莞办,关店,专柜店,加盟,交通枢纽,,,,,,,,,,1,是
C12809,阳江阳春服务区北区,广东公司,广州战区,广东省区,中珠办,关店,专柜店,加盟,交通枢纽,,,,,,,,,,1,是
C12810,汕尾长沙湾2区服务区,广东公司,东莞战区,广东省区,东莞办,关店,专柜店,加盟,交通枢纽,,,,,,,,,,1,否
C12811,惠州多祝南服务区,广东公司,东莞战区,广东省区,东莞办,关店,专柜店,加盟,交通枢纽,,,,,,,,,,1,是
C12812,阳江阳春服务区南区,广东公司,广州战区,广东省区,中珠办,关店,专柜店,加盟,交通枢纽,,,,,,,,,,1,是
C12813,惠州多祝北服务区,广东公司,东莞战区,广东省区,东莞办,关店,专柜店,加盟,交通枢纽,,,,,,,,,,1,是
C12815,阳江服务区东区,广东公司,广州战区,广东省区,中珠办,关店,专柜店,加盟,交通枢纽,,,,,,,,,,1,是
C12816,揭阳坪上南服务区,广东公司,东莞战区,广东省区,惠汕办,关店,专柜店,加盟,交通枢纽,,,,,,,,,,1,是
C12817,江门开平梁金山服务区南区,广东公司,广州战区,广东省区,中珠办,关店,专柜店,加盟,交通枢纽,,,,,,,,,,1,是
C12818,揭阳坪上北服务区,广东公司,东莞战区,广东省区,惠汕办,关店,专柜店,加盟,交通枢纽,,,,,,,,,,1,是
C12819,佛山丹灶服务区北区专柜店,广东公司,广州战区,广东省区,广佛办,关店,专柜店,加盟,交通枢纽,,,,,,,,,,1,否
C12820,河源热水北服务区,广东公司,东莞战区,广东省区,惠汕办,关店,专柜店,加盟,交通枢纽,,,,,,,,,,1,是
C12821,肇庆高要蚬岗服务区南区专柜店,广东公司,广州战区,广东省区,广佛办,关店,专柜店,加盟,交通枢纽,,,,,,,,,,1,否
C12822,河源热水南服务区,广东公司,东莞战区,广东省区,惠汕办,关店,专柜店,加盟,交通枢纽,,,,,,,,,,1,是
C12823,肇庆高要蚬岗服务区北区专柜店,广东公司,广州战区,广东省区,广佛办,关店,专柜店,加盟,交通枢纽,,,,,,,,,,1,否
C12825,汕头金灶北服务区,广东公司,东莞战区,广东省区,惠汕办,关店,专柜店,加盟,交通枢纽,,,,,,,,,,1,是
C12826,湛江坡头官渡服务区北区,广东公司,广州战区,广东省区,中珠办,关店,专柜店,加盟,交通枢纽,,,,,,,,,,1,是
C12827,清远英德英红服务区东区专柜店,广东公司,广州战区,广东省区,广佛办,关店,专柜店,加盟,交通枢纽,,,,,,,,,,1,否
C12828,佛山丹灶服务区南区专柜店,广东公司,广州战区,广东省区,广佛办,关店,专柜店,加盟,交通枢纽,,,,,,,,,,1,否
C12829,广州花都花城服务区店,广东公司,广州战区,广东省区,广佛办,关店,专柜店,加盟,交通枢纽,,,,,,,,,,1,否
C12830,云浮新城服务区东区专柜店,广东公司,广州战区,广东省区,广佛办,关店,专柜店,加盟,交通枢纽,,,,,,,,,,1,否
C12831,茂名电白服务区北区,广东公司,广州战区,广东省区,中珠办,关店,专柜店,加盟,交通枢纽,,,,,,,,,,1,是
C12832,惠阳沙田服务区1区店,广东公司,东莞战区,广东省区,东莞办,关店,专柜店,加盟,交通枢纽,,,,,,,,,,1,否
C12833,阳江服务区西区,广东公司,广州战区,广东省区,中珠办,关店,专柜店,加盟,交通枢纽,,,,,,,,,,1,是
C12835, 惠阳沙田服务区2区店,广东公司,东莞战区,广东省区,东莞办,关店,专柜店,加盟,交通枢纽,,,,,,,,,,1,否
C12836,清远源潭服务区专柜店,广东公司,广州战区,广东省区,广佛办,关店,专柜店,加盟,交通枢纽,,,,,,,,,,1,否
C12837,佛山顺德服务区南区专柜店,广东公司,广州战区,广东省区,广佛办,关店,专柜店,加盟,交通枢纽,,,,,,,,,,1,否
C12838,云浮新城服务区西区专柜店,广东公司,广州战区,广东省区,广佛办,关店,专柜店,加盟,交通枢纽,,,,,,,,,,1,否
C12839,云浮罗定平塘服务区西区专柜店,广东公司,广州战区,广东省区,广佛办,关店,专柜店,加盟,交通枢纽,,,,,,,,,,1,否
C12840,佛山顺德服务区北区专柜店,广东公司,广州战区,广东省区,广佛办,关店,专柜店,加盟,交通枢纽,,,,,,,,,,1,否
C12841,云浮罗定附城服务区东区专柜店,广东公司,广州战区,广东省区,广佛办,关店,专柜店,加盟,交通枢纽,,,,,,,,,,1,否
C12842,韶关丹霞山服务区西区专柜店,广东公司,广州战区,广东省区,广佛办,关店,专柜店,加盟,交通枢纽,,,,,,,,,,1,否
C12843,云浮罗定平塘服务区东区专柜店,广东公司,广州战区,广东省区,广佛办,关店,专柜店,加盟,交通枢纽,,,,,,,,,,1,否
C12845,云浮罗定附城服务区西区专柜店,广东公司,广州战区,广东省区,广佛办,关店,专柜店,加盟,交通枢纽,,,,,,,,,,1,否
C12846,韶关丹霞山服务区东区专柜店,广东公司,广州战区,广东省区,广佛办,关店,专柜店,加盟,交通枢纽,,,,,,,,,,1,否
C12847,清远英德英红服务区西区专柜店,广东公司,广州战区,广东省区,广佛办,关店,专柜店,加盟,交通枢纽,,,,,,,,,,1,否
C12848,茂名电白服务区南区,广东公司,广州战区,广东省区,中珠办,关店,专柜店,加盟,交通枢纽,,,,,,,,,,1,是
C12849,湛江坡头官渡服务区南区,广东公司,广州战区,广东省区,中珠办,关店,专柜店,加盟,交通枢纽,,,,,,,,,,1,是
C12850,韶关乐昌服务区东区专柜店,广东公司,广州战区,广东省区,广佛办,关店,专柜店,加盟,交通枢纽,,,,,,,,,,1,否
C12851,韶关乐昌服务区西区专柜店,广东公司,广州战区,广东省区,广佛办,关店,专柜店,加盟,交通枢纽,,,,,,,,,,1,否
C12852,鹰抚上顿渡福万家超市,江西公司,抚州战区,江西一区,鹰抚办,关店,专柜店,加盟,商超,,,,,,,,,,1,是
C12853,青岛盒马一店,浙江公司,青岛战区,山东省区,青岛办,关店,专柜店,加盟,综合体,,,,,,,,,,1,否
C12855,直属福州世纪金源专卖店,江西公司,福州战区,福建省区,直营组,关店,专卖店,直营,街铺,,162957316.0,,6016773883849,224154.0,163482415.0,6601150319529314308,3002075688730600648,,1,
C12856,厦门海沧马銮湾专卖店,江西公司,厦门战区,福建省区,闽南办,关店,专卖店,加盟,街铺,20286197,1187789625,,6016737614849,,910959335,7322337838672906292,,,1,是
C12857,珠海斗门服务区南区,广东公司,广州战区,广东省区,中珠办,关店,专柜店,加盟,交通枢纽,,,,,,,,,,1,否
C12858,珠海斗门服务区北区,广东公司,广州战区,广东省区,中珠办,关店,专柜店,加盟,交通枢纽,,,,,,,,,,1,否
C12859,惠东吉隆服务区北区专卖店,广东公司,东莞战区,广东省区,惠汕办,关店,专柜店,加盟,交通枢纽,,,,,,,,,,1,否
C12860,惠东吉隆服务区南区专卖店,广东公司,东莞战区,广东省区,惠汕办,关店,专柜店,加盟,交通枢纽,,,,,,,,,,1,否
C12861,宁德宁川北街专卖店,江西公司,福州战区,福建省区,浙南办,关店,专卖店,加盟,街铺,,,,,,,,,,1,否
C12862,茂名高州潘州广场店,广东公司,广州战区,广东省区,中珠办,正常营业,专卖店,加盟,综合体,21005705,517030061,16130436.0,6016875687849,,769163255,7354997909575698472,,2025112011077000000113690781|xiniu_xgc_bgc,1,是
C12863,清远高岗服务区东区店,广东公司,广州战区,广东省区,广佛办,关店,专柜店,加盟,交通枢纽,,,,,,,,,,1,否
C12865,清远高岗服务区西区店,广东公司,广州战区,广东省区,广佛办,关店,专柜店,加盟,交通枢纽,,,,,,,,,,1,否
C12866,温州永丰超市专柜,浙江公司,杭州战区,福建省区,浙南办,关店,专柜店,加盟,综合体,,,,,,,,,,1,否
C12868,河源黄村东服务区,广东公司,东莞战区,广东省区,惠汕办,关店,专柜店,加盟,交通枢纽,,,,,,,,,,1,否
C12869,河源龙川南服务区,广东公司,东莞战区,广东省区,惠汕办,关店,专柜店,加盟,交通枢纽,,,,,,,,,,1,否
C12870,河源龙川北服务区,广东公司,东莞战区,广东省区,惠汕办,关店,专柜店,加盟,交通枢纽,,,,,,,,,,1,否
C12871,河源黄村西服务区,广东公司,东莞战区,广东省区,惠汕办,关店,专柜店,加盟,交通枢纽,,,,,,,,,,1,否
C12872,西安洪庆大旺城店,陕西公司,西安战区,陕西省区,陕西外阜办,关店,专柜店,加盟,商超,,,,,,,,,,1,是
C12873,重庆载业商贸有限公司,重庆公司,重庆战区,川渝省区,重庆办,关店,渠道店,加盟,特殊渠道,,,,,,,,,,1,否
C12875,惠州华侨城大道专卖店,广东公司,东莞战区,广东省区,东莞办,关店,专卖店,加盟,商超,4942833,501740704,16384075.0,6016876774849,269442,60131612,6601169686941927432,3002499644598919722,,1,是
C12876,贵阳息烽合力专卖店,重庆公司,贵阳战区,云贵省区,遵义办,关店,专卖店,加盟,商超,20271441,,,,,,,,,1,是
C12877,醴陵星茂悦店,江西公司,长沙战区,湖南省区,株洲办,关店,专卖店,加盟,商超,20517945,514068074,,6016830152849,,580566046,7327201071535753279,,,1,否
C12878,鹰抚余江磨仂洲第四小学店,江西公司,抚州战区,江西一区,鹰抚办,正常营业,专卖店,加盟,街铺,13202393,,17279854.0,6016731170849,,1666045251,7085896361803008014,3002728714791330757,2025111911077000000113752175|xiniu_xgc_bgc,1,是
C12879,九江庐山西海服务区店,江西公司,九江战区,江西二区,九江办,正常营业,专卖店,加盟,交通枢纽,,,,,,,,,,1,否
C12880,进贤服务区西区,江西公司,南昌二战区,江西二区,南昌四办,正常营业,专卖店,加盟,交通枢纽,,,,,,,,,,1,否
C12881,进贤服务区东区,江西公司,南昌二战区,江西二区,南昌四办,正常营业,专卖店,加盟,交通枢纽,,,,,,,,,,1,否
C12882,珠海南屏华发商都店,广东公司,广州战区,广东省区,中珠办,关店,专卖店,加盟,商超,20480473,,,6014224699849,,194348767,6708554924369709070,6724909444384490912,,1,是
C12883,新昌服务区北区,浙江公司,杭州战区,浙江省区,宁波办,关店,专卖店,加盟,交通枢纽,,,,,,,,,,1,是
C12885,新昌服务区南区店,浙江公司,杭州战区,浙江省区,宁波办,关店,专卖店,加盟,交通枢纽,,,,,,,,,,1,是
C12886,玉林博白锦绣广场店,广东公司,南宁战区,广西省区,南宁办,正常营业,专卖店,加盟,街铺,20465194,515046191,16638166.0,6016774792849,,1018894050,7327180770346043444,3004906906419864890,2026031611077000000115284577|xiniu_xgc_bgc,1,是
C12887,九江新桥头店,江西公司,九江战区,江西二区,九江办,关店,专卖店,加盟,街铺,25940921,1192193841,,6017137156849,,1175337825,7340139778106460194,3004707086005938501,,1,是
C12888,九江永修五星生活广场店,江西公司,九江战区,江西二区,九江办,正常营业,专卖店,加盟,街铺,21110410,,,6017186630849,,1427120661,7316786488635557897,,2025111911077000000113661664|xiniu_xgc_bgc,1,是
C12889,南昌东站店,江西公司,南昌一战区,江西一区,南昌二办,正常营业,专卖店,加盟,高势能,,,,,,,,,,1,否
C12890,广州白云站普旅食品专柜店,广东公司,广州战区,广东省区,广佛办,关店,专柜店,加盟,高势能,,,,,,,,,,1,否
C12891,湛江招商花园城专卖店,广东公司,广州战区,广东省区,中珠办,关店,专卖店,加盟,综合体,20216291,513897126,,6016736927849,,1174471342,7317893417248229426,3004483946813892905,,1,是
C12892,宜春汇金广场店,江西公司,宜春战区,江西二区,宜春办,正常营业,专卖店,加盟,街铺,,,,,,,,,,1,是
C12893,不使用,广东公司,广州战区,广东省区,中珠办,待开业,,加盟,,,,,,,,,,,1,否
C12895,广州白云站丰吉店,广东公司,广州战区,广东省区,广佛办,暂停营业,专卖店,加盟,高势能,,,,,,,,,,1,否
C12896,江苏扬州陈集服务区北区店,浙江公司,苏州战区,江苏省区,南京办,暂停营业,专卖店,加盟,交通枢纽,,,,,,,,,,1,是
C12897,江苏扬州陈集服务区南区店,浙江公司,苏州战区,江苏省区,南京办,暂停营业,专卖店,加盟,交通枢纽,,,,,,,,,,1,是
C12898,东莞东坑东兴中路店,广东公司,东莞战区,广东省区,东莞办,正常营业,专卖店,加盟,街铺,20583192,1193349681,16914080.0,6016824307849,,1275866346,7340538392578361353,3004477813474332952,2025112011077000000113651781|xiniu_xgc_bgc,1,是
C12899,防城港乐天步行街店,广东公司,南宁战区,广西省区,南宁办,正常营业,专卖店,加盟,街铺,,,,6016876206849,,,,,,1,是
C12900,广州火车站西广场专柜店,广东公司,广州战区,广东省区,广佛办,关店,专柜店,加盟,高势能,,,,,,,,,,1,否
C12901,广州火车站东广场专柜店,广东公司,广州战区,广东省区,广佛办,关店,专柜店,加盟,高势能,,,,,,,,,,1,否
C12902,贵阳南明花果园地铁店,重庆公司,贵阳战区,云贵省区,遵义办,关店,专卖店,加盟,街铺,20780704,516965806,,6016846569849,,1755949952,7347528544526567458,,,1,是
C12903,西安哈克商贸有限公司渠道团购店,陕西公司,西安战区,陕西省区,陕西外阜办,关店,渠道店,加盟,特殊渠道,,,,,,,,,,1,否
C12905,西安临潼全都MORE店,陕西公司,西安战区,陕西省区,陕西外阜办,关店,专卖店,加盟,综合体,593458,161623441,,6016776015849,,,,,,1,是
C12906,光明区公明上村店,广东公司,深圳战区,广东省区,龙岗办,正常营业,专卖店,加盟,街铺,20549835,1189831381,,6016842748849,,1465227952,6601181412898899976,,2025112011077000000113748418|xiniu_xgc_bgc,1,是
C12907,赣州中民阳光城专柜店,江西公司,赣州战区,江西一区,赣州办,关店,专柜店,加盟,商超,,,,,,,,,,1,是
C12908,中山南朗凯盈店,广东公司,广州战区,广东省区,中珠办,正常营业,专卖店,加盟,街铺,20216013,513936890,16130616.0,6016732344849,,571198853,7327547477068892214,3004483946988448317,2025111911077000000113684695|xiniu_xgc_bgc,1,是
C12909,新化通程广场店,江西公司,长沙战区,湖南省区,株洲办,关店,专卖店,加盟,街铺,20557410,515076167,16189117.0,6016829493849,,713906489,7340173276364982308,3004628044680175924,2025111911077000000113688624|xiniu_xgc_bgc,1,是
C12910,广州白云站普旅食品专柜2店,广东公司,广州战区,广东省区,广佛办,关店,专柜店,加盟,高势能,,,,,,,,,,1,否
C12911,上海711渠道,浙江公司,上海战区,上海省区,上海一办,关店,渠道店,加盟,特殊渠道,,,,,,,,,,1,否
C12912,杭州东站东广场全家驿站店,浙江公司,杭州战区,浙江省区,宁波办,关店,专柜店,加盟,高势能,,,,,,,,,,1,否
C12913,四川邻水恒源店,重庆公司,重庆战区,川渝省区,重庆办,关店,专卖店,加盟,街铺,20330650,,,6016773928849,,,7322752690441455666,,,1,是
C12915,梅州五华奥园广场专卖店,广东公司,东莞战区,广东省区,东莞办,关店,专卖店,加盟,商超,20281704,,17390511.0,6014295623849,,1418506526,6863498458167363595,3002008265930383735,,1,是
C12916,广州白云站一里商贸店,广东公司,广州战区,广东省区,广佛办,正常营业,专卖店,加盟,高势能,,,,,,,,,,1,否
C12917,龙岩新罗西山店,江西公司,厦门战区,福建省区,闽南办,关店,专卖店,加盟,街铺,20254566,1188349511,,6016754249849,,863600448,7320558613615872036,,,1,是
C12918,清远佛冈服务区北区店,广东公司,广州战区,广东省区,广佛办,关店,专柜店,加盟,交通枢纽,,,,,,,,,,1,否
C12919,清远佛冈服务区南区店,广东公司,广州战区,广东省区,广佛办,关店,专柜店,加盟,交通枢纽,,,,,,,,,,1,否
C12920,火车站东广场店,江西公司,南昌一战区,江西二区,南昌三办,正常营业,专卖店,加盟,高势能,,,,,,502054667,7319454901543634963,,2025112011077000000113622816|xiniu_xgc_bgc,1,是
C12921,杭州统一商超渠道,浙江公司,杭州战区,浙江省区,宁波办,关店,渠道店,加盟,特殊渠道,,,,,,,,,,1,否
C12922,宁波金沙码头奥莱公园店,浙江公司,杭州战区,浙江省区,杭州办,关店,专卖店,加盟,交通枢纽,,,,,,,,,,1,否
C12923,直属合肥国购专柜店,浙江公司,苏州战区,安徽办,安徽办,关店,专柜店,直营,综合体,,,,,,,,,,1,是
C12925,福建南平市邵武财富广场店,江西公司,福州战区,福建省区,闽北办,关店,专卖店,加盟,综合体,20297432,,,,,,,,,1,是
C12926,北京云和市集专柜店,陕西公司,北京战区,京津冀省区,北京办,关店,专柜店,加盟,街铺,,,,,,,,,,1,是
C12927,济南历下区万达广场店,浙江公司,青岛战区,山东省区,济南办,正常营业,专卖店,加盟,综合体,8519091,2032453170,,6016776326849,,1500080311,6834328159639308302,3003145655946519661,,1,是
C12928,上海松江沪尚家得利超市专柜,浙江公司,上海战区,上海省区,上海一办,关店,渠道店,加盟,商超,,,,,,,,,,1,是
C12929,株洲天元区山水印象店,江西公司,长沙战区,湖南省区,长沙办,关店,渠道店,加盟,街铺,,,,,,,,,,1,否
C12930,岳阳高铁东站店,江西公司,长沙战区,湖南省区,长沙办,关店,专卖店,加盟,高势能,,,,,,,,,,1,否
C12932,北海铁山服务区1店,广东公司,南宁战区,广西省区,南宁办,关店,专卖店,加盟,交通枢纽,,,,,,,,,,1,是
C12933,北海铁山服务区2店,广东公司,南宁战区,广西省区,南宁办,关店,专卖店,加盟,交通枢纽,,,,,,,,,,1,是
C12935,龙华福城桔坑店,广东公司,深圳战区,广东省区,宝安办,正常营业,专卖店,加盟,街铺,23904650,520145018,17210592.0,6016844035849,,637308704,7342464873999108123,,2025111911077000000113669659|xiniu_xgc_bgc,1,是
C12936,新化星悦茂店,江西公司,长沙战区,湖南省区,株洲办,关店,专卖店,加盟,商超,13807540,2124794991,16638045.0,6016829845849,601022,,7045474034087921672,3003046788418543927,,1,是
C12937,河南洛阳水连寨店,陕西公司,郑州战区,河南省区,郑州办,关店,专卖店,加盟,街铺,,,,,,,,,,1,否
C12938,福州台江白马南路店,江西公司,福州战区,福建省区,福州办,关店,专卖店,加盟,街铺,20445520,514955071,,6016774101849,,1117922068,7325640216125900811,,,1,是
C12939,抚南崇仁万象华润店,江西公司,抚州战区,江西一区,鹰抚办,关店,专卖店,加盟,街铺,,,,6016946748849,,,7362371585312819226,,,1,是
C12940,鹰抚东乡珀玕乡店,江西公司,抚州战区,江西一区,鹰抚办,正常营业,专卖店,加盟,街铺,,,,6016782278849,,,,,,1,是
C12941,九江修水三都黎明菜场店,江西公司,九江战区,江西二区,九江办,正常营业,专卖店,加盟,街铺,20794041,,,6017185132849,,,7338077926350391307,,,1,是
C12942,上饶弋阳丰园仓储折扣超市专柜,江西公司,抚州战区,江西二区,上饶办,关店,专柜店,加盟,商超,,,,,,,,,,1,是
C12943,鹰抚抚州五峰路多乐购超市,江西公司,抚州战区,江西一区,鹰抚办,关店,专柜店,加盟,商超,,,,,,,,,,1,是
C12945,百年渔场,浙江公司,杭州战区,浙江省区,杭州办,正常营业,经销,加盟,高势能,,,,,,,,,,1,否
C12946,河南濮阳高铁店,陕西公司,郑州战区,河南省区,河南外阜办,关店,专柜店,加盟,高势能,,,,,,,,,,1,否
C12947,河南周口高铁店,陕西公司,郑州战区,河南省区,河南外阜办,关店,专柜店,加盟,高势能,,,,,,,,,,1,否
C12948,河北保定站店,陕西公司,北京战区,京津冀省区,北京办,关店,专柜店,加盟,高势能,,,,,,,,,,1,是
C12949,宝安松岗潭头店,广东公司,深圳战区,广东省区,宝安办,正常营业,专卖店,加盟,街铺,20594550,514946327,15678870.0,6016843820849,,711792993,7349116365225068581,6724909319763265177,,1,是
C12950,漳州碧湖万达店,江西公司,厦门战区,福建省区,闽南办,关店,专卖店,加盟,综合体,509189612,509189612,,6016946621849,,,,,,1,是
C12951,大连火车站一店,陕西公司,沈阳战区,辽吉省区,大连办,关店,专柜店,加盟,高势能,,,,,,,,,,1,否
C12952,太原战区乐鲜装地推账户,陕西公司,西安战区,山西办,山西办,关店,渠道店,加盟,特殊渠道,,,,,,,,,,1,否
C12953,重庆知花知果店,重庆公司,重庆战区,川渝省区,重庆办,关店,渠道店,加盟,特殊渠道,,,,,,,,,,1,否
C12955,河南郑州多乐囤渠道2店,陕西公司,郑州战区,河南省区,郑州办,关店,渠道店,加盟,街铺,,,,,,,,,,1,否
C12956,上海重固盒马煌上煌店,浙江公司,上海战区,上海省区,上海一办,关店,专卖店,加盟,街铺,,,,,,967887702,,,,1,是
C12957,重庆王壹张品牌管理有限公司,重庆公司,重庆战区,川渝省区,重庆办,关店,渠道店,加盟,综合体,,,,,,,,,,1,否
C12958,福州淑乐贸易有限公司渠道店,江西公司,福州战区,福建省区,福州办,关店,渠道店,加盟,特殊渠道,,,,,,,,,,1,否
C12959,合家福渠道店,浙江公司,苏州战区,安徽办,安徽办,关店,渠道店,加盟,特殊渠道,,,,,,,,,,1,否
C12960,福州海峡副食品批发香华食品渠道店,江西公司,福州战区,福建省区,福州办,关店,渠道店,加盟,特殊渠道,,,,,,,,,,1,否
C12961,宜春喜悦店,江西公司,宜春战区,江西二区,宜春办,关店,渠道店,加盟,特殊渠道,,,,,,,,,,1,否
C12962,四川南部锦利王府店,重庆公司,重庆战区,川渝省区,重庆办,关店,专柜店,加盟,商超,,,,,,,,,,1,否
C12963,腾大餐饮杭州萧山开元广场店,浙江公司,杭州战区,浙江省区,金衢办,关店,专柜店,加盟,商超,,,,,,,,,,1,否
C12964,不使用,江西公司,吉安战区,江西一区,丰新办,关店,,加盟,,,,,,,,,,,1,是
C12965,丰城日佳铜业店,江西公司,南昌二战区,江西一区,丰新办,关店,渠道店,加盟,特殊渠道,,,,,,,,,,1,否
C12966,直属贵阳南明火车站专卖店,重庆公司,贵阳战区,云贵省区,贵阳办,关店,专卖店,直营,高势能,20400378,,,6016781883849,,,7221386060964562977,,,1,否
C12967,株洲天元区苏宁广场专柜店,江西公司,长沙战区,湖南省区,株洲办,关店,渠道店,加盟,街铺,,,,,,,,,,1,否
C12968,山西晋城东站店,陕西公司,西安战区,山西办,山西办,关店,专柜店,加盟,高势能,,,,,,,,,,1,否
C12969,南宁吴圩机场专柜店,广东公司,南宁战区,广西省区,南宁办,关店,专卖店,加盟,高势能,,,,,,,,,,1,否
C12970,南宁淡村农贸市场店,广东公司,南宁战区,广西省区,南宁办,正常营业,专卖店,加盟,街铺,20466964,515137101,16384045.0,6016775809849,,1496632564,7325021059997370378,,2025111911077000000113657697|xiniu_xgc_bgc,1,是
C12971,东莞虎门高铁三店专卖店,广东公司,东莞战区,广东省区,东莞办,正常营业,专卖店,加盟,高势能,,,,,,,,,,1,否
C12972,青岛市市南银座盒马店,浙江公司,青岛战区,山东省区,青岛办,关店,专柜店,加盟,商超,,,,,,,,,,1,否
C12973,普陀区延川路乐家生活超市渠道,浙江公司,上海战区,上海省区,上海一办,关店,渠道店,加盟,街铺,,,,,,,,,,1,否
C12975,福州红嘴娃食品渠道店,江西公司,福州战区,福建省区,福州办,关店,渠道店,加盟,特殊渠道,,,,,,,,,,1,否
C12976,赣州瑞金友文食品渠道店,江西公司,赣州战区,江西一区,赣州办,关店,渠道店,加盟,特殊渠道,,,,,,,,,,1,否
C12977,宜春富佳香章店,江西公司,宜春战区,江西二区,宜春办,关店,渠道店,加盟,特殊渠道,,,,,,,,,,1,否
C12978,吉安国光生鲜渠道店,江西公司,赣州战区,江西一区,吉安办,关店,渠道店,加盟,商超,,,,,,,,,,1,否
C12979,济南市中区玉函银座,浙江公司,青岛战区,山东省区,济南办,正常营业,专卖店,加盟,综合体,,,,,,,,,,1,否
C12980,济南历城中铁逸都银座,浙江公司,青岛战区,山东省区,济南办,关店,专柜店,加盟,综合体,,,,,,,,,,1,否
C12981,宁德市林厝服务区一店,江西公司,福州战区,福建省区,浙南办,关店,专柜店,加盟,交通枢纽,,,,,,,,,,1,是
C12982,宁德市林厝服务区二店,江西公司,福州战区,福建省区,浙南办,关店,专柜店,加盟,交通枢纽,,,,,,,,,,1,是
C12983,宁德五华山服务区一店,江西公司,福州战区,福建省区,浙南办,关店,专柜店,加盟,交通枢纽,,,,,,,,,,1,是
C12985,福州福清中联天玺美宜佳店,江西公司,福州战区,福建省区,福州办,关店,专柜店,加盟,街铺,,,,,,,,,,1,是
C12986,安徽合家福金源店,浙江公司,苏州战区,安徽办,安徽办,关店,专柜店,加盟,综合体,,,,,,,,,,1,是
C12987,安徽合家福肥西店,浙江公司,苏州战区,安徽办,安徽办,关店,专柜店,加盟,商超,,,,,,,,,,1,是
C12988,安徽高新合家福店,浙江公司,苏州战区,安徽办,安徽办,关店,专卖店,加盟,综合体,,,,,,,,,,1,是
C12989,安徽合家福长江路店,浙江公司,苏州战区,安徽办,安徽办,关店,专卖店,加盟,综合体,,,,,,,,,,1,是
C12990,安徽合家福漫乐城,浙江公司,苏州战区,安徽办,安徽办,关店,专卖店,加盟,综合体,,,,,,,,,,1,是
C12991,泰安宁阳凌云名仕店,浙江公司,青岛战区,山东省区,济南办,关店,专柜店,加盟,商超,,,,,,,,,,1,否
C12992,泰安宁阳凌云锦绣店,浙江公司,青岛战区,山东省区,济南办,关店,专柜店,加盟,商超,,,,,,,,,,1,否
C12993,泰安宁阳凌云大厦店,浙江公司,青岛战区,山东省区,济南办,关店,专柜店,加盟,综合体,,,,,,,,,,1,否
C12995,泰安宁阳凌云金阳店,浙江公司,青岛战区,山东省区,济南办,关店,专柜店,加盟,商超,,,,,,,,,,1,否
C12996,河南洛阳长城花苑店,陕西公司,郑州战区,河南省区,郑州办,关店,专卖店,加盟,街铺,20390736,514651020,,,,1852127837,7323422060103878682,,,1,否
C12997,赣州龙岭万福达超市专柜店,江西公司,赣州战区,江西一区,赣州办,关店,渠道店,加盟,特殊渠道,,,,,,,,,,1,否
C12998,泰安宁阳凌云渠道店,浙江公司,青岛战区,山东省区,济南办,关店,渠道店,加盟,特殊渠道,,,,,,,,,,1,否
C12999,赣州5号百户超市店,江西公司,赣州战区,江西一区,赣州办,关店,渠道店,加盟,特殊渠道,,,,,,,,,,1,否
C13000,抚州万达广场店,江西公司,抚州战区,江西一区,鹰抚办,关店,渠道店,加盟,特殊渠道,,,,,,,,,,1,否
C13001,吉安永新监狱渠道店,江西公司,赣州战区,江西一区,吉安办,关店,渠道店,加盟,特殊渠道,,,,,,,,,,1,否
C13002,西安元谷茂大旺城渠道团购店,陕西公司,西安战区,陕西省区,陕西外阜办,关店,渠道店,加盟,特殊渠道,,,,,,,,,,1,是
C13003,陕西大旺城商贸有限责任公司西安洪庆分公司渠道团购店,陕西公司,西安战区,陕西省区,陕西外阜办,关店,渠道店,加盟,特殊渠道,,,,,,,,,,1,是
C13005,西安莲湖区大旺城购物中心渠道团购店,陕西公司,西安战区,陕西省区,陕西外阜办,关店,渠道店,加盟,特殊渠道,,,,,,,,,,1,是
C13006,北京KTV渠道,陕西公司,北京战区,京津冀省区,北京办,关店,渠道店,加盟,特殊渠道,,,,,,,,,,1,否
C13007,北京酒吧渠道,陕西公司,北京战区,京津冀省区,北京办,关店,渠道店,加盟,特殊渠道,,,,,,,,,,1,否
C13008,北京餐饮渠道,陕西公司,北京战区,京津冀省区,北京办,关店,渠道店,加盟,特殊渠道,,,,,,,,,,1,否
C13009,沈阳华府渠道店,陕西公司,沈阳战区,辽吉省区,沈阳办,关店,渠道店,加盟,特殊渠道,,,,,,,,,,1,否
C13010,海口新海港专卖店,广东公司,海口战区,海南办,海南办,关店,渠道店,加盟,交通枢纽,,,,,,,,,,1,否
C13011,桂林西站专柜1店,广东公司,南宁战区,广西省区,南宁办,关店,专柜店,加盟,高势能,,,,,,,,,,1,否
C13012,江苏省苏州新区龙惠店,浙江公司,苏州战区,江苏省区,南京办,关店,专卖店,加盟,商超,,,,,,,,,,1,否
C13013,江西省赣人之家食品有限公司,江西公司,南昌一战区,江西一区,南昌一办,关店,渠道店,加盟,商超,,,,,,,,,,1,否
C13015,新洪大赣人之家食品商行,江西公司,南昌一战区,江西一区,南昌一办,关店,渠道店,加盟,商超,,,,,,,,,,1,否
C13016,东湖区赣人之家特产店,江西公司,南昌一战区,江西一区,南昌一办,关店,渠道店,加盟,商超,,,,,,,,,,1,否
C13018,不使用,江西公司,福州战区,福建省区,福州办,正常营业,,加盟,,,,,,,,,,,1,否
C13019,龙竹路安东花园店,江西公司,南昌一战区,江西一区,南昌二办,正常营业,专卖店,加盟,街铺,20543514,515001072,16189134.0,6017146359849,,1712837773,7338033484969019403,3004629065919015432,2025111911077000000113620703|xiniu_xgc_bgc,1,是
C13020,福州动车南渠道店,江西公司,福州战区,福建省区,福州办,关店,渠道店,加盟,高势能,,,,,,,,,,1,否
C13021,宁波江北万达店,浙江公司,杭州战区,浙江省区,杭州办,关店,专卖店,加盟,综合体,20422281,1189835049,,6016753166849,,1686514436,7329382793312471074,,,1,否
C13022,福州宁化支路店,江西公司,福州战区,福建省区,福州办,关店,专卖店,加盟,街铺,1190051850,1190051850,,,,1365081559,,,,1,是
C13023,中山简致生活渠道店,广东公司,广州战区,广东省区,中珠办,关店,渠道店,加盟,商超,,,,,,,,,,1,否
C13025, 辽宁本溪市商业大厦店,陕西公司,沈阳战区,辽吉省区,沈阳办,关店,专卖店,加盟,商超,,,,,,,,,,1,否
C13026,福田梅林华茂苑专卖店,广东公司,深圳战区,广东省区,龙岗办,关店,专卖店,加盟,街铺,,,,,,,,,,1,否
C13027,张家界国际机场T1专柜店,江西公司,长沙战区,湖南省区,长沙办,关店,专柜店,加盟,高势能,,,,,,,,,,1,否
C13028,张家界国际机场T1专柜2店,江西公司,长沙战区,湖南省区,长沙办,关店,专柜店,加盟,高势能,,,,,,,,,,1,否
C13029,张家界国际机场T2专卖店,江西公司,长沙战区,湖南省区,长沙办,关店,专卖店,加盟,高势能,,,,,,,,,,1,否
C13030,直属重庆荣昌东邦店,重庆公司,重庆战区,川渝省区,重庆办,关店,专卖店,直营,综合体,cover_C13030_20315086,cover_C13030_502039679,,6015014628849,,cover_C13030_1605844178,cover_C13030_6941190137422284836,,,1,是
C13031,直属重庆荣昌金科店,重庆公司,重庆战区,川渝省区,重庆办,关店,专卖店,直营,综合体,,,,,,,,,,1,是
C13032,吉安银湾桥服务区北区店,江西公司,赣州战区,江西一区,吉安办,正常营业,专卖店,加盟,交通枢纽,,,,,,,,,,1,否
C13033,吉安银湾桥服务区南区店,江西公司,赣州战区,江西一区,吉安办,正常营业,专卖店,加盟,交通枢纽,,,,,,,,,,1,否
C13035,天津泰达荟店,陕西公司,北京战区,京津冀省区,天津办,关店,专卖店,加盟,综合体,,,,6016946011849,,,,,,1,是
C13036,青岛北站一店,浙江公司,青岛战区,山东省区,青岛办,关店,专柜店,加盟,高势能,,,,,,,,,,1,否
C13037,珠海拱北迎宾广场专卖店,广东公司,广州战区,广东省区,中珠办,关店,专卖店,加盟,街铺,20782060,1196894636,,6016875584849,,669220886,7354668570360186889,,,1,是
C13038,泰安宁阳新天地购物中心店,浙江公司,青岛战区,山东省区,济南办,关店,专卖店,加盟,综合体,,,,,,,,,,1,
C13039,惠州良井南服务区店,广东公司,东莞战区,广东省区,东莞办,正常营业,专卖店,加盟,交通枢纽,,,,,,,,,,1,是
C13040,惠州良井北服务区店,广东公司,东莞战区,广东省区,东莞办,正常营业,专卖店,加盟,交通枢纽,,,,,,,,,,1,是
C13041,深圳坪山高铁候车室店,广东公司,深圳战区,广东省区,龙岗办,正常营业,专卖店,加盟,高势能,,,,,,,,,,1,
C13042,陕西延安宜川南大街店,陕西公司,西安战区,陕西省区,陕西外阜办,关店,专卖店,加盟,街铺,20517190,1189871285,,,,,7327555602966644799,,,1,是
C13045,河南新乡尚泉广场店,陕西公司,郑州战区,河南省区,郑州办,关店,专柜店,加盟,综合体,,,,,,,,,,1,是
C13046,东莞市东城粤享吃贸易商行,广东公司,东莞战区,广东省区,东莞办,关店,渠道店,加盟,特殊渠道,,,,,,,,,,1,
C13047,宜春裕丰购物广场雷桥店,江西公司,宜春战区,江西二区,宜春办,关店,专卖店,加盟,街铺,,,,,,,,,,1,是
C13048,九江共青天湖郦都店,江西公司,九江战区,江西二区,九江办,正常营业,专卖店,加盟,街铺,,,,6017185739849,,,7338109167330134070,,,1,是
C13049,株洲天元区汇金中心专柜店,江西公司,长沙战区,湖南省区,株洲办,关店,专柜店,加盟,街铺,,,,,,,,,,1,是
C13050,沈阳北站一店,陕西公司,沈阳战区,辽吉省区,沈阳办,关店,专卖店,加盟,高势能,,,,,,,,,,1,
C13051,沈阳北站二店,陕西公司,沈阳战区,辽吉省区,沈阳办,关店,专卖店,加盟,高势能,,,,,,,,,,1,
C13052,菏泽市牡丹区中铭曹州府店,浙江公司,青岛战区,山东省区,济南办,关店,专柜店,加盟,街铺,20668768,515554215,,6016915006849,,,7346057599705417737,,,1,是
C13053,九江德安龙立清华店,江西公司,九江战区,江西二区,九江办,关店,专卖店,加盟,街铺,,,,,,,,,,1,是
C13055,广州增城新安服务区南区专卖店,广东公司,广州战区,广东省区,广佛办,关店,专卖店,加盟,交通枢纽,,,,,,,,,,1,
C13056,广州增城新安服务区北区专卖店,广东公司,广州战区,广东省区,广佛办,关店,专卖店,加盟,交通枢纽,,,,,,,,,,1,
C13057,海口美兰机场奥莱店,广东公司,海口战区,海南办,海南办,关店,专卖店,加盟,高势能,,,,,,,,,,1,
C13058,福州鼓山沃尔玛店,江西公司,福州战区,福建省区,福州办,关店,专卖店,加盟,商超,,,,,,41180060,,,,1,是
C13059,北京王府井大街店,陕西公司,北京战区,京津冀省区,北京办,关店,专卖店,加盟,街铺,21104156,1198095298,,,,1060300108,7364697174582265891,,,1,是
C13060,抚南黎川服务区北专柜店,江西公司,抚州战区,江西一区,鹰抚办,关店,专柜店,加盟,交通枢纽,,,,,,,,,,1,
C13061,抚南黎川服务区南1店,江西公司,抚州战区,江西一区,鹰抚办,正常营业,专卖店,加盟,交通枢纽,,,,,,,,,,1,
C13062,湖州德清沃尔玛,浙江公司,杭州战区,浙江省区,杭州办,关店,专卖店,加盟,商超,21675962,514940862,,6016754248849,,1009237574,7329380764906260499,,,1,是
C13065,直属上海虹桥高铁站出发层店,浙江公司,上海战区,上海省区,上海一办,关店,专卖店,直营,高势能,,,,,,,,,,1,
C13066,珠海横琴口岸专卖店,广东公司,广州战区,广东省区,中珠办,关店,专卖店,加盟,综合体,21231495,1204199722,16384118.0,6016877443849,,906757310,7360984213216200739,,2025111911077000000113731585|xiniu_xgc_bgc,1,是
C13067,艾溪湖农贸市场店,江西公司,南昌一战区,江西一区,南昌二办,正常营业,专卖店,加盟,街铺,20599676,515385220,16189387.0,6016966107849,,1681270233,7343533678741424162,3004660020659333650,2025112011077000000113698853|xiniu_xgc_bgc,1,是
C13068,红谷滩电子大厦店,江西公司,南昌一战区,江西一区,南昌一办,正常营业,专卖店,加盟,街铺,12850678,2062082165,14292468.0,6015118263849,325942,163408654,7081938068327893028,6724909544105671932,2026030911077000000115107925|xiniu_xgc_bgc,1,是
C13069,抚州硕丰天成店,江西公司,抚州战区,江西一区,鹰抚办,正常营业,专卖店,加盟,街铺,27900251,505686963,16638032.0,6016943948849,,1677445191,7342487723757799434,,2025112011077000000113625753|xiniu_xgc_bgc,1,是
C13070,中山誉天下小榄大信专卖店,广东公司,广州战区,广东省区,中珠办,关店,专卖店,加盟,综合体,20565266,502494510,,6016824305849,,1055909875,6895113589749712910,3004722064963539992,,1,是
C13071,宁德福安服务区一店,江西公司,福州战区,福建省区,福州办,关店,专柜店,加盟,交通枢纽,,,,,,,,,,1,是
C13072,宁德鸳鸯溪服务区一店,江西公司,福州战区,福建省区,闽北办,关店,专柜店,加盟,交通枢纽,,,,,,,,,,1,是
C13073,鸳鸯溪服务区二店,江西公司,福州战区,福建省区,闽北办,关店,专柜店,加盟,交通枢纽,,,,,,,,,,1,是
C13075,宁德福安服务区二店,江西公司,福州战区,福建省区,闽北办,关店,专柜店,加盟,交通枢纽,,,,,,,,,,1,是
C13076,宁德周宁服务区二店,江西公司,福州战区,福建省区,闽北办,关店,专柜店,加盟,交通枢纽,,,,,,,,,,1,是
C13077,宁德周宁服务区一店,江西公司,福州战区,福建省区,闽北办,关店,专柜店,加盟,交通枢纽,,,,,,,,,,1,是
C13078,贵州新寨服务西区专柜店,重庆公司,贵阳战区,云贵省区,贵阳办,关店,专柜店,加盟,交通枢纽,,,,,,,,,,1,
C13079,贵州新寨服务东区专柜店,重庆公司,贵阳战区,云贵省区,贵阳办,关店,专柜店,加盟,交通枢纽,,,,,,,,,,1,
C13080,贵州团结服务东区专柜店,重庆公司,贵阳战区,云贵省区,贵阳办,关店,专柜店,加盟,交通枢纽,,,,,,,,,,1,
C13081,贵州团结服务西区专柜店,重庆公司,贵阳战区,云贵省区,贵阳办,关店,专柜店,加盟,交通枢纽,,,,,,,,,,1,
C13082,贵州天星桥服务北区专柜店,重庆公司,贵阳战区,云贵省区,贵阳办,关店,专柜店,加盟,交通枢纽,,,,,,,,,,1,
C13083,贵州天星桥服务南区专柜店,重庆公司,贵阳战区,云贵省区,贵阳办,关店,专柜店,加盟,交通枢纽,,,,,,,,,,1,
C13085,上饶婺源高铁1店,江西公司,抚州战区,江西二区,景德镇办,正常营业,专卖店,加盟,高势能,,,,,,,,,,1,
C13086,福田南园沙埔头专卖店,广东公司,深圳战区,广东省区,龙岗办,关店,专卖店,加盟,街铺,20584955,515146216,,6016824134849,,1046953686,6868439724827084812,,,1,是
C13087,东狮山服务区二店,江西公司,福州战区,福建省区,闽北办,关店,专柜店,加盟,交通枢纽,,,,,,,,,,1,是
C13088,东狮山服务区一店,江西公司,福州战区,福建省区,闽北办,关店,专柜店,加盟,交通枢纽,,,,,,,,,,1,是
C13089,虎屿岛服务区一店,江西公司,福州战区,福建省区,闽北办,关店,专柜店,加盟,交通枢纽,,,,,,,,,,1,是
C13090,虎屿岛服务区二店,江西公司,福州战区,福建省区,闽北办,关店,专柜店,加盟,交通枢纽,,,,,,,,,,1,是
C13091,临水宫服务区二店,江西公司,福州战区,福建省区,闽北办,关店,专柜店,加盟,交通枢纽,,,,,,,,,,1,是
C13092,临水宫服务区一店,江西公司,福州战区,福建省区,闽北办,关店,专柜店,加盟,交通枢纽,,,,,,,,,,1,是
C13093,温州人民东路店,浙江公司,杭州战区,福建省区,浙南办,关店,专卖店,加盟,街铺,21007632,1172355282,,6016774432849,,1415663044,7278516519707871284,,,1,是
C13095,西安大旺城商贸渠道店,陕西公司,西安战区,陕西省区,西安办,关店,渠道店,加盟,特殊渠道,,,,,,,,,,1,
C13096,烟台市招远一店,浙江公司,青岛战区,山东省区,青岛办,关店,专柜店,加盟,商超,,,,,,,,,,1,是
C13097,烟台市招远二店,浙江公司,青岛战区,山东省区,青岛办,关店,专柜店,加盟,综合体,,,,,,,,,,1,是
C13098,济南历城区华盛路生活广场,浙江公司,青岛战区,山东省区,济南办,关店,专柜店,加盟,综合体,,,,,,,,,,1,是
C13099,福州林浦广场福建高速店,江西公司,福州战区,福建省区,福州办,关店,专柜店,加盟,交通枢纽,,,,,,,,,,1,是
C13100,福州大往服务区二店,江西公司,福州战区,福建省区,福州办,关店,专柜店,加盟,交通枢纽,,,,,,,,,,1,是
C13101,福州大往服务区一店,江西公司,福州战区,福建省区,福州办,关店,专柜店,加盟,交通枢纽,,,,,,,,,,1,是
C13102,宁德霞浦火车站一店,江西公司,福州战区,福建省区,闽北办,正常营业,专卖店,加盟,高势能,,,,,,,,,,1,
C13103,景德镇新德园旗舰店（辰译优）,江西公司,九江战区,江西二区,景德镇办,正常营业,专卖店,加盟,街铺,20516817,514846098,17390535.0,6016857926849,,1170156491,7139856793362794537,3004716618376258863,,1,是
C13105,高安伍桥店,江西公司,南昌二战区,江西二区,宜春办,正常营业,专卖店,加盟,街铺,,,,6017111525849,,1926967713,6873099409496983552,3003001024695018077,2025112011077000000113684779|xiniu_xgc_bgc,1,是
C13106,西安共享办公渠道店,陕西公司,西安战区,陕西省区,西安办,关店,渠道店,加盟,特殊渠道,,,,,,,,,,1,
C13107,宜春润达百货店铺,江西公司,宜春战区,江西二区,宜春办,正常营业,专卖店,加盟,街铺,20543447,,,,,,7362038148123887650,,,1,是
C13108,吉安遂川鹏泰超市渠道店,江西公司,赣州战区,江西一区,吉安办,关店,渠道店,加盟,商超,,,,,,,,,,1,
C13109,呼市特通渠道,陕西公司,北京战区,京津冀省区,北京办,关店,渠道店,加盟,特殊渠道,,,,,,,,,,1,
C13110,赣州乐尔乐食品渠道店,江西公司,赣州战区,江西一区,赣州办,关店,渠道店,加盟,特殊渠道,,,,,,,,,,1,
C13111,抚南青泥,江西公司,抚州战区,江西一区,鹰抚办,关店,渠道店,加盟,特殊渠道,,,,,,,,,,1,
C13112,江苏省常熟琴湖大润发店,浙江公司,苏州战区,江苏省区,南京办,关店,专卖店,加盟,商超,20774299,514941892,,6016839445849,,cover_C13112_1280071950,7347569176128522274,,,1,是
C13113,宜春金色家园店铺,江西公司,宜春战区,江西二区,宜春办,关店,渠道店,加盟,特殊渠道,,,,,,,,,,1,
C13115,陕西延安西服务区东区渠道店,陕西公司,西安战区,陕西省区,陕西外阜办,关店,渠道店,加盟,交通枢纽,,,,,,,,,,1,
C13116,陕西延安西服务区西区渠道店,陕西公司,西安战区,陕西省区,陕西外阜办,关店,渠道店,加盟,交通枢纽,,,,,,,,,,1,
C13117,龙岗坂田五和南路店,广东公司,深圳战区,广东省区,龙岗办,正常营业,专卖店,加盟,街铺,280339,361331,14520836.0,6016843620849,179445,6417747,7361339618957985842,4003080266226738422,,1,是
C13118,吉安安福安平店,江西公司,宜春战区,江西一区,吉安办,关店,渠道店,加盟,特殊渠道,,,,,,,,,,1,
C13119,杭州萧山机场T4出发五芳斋店,浙江公司,杭州战区,浙江省区,杭州办,关店,专柜店,加盟,高势能,,,,,,,,,,1,
C13120,东莞塘厦花园街专卖店,广东公司,东莞战区,广东省区,东莞办,关店,专卖店,加盟,综合体,20850758,1198419514,,6016840752849,,,7266856215748020236,,,1,是
C13121,厦门思明祥和广场店,江西公司,厦门战区,福建省区,闽南办,关店,专卖店,加盟,街铺,23932070,1197939522,,6016861319849,,660606501,7346819790708705314,,,1,是
C13122,佛山南海桂城万达广场店,广东公司,广州战区,广东省区,广佛办,正常营业,专卖店,加盟,综合体,613547,672580,14725182.0,6016874881849,,41788733,6601180391229360131,,2026031611077000000115373509|xiniu_xgc_bgc,1,是
C13123,重庆南岸区茶园长生桥店,重庆公司,重庆战区,川渝省区,重庆办,关店,专柜店,加盟,街铺,,,,,,,,,,1,是
C13125,江苏省常州舜山小镇店,浙江公司,苏州战区,江苏省区,南京办,关店,专卖店,加盟,交通枢纽,,,,,,,,,,1,
C13126,厦门思明镇邦路专柜,江西公司,厦门战区,福建省区,闽南办,关店,专柜店,加盟,街铺,20842017,1197989527,,,,,,,,1,是
C13127,珠海香洲景莲街专卖店,广东公司,广州战区,广东省区,中珠办,关店,专卖店,加盟,街铺,20850691,1189926846,,6016839935849,,654931844,7343495750304991269,,2025111911077000000113648688|xiniu_xgc_bgc,1,是
C13128,惠州万达二店专卖店,广东公司,东莞战区,广东省区,东莞办,关店,专卖店,加盟,综合体,21718395,1201787252,,6016946200849,,1720407788,7313435039399446591,,,1,是
C13129,福州长乐服务区A区店,江西公司,福州战区,福建省区,福州办,关店,专柜店,加盟,交通枢纽,,,,,,,,,,1,是
C13130,福州长乐服务区B区店,江西公司,福州战区,福建省区,福州办,关店,专柜店,加盟,交通枢纽,,,,,,,,,,1,是
C13131,新余一水天城店,江西公司,宜春战区,江西一区,丰新办,暂停营业,专卖店,加盟,街铺,21081977,,15968031.0,6016874859849,,578536798,7351249640638908416,3004739173685731682,2025111911077000000113696643|xiniu_xgc_bgc,1,是
C13132,九江长虹大道专柜店,江西公司,九江战区,江西二区,九江办,关店,专柜店,加盟,街铺,,,,,,,,,,1,是
C13133,苏州曼哈顿吉麦隆店,浙江公司,苏州战区,江苏省区,南京办,待开业,,加盟,,,,,,,,,,,1,
C13135,上海战区浦东川沙现代广场店,浙江公司,上海战区,上海省区,上海一办,关店,专卖店,加盟,综合体,22555489,517127237,,6016904581849,,1335175135,7371631885077710911,,,1,是
C13136,济南西客站渠道店,浙江公司,青岛战区,山东省区,济南办,关店,渠道店,加盟,特殊渠道,,,,,,,,,,1,
C13137,上海市嘉定西店,浙江公司,上海战区,上海省区,上海一办,关店,专卖店,加盟,交通枢纽,,,,,,,,,,1,
C13138,平湖永兴国际商业街区融合店,浙江公司,杭州战区,浙江省区,杭州办,关店,专卖店,加盟,综合体,,,,,,,,,,1,是
C13139,招远渠道店,浙江公司,青岛战区,山东省区,青岛办,关店,渠道店,加盟,特殊渠道,,,,,,,,,,1,
C13140,河南郑州蓓蓓便利渠道店,陕西公司,郑州战区,河南省区,郑州办,关店,渠道店,加盟,街铺,,,,,,,,,,1,
C13141,红谷滩区铜锣湾店,江西公司,南昌一战区,江西一区,南昌一办,暂停营业,专卖店,加盟,商超,14481871,503419237,,6015131814849,317991,1338802881,6986471963162052616,3002804947866592224,2026030411077000000115146720|xiniu_xgc_bgc,1,是
C13142,三亚南田专卖店,广东公司,海口战区,海南办,海南办,关店,专卖店,加盟,街铺,20913482,516580058,,6016877083849,,1413429095,7351308092644001855,,,1,是
C13143,越秀星汇悦城店,浙江公司,杭州战区,浙江省区,宁波办,关店,专卖店,加盟,街铺,21558412,1199354663,,6016849393849,,1478121983,7350924434850449449,,,1,是
C13145,大连金石滩嘉润超市店,陕西公司,沈阳战区,辽吉省区,大连办,关店,专卖店,加盟,街铺,21377081,517107037,,6016941973849,,626351102,7363518284206966824,,,1,未知
C13146,铜仁印江凯旋城步行街店,重庆公司,贵阳战区,云贵省区,贵阳办,关店,专卖店,加盟,街铺,20964545,,,6016924174849,,,7368759153856923675,,,1,是
C13147,长沙雨花区运达店,江西公司,长沙战区,湖南省区,长沙办,关店,专卖店,加盟,综合体,,,,,,,,,,1,是
C13148,慈利县笔架东路店,江西公司,长沙战区,湖南省区,长沙办,关店,专柜店,加盟,街铺,20888544,514962142,15905528.0,6016867042849,,1279720108,7353563961961007155,,2026030911077000000115218933|xiniu_xgc_bgc,1,是
C13149,江西鲜达康企业管理有限公司,江西公司,南昌一战区,江西一区,南昌一办,关店,渠道店,加盟,特殊渠道,,,,,,,,,,1,
C13150,昌东千禧同业店,江西公司,南昌一战区,江西一区,南昌二办,正常营业,专卖店,加盟,街铺,,,,6016944663849,,980404469,6710407389713057803,,2025112011077000000113637938|xiniu_xgc_bgc,1,是
C13151,南昌南站候车室煌上煌店,江西公司,南昌一战区,江西二区,南昌四办,正常营业,专卖店,加盟,高势能,,,,,,,,,,1,是
C13152,河南新乡德隆万家店,陕西公司,郑州战区,河南省区,郑州办,关店,专柜店,加盟,商超,,,,,,,,,,1,是
C13153,宁乡天虹二店,江西公司,长沙战区,湖南省区,长沙办,暂停营业,专卖店,加盟,街铺,21370361,518165293,15861055.0,6016879338849,,812130900,7360895350548203583,3004759166416921127,2026030911077000000115193965|xiniu_xgc_bgc,1,是
C13155,四平万达2店,陕西公司,沈阳战区,辽吉省区,长春办,关店,专卖店,加盟,综合体,23811956,1211227007,17092249.0,6016965112849,,1745576463,6860251621603936263,3005024669249214993,,1,是
C13156,安徽奥园广场店,浙江公司,苏州战区,安徽办,安徽办,关店,专卖店,加盟,综合体,21434654,,,,,856402425,7368706332789639203,,,1,是
C13157,衢州服务区北区店,浙江公司,杭州战区,浙江省区,金衢办,正常营业,专卖店,加盟,交通枢纽,,,,,,,,,,1,是
C13158,衢州服务区南区店,浙江公司,杭州战区,浙江省区,金衢办,正常营业,专卖店,加盟,交通枢纽,,,,,,,,,,1,是
C13159,珠海香洲融德广场专卖店,广东公司,广州战区,广东省区,中珠办,关店,专卖店,加盟,综合体,,,,,,,,,,1,
C13160,泉州德化瓷海路店,江西公司,厦门战区,福建省区,福州办,关店,专柜店,加盟,街铺,,,,,,,,,,1,是
C13161,大鹏南澳桔钓沙专柜店,广东公司,深圳战区,广东省区,龙岗办,关店,专柜店,加盟,交通枢纽,,,,,,,,,,1,
C13162,泉州洛江区马甲店,江西公司,厦门战区,福建省区,福州办,关店,专卖店,加盟,街铺,20878676,516185353,15905461.0,6016857925849,,1924525063,7351604756059523091,3004767617447238482,2025111911077000000113630712|xiniu_xgc_bgc,1,是
C13163,红谷滩区尚江便利店,江西公司,南昌一战区,江西一区,南昌一办,关店,渠道店,加盟,特殊渠道,,,,,,,,,,1,
C13165,东莞信立农批晶宇店,广东公司,东莞战区,广东省区,东莞办,关店,渠道店,加盟,街铺,,,,,,,,,,1,
C13166,耒阳白沙购物广场店,江西公司,长沙战区,湖南省区,长沙办,关店,专卖店,加盟,街铺,20994300,1201539593,,6016866276849,,743163627,7354568887255435279,3004730657373819918,,1,是
C13167,直属昆明环城南路店,重庆公司,贵阳战区,云贵省区,昆明办,关店,专卖店,直营,街铺,11027565,520675575,17552631.0,6015021911849,600562,1923711009,6900301996054546447,6724909544095505523,,1,是
C13168,沈阳皇姑万象汇融合店,陕西公司,沈阳战区,辽吉省区,沈阳办,关店,专卖店,加盟,综合体,21092434,517095273,15968184.0,6016945049849,,1004382997,7357912589780650018,,2025111911077000000113617749|xiniu_xgc_bgc,1,是
C13169,西安大雁塔乐游东路店,陕西公司,西安战区,陕西省区,西安办,关店,专卖店,加盟,街铺,30982998,517797339,21641135.0,6016945172849,,1814219642,7372423488990087178,3006431777496834363,2026031311077000000115250426|xiniu_xgc_bgc,1,是
C13170,湖州长兴大润发店,浙江公司,杭州战区,浙江省区,杭州办,关店,专卖店,加盟,商超,21235350,1199244043,,6016849894849,,1935113253,7349442246237751336,,,1,是
C13171,塔湾比优特店,陕西公司,沈阳战区,辽吉省区,沈阳办,关店,专卖店,加盟,综合体,21049321,517095157,,6016942357849,,831298166,7356790177445972022,3004747285240325913,,1,是
C13172,贵州兴仁佳惠超市店,重庆公司,贵阳战区,云贵省区,贵阳办,关店,专卖店,加盟,商超,21150848,,,6016924239849,,,7369920303533426714,,,1,是
C13173,长沙洞井路店,江西公司,长沙战区,湖南省区,长沙办,关店,渠道店,加盟,街铺,20939500,515137145,,,,,,,,1,是
C13175,直属上海长宁中山公园龙之梦店,浙江公司,上海战区,上海省区,上海一办,正常营业,专卖店,直营,综合体,21304252,518180173,15173275.0,6016879392849,,949832569,7361998992828041250,3004860526402408500,2025111911077000000113751155|xiniu_xgc_bgc,1,是
C13176,鹰潭农博城店,江西公司,抚州战区,江西一区,鹰抚办,关店,专柜店,加盟,街铺,,,,,,,,,,1,是
C13177,龙华大浪商业中心店,广东公司,深圳战区,广东省区,宝安办,正常营业,专卖店,加盟,街铺,21183925,517890057,14876891.0,6016877084849,,1110087936,6601172327793166344,2161858727160069534,,1,是
C13178,沈阳浑南奥体万达店,陕西公司,沈阳战区,辽吉省区,沈阳办,关店,专卖店,加盟,综合体,21191674,517145523,15967936.0,6016943241849,,667207149,7147524575805474855,3002527194195203491,,1,是
C13179,佛山南海金色领域店,广东公司,广州战区,广东省区,广佛办,正常营业,专卖店,加盟,街铺,21195454,1198085195,14725180.0,6016943069849,,995106481,7361621370372884492,,2025112011077000000113639777|xiniu_xgc_bgc,1,是
C13180,广州美田江南市场店,广东公司,广州战区,广东省区,广佛办,关店,渠道店,加盟,特殊渠道,,,,,,,,,,1,
C13181,九江港口店,江西公司,九江战区,江西二区,九江办,正常营业,专卖店,加盟,街铺,,,,6017185945849,,,,,,1,是
C13182,四川泸州市泸县商业二街店,重庆公司,重庆战区,川渝省区,重庆办,关店,专卖店,加盟,街铺,21027234,,,6016868062849,,1765436325,7356798877275539491,,,1,是
C13183,九江财经职业学院店,江西公司,九江战区,江西二区,九江办,关店,专卖店,加盟,街铺,,,,,,,,,,1,
C13185,沙拉食刻工厂店,广东公司,东莞战区,广东省区,东莞办,关店,渠道店,加盟,特殊渠道,,,,,,,,,,1,
C13186,厦门ioi超市专柜,江西公司,厦门战区,福建省区,闽南办,关店,专柜店,加盟,商超,,,,,,,,,,1,是
C13187,大连星海广场店,陕西公司,沈阳战区,辽吉省区,大连办,关店,专柜店,加盟,交通枢纽,,,,,,,,,,1,
C13188,厦门海沧泰禾首玺店,江西公司,厦门战区,福建省区,闽南办,关店,专卖店,加盟,街铺,,,,,,,,,,1,
C13189,安徽正大广场店,浙江公司,苏州战区,安徽办,安徽办,关店,专卖店,加盟,综合体,21101364,1197895657,,6016878102849,,995130049,7357915347887851561,,,1,是
C13190,上饶蓝山国际店,江西公司,抚州战区,江西二区,上饶办,关店,专卖店,加盟,街铺,,,,6016947337849,,,,,,1,是
C13191,抚南腾桥镇1店,江西公司,抚州战区,江西一区,鹰抚办,正常营业,专卖店,加盟,街铺,,,,6016950759849,,1527450923,6601140104008304648,,2025112011077000000113652768|xiniu_xgc_bgc,1,是
C13192,绍兴上虞万达店,浙江公司,杭州战区,浙江省区,杭州办,关店,专卖店,加盟,综合体,21216995,1197905886,,6016879259849,,1795113785,7361270552218044454,,,1,是
C13193,安徽国购广场店,浙江公司,苏州战区,安徽办,安徽办,关店,专卖店,加盟,综合体,21494343,516931703,15905424.0,6016916040849,,692463358,7369797675526391818,,,1,是
C13195,长沙才子嘉都店,江西公司,长沙战区,湖南省区,长沙办,关店,专卖店,加盟,街铺,,,,,,,,,,1,是
C13196,鹰抚贵溪冶炼厂生活区店,江西公司,抚州战区,江西一区,鹰抚办,关店,专卖店,加盟,街铺,,,,6016950758849,,,,,,1,是
C13197,湖州吴兴万达广场店,浙江公司,杭州战区,浙江省区,杭州办,关店,专卖店,加盟,综合体,21467518,517710360,,6016904661849,,1925720871,7365712149970159625,,,1,是
C13198,宜春人民医院便利店,江西公司,宜春战区,江西二区,宜春办,关店,专柜店,加盟,街铺,21285242,516990714,,,,,7367229320110016549,,,1,是
C13199,吉安新干商贸街店,江西公司,宜春战区,江西一区,吉安办,暂停营业,专卖店,加盟,街铺,22074510,517172190,,6016944477849,,885798987,7356912626347837440,,2025112011077000000113652764|xiniu_xgc_bgc,1,是
C13200,直属西安新兴广场盒马鲜生店,陕西公司,西安战区,陕西省区,西安办,关店,专卖店,直营,商超,,,,,,,,,,1,是
C13201,宝安西乡共乐智慧城专卖店,广东公司,深圳战区,广东省区,宝安办,关店,专柜店,加盟,街铺,17763778,509964606,,6016877808849,,1636453532,7359822320245934120,,,1,是
C13202,直属西安凤城七路珑印台盒马鲜生店,陕西公司,西安战区,陕西省区,西安办,正常营业,专卖店,直营,商超,,,,,,,,,,1,是
C13203,呼和浩特赛罕区师大店,陕西公司,北京战区,京津冀省区,北京办,正常营业,专卖店,加盟,特殊渠道,23747053,1205017112,,6017091996849,,548432817,7390250079765923859,3005143774003631160,2025112011077000000113686764|xiniu_xgc_bgc,1,是
C13205,佛山三水广场专卖店,广东公司,广州战区,广东省区,广佛办,关店,专卖店,加盟,街铺,21072344,1197885468,,6016923448849,,1895424916,7356425754260801586,,,1,是
C13206,宝安西乡黄麻布专卖店,广东公司,深圳战区,广东省区,宝安办,关店,专卖店,加盟,街铺,21225711,517060557,,6016901124849,,1187070866,7361371193636554789,,,1,是
C13207,长春欧亚王府井店,陕西公司,沈阳战区,辽吉省区,长春办,正常营业,专卖店,加盟,综合体,21600439,1210339756,16019946.0,6016945212849,,1622245775,6934442403935815695,6724909544090127268,2026031311077000000115300328|xiniu_xgc_bgc,1,是
C13208,宜春站前路店,江西公司,宜春战区,江西二区,宜春办,正常营业,专卖店,加盟,街铺,,,,,,,,,,1,是
C13209,济南腊山渠道店,浙江公司,青岛战区,山东省区,济南办,关店,渠道店,加盟,特殊渠道,,,,,,,,,,1,
C13210,温州大学渠道店,浙江公司,杭州战区,福建省区,福州办,关店,渠道店,加盟,特殊渠道,,,,,,,,,,1,
C13211,吉安万安服务区店,江西公司,赣州战区,江西一区,吉安办,正常营业,专卖店,加盟,交通枢纽,,,,,,,,,,1,是
C13212,沈阳万科明天广场融合店,陕西公司,沈阳战区,辽吉省区,沈阳办,关店,专卖店,加盟,街铺,21271942,1198076107,,6016944738849,,1414479083,7405940369713530915,,,1,是
C13213,沈阳沈北吾悦广场融合店,陕西公司,沈阳战区,辽吉省区,沈阳办,关店,专卖店,加盟,综合体,17898237,517050139,,6016945171849,,,,,,1,是
C13215,沧州市区朝阳店,陕西公司,北京战区,京津冀省区,天津办,关店,渠道店,加盟,特殊渠道,,,,,,,,,,1,
C13216,福州长乐服务区A区店,江西公司,福州战区,福建省区,福州办,正常营业,专卖店,加盟,交通枢纽,,,,,,,,,,1,是
C13217,福州长乐服务区B区店,江西公司,福州战区,福建省区,福州办,正常营业,专卖店,加盟,交通枢纽,,,,,,,,,,1,是
C13218,罗湖口岸商业城专卖店,广东公司,深圳战区,广东省区,龙岗办,关店,专卖店,加盟,综合体,21403775,516996017,,6016909401849,,1483288169,6895551865430214663,,,1,是
C13219,贵阳观山湖金阳红街店,重庆公司,贵阳战区,云贵省区,贵阳办,正常营业,专卖店,加盟,街铺,21238235,522938942,16638126.0,6016924949849,,1119739240,7355684810196518927,3005630346530296861,2026031311077000000115319397|xiniu_xgc_bgc,1,是
C13220,九江柴桑区好又多超市店,江西公司,九江战区,江西二区,九江办,正常营业,专卖店,加盟,商超,21584478,1198029929,,6016943243849,,1750386293,7350872957410871306,3004725882885346397,2025112011077000000113729684|xiniu_xgc_bgc,1,是
C13221,上饶市嘉盛瑞商业贸易有限公司（嘉百乐万力店),江西公司,抚州战区,江西二区,上饶办,正常营业,经销,加盟,特殊渠道,,,,,,,,,,1,
C13222,北海市福成机场专柜店,广东公司,南宁战区,广西省区,南宁办,关店,专柜店,加盟,高势能,,,,,,,,,,1,
C13223,上海梅陇店,浙江公司,上海战区,上海省区,上海一办,正常营业,经销,加盟,特殊渠道,,,,,,,,,,1,
C13224,不使用,江西公司,九江战区,江西二区,九江办,关店,,加盟,,,,,,,,,,,1,
C13225,九江德安联盛快乐城,江西公司,九江战区,江西二区,九江办,正常营业,专卖店,加盟,综合体,15462308,1101824846,,6017186221849,,1789716625,7098991400829585445,3003228155284918637,2025112011077000000113732702|xiniu_xgc_bgc,1,是
C13226,景德镇乐平涌山镇店,江西公司,抚州战区,江西二区,景德镇办,关店,专卖店,加盟,街铺,,,,6016942641849,,,7356102832405907492,,,1,是
C13227,韶关南雄步行街专卖店,广东公司,广州战区,广东省区,广佛办,关店,专卖店,加盟,街铺,21301912,1198086241,16638029.0,6016910481849,,1406051705,7357895536755607589,,,1,是
C13228,杭州河坊街店,浙江公司,杭州战区,浙江省区,杭州办,关店,专卖店,加盟,交通枢纽,20920106,1197839790,,6016857942849,,1791543861,7353457891937880076,,,1,未知
C13229,济南阳光新路渠道店,浙江公司,青岛战区,山东省区,济南办,关店,渠道店,加盟,特殊渠道,,,,,,,,,,1,
C13230,青岛地铁渠道店,浙江公司,青岛战区,山东省区,青岛办,关店,渠道店,加盟,交通枢纽,,,,,,,,,,1,
C13231,八大山人万科润园店,江西公司,南昌一战区,江西二区,南昌四办,正常营业,专卖店,加盟,交通枢纽,,,,,,1960053914,7356427982153451532,3004781612163928667,,1,
C13232,泰安东平百货大楼渠道店,浙江公司,青岛战区,山东省区,济南办,关店,渠道店,加盟,特殊渠道,,,,,,,,,,1,
C13233,贵阳南明花果园S区专柜店,重庆公司,贵阳战区,云贵省区,贵阳办,关店,专柜店,加盟,街铺,21238238,,,,,,,,,1,是
C13235,玉林银丰广场店,广东公司,南宁战区,广西省区,南宁办,关店,专卖店,加盟,商超,22228895,,,6016945087849,,,,,,1,是
C13236,西安工程大学临潼校区店,陕西公司,西安战区,陕西省区,西安办,关店,专卖店,加盟,特殊渠道,,,,,,,,,,1,
C13237,鞍山爱家店,陕西公司,沈阳战区,辽吉省区,大连办,关店,专柜店,加盟,街铺,,,,,,,,,,1,
C13238,厦门翔安明发半岛链网店,江西公司,厦门战区,福建省区,闽南办,关店,专卖店,加盟,街铺,,,,,,,,,,1,
C13239,福州世纪金源店,江西公司,福州战区,福建省区,福州办,关店,专卖店,加盟,综合体,24269529,162957316,,6016940733849,224154,163482415,6601150319529314308,3002075688730600648,,1,是
C13240,大连富民广场店,陕西公司,沈阳战区,辽吉省区,大连办,关店,专卖店,加盟,街铺,21376468,517977076,,6016941581849,,1575920325,7361660562633132086,3004764606489891844,,1,是
C13241,佛山乐从东区市场店,广东公司,广州战区,广东省区,广佛办,正常营业,专卖店,加盟,街铺,21263855,517772247,14725188.0,6016908676849,,927755039,7359808392971421715,,2025112011077000000113657790|xiniu_xgc_bgc,1,是
C13243,杭州钱江路地铁站店,浙江公司,杭州战区,浙江省区,杭州办,关店,专卖店,加盟,交通枢纽,21260771,517695382,,6016906162849,,1672329661,7365710725261559827,,,1,是
C13245,宁德福安火车站店,江西公司,福州战区,福建省区,闽北办,正常营业,专卖店,加盟,高势能,,,,,,,,,,1,
C13246,新余长虹店,江西公司,宜春战区,江西一区,丰新办,正常营业,专卖店,加盟,街铺,21360623,518280199,16256706.0,6016909080849,,1384422789,7358016541675227199,,2025111911077000000113626679|xiniu_xgc_bgc,1,是
C13247,新余状元府店,江西公司,宜春战区,江西一区,丰新办,正常营业,专卖店,加盟,街铺,21361986,1203604786,16256720.0,6016910089849,,1735341466,7357218836171229184,,2025111911077000000113618697|xiniu_xgc_bgc,1,是
C13248,佛山里水永润广场店,广东公司,广州战区,广东省区,广佛办,关店,专卖店,加盟,街铺,21422381,,,6016941584849,,620203927,6633967631701379079,6724909277068645733,,1,是
C13249,杭州金沙印象城店,浙江公司,杭州战区,浙江省区,杭州办,关店,专卖店,加盟,综合体,21159320,1197945882,,6016878545849,,583081289,7361271314079811621,,,1,是
C13250,鞍山越岭路店,陕西公司,沈阳战区,辽吉省区,大连办,关店,专卖店,加盟,街铺,21114474,,,6016943153849,,,7357584448776308748,,,1,是
C13251,福州青口美宜佳龙湖店,江西公司,福州战区,福建省区,福州办,关店,专柜店,加盟,街铺,,,,,,,,,,1,
C13253,嘉兴巴黎都市融合店,浙江公司,杭州战区,浙江省区,杭州办,关店,专卖店,加盟,街铺,21548551,517127096,,,,,,,,1,是
C13255,上海战区松江鹿都店,浙江公司,上海战区,上海省区,上海一办,关店,专卖店,加盟,商超,,,,,,,,,,1,
C13256,宁德五华山服务区二店,江西公司,福州战区,福建省区,浙南办,关店,专柜店,加盟,交通枢纽,,,,,,,,,,1,是
C13257,上海战区曹路宝龙店,浙江公司,上海战区,上海省区,上海一办,关店,专卖店,加盟,综合体,25321313,,,6017109319849,,1409082394,,,,1,是
C13258,杭州萧山机场T3到达老太婆摊摊面店,浙江公司,杭州战区,浙江省区,杭州办,关店,专柜店,加盟,高势能,,,,,,,,,,1,
C13259,出发摊摊面,浙江公司,杭州战区,浙江省区,杭州办,正常营业,经销,加盟,高势能,,,,,,,,,,1,
C13261,龙岩上杭坪埔专卖店,江西公司,厦门战区,福建省区,闽南办,关店,专卖店,加盟,街铺,21138373,517160415,,6016879758849,,1464532343,7366940196224370726,,,1,是
C13262,杭州凤起路地铁商业街店,浙江公司,杭州战区,浙江省区,杭州办,关店,专柜店,加盟,交通枢纽,10518287,2066971244,,6013954950849,600553,610234416,6994698228096567309,3002908126263808419,,1,未知
C13263,南山西丽366大街专卖店,广东公司,深圳战区,广东省区,宝安办,关店,专卖店,加盟,街铺,21584888,517086449,14394334.0,6016905113849,,1756972515,7374347119819229203,,,1,是
C13265,泉州德化万达广场店,江西公司,厦门战区,福建省区,福州办,关店,专卖店,加盟,综合体,21190233,516935488,,6016907769849,,880380809,7362067744566544384,,,1,是
C13266,直属烟台蓬莱机场店,浙江公司,青岛战区,山东省区,直属办,关店,专卖店,直营,高势能,,,,6016959541849,,,,,,1,是
C13267,九江共青南航学院店,江西公司,九江战区,江西二区,九江办,关店,渠道店,加盟,特殊渠道,,,,,,,,,,1,
C13268,西湖区曾涛食品商行,江西公司,南昌一战区,江西一区,南昌一办,关店,渠道店,加盟,特殊渠道,,,,,,,,,,1,
C13269,安徽合肥天下锦城店,浙江公司,苏州战区,安徽办,安徽办,关店,专卖店,加盟,街铺,,,,,,,,,,1,是
C13270,宜春万载新锦江龙河星城二店,江西公司,宜春战区,江西二区,宜春办,正常营业,专卖店,加盟,街铺,10939628,,16389403.0,6017128296849,,1660129563,7366548383563810866,,2026030411077000000115191707|xiniu_xgc_bgc,1,是
C13271,遵义道真尹珍大道店,重庆公司,贵阳战区,云贵省区,遵义办,关店,专卖店,加盟,街铺,21312411,,,6016924240849,,,7368788482191263744,,,1,是
C13272,惠州园洲东江粮仓专卖店,广东公司,东莞战区,广东省区,东莞办,关店,专卖店,加盟,街铺,21440899,1197982150,20200809.0,6016908991849,,1881159458,7369414832379922470,,2025112011077000000113757230|xiniu_xgc_bgc,1,是
C13273,上饶市嘉盛瑞商业贸易有限公司（嘉百乐兴旺店),江西公司,抚州战区,江西二区,上饶办,正常营业,经销,加盟,特殊渠道,,,,,,,,,,1,
C13274,不使用,江西公司,抚州战区,江西二区,上饶办,关店,,加盟,,,,,,,,,,,1,
C13275,上饶市嘉盛瑞商业贸易有限公司（嘉百乐新东街店),江西公司,抚州战区,江西二区,上饶办,正常营业,经销,加盟,特殊渠道,,,,,,,,,,1,
C13276,重庆南岸南滨西路专柜店,重庆公司,重庆战区,川渝省区,重庆办,关店,专柜店,加盟,街铺,,,,,,,,,,1,是
C13277,重庆渝北锦橙路井冈红专柜店,重庆公司,重庆战区,川渝省区,重庆办,关店,专柜店,加盟,街铺,,,,,,,,,,1,是
C13278,山西长治省建巷店,陕西公司,西安战区,山西办,山西办,关店,专卖店,加盟,街铺,21469818,517106306,,6016881456849,,,7371721759503943706,,,1,是
C13279,龙华红山6979专卖店,广东公司,深圳战区,广东省区,宝安办,关店,专卖店,加盟,综合体,21373302,518058728,,6016906714849,,689452262,7363461808608249897,,,1,是
C13280,上饶市嘉盛瑞商业贸易有限公司（嘉百乐帅特龙店）,江西公司,抚州战区,江西二区,上饶办,正常营业,经销,加盟,特殊渠道,,,,,,,,,,1,
C13281,上饶市嘉盛瑞商业贸易有限公司（嘉百乐友邦店),江西公司,抚州战区,江西二区,上饶办,正常营业,经销,加盟,特殊渠道,,,,,,,,,,1,
C13282,河南长垣万德隆时代广场店,陕西公司,郑州战区,河南省区,郑州办,关店,渠道店,加盟,商超,,,,,,,,,,1,
C13283,山西长治商贸广场店,陕西公司,西安战区,山西办,山西办,暂停营业,专卖店,加盟,综合体,8172666,505310792,17146727.0,6016881166849,,1693408295,,,2025111911077000000113636734|xiniu_xgc_bgc,1,是
C13285,龙华大浪云峰百佳盛专卖店,广东公司,深圳战区,广东省区,宝安办,关店,专卖店,加盟,街铺,21472677,1202691064,,6016906319849,,1897459248,7370230203534018569,,,1,是
C13286,直属湖北浠水双桥路店,江西公司,九江战区,湖北办,湖北办,关店,专卖店,直营,街铺,21251866,1205037511,,6016899492849,,,7361309509513381900,,,1,是
C13287,深圳朴朴电子商务（刘江华）,广东公司,深圳战区,广东省区,龙岗办,关店,经销,加盟,特殊渠道,,,,,,,,,,1,
C13288,广州朴朴电子商务（刘江华）,广东公司,广州战区,广东省区,广佛办,关店,经销,加盟,特殊渠道,,,,,,,,,,1,
C13289,福州朴朴电子商务（刘江华）,江西公司,福州战区,福建省区,福州办,关店,经销,加盟,特殊渠道,,,,,,,,,,1,
C13290,厦门朴朴电子商务（刘江华）,江西公司,厦门战区,福建省区,闽南办,关店,经销,加盟,特殊渠道,,,,,,,,,,1,
C13291,威海文登大水泊机场店,浙江公司,青岛战区,山东省区,青岛办,关店,专柜店,加盟,高势能,,,,,,,,,,1,
C13292,汕尾深汕小漠店,广东公司,东莞战区,广东省区,惠汕办,暂停营业,专卖店,加盟,街铺,,,,6016941583849,,,,,,1,是
C13293,苏州相城天虹店,浙江公司,苏州战区,江苏省区,苏州办,关店,专卖店,加盟,综合体,23639907,,,6016942850849,,1862807915,7375050301998368808,3004987161297261115,,1,是
C13295,上海战区杨浦区五角场太平洋森活店,浙江公司,上海战区,上海省区,上海一办,关店,专卖店,加盟,综合体,21724652,1208200141,,6016906470849,,818881994,7372378910664689676,,,1,是
C13296,河南杞县欣泰百货店,陕西公司,郑州战区,河南省区,郑州办,关店,渠道店,加盟,商超,,,,,,,,,,1,
C13297,福田沙尾瑞丰园专卖店,广东公司,深圳战区,广东省区,龙岗办,关店,专卖店,加盟,街铺,21472654,1206990027,,6016926104849,,1920222236,7374267007434229801,,,1,是
C13298,海口新海港二店,广东公司,海口战区,海南办,海南办,关店,专柜店,加盟,交通枢纽,,,,,,,,,,1,是
C13299,龙游服务区西区店,浙江公司,杭州战区,浙江省区,金衢办,关店,专卖店,加盟,交通枢纽,,,,,,,,,,1,是
C13300,龙游服务区东区,浙江公司,杭州战区,浙江省区,金衢办,关店,专卖店,加盟,交通枢纽,,,,,,,,,,1,是
C13301,河南安阳泰和广场店,陕西公司,郑州战区,河南省区,郑州办,关店,渠道店,加盟,商超,,,,,,,,,,1,
C13302,新余北湖新城新店,江西公司,宜春战区,江西一区,丰新办,关店,专卖店,加盟,街铺,21361819,517165911,,6016909286849,,1992696517,7366170942080288820,3005143234002757451,,1,是
C13303,厦门同安潘涂店,江西公司,厦门战区,福建省区,闽南办,关店,专卖店,加盟,街铺,21582569,518280937,15967990.0,6016944118849,,711597038,6739831109661526023,,2026030911077000000115112856|xiniu_xgc_bgc,1,是
C13305,福州福清城头商行店,江西公司,福州战区,福建省区,福州办,关店,专柜店,加盟,街铺,21446768,1197756838,,,,,,,,1,是
C13306,呼和浩特线上渠道店,陕西公司,北京战区,京津冀省区,北京办,关店,渠道店,加盟,特殊渠道,,,,,,,,,,1,
C13307,宁波酒号快船后庙路店,浙江公司,杭州战区,浙江省区,杭州办,关店,渠道店,加盟,街铺,,,,,,,,,,1,
C13308,宁波酒号快船宁波大学店,浙江公司,杭州战区,浙江省区,杭州办,关店,渠道店,加盟,街铺,,,,,,,,,,1,
C13309,萍乡市洪呈福渠道店,江西公司,宜春战区,江西二区,宜春办,关店,渠道店,加盟,特殊渠道,,,,,,,,,,1,
C13310,鹰潭五洲路菜市场店,江西公司,抚州战区,江西一区,鹰抚办,正常营业,专卖店,加盟,街铺,21349047,517848422,,6016904776849,,1679873727,7362039801475762187,3004765262524686354,2026030911077000000115153904|xiniu_xgc_bgc,1,是
C13311,九江修水四都,江西公司,九江战区,江西二区,九江办,关店,专卖店,加盟,街铺,,,,,,,7371693372446246923,,,1,是
C13312,广州江高家宜多广场专卖店,广东公司,广州战区,广东省区,广佛办,关店,专卖店,加盟,街铺,22860555,1267095406,14725164.0,6016944309849,,1334490475,7382783550176184329,,,1,是
C13313,江苏省盐城大有境店,浙江公司,苏州战区,江苏省区,南京办,关店,专卖店,加盟,综合体,21575964,518176021,,6016914460849,,1179015851,7373510564787521590,,,1,是
C13315,江苏省苏州双湖广场店,浙江公司,苏州战区,江苏省区,苏州办,关店,专卖店,加盟,综合体,21574034,517006499,15968186.0,6016922731849,,1829896393,7371635164708866085,,,1,是
C13316,陕西渭南潼关停车区北区店,陕西公司,西安战区,陕西省区,陕西外阜办,正常营业,专卖店,加盟,交通枢纽,,,,,,,,,,1,是
C13317,陕西渭南潼关停车区南区店,陕西公司,西安战区,陕西省区,陕西外阜办,正常营业,专卖店,加盟,交通枢纽,,,,,,,,,,1,是
C13318,云南昆明南站三店,重庆公司,贵阳战区,云贵省区,昆明办,关店,专柜店,加盟,高势能,,,,,,,,,,1,
C13319,温州华侨城专卖店,浙江公司,杭州战区,福建省区,福州办,关店,专卖店,加盟,综合体,273323,,,,,,,,,1,是
C13320,浩泰商贸,重庆公司,重庆战区,川渝省区,重庆办,关店,渠道店,加盟,特殊渠道,,,,,,,,,,1,
C13322,杭州诸永高速诸暨服务区东区店,浙江公司,杭州战区,浙江省区,杭州办,关店,专柜店,加盟,交通枢纽,,,,,,,,,,1,
C13323,杭州诸永高速诸暨服务区西区店,浙江公司,杭州战区,浙江省区,杭州办,关店,专柜店,加盟,交通枢纽,,,,,,,,,,1,
C13325,保定市时代商厦店,陕西公司,北京战区,京津冀省区,北京办,关店,渠道店,加盟,特殊渠道,,,,,,,,,,1,
C13326,绍兴新昌万达广场店,浙江公司,杭州战区,浙江省区,杭州办,关店,专卖店,加盟,综合体,21264258,517915150,,6016904719849,,604479163,7365713030987909172,,,1,是
C13327,南昌安义文峰路平安店,江西公司,南昌二战区,江西二区,宜春办,正常营业,专卖店,加盟,街铺,24085565,518058145,17662733.0,6016944971849,,1633706364,7363111348886046756,3005064404881154561,2025111911077000000113748337|xiniu_xgc_bgc,1,是
C13328,重庆市荣昌区昌州风情美食街店,重庆公司,重庆战区,川渝省区,重庆办,关店,专柜店,加盟,街铺,21504438,520545933,,6017001787849,,1428764443,7407659937742260276,3005138062227220278,,1,是
C13329,龙岩宝进贸易有限公司,江西公司,厦门战区,福建省区,闽南办,关店,渠道店,加盟,特殊渠道,,,,,,,,,,1,
C13330,中欢超市,浙江公司,青岛战区,山东省区,青岛办,关店,渠道店,加盟,商超,,,,,,,,,,1,
C13331,泉州晋江万达金街专卖店,江西公司,厦门战区,福建省区,福州办,关店,专卖店,加盟,综合体,,,,,,,,,,1,是
C13332,河南郑州登封嵩山路店,陕西公司,郑州战区,河南省区,郑州办,关店,专卖店,加盟,街铺,21437595,,,,,,7366070127327971339,,,1,是
C13333,直属宝安海雅缤纷城广场专卖店,广东公司,深圳战区,广东省区,宝安办,关店,专卖店,直营,综合体,21378916,517035908,14394342.0,6016907384849,,812473168,7363603137808861194,,2025112011077000000113722805|xiniu_xgc_bgc,1,是
C13334,不使用,江西公司,吉安战区,江西一区,吉安办,关店,,加盟,,,,,,,,,,,1,
C13335,吉安峡江玉宏壹号小区店,江西公司,宜春战区,江西一区,吉安办,关店,专卖店,加盟,街铺,,,,6016907983849,,,7362755777586546751,,,1,是
C13336,宜春御品滨江店,江西公司,宜春战区,江西二区,宜春办,关店,专卖店,加盟,街铺,,,,,,,,,,1,是
C13337,重庆江津老米市街店,重庆公司,重庆战区,川渝省区,重庆办,关店,专卖店,加盟,街铺,21588761,,,,,,,,,1,是
C13338,广西钦州东站专柜店,广东公司,南宁战区,广西省区,南宁办,关店,专柜店,加盟,高势能,,,,,,,,,,1,
C13339,贵阳北站西广场京东专柜店,重庆公司,贵阳战区,云贵省区,贵阳办,关店,专柜店,加盟,高势能,,,,,,,,,,1,
C13340,河南郑州民乐集店,陕西公司,郑州战区,河南省区,郑州办,关店,渠道店,加盟,街铺,,,,,,,,,,1,
C13341,山西高平服务区西区店,陕西公司,西安战区,山西办,山西办,关店,专卖店,加盟,交通枢纽,,,,,,,,,,1,是
C13342,山西高平服务区东区店,陕西公司,西安战区,山西办,山西办,关店,专卖店,加盟,交通枢纽,,,,,,,,,,1,是
C13343,直属青岛城阳金茂览秀城店,浙江公司,青岛战区,山东省区,青岛办,关店,专卖店,直营,综合体,21410441,517710695,,6016940819849,,1541577044,7366464255272126479,,,1,是
C13345,甘肃兰州亚太国际公馆店,陕西公司,西安战区,陕西省区,兰州办,关店,专卖店,加盟,街铺,,,,,,,,,,1,是
C13346,陕西安康秦岭服务区北区店,陕西公司,西安战区,陕西省区,陕西外阜办,正常营业,专卖店,加盟,交通枢纽,,,,,,,,,,1,是
C13347,广源泰利东莞嘉荣店,广东公司,东莞战区,广东省区,东莞办,关店,渠道店,加盟,特殊渠道,,,,,,,,,,1,
C13348,济南凯旋渠道店,浙江公司,青岛战区,山东省区,济南办,关店,渠道店,加盟,特殊渠道,,,,,,,,,,1,
C13349,海口满杯欢喜茶馆店,广东公司,海口战区,海南办,海南办,关店,渠道店,加盟,街铺,,,,,,,,,,1,
C13350,重庆铜梁围龙服务区南区店,重庆公司,重庆战区,川渝省区,重庆办,暂停营业,专卖店,加盟,交通枢纽,,,,,,,,,,1,
C13351,重庆铜梁围龙服务区北区店,重庆公司,重庆战区,川渝省区,重庆办,正常营业,专卖店,加盟,交通枢纽,,,,,,,,,,1,
C13352,南昌月池路五村公寓,江西公司,南昌一战区,江西一区,南昌二办,正常营业,专卖店,加盟,街铺,,,,6017151122849,,827032947,7379854692928456767,3005633273126522888,2026030411077000000115118695|xiniu_xgc_bgc,1,是
C13353,江苏盐城大有境永辉店,浙江公司,苏州战区,江苏省区,南京办,关店,专卖店,加盟,商超,,,,,,,,,,1,是
C13355,长沙韶山南路大润发超市,江西公司,长沙战区,湖南省区,长沙办,关店,专卖店,加盟,商超,21627411,1197907592,,6016933542849,,1338917518,7374259994901874751,,,1,是
C13356,江苏省常州北站专柜店,浙江公司,苏州战区,江苏省区,南京办,关店,专柜店,加盟,高势能,,,,,,,,,,1,
C13357,泉州石狮祥芝店,江西公司,厦门战区,福建省区,福州办,正常营业,专卖店,加盟,街铺,21446767,518382375,15861110.0,6016915557849,,942227352,7367213673237973032,3005104625774432290,2025111911077000000113741558|xiniu_xgc_bgc,1,是
C13358,直属徐汇上海南站南广场店,浙江公司,上海战区,上海省区,上海一办,关店,专卖店,直营,高势能,,,,6017287848849,,,,,,1,是
C13359,广州金沙洲金铂广场专卖店,广东公司,广州战区,广东省区,广佛办,关店,专卖店,加盟,街铺,21551846,1211504502,14725169.0,6016916949849,,879998583,7369843705563318313,,,1,是
C13360,长沙钱大妈系统渠道店,江西公司,长沙战区,湖南省区,长沙办,关店,渠道店,加盟,特殊渠道,,,,,,,,,,1,
C13361,宝安塘尾百盛佳渠道店,广东公司,深圳战区,广东省区,宝安办,关店,专柜店,加盟,街铺,21373301,517035891,,6016907094849,,989612287,6601150522944653326,,,1,是
C13362,龙岗平湖万达店,广东公司,深圳战区,广东省区,龙岗办,正常营业,专卖店,加盟,综合体,22236010,516942263,16130447.0,6016922333849,,1050263545,7382758641960503350,,2025111911077000000113656640|xiniu_xgc_bgc,1,是
C13363,海口新海港易站店,广东公司,海口战区,海南办,海南办,关店,专柜店,加盟,交通枢纽,,,,,,,,,,1,是
C13365,青岛台柳路专卖店,浙江公司,青岛战区,山东省区,青岛办,待开业,,加盟,,,,,,,,,,,1,
C13366,台州天台服务区一店,浙江公司,杭州战区,福建省区,浙南办,关店,专柜店,加盟,交通枢纽,,,,,,,,,,1,是
C13367,台州天台服务区二店,浙江公司,杭州战区,福建省区,浙南办,关店,专柜店,加盟,交通枢纽,,,,,,,,,,1,是
C13368,杭州萧山机场T4出发杭州特产便利店,浙江公司,杭州战区,浙江省区,杭州办,关店,专柜店,加盟,高势能,,,,,,,,,,1,
C13369,龙岗吉华甘坑古镇专卖店,广东公司,深圳战区,广东省区,龙岗办,关店,专卖店,加盟,街铺,21730236,1203081729,,6016917038849,,1105832307,7376981182077995018,,,1,是
C13370,吉安永丰圆盘店,江西公司,宜春战区,江西一区,吉安办,关店,专卖店,加盟,街铺,,,,,,,,,,1,是
C13371,九江共青大泽泰步行街店,江西公司,九江战区,江西二区,九江办,正常营业,专卖店,加盟,街铺,14309192,2137028420,,6017186240849,601259,1862742280,7132341595331889160,3002804485011182747,2026030911077000000115222943|xiniu_xgc_bgc,1,是
C13372,萍乡润达老地方超市,江西公司,宜春战区,江西二区,宜春办,关店,渠道店,加盟,商超,,,,,,,,,,1,
C13373,河南驻马店泌阳渠道店,陕西公司,郑州战区,河南省区,郑州办,关店,渠道店,加盟,街铺,,,,,,,,,,1,
C13375,包头服务区店,陕西公司,北京战区,京津冀省区,北京办,关店,渠道店,加盟,特殊渠道,,,,,,,,,,1,
C13376,海口高铁扬帆店,广东公司,海口战区,海南办,海南办,正常营业,专卖店,加盟,高势能,,,,,,,,,,1,是
C13377,三亚高铁荔枝沟店,广东公司,海口战区,海南办,海南办,关店,专柜店,加盟,高势能,,,,,,,,,,1,是
C13378,青岛台柳路万科店,浙江公司,青岛战区,山东省区,青岛办,关店,专卖店,加盟,街铺,,,,,,,,,,1,
C13379,长春欧亚新天地店,陕西公司,沈阳战区,辽吉省区,长春办,关店,专卖店,加盟,综合体,21794075,1208630891,,6016945304849,,,7379918593646790708,,,1,是
C13380,北京叮咚买菜店,陕西公司,北京战区,京津冀省区,北京办,关店,渠道店,加盟,特殊渠道,,,,,,,,,,1,
C13381,呼和浩特赛罕区师大店,陕西公司,北京战区,京津冀省区,北京办,关店,渠道店,加盟,特殊渠道,,,,,,,,,,1,
C13382,兰溪服务区北区店,浙江公司,杭州战区,浙江省区,金衢办,正常营业,专卖店,加盟,交通枢纽,,,,,,,,,,1,是
C13383,兰溪服务区南区店,浙江公司,杭州战区,浙江省区,金衢办,正常营业,专卖店,加盟,交通枢纽,,,,,,,,,,1,是
C13384,不使用,江西公司,宜春战区,江西二区,宜春办,关店,,加盟,,,,,,,,,,,1,
C13385,宜春锦程花苑店,江西公司,宜春战区,江西二区,宜春办,关店,专卖店,加盟,街铺,21546466,518490302,,,,763558105,7372408582236538919,,,1,是
C13386,上饶市嘉盛瑞商业贸易有限公司（嘉百乐金龙城店),江西公司,抚州战区,江西二区,上饶办,关店,渠道店,加盟,特殊渠道,,,,,,,,,,1,
C13387,上饶市嘉盛瑞商业贸易有限公司（嘉百乐万达广场店店),江西公司,抚州战区,江西二区,上饶办,正常营业,经销,加盟,特殊渠道,,,,,,,,,,1,
C13388,揭阳宝德广场专卖店,广东公司,东莞战区,广东省区,惠汕办,关店,专卖店,加盟,商超,24084117,520565106,,,,563094273,7392906449875109914,,,1,是
C13389,太原永辉系统渠道店,陕西公司,西安战区,山西办,山西办,关店,渠道店,加盟,商超,,,,,,,,,,1,
C13392,佛山乐从雅居乐花园店,广东公司,广州战区,广东省区,广佛办,正常营业,专卖店,加盟,街铺,22104809,1316324508,14725181.0,6016943225849,,1073915349,7074833953735051294,,2026031311077000000115248419|xiniu_xgc_bgc,1,是
C13393,江门雅瑶服务区南区,广东公司,广州战区,广东省区,中珠办,暂停营业,专卖店,加盟,交通枢纽,,,,,,,,,,1,是
C13395,江门雅瑶服务区北区,广东公司,广州战区,广东省区,中珠办,暂停营业,专卖店,加盟,交通枢纽,,,,,,,,,,1,是
C13396,河南郑州东站餐饮店,陕西公司,郑州战区,河南省区,郑州办,关店,渠道店,加盟,高势能,,,,,,,,,,1,
C13397,河南洛阳机场餐饮店,陕西公司,郑州战区,河南省区,郑州办,关店,渠道店,加盟,高势能,,,,,,,,,,1,
C13398,福州上街阳光城MODO店,江西公司,福州战区,福建省区,福州办,关店,专柜店,加盟,街铺,,,,,,,,,,1,是
C13399,宜春恒大御景店,江西公司,宜春战区,江西二区,宜春办,正常营业,专卖店,加盟,商超,16212964,1126056531,16256685.0,6016781295849,,1196828704,7154157376621250568,3003881464817332132,2025111911077000000113717665|xiniu_xgc_bgc,1,是
C13400,九江庐山横塘店,江西公司,九江战区,江西二区,九江办,关店,专卖店,加盟,街铺,,,,,,,7235945116534310952,,,1,是
C13401,抚南崇仁圆盘店,江西公司,抚州战区,江西一区,鹰抚办,正常营业,专卖店,加盟,街铺,23810867,518939668,,6017186000849,,1419954313,7377615241959442447,,2025112011077000000113627803|xiniu_xgc_bgc,1,是
C13402,温州龙湾国际机场二店,浙江公司,杭州战区,福建省区,福州办,关店,专柜店,加盟,高势能,,,,,,,,,,1,是
C13403,福州福清高山北高园路店,江西公司,福州战区,福建省区,福州办,关店,专柜店,加盟,街铺,,,,,,,,,,1,是
C13405,温州龙湾国际机场专卖店,浙江公司,杭州战区,福建省区,福州办,关店,专卖店,加盟,高势能,,,,,,,,,,1,是
C13406,宜春上高建设中路二店,江西公司,宜春战区,江西二区,宜春办,暂停营业,专卖店,加盟,街铺,,,,6015118694849,,1936368512,7059996563367528478,6724909266643402782,2025111911077000000113619683|xiniu_xgc_bgc,1,是
C13407,济南西橙里渠道店,浙江公司,青岛战区,山东省区,济南办,关店,渠道店,加盟,特殊渠道,,,,,,,,,,1,
C13408,岳阳平江新汽车站店,江西公司,长沙战区,湖南省区,长沙办,关店,专卖店,加盟,交通枢纽,21543862,516921313,,,,,7373163988219070483,,,1,是
C13409,龙岗坂田新围仔专卖店,广东公司,深圳战区,广东省区,龙岗办,关店,专卖店,加盟,街铺,21758805,1208800714,,6016925374849,,1562222564,7382846225202022410,,,1,是
C13410,大连理工大学渠道店,陕西公司,沈阳战区,辽吉省区,大连办,关店,渠道店,加盟,特殊渠道,,,,,,,,,,1,
C13411,海口和风家园店,广东公司,海口战区,海南办,海南办,关店,专柜店,加盟,街铺,,,,,,,,,,1,
C13412,山西长治屯留区翠屏街店,陕西公司,西安战区,山西办,山西办,关店,专卖店,加盟,街铺,22349912,518191779,,6016946678849,,,7377196506153781285,,,1,是
C13413,安徽合肥龙誉中心店,浙江公司,苏州战区,安徽办,安徽办,关店,专卖店,加盟,综合体,,,,,,,,,,1,
C13415,福州东部办公区店,江西公司,福州战区,福建省区,福州办,关店,专卖店,加盟,特殊渠道,,,,,,,,,,1,
C13416,福州长乐机场店,江西公司,福州战区,福建省区,福州办,关店,专柜店,加盟,高势能,,,,,,,,,,1,
C13417,广州天河龙洞步行街专卖店,广东公司,广州战区,广东省区,广佛办,关店,专卖店,加盟,街铺,24250751,520405011,,6016944217849,,563367247,7376833192130512950,3004889241496818195,,1,是
C13418,宁德万达金街专卖店,江西公司,福州战区,福建省区,浙南办,关店,专卖店,加盟,综合体,21942790,517107128,,6016944308849,,1926412965,,,,1,是
C13419,新余暨阳小学店,江西公司,宜春战区,江西一区,丰新办,关店,专卖店,加盟,街铺,22099412,,,6016945301849,,,7376519950606796850,,,1,是
C13420,衡阳祁东青山路店,江西公司,长沙战区,湖南省区,衡邵办,关店,专卖店,加盟,综合体,11401546,2086392150,15905500.0,6017037055849,601016,1111704399,7009477939796379661,30028974139387,,1,是
C13421,青岛寿光全福元渠道店,浙江公司,青岛战区,山东省区,青岛办,关店,渠道店,加盟,商超,,,,,,,,,,1,
C13422,南昌盒马生鲜,江西公司,南昌一战区,江西一区,南昌一办,正常营业,团购账户（购销）,直营,商超,,,,,,,,,,1,
C13423,象湖银亿农贸市场,江西公司,南昌一战区,江西二区,南昌四办,正常营业,专卖店,加盟,街铺,25434858,522265361,,6017083414849,,1736008355,7377939024914155531,6724909544095262354,2025111911077000000113689611|xiniu_xgc_bgc,1,是
C13424,不使用,江西公司,宜春战区,江西一区,丰新办,关店,,加盟,,,,,,,,,,,1,
C13425,新余仙女湖服务西区店,江西公司,宜春战区,江西一区,丰新办,正常营业,专卖店,加盟,交通枢纽,,,,,,,,,,1,是
C13426,新余仙女湖服务东区店,江西公司,宜春战区,江西一区,丰新办,正常营业,专卖店,加盟,交通枢纽,,,,,,,,,,1,是
C13427,鹰抚贸易广场店,江西公司,抚州战区,江西一区,鹰抚办,正常营业,专卖店,加盟,街铺,26851551,526705338,16638161.0,6016947336849,,1281254287,7381343791490041865,,2025111911077000000113623704|xiniu_xgc_bgc,1,是
C13428,桂林高铁站专柜店,广东公司,南宁战区,广西省区,南宁办,关店,专柜店,加盟,高势能,,,,,,,,,,1,是
C13429,直属宝安西乡得丰榕湾汇专卖店,广东公司,深圳战区,广东省区,宝安办,关店,专卖店,直营,街铺,,,,,,,,,,1,是
C13430,直属北京朝阳常营美食街店,陕西公司,北京战区,京津冀省区,北京办,正常营业,专卖店,直营,综合体,23757454,517077820,14394335.0,6016944877849,,899549516,7382847761781917711,3005115262041690183,2025111911077000000113719599|xiniu_xgc_bgc,1,是
C13431,上饶婺源大麦超市店,江西公司,抚州战区,江西二区,景德镇办,关店,专卖店,加盟,商超,25448826,1126058562,16383964.0,6016941787849,,744032635,7433300171113138212,,2025112011077000000113753219|xiniu_xgc_bgc,1,是
C13432,河南新郑社区渠道店,陕西公司,郑州战区,河南省区,郑州办,关店,渠道店,加盟,商超,,,,,,,,,,1,
C13434,不使用,江西公司,南昌战区,江西一区,南昌一办,关店,,加盟,,,,,,,,,,,1,
C13435,九龙湖华南城店,江西公司,南昌一战区,江西一区,南昌一办,正常营业,专卖店,加盟,街铺,23812765,517128014,,6016963795849,,1880655531,6601193919139022855,6724909312644308282,2025112011077000000113707659|xiniu_xgc_bgc,1,是
C13436,青海西宁青藏特产店,陕西公司,西安战区,陕西省区,兰州办,正常营业,经销,加盟,特殊渠道,,,,,,,,,,1,
C13437,景德镇戴家弄店,江西公司,九江战区,江西二区,景德镇办,正常营业,专卖店,加盟,街铺,22880086,517167469,17390640.0,6016961753849,,719290749,7382904795311147043,,2025112011077000000113632791|xiniu_xgc_bgc,1,是
C13438,杭州天时苑店,浙江公司,杭州战区,浙江省区,杭州办,关店,专卖店,加盟,街铺,,,,,,,,,,1,
C13439,义乌北苑之心店,浙江公司,杭州战区,浙江省区,金衢办,正常营业,专卖店,加盟,综合体,21831704,517172120,16638106.0,6016942151849,,1234486018,7380974058488793107,,2026031311077000000115266437|xiniu_xgc_bgc,1,是
C13440,沈阳昆山西路店,陕西公司,沈阳战区,辽吉省区,沈阳办,关店,专卖店,加盟,综合体,6947607,1105413418,15905496.0,6016942797849,,,,,,1,是
C13441,龙岗坪地宜城广场专卖店,广东公司,深圳战区,广东省区,龙岗办,关店,专卖店,加盟,街铺,22872427,517037339,14608819.0,6016946303849,,535057099,7383228305506093068,,,1,是
C13442,青岛战区临朐全福元渠道店,浙江公司,青岛战区,山东省区,青岛办,关店,渠道店,加盟,商超,,,,,,,,,,1,
C13443,吉安永丰龙岗路店,江西公司,宜春战区,江西一区,吉安办,正常营业,专卖店,加盟,街铺,21801081,517721568,,6016942927849,,852604913,7376837948572076043,,2026030911077000000115235979|xiniu_xgc_bgc,1,是
C13447,青山湖昌东义坊路商业街店,江西公司,南昌一战区,江西一区,南昌二办,正常营业,专卖店,加盟,街铺,27798145,528910337,15807734.0,6017046786849,,1025012902,6601169368975935496,6724909444842549847,2026030411077000000115157711|xiniu_xgc_bgc,1,是
C13448,西安骡马市酒吧渠道店,陕西公司,西安战区,陕西省区,陕西外阜办,关店,渠道店,加盟,特殊渠道,,,,,,,,,,1,
C13449,宜春新张家山店,江西公司,宜春战区,江西二区,宜春办,正常营业,专卖店,加盟,街铺,8996821,2077292205,16257083.0,6015166130849,,1758140279,6905125883644741632,3002047486306849358,2026030911077000000115146954|xiniu_xgc_bgc,1,是
C13450,景德镇雕塑瓷厂专柜店,江西公司,九江战区,江西二区,景德镇办,关店,渠道店,加盟,特殊渠道,,,,,,,,,,1,是
C13451,福鼎丽景阳光专卖店,江西公司,福州战区,福建省区,浙南办,关店,专柜店,加盟,商超,21665743,516941584,,6016942688849,,1957688555,7382033909002815527,,,1,是
C13452,丹东东港大祥超市店,陕西公司,沈阳战区,辽吉省区,大连办,关店,专卖店,加盟,商超,,,,,,,,,,1,是
C13453,陕西延安南泥湾机场店,陕西公司,西安战区,陕西省区,陕西外阜办,正常营业,专卖店,加盟,高势能,,,,,,,,,,1,是
C13454,不使用,江西公司,南昌战区,江西一区,南昌一办,关店,,加盟,,,,,,,,,,,1,
C13455,旺中旺施尧路店,江西公司,南昌一战区,江西一区,南昌一办,关店,渠道店,加盟,街铺,,,,,,,,,,1,
C13456,长沙梅溪湖步步高许昌品鲜店,江西公司,长沙战区,湖南省区,长沙办,正常营业,经销,加盟,商超,,,,,,,,,,1,
C13457,沈阳小北一西路店,陕西公司,沈阳战区,辽吉省区,沈阳办,关店,专卖店,加盟,街铺,23685358,518167230,17082655.0,,,644251943,7385865871282931749,3004974013691601236,2026031311077000000115372300|xiniu_xgc_bgc,1,是
C13458,湘潭九华步步高许昌品鲜店,江西公司,长沙战区,湖南省区,株洲办,正常营业,经销,加盟,商超,,,,,,,,,,1,
C13459,湖北宿松承亮贸易有限公司,江西公司,九江战区,湖北办,湖北办,关店,渠道店,加盟,街铺,,,,,,,,,,1,
C13460,西安陕西特产渠道店,陕西公司,西安战区,陕西省区,陕西外阜办,关店,渠道店,加盟,特殊渠道,,,,,,,,,,1,
C13461,洪城监狱,江西公司,特渠部,团购业务,团购业务,正常营业,经销,直营,特殊渠道,,,,,,,,,,1,
C13462,上海酒号快船浦东新区崇溪路店,浙江公司,上海战区,上海省区,上海一办,关店,专柜店,加盟,街铺,,,,,,,,,,1,是
C13463,青岛战区烟台万华集团渠道店,浙江公司,青岛战区,山东省区,青岛办,关店,渠道店,加盟,特殊渠道,,,,,,,,,,1,
C13465,山西长治金威购物广场店,陕西公司,西安战区,山西办,山西办,关店,渠道店,加盟,综合体,,,,,,,,,,1,
C13466,遣唐拉面,浙江公司,杭州战区,浙江省区,杭州办,关店,渠道店,加盟,高势能,,,,,,,,,,1,是
C13467,杭州东站西广场华联商超店,浙江公司,杭州战区,浙江省区,杭州办,关店,渠道店,加盟,高势能,,,,,,,,,,1,是
C13468,九江德安杨桥店,江西公司,九江战区,江西二区,九江办,关店,专卖店,加盟,街铺,,,,6016965707849,,1131568682,7384615249590093875,,2026030711077000000115203886|xiniu_xgc_bgc,1,是
C13469,福州永泰冠景天地店,江西公司,福州战区,福建省区,福州办,关店,专柜店,加盟,街铺,23099381,517062287,,,,,,,,1,是
C13470,泉州南安星城新天地店,江西公司,厦门战区,福建省区,闽南办,关店,专卖店,加盟,综合体,23811118,517077998,15861077.0,6016958604849,,1700331476,7106780317981083661,,2026030711077000000115160941|xiniu_xgc_bgc,1,是
C13471,腾大餐饮杭州萧山宝龙渠道店,浙江公司,杭州战区,浙江省区,杭州办,关店,渠道店,加盟,特殊渠道,,,,,,,,,,1,
C13472,青岛战区寒亭全福元渠道店,浙江公司,青岛战区,山东省区,青岛办,关店,渠道店,加盟,商超,,,,,,,,,,1,
C13473,龙华民治大道专卖店,广东公司,深圳战区,广东省区,宝安办,关店,专卖店,加盟,街铺,22872423,516937488,14594545.0,6016945381849,,1972215138,7383145792798033972,,,1,是
C13475,直属南山龙海家园专卖店,广东公司,深圳战区,广东省区,宝安办,关店,专卖店,直营,街铺,,,,,,,,,,1,是
C13476,腾大餐饮桐乡新城吾悦店,浙江公司,杭州战区,浙江省区,杭州办,关店,渠道店,加盟,特殊渠道,,,,,,,,,,1,
C13477,腾大餐饮绍兴笛扬路渠道店,浙江公司,杭州战区,浙江省区,杭州办,关店,渠道店,加盟,特殊渠道,,,,,,,,,,1,
C13478,腾大餐饮杭州美博广场渠道店,浙江公司,杭州战区,浙江省区,杭州办,关店,渠道店,加盟,特殊渠道,,,,,,,,,,1,
C13479,腾大餐饮嘉兴平湖新城吾悦广场店,浙江公司,杭州战区,浙江省区,杭州办,关店,渠道店,加盟,特殊渠道,,,,,,,,,,1,
C13480,腾大餐饮绍兴解放南路渠道店,浙江公司,杭州战区,浙江省区,杭州办,关店,渠道店,加盟,特殊渠道,,,,,,,,,,1,
C13481,腾大餐饮杭州Bravo萧山融店,浙江公司,杭州战区,浙江省区,杭州办,关店,渠道店,加盟,特殊渠道,,,,,,,,,,1,
C13482,腾大餐饮嘉兴华府银泰店,浙江公司,杭州战区,浙江省区,杭州办,关店,渠道店,加盟,特殊渠道,,,,,,,,,,1,
C13483,腾大餐饮海宁海昌路渠道店,浙江公司,杭州战区,浙江省区,杭州办,关店,渠道店,加盟,特殊渠道,,,,,,,,,,1,
C13485,腾大餐饮嘉兴市海宁爱琴海店,浙江公司,杭州战区,浙江省区,杭州办,关店,渠道店,加盟,特殊渠道,,,,,,,,,,1,
C13486,东莞长安福海路专卖店,广东公司,东莞战区,广东省区,东莞办,关店,专卖店,加盟,综合体,23458449,1211465915,16638074.0,6016949575849,,1552380540,6810708682012198923,,,1,是
C13487,美团超市渠道店,浙江公司,杭州战区,浙江省区,杭州办,关店,渠道店,加盟,特殊渠道,,,,,,,,,,1,
C13488,腾大餐饮杭州拱墅大关路店,浙江公司,杭州战区,浙江省区,杭州办,关店,渠道店,加盟,特殊渠道,,,,,,,,,,1,
C13489,大连北站二店,陕西公司,沈阳战区,辽吉省区,大连办,关店,专卖店,加盟,高势能,,,,,,,,,,1,是
C13490,腾大餐饮嘉兴嘉善银泰城店,浙江公司,杭州战区,浙江省区,杭州办,关店,渠道店,加盟,特殊渠道,,,,,,,,,,1,
C13491,腾大餐饮杭州江干地铁东城店,浙江公司,杭州战区,浙江省区,杭州办,关店,渠道店,加盟,特殊渠道,,,,,,,,,,1,
C13492,腾大餐饮绍兴汇金广场渠道店,浙江公司,杭州战区,浙江省区,杭州办,关店,渠道店,加盟,特殊渠道,,,,,,,,,,1,
C13493,腾大餐饮杭州东站西子国际店,浙江公司,杭州战区,浙江省区,杭州办,关店,渠道店,加盟,特殊渠道,,,,,,,,,,1,
C13495,腾大餐饮杭州Bravo萧山加店,浙江公司,杭州战区,浙江省区,杭州办,关店,渠道店,加盟,特殊渠道,,,,,,,,,,1,
C13496,腾大餐饮杭州Bravo翁梅地,浙江公司,杭州战区,浙江省区,杭州办,关店,渠道店,加盟,特殊渠道,,,,,,,,,,1,
C13497,泰安肥城新合作购物中心店,浙江公司,青岛战区,山东省区,济南办,关店,专卖店,加盟,综合体,23867691,,,6016958967849,,,,,,1,是
C13498,广西桂平站专柜店,广东公司,南宁战区,广西省区,南宁办,关店,专柜店,加盟,高势能,,,,,,,,,,1,是
C13499,大连火车站候车室店,陕西公司,沈阳战区,辽吉省区,大连办,关店,专卖店,加盟,高势能,,,,,,,,,,1,是
C13500,长春汇百家青年路店,陕西公司,沈阳战区,辽吉省区,长春办,关店,专柜店,加盟,街铺,23647418,1197879237,,,,,,,,1,是
C13501,青岛战区威海万华集团渠道店,浙江公司,青岛战区,山东省区,青岛办,关店,渠道店,加盟,特殊渠道,,,,,,,,,,1,
C13502,鹰潭光明公司（鹰潭区域）,江西公司,抚州战区,江西一区,鹰抚办,关店,渠道店,加盟,特殊渠道,,,,,,,,,,1,
C13503,罗湖东门太阳百货专卖店,广东公司,深圳战区,广东省区,龙岗办,关店,专卖店,加盟,综合体,23779665,517702750,,6016965038849,,1041569855,7334535114010920971,,2026031611077000000115241605|xiniu_xgc_bgc,1,是
C13505,济南西市场渠道店,浙江公司,青岛战区,山东省区,济南办,关店,渠道店,加盟,特殊渠道,,,,,,,,,,1,
C13506,佛山南海金铂广场专卖店,广东公司,广州战区,广东省区,广佛办,关店,专卖店,加盟,综合体,24270051,520251644,,6016994147849,,1632881793,7393962831055423551,3005089721372321054,,1,是
C13507,南昌译翔丽商贸有限公司（熊伟祥渠道）,江西公司,南昌一战区,江西一区,南昌一办,关店,渠道店,加盟,街铺,,,,,,,,,,1,
C13508,抚州东福购物渠道店,江西公司,抚州战区,江西一区,鹰抚办,关店,渠道店,加盟,特殊渠道,,,,,,,,,,1,
C13509,东莞虎门赤岗店,广东公司,东莞战区,广东省区,东莞办,正常营业,专卖店,加盟,街铺,24561596,520515939,15905484.0,6017219052849,,1426000177,6601219731821185038,,2025112011077000000113717773|xiniu_xgc_bgc,1,是
C13510,宁陕服务区北京方向,陕西公司,西安战区,陕西省区,陕西外阜办,正常营业,专卖店,加盟,交通枢纽,,,,,,,,,,1,是
C13511,直属宝安新安圆方购物中心专卖店,广东公司,深圳战区,广东省区,宝安办,关店,专卖店,直营,综合体,23641281,517062545,,6016951751849,,1236806274,7385029361110124559,,,1,是
C13512,鹰抚抚州诚鑫汇店,江西公司,抚州战区,江西一区,鹰抚办,正常营业,专卖店,加盟,街铺,,,,,,,,,,1,是
C13513,贵阳云岩喷水池地下步行街店,重庆公司,贵阳战区,云贵省区,贵阳办,正常营业,专卖店,加盟,街铺,22232679,541811981,16189149.0,6016974776849,,1434094816,7382427779968550931,3004951149434148099,2025112011077000000113716708|xiniu_xgc_bgc,1,是
C13515,河南新郑万佳商业省心店渠道,陕西公司,郑州战区,河南省区,郑州办,关店,渠道店,加盟,商超,,,,,,,,,,1,
C13516,云浮连滩建设路店,广东公司,广州战区,广东省区,广佛办,正常营业,专卖店,加盟,街铺,24883231,1248354934,14725162.0,6017048528849,,1998474513,7418020063824840754,3005211825191659570,2026031311077000000115260346|xiniu_xgc_bgc,1,是
C13517,郑州新郑万佳时代广场店渠道,陕西公司,郑州战区,河南省区,郑州办,关店,渠道店,加盟,商超,,,,,,,,,,1,
C13518,山西太原老军营店,陕西公司,西安战区,山西办,山西办,关店,专卖店,加盟,街铺,23696924,518491930,,6016963533849,,,7392851376541288489,,,1,是
C13519,直属龙华民塘路尚峻花园专卖店,广东公司,深圳战区,广东省区,宝安办,关店,专卖店,直营,街铺,,,,,,,,,,1,
C13520,河南新郑龙湖万佳店,陕西公司,郑州战区,河南省区,郑州办,关店,渠道店,加盟,商超,,,,,,,,,,1,
C13521,福州平潭吾悦广场店,江西公司,福州战区,福建省区,福州办,正常营业,专卖店,加盟,综合体,24027266,519446024,15905423.0,6016977583849,,1055971297,7386102955050534966,,2025112011077000000113739670|xiniu_xgc_bgc,1,是
C13522,直属桂林文化宫店,广东公司,南宁战区,广西省区,柳桂办,正常营业,专卖店,直营,街铺,8005378,2036835440,16384043.0,6016946894849,601266,1507676964,6619896827418249224,3002270332283916462,,1,是
C13523,直属南山保利广场专卖店,广东公司,深圳战区,广东省区,宝安办,关店,专卖店,直营,综合体,23978654,517128351,14298511.0,6016976545849,,657959232,7393584214043527168,3005035627513780813,,1,是
C13524,不使用,江西公司,南昌战区,江西一区,南昌一办,关店,,直营,,,,,,,,,,,1,
C13525,旺中旺百货,江西公司,南昌一战区,江西一区,南昌一办,关店,渠道店,直营,商超,,,,,,,,,,1,
C13526,不使用门店,陕西公司,西安战区,陕西省区,陕西外阜办,正常营业,,加盟,,,,,,,,,,,1,
C13527,萍乡老地方超市渠道,江西公司,宜春战区,江西二区,宜春办,关店,渠道店,加盟,商超,,,,,,,,,,1,
C13528,陕西安康秦岭服务区东区店,陕西公司,西安战区,陕西省区,陕西外阜办,关店,专卖店,加盟,交通枢纽,,,,,,,,,,1,是
C13529,陕西铜川移动售卖车店,陕西公司,西安战区,陕西省区,陕西外阜办,关店,渠道店,加盟,特殊渠道,,,,,,,,,,1,
C13530,青海西宁一家亲海湖店,陕西公司,西安战区,陕西省区,兰州办,关店,专卖店,加盟,商超,,,,,,,,,,1,
C13531,福州恒荣星光里店,江西公司,福州战区,福建省区,福州办,关店,专卖店,加盟,综合体,26858756,520097495,15967977.0,,,1008233932,7389075411570788403,,,1,是
C13533,青海西宁一家亲生物园店,陕西公司,西安战区,陕西省区,兰州办,关店,专卖店,加盟,商超,,,,,,,,,,1,是
C13535,青海西宁一家亲城南店,陕西公司,西安战区,陕西省区,兰州办,关店,专卖店,加盟,商超,,,,,,,,,,1,
C13536,龙岗布吉新乐路专卖店,广东公司,深圳战区,广东省区,龙岗办,关店,专卖店,加盟,街铺,23904793,517028287,14594554.0,6016959973849,,1664651906,7391021758305798194,3005058883517912135,,1,是
C13537,龙华观澜兴万达广场专卖店,广东公司,深圳战区,广东省区,宝安办,关店,专卖店,加盟,综合体,24030414,,,6016952405849,,1159836806,6601141980854487043,3002106029969386770,,1,是
C13538,南山深圳湾口岸专卖店,广东公司,深圳战区,广东省区,宝安办,关店,专卖店,加盟,街铺,23847539,,,,,,,,,1,是
C13539,南山东滨紫竹园专卖店,广东公司,深圳战区,广东省区,宝安办,关店,专卖店,加盟,街铺,24028733,520370075,,6016952079849,,1241923722,7394674105355601983,,,1,是
C13540,不使用  直属南山大冲新城花园专卖店,广东公司,深圳战区,广东省区,宝安办,关店,专卖店,直营,街铺,,,,,,,,,,1,
C13541,青岛战区烟台蓬莱机场渠道一店,浙江公司,青岛战区,山东省区,青岛办,关店,渠道店,加盟,高势能,,,,,,,,,,1,
C13542,青岛战区烟台蓬莱机场渠道二店,浙江公司,青岛战区,山东省区,青岛办,关店,渠道店,加盟,高势能,,,,,,,,,,1,
C13543,直属长沙火车站三店,江西公司,长沙战区,湖南省区,长沙办,正常营业,专卖店,直营,高势能,19509040,1176216681,15861073.0,6016944973849,,656349044,7294819358381967387,,,1,是
C13545,杭州湖畔居店,浙江公司,杭州战区,浙江省区,杭州办,关店,专卖店,加盟,街铺,,,,6016965513849,,,,,,1,是
C13546,景德镇金鼎华达超市专柜店,江西公司,九江战区,江西二区,景德镇办,关店,专柜店,加盟,商超,,,,,,,,,,1,是
C13547,景德镇长虹华达超市专柜店,江西公司,九江战区,江西二区,景德镇办,关店,专柜店,加盟,商超,,,,,,,,,,1,是
C13548,玉林博白文化街店,广东公司,南宁战区,广西省区,南宁办,关店,专卖店,加盟,街铺,23940973,517163165,16638086.0,6016972653849,,936705085,7142810839601383455,3005013472182674734,,1,是
C13549,南宁青秀万达店,广东公司,南宁战区,广西省区,南宁办,关店,专卖店,加盟,综合体,23944840,517008288,16389404.0,6016971959849,,816523671,7356848176794241035,3005022154459914533,2025111911077000000113706690|xiniu_xgc_bgc,1,是
C13550,河南郑州家园渠道店,陕西公司,郑州战区,河南省区,郑州办,关店,渠道店,加盟,商超,,,,,,,,,,1,
C13551,苏州园区苏州中心店,浙江公司,苏州战区,江苏省区,苏州办,关店,专卖店,加盟,综合体,24215986,520450481,15905450.0,6016962740849,,1332707099,,,2025111911077000000113687702|xiniu_xgc_bgc,1,是
C13552,福州机场专柜店,江西公司,福州战区,福建省区,福州办,关店,专柜店,加盟,高势能,,,,,,,,,,1,是
C13553,家家乐超市高新吾悦店,江西公司,南昌一战区,江西一区,南昌一办,正常营业,团购账户（购销）,加盟,商超,,,,,,,,,,1,
C13555,三亚西岛店,广东公司,海口战区,海南办,海南办,关店,专柜店,加盟,街铺,,,,,,,,,,1,是
C13556,临沂机场一店,浙江公司,青岛战区,山东省区,济南办,关店,专柜店,加盟,高势能,,,,,,,,,,1,
C13557,龙岗南湾兆驰工厂店,广东公司,深圳战区,广东省区,龙岗办,关店,渠道店,加盟,特殊渠道,,,,,,,,,,1,
C13558,沈阳长青比优特店,陕西公司,沈阳战区,辽吉省区,沈阳办,关店,专卖店,加盟,综合体,23877192,518192496,,6016970764849,,986186368,7390331404574050354,6724909383596294891,,1,是
C13559,九江彭泽龙城菜场店,江西公司,九江战区,江西二区,九江办,暂停营业,专卖店,加盟,街铺,23779789,516927991,,6016965815849,,1900291181,7388356135671040011,3005022154446415908,2026030711077000000115137955|xiniu_xgc_bgc,1,是
C13560,济南八里桥渠道店,浙江公司,青岛战区,山东省区,济南办,关店,渠道店,加盟,特殊渠道,,,,,,,,,,1,
C13561,罗湖区国贸专卖店,广东公司,深圳战区,广东省区,龙岗办,关店,渠道店,加盟,商超,,,,,,,,,,1,
C13562,吉安安福铁井路店,江西公司,宜春战区,江西一区,吉安办,正常营业,专卖店,加盟,街铺,24218624,520510465,,6016987462849,,1824526370,7402832528828008482,3005084146301571330,2025112011077000000113725753|xiniu_xgc_bgc,1,是
C13563,海口观澜湖奥莱广场店,广东公司,海口战区,海南办,海南办,关店,专卖店,加盟,街铺,28745532,,16914065.0,6017235535849,,1984474181,7513434934413903912,,,1,是
C13565,龙岗葵坪鑫隆城专卖店,广东公司,深圳战区,广东省区,龙岗办,关店,专卖店,加盟,街铺,23781679,505519194,17146735.0,,601214,1590290047,7389085291190945827,,,1,是
C13566,福田中航购物城专卖店,广东公司,深圳战区,广东省区,龙岗办,关店,渠道店,加盟,商超,,,,,,,,,,1,
C13567,福田深南茂业专卖店,广东公司,深圳战区,广东省区,龙岗办,关店,渠道店,加盟,商超,,,,,,,,,,1,
C13568,重庆荣昌金科店,重庆公司,重庆战区,川渝省区,重庆办,关店,专卖店,加盟,街铺,27374465,502049615,,6016777884849,,960230680,6937781177470158863,,,1,是
C13569,荣昌莲花广场永辉店,重庆公司,重庆战区,川渝省区,重庆办,关店,专卖店,加盟,街铺,17820748,2096009644,,6016214145849,,1881320113,7255877284027729975,3003872391973904502,,1,是
C13570,四川达州仁和新城店,重庆公司,重庆战区,川渝省区,重庆办,关店,专柜店,加盟,综合体,23882976,516933178,,6016972445849,,757949702,7390677741051316250,3005022154450675800,,1,是
C13571,重庆荣昌东邦店,重庆公司,重庆战区,川渝省区,重庆办,关店,专卖店,加盟,街铺,27366461,502039679,16638068.0,6016778660849,,1605844178,6941190137422284836,,,1,是
C13572,荣昌南阳百货店,重庆公司,重庆战区,川渝省区,重庆办,关店,专卖店,加盟,街铺,17883086,,,6016212961849,,1362018863,7255889663607441442,,,1,是
C13573,三亚鸿洲时代广场店,广东公司,海口战区,海南办,海南办,正常营业,专卖店,加盟,街铺,24962237,522230200,,,,,,,,1,是
C13574,不使用,江西公司,南昌战区,江西一区,南昌一办,关店,,直营,,,,,,,,,,,1,
C13575,上饶余干梅港店,江西公司,南昌二战区,江西二区,景德镇办,正常营业,专卖店,加盟,街铺,,,,,,1536868396,6601137984441944072,,2025112011077000000113663754|xiniu_xgc_bgc,1,是
C13578,鹰潭龙虎山上清古镇店,江西公司,抚州战区,江西一区,鹰抚办,关店,专卖店,加盟,街铺,,,,6017186421849,,1554521693,7392056993860552754,,,1,是
C13579,苏州青剑湖龙湖店,浙江公司,苏州战区,江苏省区,苏州办,关店,专卖店,加盟,综合体,24084350,520465096,15905466.0,6016981670849,,,,,,1,是
C13580,贵州修文南（贵阳方向)店,重庆公司,贵阳战区,云贵省区,贵阳办,暂停营业,专卖店,加盟,交通枢纽,,,,,,,,,,1,是
C13581,贵州修文南（成都方向）店,重庆公司,贵阳战区,云贵省区,贵阳办,正常营业,专卖店,加盟,交通枢纽,,,,,,,,,,1,是
C13582,上海路爱购广场,江西公司,南昌一战区,江西一区,南昌二办,正常营业,专卖店,加盟,街铺,24223240,2139545343,16130449.0,6016986957849,,648874082,7400314182345689107,3005098697530157125,2025111911077000000113661672|xiniu_xgc_bgc,1,是
C13583,常熟M会员店,浙江公司,苏州战区,江苏省区,南京办,关店,专卖店,加盟,综合体,23750354,517077846,,6016964643849,,1280071950,7392888888315873306,,,1,是
C13585,佛山北滘新英佳广场专卖店,广东公司,广州战区,广东省区,广佛办,关店,专卖店,加盟,商超,23974911,336873858,14725168.0,6017132440849,,964671276,6806132830695950344,,,1,是
C13586,福州南站店,江西公司,福州战区,福建省区,福州办,正常营业,专卖店,加盟,高势能,25371016,522317169,15967913.0,6017111622849,,589644565,7431522882246674470,3005313690121212475,,1,是
C13587,济南春风渠道店,浙江公司,青岛战区,山东省区,济南办,关店,渠道店,加盟,特殊渠道,,,,,,,,,,1,
C13588,济南花都渠道店,浙江公司,青岛战区,山东省区,济南办,关店,渠道店,加盟,特殊渠道,,,,,,,,,,1,
C13589,萍乡天虹店,江西公司,宜春战区,江西二区,宜春办,正常营业,专卖店,加盟,综合体,,,,6017126976849,,1529561285,6873439232392775688,3003363508637738242,,1,是
C13590,赣州万象城金街店,江西公司,赣州战区,江西一区,赣州办,暂停营业,专卖店,加盟,综合体,24420792,521520021,15968039.0,6016984438849,,738380519,7398837664817874959,,2025112011077000000113707660|xiniu_xgc_bgc,1,是
C13591,萍乡武功山美宜佳1店,江西公司,宜春战区,江西二区,宜春办,正常营业,专卖店,加盟,交通枢纽,,,,,,,,,,1,
C13592,南山西丽宝能城西区专卖店,广东公司,深圳战区,广东省区,宝安办,关店,专卖店,加盟,街铺,18929298,511445318,14876902.0,6016472193849,,513149725,7288903551487576120,3004138756216693256,2026031311077000000115349309|xiniu_xgc_bgc,1,是
C13593,直属宝安福永怀德地铁专卖店,广东公司,深圳战区,广东省区,宝安办,关店,专卖店,直营,街铺,,,,,,,,,,1,
C13595,三亚解放路步行街店,广东公司,海口战区,海南办,海南办,正常营业,专卖店,加盟,街铺,23929405,516988224,16914086.0,6016975446849,,1383295862,6757986514862426126,,2025111911077000000113619687|xiniu_xgc_bgc,1,是
C13596,赣州龙南市味鲜生渠道店,江西公司,赣州战区,江西一区,赣州办,关店,渠道店,加盟,街铺,,,,,,,,,,1,
C13598,赣州南康爱情海金街店,江西公司,赣州战区,江西一区,赣州办,正常营业,专卖店,加盟,街铺,25150687,522395517,,6017025003849,,651306941,,,2025112011077000000113710760|xiniu_xgc_bgc,1,是
C13599,高新海上传奇旺中旺,江西公司,南昌一战区,江西一区,南昌一办,关店,渠道店,加盟,商超,,,,,,,,,,1,
C13600,莲塘九颂荟家家乐,江西公司,南昌一战区,江西一区,南昌一办,关店,渠道店,加盟,商超,,,,,,,,,,1,
C13601,厦门思明莲花南路专卖店,江西公司,厦门战区,福建省区,闽南办,关店,专卖店,加盟,街铺,27889585,517008500,,6016978519849,,589233235,7394669294937704483,,,1,是
C13602, 贵阳观山湖中铁逸都店,重庆公司,贵阳战区,云贵省区,贵阳办,关店,专卖店,加盟,街铺,23964323,,,6016973882849,,516634635,6734334731472635912,3002272451249116610,,1,是
C13603,河南郑州信万永辉店,陕西公司,郑州战区,河南省区,郑州办,正常营业,经销,加盟,商超,,,,,,,,,,1,
C13605,义乌市苏溪镇中唐盛境店,浙江公司,杭州战区,浙江省区,金衢办,关店,专卖店,加盟,综合体,24031053,518227922,16638187.0,6016977925849,,1683178931,7396978830197393427,3005055510808373300,,1,是
C13606,重庆璧山中尚超市专柜店,重庆公司,重庆战区,川渝省区,重庆办,关店,专柜店,加盟,商超,,,,,,,,,,1,是
C13607,长春汇百家支农大街店,陕西公司,沈阳战区,辽吉省区,长春办,关店,专柜店,加盟,综合体,,,,,,,,,,1,是
C13608,肇庆大旺万洋众创城店,广东公司,广州战区,广东省区,广佛办,暂停营业,专卖店,加盟,特殊渠道,,,,6017197020849,,,,,,1,是
C13609,赣州龙南服务区东区店,江西公司,赣州战区,江西一区,赣州办,正常营业,专卖店,加盟,交通枢纽,,,,,,,,,,1,是
C13610,赣州龙南服务区西区店,江西公司,赣州战区,江西一区,赣州办,正常营业,专卖店,加盟,交通枢纽,,,,,,,,,,1,是
C13611,义乌楼下村中心广场店,浙江公司,杭州战区,浙江省区,金衢办,关店,专卖店,加盟,街铺,23884038,519261302,16638107.0,6016969758849,,1766542201,7393554293397129226,,,1,是
C13612,广州从化木棉服务区店,广东公司,广州战区,广东省区,广佛办,暂停营业,专卖店,加盟,交通枢纽,,,,,,,,,,1,是
C13613,广州从化木棉服务南区专卖店,广东公司,广州战区,广东省区,广佛办,关店,专卖店,加盟,交通枢纽,,,,,,,,,,1,是
C13615,直属南山科技园卫星店,广东公司,深圳战区,广东省区,宝安办,关店,渠道店,直营,特殊渠道,24260516,522335064,,,,,,,,1,是
C13616,新余美宜佳龙潭州路店,江西公司,宜春战区,江西一区,丰新办,关店,专柜店,加盟,街铺,,,,,,,,,,1,
C13617,鹰抚白领新村多乐购超市店,江西公司,抚州战区,江西一区,鹰抚办,正常营业,专卖店,加盟,商超,24693687,520456347,17904390.0,6017026502849,,630690889,7246768122839975968,,2025111911077000000113702664|xiniu_xgc_bgc,1,是
C13618,广州花都太子街店,广东公司,广州战区,广东省区,广佛办,正常营业,专卖店,加盟,街铺,24081836,520705068,14725301.0,6016981850849,,573310818,7396859498939287567,3005103663570364180,2025112011077000000113732707|xiniu_xgc_bgc,1,是
C13619,重庆新纪元永辉专柜店,重庆公司,重庆战区,川渝省区,重庆办,关店,专柜店,加盟,商超,,,,,,,,,,1,
C13620,上海东福网渠道店,浙江公司,上海战区,上海省区,上海一办,关店,渠道店,加盟,特殊渠道,,,,,,,,,,1,
C13621,西安奥达文景观园店,陕西公司,西安战区,陕西省区,陕西外阜办,关店,专卖店,加盟,商超,,,,,,,,,,1,是
C13622,吉安县幸福家园店,江西公司,赣州战区,江西一区,吉安办,正常营业,专卖店,加盟,街铺,24182680,520545381,15968043.0,6016987003849,,1743055073,7400333141912586277,3005076060875072825,2025112011077000000113745619|xiniu_xgc_bgc,1,是
C13623,台州天台商业街专卖店,浙江公司,杭州战区,福建省区,浙南办,关店,专卖店,加盟,街铺,24027080,,,6016976684849,,1225411335,7394706210626209803,3005041946684462341,,1,是
C13625,青岛战区青岛利群便利市北渠道店,浙江公司,青岛战区,山东省区,青岛办,关店,渠道店,加盟,街铺,,,,,,,,,,1,
C13626,宜春新东门菜市场店,江西公司,宜春战区,江西二区,宜春办,关店,专卖店,加盟,街铺,,,,,,,6601153831130630148,3003115166840168713,,1,是
C13627,温州柳市现代广场旗舰店,浙江公司,杭州战区,福建省区,浙南办,正常营业,专卖店,加盟,街铺,5592170,166878222,15967945.0,6016982232849,,179499341,6678797723317176333,,2026031311077000000115320404|xiniu_xgc_bgc,1,是
C13628,福田岗厦村东一坊专卖店,广东公司,深圳战区,广东省区,龙岗办,关店,专卖店,加盟,街铺,5135035,145565976,14594548.0,6014159569849,,4616359,6601161418966304775,,,1,是
C13629,惠州潼湖专卖店,广东公司,东莞战区,广东省区,东莞办,关店,专卖店,加盟,街铺,25102507,521115932,14876899.0,6017032403849,,774313973,7401692104759445514,3005200642582385945,2025112011077000000113747599|xiniu_xgc_bgc,1,是
C13630,吉安遂川天际华庭店,江西公司,赣州战区,江西一区,吉安办,关店,专卖店,加盟,街铺,24559247,520755866,,,,1178678832,7434392164680861707,,,1,是
C13631,长沙步步高星城许昌品鲜店,江西公司,长沙战区,湖南省区,长沙办,正常营业,经销,加盟,商超,,,,,,,,,,1,
C13632,宜春新宝利超市店,江西公司,宜春战区,江西二区,宜春办,正常营业,专卖店,加盟,综合体,17450172,1149145721,16256712.0,6016222086849,,1259723999,7218009617589078071,3003731102586182106,,1,是
C13633,龙岗坂田江南时代广场专卖店,广东公司,深圳战区,广东省区,龙岗办,关店,专卖店,加盟,综合体,15426451,1112405667,,6017030488849,,882482811,7140947706972735503,,,1,是
C13635,广州增城新塘翡翠绿洲专卖店,广东公司,广州战区,广东省区,广佛办,关店,专卖店,加盟,街铺,24502063,1237250325,14520835.0,6017003185849,,1758917840,7404314215986497573,3005081623934575876,2026031611077000000115377446|xiniu_xgc_bgc,1,是
C13636,赣州泽丰中心天福渠道店,江西公司,赣州战区,江西一区,赣州办,关店,专柜店,加盟,街铺,,,,,,,,,,1,
C13637,抚州万达华润万家店,江西公司,抚州战区,江西一区,鹰抚办,关店,专柜店,加盟,综合体,,,,6016984369849,,1302164141,6601152680188446724,3005098504651182083,,1,是
C13638,直属福田连城新天地专卖店,广东公司,深圳战区,广东省区,龙岗办,关店,专卖店,直营,综合体,,,,,,,,,,1,是
C13639,西安高新大都荟盒马鲜生店,陕西公司,西安战区,陕西省区,陕西外阜办,关店,渠道店,加盟,特殊渠道,,,,,,,,,,1,
C13640,西安赛格超市店,陕西公司,西安战区,陕西省区,陕西外阜办,关店,渠道店,加盟,特殊渠道,,,,,,,,,,1,
C13641,九江修水马坳镇店,江西公司,九江战区,江西二区,九江办,暂停营业,专卖店,加盟,街铺,,,,6017185944849,,501703396,7534646546109827123,3005313817816703518,2025112011077000000113658764|xiniu_xgc_bgc,1,是
C13642,沈阳初禾社区团购店,陕西公司,沈阳战区,辽吉省区,沈阳办,关店,渠道店,加盟,特殊渠道,,,,,,,,,,1,
C13643,宜春奉新赤岸新樾府店,江西公司,南昌二战区,江西二区,宜春办,正常营业,专卖店,加盟,街铺,29564611,534050308,,6016981183849,,1670345086,7396879738012174372,3005067089752952892,,1,是
C13645,菏泽郓城乐家勋渠道店,浙江公司,青岛战区,山东省区,济南办,关店,渠道店,加盟,特殊渠道,,,,,,,,,,1,
C13646,合肥砂之船店,浙江公司,苏州战区,安徽办,安徽办,关店,专卖店,加盟,综合体,24218422,520400491,,6016987245849,,864067194,7400223277735479337,3005081402205410602,,1,是
C13647,广州龙归万民广场专卖店,广东公司,广州战区,广东省区,广佛办,关店,专卖店,加盟,商超,24390619,1234745493,16256724.0,6016996500849,,1373007330,7394690320581003276,3005050589708002641,,1,是
C13648,直属长沙市雨花区凯德广场店,江西公司,长沙战区,湖南省区,长沙办,关店,专卖店,直营,综合体,24694580,521115935,15861071.0,6017032615849,,740932826,6647297738188883982,3004342781508915783,,1,是
C13649,宝安西乡得丰榕湾汇专卖店,广东公司,深圳战区,广东省区,宝安办,关店,专卖店,加盟,街铺,21807907,517117007,17450637.0,6016943220849,,578432111,7379425702216468543,,,1,是
C13650,内蒙古扎兰屯专柜店,陕西公司,沈阳战区,吉黑省区,长春办,关店,专柜店,加盟,街铺,,,,,,,,,,1,是
C13651,济南章丘福康路渠道店,浙江公司,青岛战区,山东省区,济南办,关店,渠道店,加盟,特殊渠道,,,,,,,,,,1,
C13652,九江瑞昌扶贫超市渠道店,江西公司,九江战区,江西二区,九江办,关店,渠道店,加盟,特殊渠道,,,,,,,,,,1,
C13653,长春汇百家金宇大路店,陕西公司,沈阳战区,辽吉省区,长春办,关店,专柜店,加盟,街铺,24393330,,,,,,,,,1,是
C13655,河南范县服务区东店,陕西公司,郑州战区,河南省区,郑州办,关店,专柜店,加盟,交通枢纽,,,,,,,,,,1,是
C13656,青岛战区日照莒县惠万家渠道店,浙江公司,青岛战区,山东省区,青岛办,关店,渠道店,加盟,商超,,,,,,,,,,1,
C13657,青岛战区日照莒县慧世纪集团渠道店,浙江公司,青岛战区,山东省区,青岛办,关店,渠道店,加盟,商超,,,,,,,,,,1,
C13658,东营垦利明珠广场店,浙江公司,青岛战区,山东省区,济南办,关店,专卖店,加盟,综合体,28552145,,17904387.0,6017146318849,,1815566066,7306331178913499175,,,1,是
C13659,西安临潼华清池渠道店,陕西公司,西安战区,陕西省区,陕西外阜办,关店,渠道店,加盟,特殊渠道,,,,,,,,,,1,
C13660,新疆井冈红商贸有限公司,陕西公司,西安战区,陕西省区,陕西外阜办,关店,渠道店,加盟,特殊渠道,,,,,,,,,,1,
C13661,福州闽侯万家广场店,江西公司,福州战区,福建省区,福州办,关店,专卖店,加盟,综合体,24521516,520640403,,6016987611849,,1949797186,7146913698462828555,3002060330814513817,,1,是
C13662,贵州荔波商业步行街店,重庆公司,贵阳战区,云贵省区,贵阳办,关店,专卖店,加盟,街铺,24130630,520615265,16638121.0,6016984254849,,786706530,7398082706812176393,,,1,是
C13663,赣州大余胜利路店,江西公司,赣州战区,江西一区,赣州办,关店,专卖店,加盟,街铺,,,,,,,,,,1,是
C13665,泉州领SHOW天地专卖店,江西公司,厦门战区,福建省区,闽南办,关店,专卖店,加盟,综合体,26027269,,,6016987004849,,1893824724,7399578149828184116,,,1,是
C13666,青岛战区威海九龙城家家悦渠道店,浙江公司,青岛战区,山东省区,青岛办,关店,渠道店,加盟,商超,,,,,,,,,,1,
C13667,东营市东营区西二路银座店,浙江公司,青岛战区,山东省区,济南办,关店,渠道店,加盟,特殊渠道,,,,,,,,,,1,
C13668,河南固始悦合汇超市店,陕西公司,郑州战区,河南省区,郑州办,关店,渠道店,加盟,商超,,,,,,,,,,1,
C13669,吉安遂川粤客隆购物渠道店,江西公司,赣州战区,江西一区,吉安办,关店,渠道店,加盟,特殊渠道,,,,,,,,,,1,
C13670,吉安遂川鹏泰购物渠道店,江西公司,赣州战区,江西一区,吉安办,关店,渠道店,加盟,特殊渠道,,,,,,,,,,1,
C13671,九江曹家山专柜店,江西公司,九江战区,江西二区,九江办,关店,专柜店,加盟,街铺,,,,,,,,,,1,是
C13672,丰城粤客隆超市店,江西公司,南昌二战区,江西一区,丰新办,关店,专卖店,加盟,商超,24269595,520445554,,6016986777849,,927905882,7400311137428113447,3005089730162069770,,1,是
C13673,直属杭州城西银泰店,浙江公司,杭州战区,浙江省区,杭州办,正常营业,专卖店,直营,综合体,24396182,1239701517,15967997.0,6016997181849,,603099824,7403974522598066202,,2025112011077000000113618790|xiniu_xgc_bgc,1,是
C13675,河南内乡壹加壹广场店,陕西公司,郑州战区,河南省区,郑州办,关店,渠道店,加盟,综合体,,,,,,,,,,1,
C13676,河南郑州瀚海海尚永辉店,陕西公司,郑州战区,河南省区,郑州办,正常营业,经销,加盟,综合体,,,,,,,,,,1,
C13677,连云港千庄超市店,浙江公司,苏州战区,江苏省区,南京办,关店,渠道店,加盟,商超,,,,,,,,,,1,是
C13678,龙岗布吉万象汇华润店,广东公司,深圳战区,广东省区,龙岗办,正常营业,专卖店,加盟,商超,24391368,521145187,14594574.0,6016997686849,,1168840423,7404766421953021952,3005118649796661847,2025112011077000000113653777|xiniu_xgc_bgc,1,是
C13679,东营市东营区东三路银座店,浙江公司,青岛战区,山东省区,济南办,关店,渠道店,加盟,特殊渠道,,,,,,,,,,1,
C13680,西安丝路欢乐世界景区店,陕西公司,西安战区,陕西省区,陕西外阜办,正常营业,经销,加盟,交通枢纽,27374270,,,,,1507520894,,,,1,是
C13681,青岛战区青岛重庆路家家悦渠道店,浙江公司,青岛战区,山东省区,青岛办,关店,渠道店,加盟,商超,,,,,,,,,,1,
C13682,娄底市娄星区新外滩小区店,江西公司,长沙战区,湖南省区,株洲办,关店,专卖店,加盟,街铺,24634977,520616215,,6017000071849,,1077466185,7406648241712564263,3005126287481115725,,1,是
C13683,衡阳蒸湘万达精彩生活店,江西公司,长沙战区,湖南省区,衡邵办,关店,专柜店,加盟,综合体,24836621,522380204,16256704.0,6017045594849,,1082752246,,,,1,是
C13685,九江彭泽联盛超市店,江西公司,九江战区,江西二区,九江办,关店,专卖店,加盟,商超,24110001,520545234,,6016984602849,,1667050321,7140566625580910600,3003143545829036438,,1,是
C13686,宜春雷桥店,江西公司,宜春战区,江西二区,宜春办,关店,专卖店,加盟,街铺,24271442,520440547,,6017000509849,,,7363150003876923401,3004967888714016013,,1,是
C13687,温州南站商业街专卖店,浙江公司,杭州战区,福建省区,浙南办,关店,专卖店,加盟,高势能,,,,,,,,,,1,
C13688,安徽肥东伟星店,浙江公司,苏州战区,安徽办,安徽办,关店,专卖店,加盟,综合体,,,,,,,,,,1,是
C13689,抚南黎川家家乐超市店,江西公司,抚州战区,江西一区,鹰抚办,关店,渠道店,加盟,特殊渠道,,,,,,,,,,1,
C13690,景德镇日新商贸有限公司,江西公司,九江战区,江西二区,景德镇办,关店,渠道店,加盟,商超,,,,,,,,,,1,
C13691,抚州赣东学院店,江西公司,抚州战区,江西一区,鹰抚办,关店,专卖店,加盟,街铺,,,,,,,,,,1,是
C13692,九江瑞昌圣门路店,江西公司,九江战区,江西二区,九江办,正常营业,专卖店,加盟,街铺,,,,6016998669849,,1806005003,7407359915494213647,,2025112011077000000113626775|xiniu_xgc_bgc,1,是
C13693,鹰潭天虹店,江西公司,抚州战区,江西一区,鹰抚办,正常营业,专卖店,加盟,商超,25576184,,16638055.0,,,1953157623,6966523041635371039,,2025111911077000000113646691|xiniu_xgc_bgc,1,是
C13695,大连渠道店,陕西公司,沈阳战区,辽吉省区,大连办,关店,渠道店,加盟,特殊渠道,,,,,,,,,,1,
C13696,北京永辉超市1店,陕西公司,北京战区,京津冀省区,北京办,关店,渠道店,加盟,特殊渠道,,,,,,,,,,1,
C13697,北京永辉超市2店,陕西公司,北京战区,京津冀省区,北京办,关店,渠道店,加盟,特殊渠道,,,,,,,,,,1,
C13698,四川自贡梵华店,重庆公司,重庆战区,川渝省区,重庆办,关店,专柜店,加盟,综合体,24334630,520500586,,6016995645849,,1205929135,7403621694432086070,3005104116656575572,,1,是
C13699,西安亚惠餐饮管理有限公司锦业路餐厅,陕西公司,西安战区,陕西省区,陕西外阜办,正常营业,经销,加盟,特殊渠道,,,,,,,,,,1,
C13700,吉安县富川路国光店,江西公司,赣州战区,江西一区,吉安办,正常营业,专卖店,加盟,综合体,25987113,,,6017197019849,,1386469313,7448903200213567538,,2026030411077000000115165714|xiniu_xgc_bgc,1,是
C13701,赣州信丰一清路专柜店,江西公司,赣州战区,江西一区,赣州办,关店,专柜店,加盟,街铺,,,,,,,,,,1,是
C13702,直属师大旺中旺店,江西公司,南昌一战区,江西二区,南昌三办,关店,渠道店,连锁商超,商超,,,,,,,,,,1,
C13703,山西太原富力广场店,陕西公司,西安战区,山西办,山西办,关店,渠道店,加盟,综合体,,,,,,,,,,1,
C13705,山西榆次漫乐城店,陕西公司,西安战区,山西办,山西办,关店,渠道店,加盟,综合体,,,,,,,,,,1,
C13706,龙华清湖益田假日专卖店,广东公司,深圳战区,广东省区,宝安办,关店,专卖店,加盟,街铺,,,,,,,,,,1,
C13707,宁波万达店,浙江公司,杭州战区,浙江省区,杭州办,关店,渠道店,加盟,特殊渠道,,,,,,,,,,1,
C13708,宁波金沙码头奥莱公园店,浙江公司,杭州战区,浙江省区,杭州办,关店,渠道店,加盟,特殊渠道,,,,,,,,,,1,
C13709,宜春万载城北路店,江西公司,宜春战区,江西二区,宜春办,正常营业,专卖店,加盟,街铺,26365168,525105911,,6015165232849,,1452252574,6936668502883305503,6724909544100574202,2026030411077000000115189779|xiniu_xgc_bgc,1,是
C13710,宜春上高农贸市场店,江西公司,宜春战区,江西二区,宜春办,关店,专卖店,加盟,街铺,24333944,521145123,16389407.0,6016994631849,,671615025,7403204164014049290,3005112125390692386,,1,是
C13711,贵阳美的林城（合力渠道）店,重庆公司,贵阳战区,云贵省区,贵阳办,关店,渠道店,加盟,特殊渠道,,,,,,,,,,1,
C13712,南山西丽珠光华润专卖店,广东公司,深圳战区,广东省区,宝安办,关店,专卖店,加盟,综合体,24942639,523100843,14317839.0,6017059172849,,1840285388,7419189164161108031,,,1,是
C13713,宝安新安勤诚达沃尔玛专卖店,广东公司,深圳战区,广东省区,宝安办,关店,专卖店,加盟,综合体,25321599,522232127,16384123.0,6017110337849,,1586095113,7233598732913084471,,,1,是
C13715,景德镇乐平人民中路菜场店,江西公司,抚州战区,江西二区,景德镇办,关店,专卖店,加盟,街铺,24833441,522785077,,6017046891849,,1363158259,7403211276557027364,3005123334405035055,,1,是
C13716,景德镇十八桥店,江西公司,九江战区,江西二区,景德镇办,正常营业,专卖店,加盟,街铺,24474151,521470472,17390585.0,6017002145849,,1832027061,7407697108490258470,3005138645920489482,2025112011077000000113615856|xiniu_xgc_bgc,1,是
C13717,东莞高埗万和广场专卖店,广东公司,东莞战区,广东省区,东莞办,关店,专卖店,加盟,街铺,24883694,522340184,16256734.0,6017051771849,,1944969016,6601247687675217934,3005220254131298317,,1,是
C13718,宝安新桥万丰海岸城专卖店,广东公司,深圳战区,广东省区,宝安办,关店,专卖店,加盟,综合体,,,,,,,,,,1,是
C13719,陵水海旺隆店,广东公司,海口战区,海南办,海南办,关店,专柜店,加盟,商超,,,,,,,,,,1,是
C13720,陕西咸阳国际财富中心店,陕西公司,西安战区,陕西省区,陕西外阜办,关店,专卖店,加盟,综合体,,,,,,,,,,1,是
C13721,武宣大洋城店,广东公司,南宁战区,广西省区,柳桂办,正常营业,专卖店,加盟,综合体,24560207,520600978,16638091.0,6017007338849,,1584614533,7409938696155170831,,2026031611077000000115280542|xiniu_xgc_bgc,1,是
C13722,南平光泽中山路店,福建公司,福州战区,福建省区,,正常营业,专卖店,加盟,街铺,24475421,,,,,,,,,,
C13723,娄底市娄星区吾悦广场店,江西公司,长沙战区,湖南省区,株洲办,关店,专卖店,加盟,综合体,,,,,,,,,,1,
C13725,枣庄爱客君悦府店,浙江公司,青岛战区,山东省区,济南办,关店,渠道店,加盟,特殊渠道,,,,,,,,,,1,
C13726,枣庄爱客东山店,浙江公司,青岛战区,山东省区,济南办,关店,渠道店,加盟,特殊渠道,,,,,,,,,,1,
C13727,枣庄爱客龙潭店,浙江公司,青岛战区,山东省区,济南办,关店,渠道店,加盟,特殊渠道,,,,,,,,,,1,
C13728,枣庄爱客星空店,浙江公司,青岛战区,山东省区,济南办,关店,渠道店,加盟,特殊渠道,,,,,,,,,,1,
C13729,枣庄爱客旗舰店,浙江公司,青岛战区,山东省区,济南办,关店,渠道店,加盟,特殊渠道,,,,,,,,,,1,
C13730,吉安县乐禾食品渠道店,江西公司,赣州战区,江西一区,吉安办,关店,渠道店,加盟,特殊渠道,,,,,,,,,,1,
C13731,长春佳园路佳园市场店,陕西公司,沈阳战区,辽吉省区,长春办,关店,专卖店,加盟,商超,24473770,521155460,,6017007215849,,1305572798,7406654073593661466,3005113227661283651,,1,是
C13732,河南郑州裕华广场永辉店,陕西公司,郑州战区,河南省区,郑州办,正常营业,经销,加盟,综合体,,,,,,,,,,1,
C13733,广州黄埔佳兆业城市广场专卖店,广东公司,广州战区,广东省区,广佛办,关店,专柜店,加盟,街铺,24473249,520666003,,6017001539849,,1481251445,7406620498852841512,3005126094262642483,,1,是
C13735,湖北罗田今天超市店,江西公司,九江战区,湖北办,湖北办,正常营业,经销,加盟,商超,,,,,,,,,,1,
C13736,河南范县服务区西店,陕西公司,郑州战区,河南省区,郑州办,关店,专柜店,加盟,交通枢纽,,,,,,,,,,1,是
C13737,青岛战区龙口振超商贸龙港渠道店,浙江公司,青岛战区,山东省区,青岛办,关店,渠道店,加盟,街铺,,,,,,,,,,1,
C13738,广西贵港高铁站专柜店,广东公司,南宁战区,广西省区,南宁办,关店,专柜店,加盟,高势能,,,,,,,,,,1,是
C13739,景德镇珠山大道店,江西公司,九江战区,江西二区,景德镇办,关店,专卖店,加盟,街铺,24503600,522230292,,6017001855849,,693619143,7407735421746022409,3003113286694118603,,1,是
C13740,青岛战区开发区香江路专卖店,浙江公司,青岛战区,山东省区,青岛办,关店,专卖店,加盟,综合体,,,,,,,,,,1,
C13741,陕西铜川职业技术学院渠道店,陕西公司,西安战区,陕西省区,陕西外阜办,关店,渠道店,加盟,特殊渠道,,,,,,,,,,1,
C13742,赣州信丰国光专卖店,江西公司,赣州战区,江西一区,赣州办,关店,专卖店,加盟,商超,24716280,520661327,,6017033962849,,606426698,7413630826388129803,3002029170317037917,,1,是
C13743,苏州金鹰奥特莱斯店,浙江公司,苏州战区,江苏省区,苏州办,关店,专卖店,加盟,综合体,24915620,522195216,15905471.0,6017053884849,,1824091253,7036297617071933471,3002174200542077642,,1,是
C13745,澄迈洪都购物广场店,广东公司,海口战区,海南办,海南办,正常营业,专卖店,加盟,综合体,24714860,520555918,15905517.0,6016999777849,,904209799,7325196885407303721,3005121473307222078,2025112011077000000113752266|xiniu_xgc_bgc,1,是
C13746,上海金山枫泾枫阳路店,浙江公司,上海战区,上海省区,上海一办,关店,专卖店,加盟,街铺,24690908,520555893,15905427.0,6017007522849,,1098908692,7409903938536753189,3005164199530632270,,1,是
C13747,吉安县城东菜场店,江西公司,赣州战区,江西一区,吉安办,正常营业,专卖店,加盟,街铺,24938784,521595814,16189123.0,6017023906849,,1323520664,7412126868553336851,3005164025387589633,2025112011077000000113727718|xiniu_xgc_bgc,1,是
C13748,西安永辉中贸店,陕西公司,西安战区,陕西省区,陕西外阜办,正常营业,经销,加盟,商超,,,,,,,,,,1,
C13749,陕西宝鸡众鑫超市宝成店,陕西公司,西安战区,陕西省区,陕西外阜办,关店,专卖店,加盟,商超,,,,,,,,,,1,是
C13750,陕西宝鸡众鑫超市九龙新城店,陕西公司,西安战区,陕西省区,陕西外阜办,关店,专卖店,加盟,商超,,,,,,,,,,1,是
C13751,陕西宝鸡众鑫超市福园店,陕西公司,西安战区,陕西省区,陕西外阜办,关店,专卖店,加盟,商超,,,,,,,,,,1,是
C13752,甘肃平凉众鑫超市华亭广场店,陕西公司,西安战区,陕西省区,兰州办,关店,专卖店,加盟,商超,,,,,,,,,,1,是
C13753,甘肃平凉众鑫超市华亭义宁店,陕西公司,西安战区,陕西省区,兰州办,关店,专卖店,加盟,商超,,,,,,,,,,1,是
C13755,青岛战区龙口振超商贸黄城渠道店,浙江公司,青岛战区,山东省区,青岛办,关店,渠道店,加盟,街铺,,,,,,,,,,1,
C13756,鲅鱼圈真实惠店,陕西公司,沈阳战区,辽吉省区,大连办,关店,渠道店,加盟,商超,,,,,,,,,,1,
C13757,福田连城新天地店,广东公司,深圳战区,广东省区,龙岗办,正常营业,专卖店,加盟,综合体,24750712,524800597,14298510.0,6017142620849,,1048813370,7448880374781839398,3005461250204868878,2025112011077000000113657789|xiniu_xgc_bgc,1,是
C13758,直属西安大都荟盒马鲜生店,陕西公司,西安战区,陕西省区,西安办,关店,专卖店,直营,商超,,,,,,,,,,1,
C13759,贵阳世纪金源渠道店,重庆公司,贵阳战区,云贵省区,贵阳办,关店,渠道店,加盟,商超,,,,,,,,,,1,
C13760,广州一里路商贸有限公司广州南站一店,广东公司,广州战区,广东省区,广佛办,关店,专柜店,加盟,高势能,,,,,,,,,,1,是
C13761,仪陇县非凡专柜店,重庆公司,重庆战区,川渝省区,重庆办,关店,专柜店,加盟,街铺,,,,6017035193849,,823059067,,3005185991369795666,,1,是
C13762,云南瑞铁商贸有限公司二店,重庆公司,贵阳战区,云贵省区,昆明办,正常营业,经销,加盟,高势能,,,,,,,,,,1,
C13763,安徽合肥联家渠道店,浙江公司,苏州战区,安徽办,安徽办,关店,渠道店,加盟,特殊渠道,,,,,,,,,,1,
C13765,中山坦洲十四村三乐专卖店,广东公司,广州战区,广东省区,中珠办,关店,专卖店,加盟,综合体,25024440,522255216,15967954.0,6017078551849,,765403732,7426231808813729831,3002815545936482650,,1,是
C13766,景德镇陶瓷大学专柜店,江西公司,九江战区,江西二区,景德镇办,关店,专柜店,加盟,特殊渠道,,,,,,,,,,1,
C13767,南昌工学院超市,江西公司,南昌一战区,江西一区,南昌一办,关店,渠道店,加盟,街铺,,,,,,,,,,1,
C13768,抚南乐安隆文生鲜渠道店,江西公司,抚州战区,江西一区,鹰抚办,关店,渠道店,加盟,特殊渠道,,,,,,,,,,1,
C13769,抚南宜黄学前街二店,江西公司,抚州战区,江西一区,鹰抚办,关店,专卖店,加盟,街铺,24938585,522310216,,6017058868849,,1830409857,7424709853651683355,3005225946945497148,2025112011077000000113743648|xiniu_xgc_bgc,1,是
C13770,九江东至团结农贸市场店,江西公司,九江战区,江西二区,九江办,关店,专卖店,加盟,街铺,25183883,1245672578,,6017085653849,,1748772334,7411825700174301199,3005231182797087018,,1,是
C13771,青岛市北区社区渠道店,浙江公司,青岛战区,山东省区,青岛办,关店,渠道店,加盟,街铺,,,,,,,,,,1,
C13772,赣州瑞金新文化广场店,江西公司,赣州战区,江西一区,赣州办,正常营业,专卖店,加盟,街铺,,,,,,1625982643,7448870886839191606,,2025112011077000000113688721|xiniu_xgc_bgc,1,是
C13773,苏州第五人民医院职工食堂店,浙江公司,苏州战区,江苏省区,苏州办,关店,渠道店,加盟,特殊渠道,,,,,,,,,,1,
C13775,高安德清亿果联水果超市店,江西公司,南昌二战区,江西二区,宜春办,关店,专柜店,加盟,街铺,24834467,522735135,,6017046787849,,612630488,7291186243935684671,3004414297167467845,,1,是
C13776,长沙初莲超市卜蜂莲花凯德店,江西公司,长沙战区,湖南省区,长沙办,关店,渠道店,加盟,商超,,,,,,,,,,1,
C13777,永州市好好鲜生超市渠道店,江西公司,长沙战区,湖南省区,长沙办,关店,渠道店,加盟,商超,,,,,,,,,,1,
C13778,长沙永辉南京隆溢食品星沙店,江西公司,长沙战区,湖南省区,长沙办,关店,渠道店,加盟,综合体,,,,,,,,,,1,
C13779,永州市鑫桥百货超市渠道店,江西公司,长沙战区,湖南省区,长沙办,关店,渠道店,加盟,商超,,,,,,,,,,1,
C13780,长沙初莲超市卜蜂莲花星沙店,江西公司,长沙战区,湖南省区,长沙办,关店,渠道店,加盟,商超,,,,,,,,,,1,
C13781,吉安城建花园店,江西公司,赣州战区,江西一区,吉安办,正常营业,专卖店,加盟,综合体,24807477,521145980,16190095.0,6017040620849,,804233682,7415094696524908553,3005222469489135917,2025112011077000000113670726|xiniu_xgc_bgc,1,是
C13782,宜春上高团结路店,江西公司,宜春战区,江西二区,宜春办,正常营业,专卖店,加盟,街铺,,,,6017128087849,,960209652,6601149772038424589,6724909317283375042,2025111911077000000113704638|xiniu_xgc_bgc,1,是
C13783,直属洪都旺中旺店,江西公司,南昌一战区,江西二区,南昌三办,关店,渠道店,连锁商超,商超,,,,,,,,,,1,
C13785,光明区公明峰荟花园专卖店,广东公司,深圳战区,广东省区,龙岗办,关店,专卖店,加盟,街铺,25448201,522222066,15967952.0,6017112985849,,958174011,7432620466105223208,3005330670938333216,,1,是
C13786,惠州51新天地店,广东公司,东莞战区,广东省区,东莞办,正常营业,专卖店,加盟,综合体,25656898,1249317261,15905498.0,6017126081849,,1031157973,7426554966359164947,3005262816700503393,2025112011077000000113681710|xiniu_xgc_bgc,1,是
C13787,汕头高铁站专卖店,广东公司,东莞战区,广东省区,惠汕办,关店,专柜店,加盟,高势能,,,,,,,,,,1,是
C13788,青海西宁火车站店,陕西公司,西安战区,陕西省区,兰州办,关店,专卖店,加盟,高势能,,,,,,,,,,1,
C13789,四川广汉中国民用航空学院店,重庆公司,重庆战区,川渝省区,重庆办,关店,专卖店,加盟,特殊渠道,,,,,,,,,,1,是
C13790,四川广汉百伦广场店,重庆公司,重庆战区,川渝省区,重庆办,关店,专卖店,加盟,综合体,24715805,1245840122,,6017030777849,,966069678,7413590244307503138,3005177929943356484,,1,是
C13791,重庆荣昌西南大学美宜佳,重庆公司,重庆战区,川渝省区,重庆办,关店,渠道店,加盟,特殊渠道,,,,,,,,,,1,
C13792,龙华壹城中心五区专卖店,广东公司,深圳战区,广东省区,宝安办,关店,专卖店,加盟,街铺,,,,,,,,,,1,是
C13793,龙岗南湾宇宏花园专卖店,广东公司,深圳战区,广东省区,龙岗办,关店,专卖店,加盟,街铺,25576602,523550134,17210600.0,6017123783849,,594756976,7436700273987061794,,2025112011077000000113655782|xiniu_xgc_bgc,1,是
C13795,广州南站丰吉专柜2店,广东公司,广州战区,广东省区,广佛办,关店,专柜店,加盟,高势能,,,,,,,,,,1,是
C13796,安徽永辉东方大道渠道店,浙江公司,苏州战区,安徽办,安徽办,关店,渠道店,加盟,商超,,,,,,,,,,1,
C13797,鹰抚东乡美宜佳渠道店,江西公司,抚州战区,江西一区,鹰抚办,关店,渠道店,加盟,特殊渠道,,,,,,,,,,1,
C13798,上饶市嘉盛瑞商业贸易有限公司(嘉百乐恒基城市广场店）,江西公司,抚州战区,江西二区,上饶办,正常营业,经销,加盟,特殊渠道,,,,,,,,,,1,
C13799,直属杭州世纪联华新塘路渠道店,浙江公司,杭州战区,浙江省区,杭州办,关店,渠道店,直营,商超,,,,,,,,,,1,
C13800,宜春靖安仁首街店,江西公司,南昌二战区,江西二区,宜春办,正常营业,专卖店,加盟,街铺,,,,,,1188653007,6601146838651242504,,2025111911077000000113646694|xiniu_xgc_bgc,1,是
C13801,温州动车南站商业街店,浙江公司,杭州战区,福建省区,浙南办,关店,专柜店,加盟,高势能,,,,,,,,,,1,是
C13802,杭州滨江龙湖天街永辉内场店,浙江公司,杭州战区,浙江省区,杭州办,关店,渠道店,加盟,商超,,,,,,,,,,1,
C13803,青岛劲松路大润发店,浙江公司,青岛战区,山东省区,青岛办,暂停营业,专卖店,加盟,商超,25023533,522360190,16384019.0,6017068632849,,1507301903,7185015557899421707,3002145072422916586,2026031311077000000115275410|xiniu_xgc_bgc,1,是
C13805,广州肉联帮食品有限公司,广东公司,东莞战区,广东省区,东莞办,关店,渠道店,加盟,特殊渠道,,,,,,,,,,1,
C13806,龙华华贵金樽渠道店,广东公司,深圳战区,广东省区,宝安办,关店,渠道店,加盟,特殊渠道,,,,,,,,,,1,
C13807,桂林西站专柜2店,广东公司,南宁战区,广西省区,南宁办,关店,专柜店,加盟,高势能,,,,,,,,,,1,是
C13808,贵阳数博万达(合力渠道)店,重庆公司,贵阳战区,云贵省区,贵阳办,关店,渠道店,加盟,商超,,,,,,,,,,1,
C13809,东莞凤岗三两粉一店,广东公司,东莞战区,广东省区,东莞办,关店,渠道店,加盟,特殊渠道,,,,,,,,,,1,
C13810,广州番禺三两粉二店,广东公司,广州战区,广东省区,广佛办,关店,渠道店,加盟,特殊渠道,,,,,,,,,,1,
C13811,济南唐冶盛唐荟渠道店,浙江公司,青岛战区,山东省区,济南办,关店,渠道店,加盟,商超,,,,,,,,,,1,
C13812,直属云锦旺中旺店,江西公司,南昌一战区,江西二区,南昌三办,关店,渠道店,连锁商超,商超,,,,,,,,,,1,
C13813,安徽荟聚店,浙江公司,苏州战区,安徽办,安徽办,关店,专卖店,加盟,综合体,24963554,522285190,,6017060673849,,1469357065,7419630305675495443,,,1,是
C13815,赣州云星店,江西公司,赣州战区,江西一区,赣州办,关店,专卖店,加盟,街铺,,,,,,,,,,1,
C13816,直属旺中旺孺子路店,江西公司,南昌一战区,江西二区,南昌三办,关店,渠道店,连锁商超,商超,,,,,,,,,,1,
C13817,宜春阿猫电竞社,江西公司,宜春战区,江西二区,宜春办,关店,渠道店,加盟,街铺,,,,,,,,,,1,
C13818,东莞莞商联店,广东公司,东莞战区,广东省区,东莞办,关店,渠道店,加盟,特殊渠道,,,,,,,,,,1,
C13819,你好格格,重庆公司,重庆战区,川渝省区,重庆办,关店,渠道店,加盟,街铺,,,,,,,,,,1,
C13820,宁波宁海千里香混沌渠道店,浙江公司,杭州战区,浙江省区,杭州办,关店,渠道店,加盟,特殊渠道,,,,,,,,,,1,
C13821,上饶鄱阳建设路壹店,江西公司,九江战区,江西二区,景德镇办,正常营业,专卖店,加盟,街铺,1037542,,,6015167792849,164707,1534866891,7218756235997218855,6724909238428825277,2025112011077000000113718740|xiniu_xgc_bgc,1,是
C13822,直属合肥步行街店,浙江公司,苏州战区,安徽办,安徽办,正常营业,专卖店,直营,街铺,25321530,522337170,15905452.0,6017110042849,,1271272217,7283418659291138089,,2025111911077000000113654631|xiniu_xgc_bgc,1,是
C13823,福州东湖店,江西公司,福州战区,福建省区,福州办,正常营业,专卖店,加盟,街铺,28189647,531096193,17335900.0,6017053306849,,638494743,7304915066691553319,3005755924462805555,2025112011077000000113755260|xiniu_xgc_bgc,1,是
C13825,杭州钱江世纪城地铁商业街店,浙江公司,杭州战区,浙江省区,杭州办,关店,专卖店,加盟,交通枢纽,24915365,522235198,15967994.0,6017054953849,,1086846455,7047422418842814504,,,1,是
C13826,直属万寿宫带子街店,创新专项部,运营一组,江西名片战,江西名片战,正常营业,专卖店,直营,街铺,25028217,522335220,20492932.0,6017059610849,,1003412124,7424761433788942345,3005263119434945831,2025111911077000000113745532|xiniu_xgc_bgc,1,是
C13827,直属万寿宫棉花街晴天店,创新专项部,创新专项部,江西名片战,江西名片战,关店,专卖店,直营,街铺,25027942,522519203,,6017057795849,,830925073,7420694332895660084,3005226828444438809,,1,是
C13828,广西步步高渠道店,广东公司,南宁战区,广西省区,南宁办,关店,渠道店,加盟,商超,,,,,,,,,,1,
C13829,南山来福士购物广场专卖店,广东公司,深圳战区,广东省区,宝安办,关店,专卖店,加盟,综合体,25035611,522790090,14394337.0,6017060256849,,724742438,7416589020874704931,3005263256704521251,2025111911077000000113618702|xiniu_xgc_bgc,1,是
C13830,厦门翔安汇景专卖店,江西公司,厦门战区,福建省区,闽南办,关店,专卖店,加盟,街铺,27035588,522217269,17475285.0,6017123628849,,1766906806,7435850597179328553,,,1,是
C13831,呼和浩特渠道1店,陕西公司,北京战区,京津冀省区,北京办,关店,渠道店,加盟,特殊渠道,,,,,,,,,,1,
C13832,呼和浩特渠道2店,陕西公司,北京战区,京津冀省区,北京办,关店,渠道店,加盟,特殊渠道,,,,,,,,,,1,
C13833,莫邪路专柜店,浙江公司,苏州战区,江苏省区,苏州办,关店,专柜店,加盟,街铺,,,,,,,,,,1,
C13835,山西介休家家利时代广场店,陕西公司,西安战区,山西办,山西办,关店,专卖店,加盟,综合体,,,,,,,,,,1,是
C13836,鹰潭好又多超市夏埠店,江西公司,抚州战区,江西一区,鹰抚办,关店,专卖店,加盟,商超,,,,,,,,,,1,
C13837,山西介休家家利购物广场店,陕西公司,西安战区,山西办,山西办,关店,专卖店,加盟,综合体,,,,,,,,,,1,
C13838,大连宏浮桥店,陕西公司,沈阳战区,辽吉省区,大连办,关店,专柜店,加盟,街铺,,,,,,,,,,1,是
C13839,北京永辉超市陶然亭店,陕西公司,北京战区,京津冀省区,北京办,关店,渠道店,加盟,特殊渠道,,,,,,,,,,1,
C13840,北京永辉超市马家堡店,陕西公司,北京战区,京津冀省区,北京办,关店,渠道店,加盟,特殊渠道,,,,,,,,,,1,
C13841,北京永辉超市中骏世界城店,陕西公司,北京战区,京津冀省区,北京办,关店,渠道店,加盟,特殊渠道,,,,,,,,,,1,
C13842,贵阳云上方舟永辉渠道店,重庆公司,贵阳战区,云贵省区,贵阳办,关店,渠道店,加盟,商超,,,,,,,,,,1,
C13843,贵阳中铁国际永辉渠道店,重庆公司,贵阳战区,云贵省区,贵阳办,关店,渠道店,加盟,商超,,,,,,,,,,1,
C13845,抚南南城城南店,江西公司,抚州战区,江西一区,鹰抚办,正常营业,专卖店,加盟,街铺,25373292,,15968034.0,6017081873849,,1881416202,7424743769893537846,3005263120868221252,2025112011077000000113747605|xiniu_xgc_bgc,1,是
C13846,上饶龟峰服务区,江西公司,抚州战区,江西二区,上饶办,关店,专卖店,加盟,交通枢纽,,,,,,,,,,1,是
C13847,抚南抚州展坪镇新街店,江西公司,抚州战区,江西一区,鹰抚办,正常营业,专卖店,加盟,街铺,,,,6017187130849,,1473493214,7417326541601769487,3005203400582500889,,1,是
C13848,萍乡鹅湖小区店,江西公司,宜春战区,江西二区,宜春办,关店,专卖店,加盟,街铺,,,,,,1011874762,7419262752654362661,,,1,是
C13849,吉安职业技术学院店,江西公司,赣州战区,江西一区,吉安办,暂停营业,专卖店,加盟,特殊渠道,,,,6017183759849,,1503812517,7426265275571374116,,2025112011077000000113706781|xiniu_xgc_bgc,1,是
C13850,贵阳枫丹白鹭永辉渠道店,重庆公司,贵阳战区,云贵省区,贵阳办,关店,渠道店,加盟,商超,,,,,,,,,,1,
C13851,贵阳美的广场永辉渠道店,重庆公司,贵阳战区,云贵省区,贵阳办,关店,渠道店,加盟,商超,,,,,,,,,,1,
C13852,贵阳花果园大街永辉渠道店,重庆公司,贵阳战区,云贵省区,贵阳办,关店,渠道店,加盟,商超,,,,,,,,,,1,
C13853,贵阳腾龙湾广场永辉渠道店,重庆公司,贵阳战区,云贵省区,贵阳办,关店,渠道店,加盟,商超,,,,,,,,,,1,
C13855,贵阳观山湖万达永辉渠道店,重庆公司,贵阳战区,云贵省区,贵阳办,关店,渠道店,加盟,商超,,,,,,,,,,1,
C13856,贵阳新添大道永辉渠道店,重庆公司,贵阳战区,云贵省区,贵阳办,关店,渠道店,加盟,商超,,,,,,,,,,1,
C13857,贵阳云泰广场永辉渠道店,重庆公司,贵阳战区,云贵省区,贵阳办,关店,渠道店,加盟,商超,,,,,,,,,,1,
C13858,贵阳恒峰永辉渠道店,重庆公司,贵阳战区,云贵省区,贵阳办,关店,渠道店,加盟,商超,,,,,,,,,,1,
C13859,贵阳花果园永辉渠道店,重庆公司,贵阳战区,云贵省区,贵阳办,关店,渠道店,加盟,商超,,,,,,,,,,1,
C13860,贵阳花溪大学城永辉渠道店,重庆公司,贵阳战区,云贵省区,贵阳办,关店,渠道店,加盟,商超,,,,,,,,,,1,
C13861,贵阳花溪万科大都会永辉渠道店,重庆公司,贵阳战区,云贵省区,贵阳办,关店,渠道店,加盟,商超,,,,,,,,,,1,
C13862,赣州华欣小区专柜店,江西公司,赣州战区,江西一区,赣州办,关店,专柜店,加盟,街铺,,,,,,,,,,1,是
C13863,中山大涌旗山路专卖店,广东公司,广州战区,广东省区,中珠办,关店,专卖店,加盟,街铺,25320911,1250336854,15967903.0,6017102330849,,1539048859,7425497961590687780,3005313793048941833,,1,是
C13865,珠海横琴宝中路店,广东公司,广州战区,广东省区,中珠办,正常营业,专卖店,加盟,街铺,25364213,522367143,15967916.0,6017111036849,,159163700,6601272070313609229,3005104626210541902,,1,是
C13866,安徽滁州万达店,浙江公司,苏州战区,安徽办,安徽办,关店,专卖店,加盟,综合体,,,,,,,,,,1,是
C13867,直属河南郑州正弘城店,陕西公司,郑州战区,河南省区,郑州办,关店,专卖店,直营,综合体,,,,,,,,,,1,
C13868,屯昌文化路专卖店,广东公司,海口战区,海南办,海南办,关店,专卖店,加盟,街铺,25024186,,,6017073768849,,1762240166,7417357317522098213,,,1,是
C13869,河南周口万果园五一广场店,陕西公司,郑州战区,河南省区,河南外阜办,关店,渠道店,加盟,商超,,,,,,,,,,1,
C13870,湖北黄梅晋梅广场店,江西公司,九江战区,湖北办,湖北办,关店,专卖店,加盟,街铺,27900234,,,,,,,,,1,是
C13871,日照蓝天家家悦店,浙江公司,青岛战区,山东省区,青岛办,关店,专卖店,加盟,商超,,,,,,,7416942853940578316,3005198054140842550,,1,
C13872,厦门湖里寨上专卖店,江西公司,厦门战区,福建省区,闽南办,关店,专卖店,加盟,街铺,24806258,521155994,,6017040057849,,1109123546,7414389629824010275,3005203234643153412,,1,是
C13873,贵州六盘水钟山川心小区店,重庆公司,贵阳战区,云贵省区,贵阳办,关店,专卖店,加盟,街铺,24915450,522315208,,6017055601849,,1615357384,7418404160670582784,3005217211995591689,,1,是
C13875,龙华玉翠KTV渠道店,广东公司,深圳战区,广东省区,宝安办,关店,渠道店,加盟,特殊渠道,,,,,,,,,,1,
C13876,吉安金鑫未来港店,江西公司,赣州战区,江西一区,吉安办,关店,专卖店,加盟,综合体,,,,6017112160849,,549807764,7325310895314176051,,,1,是
C13877,苏州相城龙湖天街店,浙江公司,苏州战区,江苏省区,苏州办,正常营业,专卖店,加盟,综合体,25023791,522205204,15967948.0,6017067494849,,1926502556,7420268821144930356,3004987161297261115,2025111911077000000113711591|xiniu_xgc_bgc,1,是
C13878,湘江百货长沙精彩生活超市店,江西公司,长沙战区,湖南省区,衡邵办,正常营业,经销,加盟,综合体,,,,,,,,,,1,
C13879,九江瑞昌奥园广场店,江西公司,九江战区,江西二区,九江办,关店,专卖店,加盟,街铺,,,,,,1483452775,7415846004739541046,,,1,是
C13880,赣州石城翡翠城专柜店,江西公司,赣州战区,江西一区,赣州办,关店,专柜店,加盟,街铺,25656421,522272902,,,,1641425241,7429199549556361242,,,1,是
C13881,宜春新青龙中山路店,江西公司,宜春战区,江西二区,宜春办,正常营业,专卖店,加盟,商超,,,,,,,,,,1,是
C13882,萍乡金御天下店,江西公司,宜春战区,江西二区,宜春办,暂停营业,专卖店,加盟,街铺,25379857,522560775,,6017113838849,,947474582,7418805471798102050,3005226029487038723,2025111911077000000113709622|xiniu_xgc_bgc,1,是
C13883,不使用门店,浙江公司,青岛战区,山东省区,济南办,关店,,加盟,,,,,,,,,,,1,
C13885,福州公园道永辉店,江西公司,福州战区,福建省区,福州办,正常营业,经销,加盟,商超,,,,,,,,,,1,
C13886,衡阳香江百货蒸湘万达店,江西公司,长沙战区,湖南省区,衡邵办,正常营业,经销,加盟,商超,,,,,,,,,,1,
C13887,杭州滨江宝龙永辉内场店,浙江公司,杭州战区,浙江省区,杭州办,正常营业,经销,加盟,综合体,,,,,,,,,,1,
C13888,宜春秀江东路店,江西公司,宜春战区,江西二区,宜春办,关店,专柜店,加盟,街铺,,,,,,,,,,1,是
C13889,东莞松山湖科苑专卖店,广东公司,东莞战区,广东省区,东莞办,关店,专卖店,加盟,街铺,25365206,523072991,16256694.0,6017113507849,,1079408779,6601196444617541636,,,1,是
C13890,济南槐荫和谐银座店,浙江公司,青岛战区,山东省区,济南办,关店,渠道店,加盟,商超,,,,,,,,,,1,
C13891,济南历下燕山银座店,浙江公司,青岛战区,山东省区,济南办,关店,渠道店,加盟,商超,,,,,,,,,,1,
C13892,西安大都荟盒马鲜生店,陕西公司,西安战区,陕西省区,陕西外阜办,正常营业,经销,加盟,商超,,,,,,,,,,1,
C13893,珠海香洲融德店,广东公司,广州战区,广东省区,中珠办,正常营业,专卖店,加盟,综合体,25183630,522265549,16914064.0,6017084871849,,1025471198,7424824873421113379,3005265520512311299,2025111911077000000113703611|xiniu_xgc_bgc,1,是
C13895,湘潭易俗河步步高星城许昌品鲜店,江西公司,长沙战区,湖南省区,株洲办,正常营业,经销,加盟,商超,,,,,,,,,,1,
C13896,长沙砂之船步步高星城许昌品鲜店,江西公司,长沙战区,湖南省区,衡邵办,正常营业,经销,加盟,综合体,,,,,,,,,,1,
C13897,杭州M511光影汇店,浙江公司,杭州战区,浙江省区,杭州办,关店,专柜店,加盟,综合体,25023181,1249233535,,6017067389849,,1917904062,7424382344078821416,,,1,是
C13898,上饶望仙谷店,江西公司,抚州战区,江西二区,上饶办,关店,专卖店,加盟,街铺,25576209,,,6017126838849,,1453568768,7428043226478544923,,,1,是
C13899,呼和浩特机场机场店,陕西公司,北京战区,京津冀省区,北京办,正常营业,专卖店,加盟,高势能,,,,,,,,,,1,
C13900,深圳华擎产业公司渠道店,广东公司,深圳战区,广东省区,宝安办,关店,渠道店,加盟,特殊渠道,,,,,,,,,,1,
C13901,贵港市万达店,广东公司,南宁战区,广西省区,南宁办,关店,专卖店,加盟,综合体,25327655,522287165,16384026.0,6017107397849,,1771945110,7428838373655054362,3005302430506952728,2025112011077000000113648765|xiniu_xgc_bgc,1,是
C13902,直属苏州新光天地店,浙江公司,苏州战区,江苏省区,苏州办,关店,专卖店,直营,综合体,,,,,,,,,,1,
C13903,赣州会昌九洲国际专柜店,江西公司,赣州战区,江西一区,赣州办,关店,专柜店,加盟,街铺,,,,,,,,,,1,是
C13905,美宜佳江西应用科技学院店,江西公司,南昌一战区,江西一区,南昌一办,关店,专柜店,加盟,特殊渠道,,,,,,,,,,1,
C13906,龙岗坪山沙壆店,广东公司,深圳战区,广东省区,龙岗办,正常营业,专卖店,加盟,街铺,6501663,500943648,14594561.0,6014159663849,299739,190390608,6647107123274647565,4003340566349521285,2026031311077000000115390253|xiniu_xgc_bgc,1,是
C13907,浙江公司大润发润发工坊店,浙江公司,上海战区,上海省区,上海一办,关店,渠道店,加盟,特殊渠道,,,,,,,,,,1,
C13908,直属湖北武汉盒马渠道平台,江西公司,九江战区,湖北办,湖北办,关店,渠道店,连锁商超,商超,,,,,,,,,,1,
C13909,都匀工人路步行街店,重庆公司,贵阳战区,川渝省区,贵阳办,关店,专卖店,加盟,街铺,25321005,522387130,,6017101996849,,721438114,7431126330164381696,3005302436376684550,,1,是
C13910,不使用,江西公司,抚州战区,江西一区,鹰抚办,关店,,加盟,,,,,,,,,,,1,
C13911,惠州深鹏广场专卖店,广东公司,东莞战区,广东省区,东莞办,关店,专卖店,加盟,街铺,1250341674,1250341674,,6017136250849,,876960741,7421385901768443915,,,1,是
C13912,娄底市娄星区吾悦广场旗舰店,江西公司,长沙战区,湖南省区,株洲办,正常营业,专卖店,加盟,综合体,25503984,1253901646,17390514.0,6017122286849,,627648811,7432911366077286436,,2025111911077000000113737597|xiniu_xgc_bgc,1,是
C13913,直属上海杨浦五角场万达店,浙江公司,上海战区,上海省区,上海一办,正常营业,专卖店,直营,综合体,25577050,523675771,15385827.0,6017123338849,,1818494317,7435138031650080780,,2026031311077000000115292434|xiniu_xgc_bgc,1,是
C13915,长沙芙蓉南路天虹商场店,江西公司,长沙战区,湖南省区,衡邵办,关店,专柜店,加盟,综合体,25240806,522215540,15861063.0,6017106015849,,1475924550,6601270270994941959,6724909500238523871,,1,是
C13916,光明区公明李松蓢专卖店,广东公司,深圳战区,广东省区,龙岗办,关店,专卖店,加盟,街铺,25184581,522270536,,6017093625849,,1192032073,7422169246950262810,,,1,是
C13917,赣州稼轩路专柜店,江西公司,赣州战区,江西一区,赣州办,关店,专柜店,加盟,街铺,,,,,,,,,,1,是
C13918,厦门高崎机场T3专柜店,江西公司,厦门战区,福建省区,闽南办,关店,专柜店,加盟,高势能,,,,,,,,,,1,是
C13919,厦门高崎机场T4专柜二店,江西公司,厦门战区,福建省区,闽南办,关店,专柜店,加盟,高势能,,,,,,,,,,1,是
C13920,厦门高崎机场T4一店,江西公司,厦门战区,福建省区,闽南办,正常营业,专卖店,加盟,高势能,,,,,,,,,,1,是
C13921,金华东阳世纪如海购物中心店,浙江公司,杭州战区,浙江省区,金衢办,关店,专柜店,加盟,综合体,25102721,522350332,,6017085209849,,1087559316,7425947652619798568,,,1,是
C13922,泉州朴里服务区厦门方向店,江西公司,厦门战区,福建省区,闽南办,关店,专卖店,加盟,交通枢纽,,,,,,,,,,1,是
C13923,泉州朴里服务区福州方向店,江西公司,厦门战区,福建省区,闽南办,关店,专卖店,加盟,交通枢纽,,,,,,,,,,1,是
C13925,南昌飞行学院,江西公司,南昌一战区,江西一区,南昌一办,关店,专柜店,加盟,特殊渠道,,,,,,,,,,1,
C13926,长沙雨花区星城天地专卖店,江西公司,长沙战区,湖南省区,衡邵办,关店,专柜店,加盟,街铺,25379806,1249301752,,6017111576849,,1630771807,7421404866745993253,,,1,是
C13927,昆明世纪金源永辉超市渠道店,重庆公司,贵阳战区,云贵省区,昆明办,关店,渠道店,加盟,综合体,,,,,,,,,,1,
C13928,直属永辉南宁吾悦渠道店,广东公司,南宁战区,广西省区,南宁办,关店,渠道店,直营,商超,,,,,,,,,,1,
C13929,永兴专卖店,广东公司,海口战区,海南办,海南办,关店,专卖店,加盟,街铺,25101971,522335350,15905458.0,6017084905849,,537800582,7424423304565360676,,,1,是
C13930,湖北武汉中百仓储吴家山店（宜嘉）,江西公司,九江战区,湖北办,湖北办,关店,渠道店,加盟,商超,,,,,,,,,,1,
C13931,龙岗坪山高铁站专卖店二店,广东公司,深圳战区,广东省区,龙岗办,关店,专卖店,加盟,高势能,,,,,,,,,,1,是
C13932,北京西胡林服务区店,陕西公司,北京战区,京津冀省区,北京办,关店,渠道店,加盟,交通枢纽,,,,,,,,,,1,
C13933,东营利津嘉家多超市渠道店,浙江公司,青岛战区,山东省区,济南办,关店,渠道店,加盟,商超,,,,,,,,,,1,
C13935,南山茂业百货永辉渠道店,广东公司,深圳战区,广东省区,宝安办,关店,渠道店,加盟,商超,,,,,,,,,,1,
C13936,赣州新华润万象城店,江西公司,赣州战区,江西一区,赣州办,正常营业,专卖店,加盟,商超,7537002,173007910,16638031.0,6015145947849,311110,1487047637,6732897826382071822,,2025112011077000000113621827|xiniu_xgc_bgc,1,是
C13937,陕西渭南澄城服务区南区店,陕西公司,西安战区,陕西省区,陕西外阜办,关店,渠道店,加盟,交通枢纽,,,,,,,,,,1,
C13938,陕西渭南澄城服务区北区店,陕西公司,西安战区,陕西省区,陕西外阜办,关店,渠道店,加盟,交通枢纽,,,,,,,,,,1,
C13939,桂林全州步行街1店,广东公司,南宁战区,广西省区,南宁办,正常营业,专卖店,加盟,街铺,9379351,2044355483,16257044.0,6015241310849,330118,1027835798,6870734581339801604,,2026031311077000000115333317|xiniu_xgc_bgc,1,是
C13940,河南洛阳长申国际店,陕西公司,郑州战区,河南省区,河南外阜办,正常营业,经销,加盟,综合体,,,,,,,,,,1,
C13941,河南洛阳盛德美店,陕西公司,郑州战区,河南省区,河南外阜办,正常营业,经销,加盟,商超,,,,,,,,,,1,
C13942,山西太原快乐购吾悦广场店,陕西公司,西安战区,山西办,山西办,关店,渠道店,加盟,综合体,,,,,,,,,,1,
C13943,广西美加美渠道店,广东公司,南宁战区,广西省区,南宁办,关店,渠道店,加盟,特殊渠道,,,,,,,,,,1,
C13945,泉州晋江动车站店,江西公司,厦门战区,福建省区,闽南办,正常营业,专卖店,加盟,高势能,,,,,,,,,,1,是
C13946,上海黄浦南京东路宏伊广场店,浙江公司,上海战区,上海省区,上海一办,关店,专卖店,加盟,综合体,17892475,509934045,15967991.0,6013776133849,,1245652635,7235944564521961529,6724909544059444652,,1,是
C13947,上海嘉定中信泰富万达广场店,浙江公司,上海战区,上海省区,上海一办,关店,专卖店,加盟,综合体,13423107,2096047929,15968022.0,6013774259849,600762,1367108645,7020604883552176158,,,1,是
C13948,深圳慕茶营地渠道店,广东公司,深圳战区,广东省区,宝安办,关店,渠道店,加盟,特殊渠道,,,,,,,,,,1,
C13949,上海浦东新区森兰广场店,浙江公司,上海战区,上海省区,上海一办,关店,专卖店,加盟,综合体,17968330,510245822,,6016213576849,,1780069831,7238493087587108904,3003838782156673567,,1,未知
C13950,上海黄浦新世界广场店,浙江公司,上海战区,上海省区,上海一办,关店,专卖店,加盟,综合体,31708261,540815610,15968023.0,6016345284849,,1457261808,7265481692163344424,3004050393489908186,2026031311077000000115292436|xiniu_xgc_bgc,1,是
C13951,普宁商品城店,广东公司,东莞战区,广东省区,惠汕办,关店,专卖店,加盟,街铺,12792576,2098826484,16914072.0,6013994225849,,1475451969,6601139617359988743,3003601475583811927,,1,是
C13952,成都文化广场永辉渠道店,重庆公司,重庆战区,川渝省区,重庆办,关店,渠道店,加盟,特殊渠道,,,,,,,,,,1,
C13953,台州机场专柜店,浙江公司,杭州战区,福建省区,浙南办,关店,专柜店,加盟,高势能,,,,,,,,,,1,是
C13955,宁波宁海桃源广场店,浙江公司,杭州战区,浙江省区,杭州办,关店,专卖店,加盟,综合体,25369945,1253765316,,6017112906849,,834907667,7433659299806578727,,2025111911077000000113763094|xiniu_xgc_bgc,1,是
C13956,浙江台州联商渠道店,浙江公司,杭州战区,福建省区,浙南办,关店,渠道店,加盟,商超,,,,,,,,,,1,
C13957,吉安安福严田镇店,江西公司,宜春战区,江西一区,吉安办,正常营业,专卖店,加盟,街铺,,,,6017196617849,,662363584,7431458996383172645,,2026030411077000000115104697|xiniu_xgc_bgc,1,是
C13958,天津站店,陕西公司,北京战区,京津冀省区,天津办,关店,专柜店,加盟,高势能,,,,,,,,,,1,是
C13959,烟台开发区万行商街店,浙江公司,青岛战区,山东省区,青岛办,关店,专卖店,加盟,街铺,29271864,523218223,16130442.0,6017122409849,,909155933,7433274072858429475,3005330565118038530,,1,是
C13960,佛山顺德永旺专卖店,广东公司,广州战区,广东省区,广佛办,关店,专卖店,加盟,商超,,,,,,,,,,1,是
C13961,赣州宁都北大星城专柜店,江西公司,赣州战区,江西一区,赣州办,关店,专柜店,加盟,街铺,,,,,,,,,,1,是
C13962,中山港口万民汇专卖店,广东公司,广州战区,广东省区,中珠办,关店,专卖店,加盟,综合体,25656682,1253097467,15967908.0,6017125137849,,564137469,7432537272102160394,,,1,是
C13963,西安贞观路锦园新世纪店,陕西公司,西安战区,陕西省区,陕西外阜办,关店,专卖店,加盟,街铺,25773222,522278712,,6017133520849,,968405322,,,,1,是
C13965,福州融侨悦城店,江西公司,福州战区,福建省区,福州办,关店,专卖店,加盟,街铺,25772967,522332183,15967920.0,6017120408849,,868390558,7432601069445711872,,,1,是
C13966,北京西胡林服务区店,陕西公司,北京战区,京津冀省区,北京办,正常营业,专卖店,加盟,交通枢纽,,,,,,,,,,1,是
C13967,广州南站良品铺子B区2店,广东公司,广州战区,广东省区,广佛办,关店,渠道店,加盟,高势能,,,,,,,,,,1,
C13968,福州省体店,江西公司,福州战区,福建省区,福州办,正常营业,专卖店,加盟,街铺,29659719,534532806,15967910.0,6017139438849,,1693615868,7444450592769968167,,2025112011077000000113618789|xiniu_xgc_bgc,1,是
C13969,不使用,陕西公司,北京战区,京津冀省区,北京办,待开业,,加盟,,,,,,,,,,,1,
C13970,珠海香洲印象城店,广东公司,广州战区,广东省区,中珠办,正常营业,专卖店,加盟,综合体,25576768,522252269,15967986.0,6017123872849,,1070735783,7436279783647873075,3005350190968152068,2025111911077000000113636731|xiniu_xgc_bgc,1,是
C13971,株洲中医药学院渠道店,江西公司,长沙战区,湖南省区,株洲办,关店,渠道店,加盟,特殊渠道,,,,,,,,,,1,
C13972,福州长乐万星永辉店,江西公司,福州战区,福建省区,福州办,正常营业,经销,加盟,商超,,,,,,,,,,1,
C13973,河南安阳水晶超市渠道店,陕西公司,郑州战区,河南省区,河南外阜办,关店,渠道店,加盟,特殊渠道,,,,,,,,,,1,
C13975,永辉超市中骏世界城店,陕西公司,北京战区,京津冀省区,北京办,关店,渠道店,加盟,特殊渠道,,,,,,,,,,1,
C13976,北京永辉超市喜隆多店,陕西公司,北京战区,京津冀省区,北京办,关店,渠道店,直营,特殊渠道,,,,,,,,,,1,
C13977,浙江台州联商渠道椒江店,浙江公司,杭州战区,福建省区,浙南办,关店,专柜店,加盟,商超,,,,,,,,,,1,是
C13978,山西太原龙湖万达店,陕西公司,西安战区,山西办,山西办,关店,渠道店,加盟,综合体,,,,,,,,,,1,
C13979,深圳东站候车室二店,广东公司,深圳战区,广东省区,宝安办,正常营业,专卖店,加盟,高势能,,,,,,,,,,1,是
C13980,直属西安太白印象城盒马鲜生店,陕西公司,西安战区,陕西省区,西安办,关店,专柜店,直营,商超,,,,,,,,,,1,是
C13981,直属西安纺织城盒马鲜生店,陕西公司,西安战区,陕西省区,西安办,关店,专卖店,直营,商超,,,,,,,,,,1,是
C13982,南山龙海家园专卖店,广东公司,深圳战区,广东省区,宝安办,关店,专卖店,加盟,街铺,23714994,519265679,,6016949853849,,675885521,7386963674394527778,,,1,未知
C13983,广州南站良品铺子A区专柜1店,广东公司,广州战区,广东省区,广佛办,关店,专柜店,加盟,高势能,,,,,,,,,,1,是
C13985,宜春安义鹏泰超市2店,江西公司,南昌二战区,江西二区,宜春办,关店,专卖店,加盟,街铺,25655610,522352965,,6017124452849,,1701994536,6884932892422588416,3005373102064833562,,1,是
C13986,青海西宁火车站2店,陕西公司,西安战区,陕西省区,兰州办,关店,专柜店,加盟,高势能,,,,,,,,,,1,是
C13987,西安永辉华阳城店,陕西公司,西安战区,陕西省区,陕西外阜办,正常营业,经销,加盟,商超,,,,,,,,,,1,
C13988,独椒戏深圳宝安翻身店,其他,,独椒戏,独椒戏(深圳),正常营业,,加盟,,,,,,,,,,,1,
C13989,河南漯河万达广场店,陕西公司,郑州战区,河南省区,河南外阜办,关店,渠道店,加盟,商超,,,,,,,,,,1,
C13990,长沙县卜蜂莲花专卖店,江西公司,长沙战区,湖南省区,衡邵办,关店,专柜店,加盟,综合体,25773037,1301904899,15861060.0,6017132974849,,1694481216,7441062307566487603,,,1,是
C13991,海口国贸路专卖店,广东公司,海口战区,海南办,海南办,关店,专卖店,加盟,街铺,19156598,1172558485,15967924.0,6016649450849,,1412245086,7279270824358447104,,,1,是
C13992,吉安永新梦时代广场店,江西公司,赣州战区,江西一区,吉安办,关店,专卖店,加盟,综合体,,,,6017184452849,,1346933739,7435519644246476811,,2025112011077000000113732704|xiniu_xgc_bgc,1,是
C13993,宜春硒月购物广场店,江西公司,宜春战区,江西二区,宜春办,关店,专卖店,加盟,综合体,27164819,,,6017210893849,,630732898,7451802110137468938,,,1,是
C13995,岳阳市汨罗天恒生活广场店,江西公司,长沙战区,湖南省区,长沙办,关店,专卖店,加盟,街铺,25576271,522782163,15905499.0,6017123256849,,866213148,,,,1,是
C13996,东营东区银座渠道店,浙江公司,青岛战区,山东省区,济南办,关店,渠道店,加盟,商超,,,,,,,,,,1,
C13997,萍乡上栗县鸡冠山店,江西公司,宜春战区,江西二区,宜春办,关店,专卖店,加盟,街铺,524021459,524021459,15968047.0,6017133007849,,1775937400,7438851596085102646,3005387497850380338,,1,是
C13998,西安永辉曲江金地广场店,陕西公司,西安战区,陕西省区,陕西外阜办,关店,渠道店,加盟,特殊渠道,,,,,,,,,,1,
C13999,山西太原滨河购物广场店,陕西公司,西安战区,山西办,山西办,关店,渠道店,加盟,综合体,,,,,,,,,,1,
C14000,宜春服务北区店,江西公司,宜春战区,江西二区,宜春办,关店,专卖店,加盟,交通枢纽,,,,,,,,,,1,
C14001,萍乡东方巴黎店,江西公司,宜春战区,江西二区,宜春办,关店,专柜店,加盟,街铺,15968015,,15968015.0,6017141310849,,815066845,,,,1,是
C14002,宜春高速服务南区,江西公司,宜春战区,江西二区,宜春办,关店,专卖店,加盟,交通枢纽,,,,,,,,,,1,
C14003,九江修水新阳超市店,江西公司,九江战区,江西二区,九江办,正常营业,专卖店,加盟,商超,25863223,524390087,,6017135799849,,1738551427,7444044309013202953,3005401182182872084,2025112011077000000113642779|xiniu_xgc_bgc,1,是
C14005,山西太原凯旋街店,陕西公司,西安战区,山西办,山西办,关店,渠道店,加盟,综合体,,,,,,,,,,1,
C14006,沈阳法库日晟商场店,陕西公司,沈阳战区,辽吉省区,沈阳办,关店,专卖店,加盟,综合体,,,,,,,,,,1,
C14007,杭州世纪联华南环内场店,浙江公司,杭州战区,浙江省区,杭州办,关店,渠道店,加盟,商超,,,,,,,,,,1,
C14008,惠州万达三店专卖店,广东公司,东莞战区,广东省区,东莞办,关店,专卖店,加盟,综合体,,,,,,,,,,1,
C14009,赣州安远龙泉路专柜店,江西公司,赣州战区,江西一区,赣州办,关店,专柜店,加盟,街铺,,,,,,,,,,1,是
C14010,福州世纪金源永辉店,江西公司,福州战区,福建省区,福州办,关店,专柜店,直营,商超,,,,,,,,,,1,是
C14011,昆明火车站店,重庆公司,贵阳战区,云贵省区,昆明办,正常营业,专卖店,加盟,高势能,,,,,,,,,,1,是
C14012,安徽永辉渠道店,浙江公司,苏州战区,安徽办,安徽办,关店,渠道店,加盟,商超,,,,,,,,,,1,
C14013,湘潭湘乡市东风广场专卖店,江西公司,长沙战区,湖南省区,株洲办,关店,专卖店,加盟,街铺,,,,,,,,,,1,
C14015,苏州相城复悦荟店,浙江公司,苏州战区,江苏省区,苏州办,关店,专卖店,加盟,综合体,26274705,524916269,15905467.0,6017149452849,,1265225197,7441882334359455771,3005359823066108421,,1,是
C14016,福州五四北永辉店,江西公司,福州战区,福建省区,福州办,正常营业,经销,加盟,商超,,,,,,,,,,1,是
C14017,新余学院店,江西公司,宜春战区,江西一区,丰新办,关店,专卖店,加盟,街铺,,,,,,,,,,1,
C14018,长沙望城区龙湖月亮岛天街专卖店,江西公司,长沙战区,湖南省区,衡邵办,关店,专卖店,加盟,综合体,25985366,524675144,15861058.0,6017138554849,,1061978522,7444786079603329035,,,1,是
C14019,河南郑州龙湖锦艺城店,陕西公司,郑州战区,河南省区,河南外阜办,正常营业,经销,加盟,商超,,,,,,,,,,1,
C14020,西安电子二路华东购物中心店,陕西公司,西安战区,陕西省区,陕西外阜办,关店,渠道店,加盟,特殊渠道,,,,,,,,,,1,
C14021,陕西铜川麦谷鲜生大耀城店,陕西公司,西安战区,陕西省区,陕西外阜办,关店,渠道店,加盟,商超,,,,,,,,,,1,
C14022,重庆南坪万达永辉渠道店,重庆公司,重庆战区,川渝省区,重庆办,关店,渠道店,加盟,商超,,,,,,,,,,1,
C14023,河南郑州经开盛华里店,陕西公司,郑州战区,河南省区,河南外阜办,正常营业,经销,加盟,综合体,,,,,,,,,,1,
C14025,湘潭华隆步步高星城许昌品鲜店,江西公司,长沙战区,湖南省区,株洲办,正常营业,经销,加盟,综合体,,,,,,,,,,1,
C14026,西安西咸新区原点新城店,陕西公司,西安战区,陕西省区,陕西外阜办,关店,专卖店,加盟,街铺,,,,,,,7451793865486370853,,,1,是
C14027,邹平西服务区南区店,浙江公司,青岛战区,山东省区,济南办,关店,专卖店,加盟,交通枢纽,,,,,,,,,,1,是
C14028,邹平西服务区北区店,浙江公司,青岛战区,山东省区,济南办,关店,专卖店,加盟,交通枢纽,,,,,,,,,,1,是
C14030,湘潭金海步步高许昌品鲜店,江西公司,长沙战区,湖南省区,株洲办,正常营业,经销,加盟,商超,,,,,,,,,,1,
C14031,泉州市燚城夜市店,江西公司,厦门战区,福建省区,闽南办,关店,专卖店,加盟,街铺,26027115,522248577,,6017141119849,,1797196074,7444449825631930404,,,1,是
C14032,岳阳汨罗欢乐水岸店,江西公司,长沙战区,湖南省区,长沙办,关店,专卖店,加盟,综合体,26370104,,15905526.0,6017153749849,,1531227574,,,,1,是
C14033,直属万寿宫珠宝街店,创新专项部,运营一组,江西名片战,江西名片战,正常营业,专卖店,直营,街铺,26175695,524731442,16638169.0,6017150953849,,1600069417,6841594158591903747,,2025111911077000000113708613|xiniu_xgc_bgc,1,是
C14035,南京河西龙湖店,浙江公司,苏州战区,江苏省区,苏州办,关店,专卖店,加盟,综合体,,,,,,,,,,1,
C14036,直属西安李家村秋林店,陕西公司,西安战区,陕西省区,西安办,正常营业,专卖店,直营,综合体,,,,6017282804849,,,,,,1,是
C14037,娄底双峰中央龙廷店,江西公司,长沙战区,湖南省区,株洲办,关店,专卖店,加盟,街铺,25985071,,15968048.0,6017139235849,,530114889,7445496537981683721,,2026030411077000000115187738|xiniu_xgc_bgc,1,是
C14038,沈阳沈北永辉店,陕西公司,沈阳战区,辽吉省区,沈阳办,关店,专柜店,加盟,综合体,,,,,,,,,,1,
C14039,景德镇昌江古城店,江西公司,九江战区,江西二区,景德镇办,正常营业,专卖店,加盟,综合体,30908325,525095784,17450635.0,6017141730849,,1131146461,7447387767186655271,,2025112011077000000113715693|xiniu_xgc_bgc,1,是
C14040,南宁安工职院店,广东公司,南宁战区,广西省区,南宁办,关店,专卖店,加盟,特殊渠道,,,,,,,,,,1,
C14041,三亚海螺馨苑店,广东公司,海口战区,海南办,海南办,关店,专柜店,加盟,交通枢纽,,,,,,,,,,1,是
C14042,直属上海松江鹿都广场店,浙江公司,上海战区,上海省区,上海一办,关店,专卖店,直营,综合体,13407322,504312136,15385832.0,6013773484849,601160,1307835285,6805795511359014927,6724909544060199952,2026031311077000000115371390|xiniu_xgc_bgc,1,是
C14043,北京永辉超市喜隆多2店,陕西公司,北京战区,京津冀省区,北京办,关店,渠道店,加盟,特殊渠道,,,,,,,,,,1,
C14045,重庆北碚东阳停车区店,重庆公司,重庆战区,川渝省区,重庆办,待开业,专卖店,加盟,交通枢纽,,,,,,,,,,1,
C14046,龙华共和花园店,广东公司,深圳战区,广东省区,宝安办,正常营业,专卖店,加盟,街铺,26366126,524911306,14394336.0,6017156083849,,773416401,,,2025111911077000000113713651|xiniu_xgc_bgc,1,是
C14047,毕节黔西高铁店,重庆公司,贵阳战区,云贵省区,遵义办,正常营业,专卖店,加盟,高势能,,,,,,,,,,1,是
C14048,都匀东高铁专柜店,重庆公司,贵阳战区,川渝省区,贵阳办,关店,专柜店,加盟,高势能,,,,,,,,,,1,是
C14049,遵义桐梓东高铁专柜店,重庆公司,贵阳战区,云贵省区,遵义办,关店,专柜店,加盟,高势能,,,,,,,,,,1,是
C14050,温州黎明西路专卖店,浙江公司,杭州战区,福建省区,浙南办,关店,专卖店,加盟,街铺,25324989,518181951,,,,,,,,1,是
C14051,贵州仁怀（方圆荟）永辉渠道店,重庆公司,贵阳战区,云贵省区,贵阳办,关店,渠道店,加盟,商超,,,,,,,,,,1,
C14052,西安成山农场风城九路店,陕西公司,西安战区,陕西省区,陕西外阜办,关店,渠道店,加盟,特殊渠道,,,,,,,,,,1,
C14053,西安华润万家朱雀南路店,陕西公司,西安战区,陕西省区,陕西外阜办,关店,渠道店,加盟,特殊渠道,,,,,,,,,,1,
C14055,合肥滨湖永辉金源店,浙江公司,苏州战区,安徽办,安徽办,关店,渠道店,加盟,商超,,,,,,,,,,1,
C14056,甘肃兰州永辉中海寰宇城店,陕西公司,西安战区,陕西省区,兰州办,正常营业,经销,加盟,商超,,,,,,,,,,1,
C14057,泉州惠安八二三东街店,江西公司,厦门战区,福建省区,闽南办,关店,专卖店,加盟,街铺,26124788,524735122,15861067.0,6017138188849,,1701092145,7442524348495169587,,2025111911077000000113700619|xiniu_xgc_bgc,1,是
C14058,株洲株百百货店,江西公司,长沙战区,湖南省区,株洲办,暂停营业,经销,加盟,商超,,,,,,,,,,1,
C14059,南平邵武永隆专卖店,江西公司,福州战区,福建省区,闽北办,关店,专卖店,加盟,商超,,,,,,,,,,1,是
C14060,沈阳沈北吾悦永辉店,陕西公司,沈阳战区,辽吉省区,沈阳办,正常营业,经销,加盟,商超,,,,,,,,,,1,
C14061,株洲汇金步步高许昌鲜品店,江西公司,长沙战区,湖南省区,株洲办,正常营业,经销,加盟,综合体,,,,,,,,,,1,
C14063,直属南山大冲新城花园专卖店,创新专项部,运营二组,广东省区,宝安办,关店,专卖店,直营,街铺,28091972,529359421,17552633.0,6017231896849,,966511404,7503133723106215970,3005874474530316808,2025111911077000000113643646|xiniu_xgc_bgc,1,是
C14065,直属福田侨香华润渠道店,广东公司,深圳战区,广东省区,龙岗办,关店,渠道店,直营,商超,,,,,,,,,,1,
C14066,南山Ole宝能太古城渠道店,广东公司,深圳战区,广东省区,宝安办,关店,渠道店,加盟,商超,,,,,,,,,,1,
C14067,三明泰宁华兴超市店,江西公司,福州战区,福建省区,闽北办,关店,专柜店,加盟,商超,,,,,,,,,,1,是
C14068,济南丁豪超市渠道店,浙江公司,青岛战区,山东省区,济南办,关店,渠道店,加盟,商超,,,,,,,,,,1,
C14069,合肥万象汇永辉渠道店,浙江公司,苏州战区,安徽办,安徽办,关店,渠道店,加盟,商超,,,,,,,,,,1,
C14070,高安村前农贸市场店,江西公司,南昌二战区,江西二区,宜春办,正常营业,专卖店,加盟,街铺,,,,6017232913849,,1724402338,7085533065165965325,,,1,是
C14071,漳州诏安霞葛店,江西公司,厦门战区,福建省区,闽南办,关店,专卖店,加盟,街铺,26386791,524911324,,6017153989849,,1800549145,7459967626949691426,,,1,是
C14072,四川成都仁和春天渠道店,重庆公司,重庆战区,川渝省区,重庆办,关店,渠道店,加盟,商超,27061017,526616260,15905531.0,6017195234849,,1749461558,7468178312972470323,,,1,是
C14073,大鹏佳兆业广场店,广东公司,深圳战区,广东省区,龙岗办,正常营业,专卖店,加盟,街铺,29102455,531355693,19502195.0,6017146810849,,1748036652,7454487966790977551,3005486450621190153,2026031311077000000115302308|xiniu_xgc_bgc,1,是
C14075,温州上塘店,浙江公司,杭州战区,福建省区,浙南办,正常营业,专卖店,加盟,街铺,813533,557059,,6017143217849,,1971287112,7448853384679688202,3005452075466691678,,1,是
C14076,广州天河车陂地铁专卖店,广东公司,广州战区,广东省区,广佛办,关店,专卖店,加盟,交通枢纽,5806434,166991264,16914078.0,6014224760849,,169750383,6626336895833999368,3002352810012349658,,1,是
C14077,不使用,广东公司,深圳战区,广东省区,宝安办,待开业,,加盟,,,,,,,,,,,1,
C14078,泉州晋江SM专卖店,江西公司,厦门战区,福建省区,闽南办,关店,专卖店,加盟,综合体,26223970,524831394,15861075.0,6017148873849,,1353449019,7454480465417013263,3005497648296503065,,1,是
C14079,火车站二七南路店,江西公司,南昌一战区,江西二区,南昌三办,正常营业,专卖店,加盟,高势能,,,,6017139437849,,1482348959,6639266125521766403,3004716993346578726,2025112011077000000113664767|xiniu_xgc_bgc,1,是
C14080,贵溪天虹店,江西公司,抚州战区,江西一区,鹰抚办,关店,专卖店,加盟,综合体,26387198,525300861,16914088.0,6017153192849,,1358710195,7459966761543141411,3005562890011189578,,1,是
C14081,赣州黄金福瑞小区专柜店,江西公司,赣州战区,江西一区,赣州办,关店,专柜店,加盟,街铺,,,,,,,,,,1,是
C14082,合肥祁门路永辉渠道店,浙江公司,苏州战区,安徽办,安徽办,关店,渠道店,加盟,商超,,,,,,,,,,1,
C14083,桐乡高新南苑店,浙江公司,杭州战区,浙江省区,杭州办,关店,专卖店,加盟,街铺,26387408,1264788585,16638113.0,6017152441849,,1851524082,7457402476367464474,,,1,是
C14085,长沙县路口镇和通超市店,江西公司,长沙战区,湖南省区,衡邵办,正常营业,经销,加盟,商超,,,,,,,,,,1,是
C14086,直属河南郑州盒马店,陕西公司,郑州战区,河南省区,郑州办,正常营业,经销,直营,商超,,,,,,,,,,1,
C14088,福州达道店,江西公司,福州战区,福建省区,福州办,关店,专卖店,加盟,街铺,21544944,300042062,,6013965542849,,188772931,6740407404799870988,,,1,是
C14089,福州台江万达专卖店,江西公司,福州战区,福建省区,福州办,关店,专卖店,加盟,综合体,26550429,524691607,,6017160977849,,1952549921,7463290468831332371,,,1,是
C14090,景德镇响水滩镇店,江西公司,九江战区,江西二区,景德镇办,关店,专卖店,加盟,街铺,,,,,,,,,,1,是
C14091,直属西安盒马鲜生系统渠道店,陕西公司,西安战区,陕西省区,西安办,关店,渠道店,直营,商超,,,,,,,,,,1,
C14092,娄底青树坪专卖店,江西公司,长沙战区,湖南省区,株洲办,关店,专卖店,加盟,街铺,26386622,525855067,15968006.0,6017155515849,,631844114,7453710651119110185,3005553650591174948,,1,是
C14093,直属湖南盒马生鲜超市渠道店,江西公司,长沙战区,湖南省区,长沙办,关店,渠道店,直营,综合体,,,,,,,,,,1,
C14095,北京盒马,陕西公司,北京战区,京津冀省区,北京办,关店,渠道店,加盟,特殊渠道,,,,,,,,,,1,
C14096,直属深圳盒马店,广东公司,深圳战区,广东省区,深圳办,正常营业,经销,直营,特殊渠道,,,,,,,,,,1,
C14097,直属广州盒马平台店,广东公司,广州战区,广东省区,广佛办,暂停营业,经销,直营,商超,,,,,,,,,,1,
C14098,直营盒马南京仓渠道店,浙江公司,苏州战区,上海省区,上海一办,关店,渠道店,直营,特殊渠道,,,,,,,,,,1,
C14099,直营盒马合肥仓渠道店,浙江公司,苏州战区,安徽办,安徽办,关店,渠道店,直营,特殊渠道,,,,,,,,,,1,
C14100,直营盒马昆山仓渠道店,浙江公司,苏州战区,上海省区,上海一办,关店,渠道店,直营,特殊渠道,,,,,,,,,,1,
C14101,直营盒马杭州仓渠道店,浙江公司,杭州战区,浙江省区,杭州办,关店,渠道店,直营,特殊渠道,,,,,,,,,,1,
C14102,直营盒马上海仓渠道店,浙江公司,上海战区,上海省区,上海一办,关店,渠道店,直营,特殊渠道,,,,,,,,,,1,
C14103,杭州临平万达永辉超市内场店,浙江公司,杭州战区,浙江省区,杭州办,正常营业,经销,加盟,商超,,,,,,,,,,1,
C14105,直属重庆盒马渠道店,重庆公司,重庆战区,川渝省区,重庆办,关店,渠道店,直营,商超,,,,,,,,,,1,
C14106,湖南长沙市开福区悦购佳超市专柜店,江西公司,长沙战区,湖南省区,长沙办,关店,专柜店,加盟,商超,,,,,,,,,,1,是
C14107,直属盒马青岛仓渠道店,浙江公司,青岛战区,山东省区,青岛办,关店,渠道店,直营,商超,,,,,,,,,,1,
C14108,直属盒马济南仓渠道店,浙江公司,青岛战区,山东省区,济南办,关店,渠道店,直营,商超,,,,,,,,,,1,
C14109,苏州园区万客隆超市,浙江公司,苏州战区,江苏省区,苏州办,正常营业,经销,加盟,商超,,,,,,,,,,1,
C14110,赣州君尚天虹店,江西公司,赣州战区,江西一区,赣州办,正常营业,专卖店,加盟,综合体,26455397,524751603,,6017157130849,,1060143726,7452949515029448743,3005560155132766247,2025112011077000000113687799|xiniu_xgc_bgc,1,是
C14111,佳惠沅陵天赐溪湖爱零优鲜渠道店,江西公司,长沙战区,湖南省区,长沙办,关店,渠道店,加盟,商超,,,,,,,,,,1,
C14112,吉首佳惠世纪中心爱零优鲜渠道店,江西公司,长沙战区,湖南省区,长沙办,关店,渠道店,加盟,商超,,,,,,,,,,1,
C14113,济南莱芜信誉楼店,浙江公司,青岛战区,山东省区,济南办,正常营业,专卖店,加盟,综合体,26387735,524896394,23540938.0,,,540063226,7459963426173880374,3005658515624601935,,1,是
C14115,直属北京盒马渠道店,陕西公司,北京战区,京津冀省区,北京办,关店,渠道店,直营,特殊渠道,,,,,,,,,,1,
C14116,赣州赣南科技学院店,江西公司,赣州战区,江西一区,赣州办,关店,专柜店,加盟,特殊渠道,,,,,,,,,,1,
C14117,厦门思明上李店,江西公司,厦门战区,福建省区,闽南办,正常营业,专卖店,加盟,街铺,26226064,541766629,15967956.0,6017146754849,,1392836744,7452578949399316492,,2025111911077000000113733606|xiniu_xgc_bgc,1,是
C14118,安徽阜阳吾悦广场二店,浙江公司,苏州战区,安徽办,安徽办,关店,专卖店,加盟,综合体,,,,,,,,,,1,是
C14119,安徽阜阳商厦中心店,浙江公司,苏州战区,安徽办,安徽办,暂停营业,专卖店,加盟,综合体,26937345,525841390,15905529.0,,,732008385,7478915188494698532,3005695330819186957,,1,是
C14120,成都郫都爱琴海永辉店,重庆公司,重庆战区,川渝省区,重庆办,关店,渠道店,加盟,特殊渠道,,,,,,,,,,1,
C14121,永辉超市房山长阳店,陕西公司,北京战区,京津冀省区,北京办,关店,渠道店,直营,特殊渠道,,,,,,,,,,1,
C14122,永辉超市房山长阳2店,陕西公司,北京战区,京津冀省区,北京办,关店,渠道店,加盟,特殊渠道,,,,,,,,,,1,
C14123,天津永辉超市SM店,陕西公司,北京战区,京津冀省区,天津办,关店,渠道店,直营,特殊渠道,,,,,,,,,,1,
C14125,直属成都盒马渠道店,重庆公司,重庆战区,川渝省区,重庆办,关店,渠道店,直营,商超,,,,,,,,,,1,
C14126,南昌华勤二厂店（笑呵呵生鲜便民店）,江西公司,南昌一战区,江西二区,南昌三办,关店,专柜店,加盟,特殊渠道,,,,,,,,,,1,
C14127,直属华润万家南京雨花台店,浙江公司,苏州战区,江苏省区,苏州办,关店,渠道店,直营,综合体,,,,,,,,,,1,
C14128,直属深圳华润万家购销渠道店,广东公司,深圳战区,广东省区,深圳办,关店,渠道店,直营,特殊渠道,,,,,,,,,,1,
C14129,直属贵州贵阳盒马渠道店,重庆公司,贵阳战区,川渝省区,贵阳办,关店,渠道店,直营,商超,,,,,,,,,,1,
C14130,华容新天地步步高许昌鲜品店,江西公司,长沙战区,湖南省区,长沙办,正常营业,经销,加盟,综合体,,,,,,,,,,1,
C14131,岳阳新天地步步高许昌鲜品店,江西公司,长沙战区,湖南省区,长沙办,正常营业,经销,加盟,综合体,,,,,,,,,,1,
C14132,望城金星路步步高许昌鲜品店,江西公司,长沙战区,湖南省区,长沙办,正常营业,经销,加盟,综合体,,,,,,,,,,1,
C14133,常德悦购佳爱零优鲜万达店,江西公司,长沙战区,湖南省区,长沙办,正常营业,经销,加盟,商超,,,,,,,,,,1,
C14135,常德中润联华爱零优鲜吾悦广场店,江西公司,长沙战区,湖南省区,长沙办,正常营业,经销,加盟,综合体,,,,,,,,,,1,
C14136,成都三季稻渠道店,重庆公司,重庆战区,川渝省区,重庆办,关店,渠道店,加盟,商超,,,,,,,,,,1,
C14137,娄底五江碧桂园步步高许昌鲜品店,江西公司,长沙战区,湖南省区,株洲办,正常营业,经销,加盟,综合体,,,,,,,,,,1,
C14138,德州扒鸡超市渠道店,浙江公司,青岛战区,山东省区,济南办,关店,渠道店,加盟,商超,,,,,,,,,,1,
C14139,昌北机场成都豪士特南昌分公司C2店,江西公司,南昌一战区,江西一区,南昌一办,关店,专柜店,加盟,高势能,,,,,,,,,,1,是
C14140,昌北机场成都豪士特南昌分公司C1店,江西公司,南昌一战区,江西一区,南昌一办,关店,专柜店,加盟,高势能,,,,,,,,,,1,是
C14141,昌北机场成都豪士特南昌分公司C3店,江西公司,南昌一战区,江西一区,南昌一办,正常营业,专卖店,加盟,高势能,,,,,,,,,,1,是
C14142,衡阳广场步步高许昌鲜品店,江西公司,长沙战区,湖南省区,衡邵办,正常营业,经销,加盟,综合体,,,,,,,,,,1,
C14143,济南世茂广场渠道店,浙江公司,青岛战区,山东省区,济南办,关店,渠道店,加盟,商超,,,,,,,,,,1,
C14145,上海南站出发层专柜店,浙江公司,上海战区,上海省区,上海一办,关店,专柜店,加盟,高势能,,,,,,,,,,1,是
C14146,南昌Ole万象城店,江西公司,南昌一战区,江西一区,南昌一办,关店,渠道店,加盟,商超,,,,,,,,,,1,
C14147,南昌Ole华润万象汇店,江西公司,南昌一战区,江西一区,南昌一办,关店,渠道店,加盟,商超,,,,,,,,,,1,
C14148,河南开封星光永辉店,陕西公司,郑州战区,河南省区,河南外阜办,关店,渠道店,加盟,商超,,,,,,,,,,1,
C14149,直属华润万家王顶提店,陕西公司,北京战区,京津冀省区,北京办,关店,渠道店,直营,特殊渠道,,,,,,,,,,1,
C14150,河南新密中强永辉店,陕西公司,郑州战区,河南省区,河南外阜办,正常营业,经销,加盟,商超,,,,,,,,,,1,
C14151,河南焦作万达永辉店,陕西公司,郑州战区,河南省区,河南外阜办,正常营业,经销,加盟,商超,,,,,,,,,,1,
C14152,河南郑州大学路永辉店,陕西公司,郑州战区,河南省区,河南外阜办,正常营业,经销,加盟,商超,,,,,,,,,,1,
C14153,直属西安华润万家购销渠道店,陕西公司,西安战区,陕西省区,西安办,关店,渠道店,直营,特殊渠道,,,,,,,,,,1,
C14156,山西长治武乡华鑫城店,陕西公司,西安战区,山西办,山西办,关店,渠道店,加盟,综合体,,,,,,,,,,1,
C14157,泉州惠安禹州永辉店,江西公司,厦门战区,福建省区,闽南办,关店,专柜店,加盟,综合体,,,,,,,,,,1,是
C14158,成都OLE商超店,重庆公司,重庆战区,川渝省区,重庆办,关店,渠道店,加盟,商超,,,,,,,,,,1,
C14159,江苏盐城魔力月光店,浙江公司,苏州战区,江苏省区,南京办,关店,专卖店,加盟,街铺,,,,,,,,,,1,是
C14160,江西南昌华润万家总仓,江西公司,南昌一战区,江西二区,南昌三办,关店,渠道店,连锁商超,商超,,,,,,,,,,1,
C14161,长沙荟聚步步高许昌鲜品店,江西公司,长沙战区,湖南省区,长沙办,正常营业,经销,加盟,综合体,,,,,,,,,,1,
C14162,长沙丽发步步高许昌鲜品店,江西公司,长沙战区,湖南省区,长沙办,正常营业,经销,加盟,综合体,,,,,,,,,,1,
C14163,直属苏州东吴龙湖天街店,浙江公司,苏州战区,江苏省区,苏州办,关店,专卖店,直营,综合体,26387327,524766495,15905460.0,6017153748849,,1267843260,7445997109448280127,3005553665542984004,,1,是
C14165,从化吕田服务区南区店,广东公司,广州战区,广东省区,广佛办,正常营业,专卖店,加盟,交通枢纽,,,,,,,,,,1,是
C14166,从化吕田服务区北区店,广东公司,广州战区,广东省区,广佛办,正常营业,专卖店,加盟,交通枢纽,,,,,,,,,,1,是
C14167,长沙南好得易成连锁专柜一店,江西公司,长沙战区,湖南省区,长沙办,关店,专柜店,加盟,高势能,,,,,,,,,,1,是
C14168,上海盒马网络科技有限公司,江西公司,南昌一战区,江西二区,南昌三办,正常营业,团购账户（购销）,加盟,特殊渠道,,,,,,,,,,1,
C14169,盐城雅家乐超市渠道,浙江公司,苏州战区,江苏省区,南京办,关店,渠道店,加盟,商超,,,,,,,,,,1,
C14170,婺源服务区北,江西公司,抚州战区,江西二区,景德镇办,关店,专柜店,加盟,交通枢纽,,,,,,,,,,1,是
C14171,泉州安溪财富广场永辉店,江西公司,厦门战区,福建省区,闽南办,关店,专柜店,加盟,商超,,,,,,,,,,1,是
C14172,天津ole超市,陕西公司,北京战区,京津冀省区,天津办,关店,渠道店,加盟,特殊渠道,,,,,,,,,,1,
C14173,西安Ole精品超市购销渠道店,陕西公司,西安战区,陕西省区,陕西外阜办,关店,渠道店,加盟,特殊渠道,,,,,,,,,,1,
C14175,家乐园超市天一店,陕西公司,北京战区,京津冀省区,北京办,关店,渠道店,加盟,特殊渠道,,,,,,,,,,1,
C14176,衢江服务区西区店,浙江公司,杭州战区,浙江省区,金衢办,正常营业,专卖店,加盟,交通枢纽,,,,,,,,,,1,是
C14177,衢江服务区东区店,浙江公司,杭州战区,浙江省区,金衢办,正常营业,专卖店,加盟,交通枢纽,,,,,,,,,,1,是
C14178,沈阳铁西华润OLE店,陕西公司,沈阳战区,辽吉省区,沈阳办,关店,专柜店,加盟,商超,,,,,,,,,,1,
C14179,中山沙朗壹加壹店,广东公司,广州战区,广东省区,中珠办,关店,专卖店,加盟,街铺,26809290,,15905504.0,6017153478849,,814464378,,,2025111911077000000113677645|xiniu_xgc_bgc,1,是
C14180,华润万家津南大道店,陕西公司,北京战区,京津冀省区,北京办,关店,渠道店,加盟,特殊渠道,,,,,,,,,,1,
C14181,家乐园超市悦尚店,陕西公司,北京战区,京津冀省区,北京办,关店,渠道店,加盟,特殊渠道,,,,,,,,,,1,
C14182,家乐园超市万隆店,陕西公司,北京战区,京津冀省区,北京办,关店,渠道店,加盟,特殊渠道,,,,,,,,,,1,
C14183,直属盒马宁波仓渠道店,浙江公司,杭州战区,浙江省区,宁波办,关店,渠道店,直营,特殊渠道,,,,,,,,,,1,
C14185,泉州南安中骏世界城永辉店,江西公司,厦门战区,福建省区,闽南办,关店,专柜店,加盟,商超,,,,,,,,,,1,是
C14186,婺源服务区南,江西公司,抚州战区,江西二区,景德镇办,关店,专柜店,加盟,交通枢纽,,,,,,,,,,1,是
C14188,广西星港百货渠道店,广东公司,南宁战区,广西省区,南宁办,关店,渠道店,加盟,商超,,,,,,,,,,1,
C14189,佛山西樵星元汇广场店,广东公司,广州战区,广东省区,广佛办,正常营业,专卖店,加盟,综合体,26734776,526790221,,6017171467849,,709132508,7542773814849964066,3005656321743923023,2025112011077000000113643760|xiniu_xgc_bgc,1,是
C14190,萍乡六市服务区东区店,江西公司,宜春战区,江西二区,宜春办,暂停营业,专卖店,加盟,交通枢纽,,,,,,,,,,1,是
C14191,萍乡六市服务区西区店,江西公司,宜春战区,江西二区,宜春办,正常营业,专卖店,加盟,交通枢纽,,,,,,,,,,1,是
C14192,宜春上高交通路菜场店,江西公司,宜春战区,江西二区,宜春办,正常营业,专卖店,加盟,街铺,,,,6017198179849,,,7085957474838120455,3004311317991887381,,1,是
C14193,福州大儒世家永辉店,江西公司,福州战区,福建省区,福州办,正常营业,经销,加盟,商超,,,,,,,,,,1,是
C14195,福州奥体永辉店,江西公司,福州战区,福建省区,福州办,正常营业,经销,加盟,商超,,,,,,,,,,1,是
C14196,直属中山天虹店,创新专项部,运营一组,江西名片战,江西名片战,正常营业,专卖店,直营,综合体,26370378,525840059,16638095.0,6017153648849,,821745423,7458158813188507663,,2025111911077000000113733604|xiniu_xgc_bgc,1,是
C14197,西安成山农场龙湖未央天街店,陕西公司,西安战区,陕西省区,陕西外阜办,关店,渠道店,加盟,特殊渠道,,,,,,,,,,1,
C14198,河南郑州东风路地铁站店,陕西公司,郑州战区,河南省区,河南外阜办,关店,专卖店,加盟,交通枢纽,26799352,526815211,15905530.0,6017184645849,,1336944504,7475904270127073316,3005659121018770967,,1,是
C14199,新一代卤味打样店,其他,南昌区域,江西省区,南昌加盟一办,正常营业,,加盟,,,,,,,,,,,1,
C14200,泉州永嘉店,江西公司,厦门战区,福建省区,闽南办,关店,专柜店,加盟,商超,,,,,,,,,,1,是
C14202,莆田九华广场永辉店,江西公司,福州战区,福建省区,福州办,正常营业,经销,加盟,商超,,,,,,,,,,1,是
C14203,南昌华勤一厂店（笑呵呵生鲜便民店）,江西公司,南昌一战区,江西二区,南昌三办,关店,专柜店,加盟,特殊渠道,,,,,,,,,,1,
C14205,直属天津华润外滩店,陕西公司,北京战区,京津冀省区,天津办,关店,渠道店,直营,特殊渠道,,,,,,,,,,1,
C14206,直属天津华润秀谷店,陕西公司,北京战区,京津冀省区,天津办,关店,渠道店,直营,特殊渠道,,,,,,,,,,1,
C14207,直属天津华润泰兴路店,陕西公司,北京战区,京津冀省区,天津办,关店,渠道店,直营,特殊渠道,,,,,,,,,,1,
C14208,直属天津华润静海店,陕西公司,北京战区,京津冀省区,天津办,关店,渠道店,直营,特殊渠道,,,,,,,,,,1,
C14209,直属天津华润印象城店,陕西公司,北京战区,京津冀省区,天津办,关店,渠道店,直营,特殊渠道,,,,,,,,,,1,
C14210,直属天津华润东丽店,陕西公司,北京战区,京津冀省区,天津办,关店,渠道店,直营,特殊渠道,,,,,,,,,,1,
C14211,西安临潼大可超市仓储店,陕西公司,西安战区,陕西省区,陕西外阜办,关店,专柜店,加盟,商超,,,,,,,,,,1,是
C14212,陕西榆林恒生购物中心店,陕西公司,西安战区,陕西省区,陕西外阜办,正常营业,专卖店,加盟,综合体,,,,,,,,,,1,是
C14213,旺中旺大湖之都店,江西公司,南昌一战区,江西二区,南昌四办,关店,渠道店,加盟,商超,,,,,,,,,,1,
C14215,杭州定安路店,浙江公司,杭州战区,浙江省区,杭州办,关店,专卖店,加盟,综合体,,,,,,,,,,1,
C14216,贵阳南明机场T2专柜店,重庆公司,贵阳战区,云贵省区,贵阳办,关店,专柜店,加盟,高势能,,,,,,,,,,1,是
C14217,兴国县翡翠广场店,其他,南昌战区,独椒戏,独椒戏(南昌),关店,渠道店,加盟,街铺,,,,,,,,,,1,
C14218,新发地批发,陕西公司,北京战区,京津冀省区,北京办,关店,渠道店,加盟,特殊渠道,,,,,,,,,,1,
C14219,柳州邻里多超市专柜店,广东公司,南宁战区,广西省区,南宁办,关店,专柜店,加盟,商超,,,,,,,,,,1,是
C14220,南京马群华润万家店,浙江公司,苏州战区,江苏省区,南京办,关店,渠道店,加盟,商超,,,,,,,,,,1,
C14221,安徽阜阳宝龙广场二店,浙江公司,苏州战区,安徽办,安徽办,正常营业,专卖店,加盟,综合体,32889589,541777773,16383944.0,6017171171849,,1026211069926286,7159155420216363023,3005656273172799786,2025112011077000000113749397|xiniu_xgc_bgc,1,是
C14222,重庆渝北吾悦广场永辉渠道店,重庆公司,重庆战区,川渝省区,重庆办,关店,渠道店,加盟,商超,,,,,,,,,,1,
C14223,成都龙湖天街永辉渠道店,重庆公司,重庆战区,川渝省区,重庆办,关店,渠道店,加盟,商超,,,,,,,,,,1,
C14225,广州南站一楼美宜佳专柜店,广东公司,广州战区,广东省区,广佛办,关店,专柜店,加盟,高势能,,,,,,,,,,1,是
C14226,陕西榆林兴达路尚郡店,陕西公司,西安战区,陕西省区,陕西外阜办,关店,渠道店,加盟,街铺,,,,,,,,,,1,
C14227,成都银泰永辉渠道店,重庆公司,重庆战区,川渝省区,重庆办,关店,渠道店,加盟,商超,,,,,,,,,,1,
C14228,上海金山万达永辉超市店,浙江公司,上海战区,上海省区,上海一办,正常营业,经销,加盟,商超,,,,,,,,,,1,
C14229,陕西榆林万达广场店,陕西公司,西安战区,陕西省区,陕西外阜办,关店,专卖店,加盟,综合体,26734505,527055199,16914083.0,,,,7473307195594803251,,,1,是
C14230,长沙岳麓区梅溪湖悦购佳超市专柜店,江西公司,长沙战区,湖南省区,长沙办,关店,专柜店,加盟,商超,,,,,,,,,,1,是
C14231,广西百色站店,广东公司,南宁战区,广西省区,南宁办,正常营业,专卖店,加盟,高势能,,,,,,,,,,1,是
C14232,南宁宾阳东服务区专柜店,广东公司,南宁战区,广西省区,南宁办,关店,专柜店,加盟,交通枢纽,,,,,,,,,,1,是
C14233,株洲株百天元店,江西公司,长沙战区,湖南省区,株洲办,暂停营业,经销,加盟,综合体,,,,,,,,,,1,是
C14235,深圳世界之窗梅尼小镇专卖店,广东公司,深圳战区,广东省区,宝安办,关店,专卖店,加盟,交通枢纽,,,,,,,,,,1,
C14236,赣州站店,江西公司,赣州战区,江西一区,赣州办,正常营业,专卖店,加盟,高势能,,,,,,,,,,1,是
C14237,长沙步行街南门口店,江西公司,长沙战区,湖南省区,长沙办,关店,专卖店,加盟,街铺,26476457,524831644,15861085.0,6017157439849,,720317413,7463299490771667007,,,1,是
C14238,盐城雅佳乐二店,浙江公司,苏州战区,江苏省区,南京办,关店,渠道店,加盟,商超,,,,,,,,,,1,
C14239,海口新海港专柜店,广东公司,海口战区,海南办,海南办,关店,专柜店,加盟,交通枢纽,,,,,,,,,,1,是
C14240,江西公司美团团购,江西公司,南昌一战区,江西一区,南昌一办,关店,渠道店,直营,特殊渠道,,,,,,,,,,1,
C14241,福田口岸地铁站专卖店,广东公司,深圳战区,广东省区,龙岗办,关店,专卖店,加盟,交通枢纽,1273597661,1273597661,17727232.0,,,1632588713,,,,1,是
C14242,合肥滨湖永辉二店,浙江公司,苏州战区,安徽办,安徽办,关店,渠道店,加盟,综合体,,,,,,,,,,1,
C14243,安徽永辉东方大道二店,浙江公司,苏州战区,安徽办,安徽办,关店,渠道店,加盟,商超,,,,,,,,,,1,
C14245,合肥万象汇永辉渠道二店,浙江公司,苏州战区,安徽办,安徽办,关店,渠道店,加盟,综合体,,,,,,,,,,1,
C14246,合肥祁门路永辉渠道二店,浙江公司,苏州战区,安徽办,安徽办,关店,渠道店,加盟,综合体,,,,,,,,,,1,
C14247,江西赣鄱优品文化创意有限公司,江西公司,南昌一战区,江西一区,南昌一办,正常营业,经销,加盟,街铺,,,,,,,,,,1,
C14248,珠海港珠澳口岸专柜店,广东公司,广州战区,广东省区,中珠办,关店,专柜店,加盟,综合体,,,,,,,,,,1,
C14249,上饶余干农民街农贸店,江西公司,南昌二战区,江西二区,景德镇办,正常营业,专卖店,加盟,街铺,26972977,,17633467.0,6017184968849,,1668090198,7491546525055584283,,2025111911077000000113749161|xiniu_xgc_bgc,1,是
C14250,东莞黄江大道店,广东公司,东莞战区,广东省区,东莞办,正常营业,专卖店,加盟,综合体,1244998,1270385568,17775709.0,6017197185849,,113129940,6601137977194203144,3002677316847576131,2025112011077000000113643763|xiniu_xgc_bgc,1,是
C14251,江苏省常州茅山服务区,浙江公司,苏州战区,江苏省区,南京办,正常营业,专卖店,加盟,交通枢纽,,,,,,,,,,1,
C14252,开化龙顶服务区北区,浙江公司,杭州战区,浙江省区,杭州办,正常营业,专卖店,加盟,交通枢纽,,,,,,,,,,1,是
C14253,龙华星潮泰未来城专卖店,广东公司,深圳战区,广东省区,宝安办,关店,专卖店,加盟,街铺,26851946,525096490,15385830.0,6017184163849,,1570899587,,3005670088276912158,,1,是
C14255,开化龙顶服务区南区,浙江公司,杭州战区,浙江省区,杭州办,正常营业,专卖店,加盟,交通枢纽,,,,,,,,,,1,是
C14257,广州南沙万达永辉渠道店,广东公司,广州战区,广东省区,广佛办,关店,渠道店,加盟,商超,,,,,,,,,,1,
C14258,桐庐服务区北区,浙江公司,杭州战区,浙江省区,杭州办,关店,专卖店,加盟,交通枢纽,,,,,,,,,,1,是
C14259,桐庐服务区南区,浙江公司,杭州战区,浙江省区,杭州办,关店,专卖店,加盟,交通枢纽,,,,,,,,,,1,是
C14260,陕西汉中高铁站二层候车室店,陕西公司,西安战区,陕西省区,陕西外阜办,正常营业,专卖店,加盟,高势能,,,,,,,,,,1,是
C14261,西安永辉大明宫万达店,陕西公司,西安战区,陕西省区,陕西外阜办,关店,渠道店,加盟,商超,,,,,,,,,,1,
C14262,西安永辉阳光天地店,陕西公司,西安战区,陕西省区,陕西外阜办,正常营业,经销,加盟,商超,,,,,,,,,,1,
C14263,温州仙岩专卖店,浙江公司,杭州战区,福建省区,浙南办,关店,专卖店,加盟,街铺,27261786,,16638054.0,6017186631849,,1019276699,7478886554157451291,3005695330815549760,,1,是
C14264,上饶弋阳怡景苑店,江西公司,抚州战区,江西二区,上饶办,正常营业,专卖店,加盟,街铺,27079714,1274135049,15967996.0,6017196961849,,694306688,7482955432558856201,3005678242138984476,2026030411077000000115152732|xiniu_xgc_bgc,1,是
C14265,零星散户,其他,,其他,其他,正常营业,,加盟,,,,,,,,,,,1,
C14266,凤岗天安深创谷专卖店,广东公司,东莞战区,广东省区,东莞办,关店,专卖店,加盟,综合体,27798256,528755335,16638150.0,,,1888036257,7498558500940089356,3005848196586349874,2026031311077000000115377245|xiniu_xgc_bgc,1,是
C14267,罗湖桂园路专卖店,广东公司,深圳战区,广东省区,龙岗办,关店,专卖店,加盟,街铺,27190922,1280790182,15678872.0,,,1219786750,,3005737789904889948,,1,是
C14268,杭州西投银泰城店,浙江公司,杭州战区,浙江省区,杭州办,关店,专卖店,加盟,综合体,27189727,527416100,15967998.0,,,1805134847,7485291269477664822,,2025112011077000000113626779|xiniu_xgc_bgc,1,是
C14269,福州福清城头镇梁厝村专柜,江西公司,福州战区,福建省区,福州办,关店,专柜店,加盟,商超,,,,,,,,,,1,
C14270,重庆铜梁平滩服务区东区店,重庆公司,重庆战区,川渝省区,重庆办,待开业,专卖店,加盟,交通枢纽,,,,,,,,,,1,
C14271,重庆铜梁平滩服务区西区店,重庆公司,重庆战区,川渝省区,重庆办,待开业,专卖店,加盟,交通枢纽,,,,,,,,,,1,
C14272,龙华民治天虹商场专卖店,广东公司,深圳战区,广东省区,宝安办,关店,专卖店,加盟,综合体,27219791,527376085,16638063.0,6017214330849,,601526899,7486671309187844130,3004285755567641099,,1,是
C14273,广州东站鼎腾贸易3店,广东公司,广州战区,广东省区,广佛办,正常营业,专卖店,加盟,高势能,,,,,,,,,,1,
C14275,龙华民治潜龙花园专卖店,广东公司,深圳战区,广东省区,宝安办,关店,专卖店,加盟,街铺,27129838,1268525752,15564021.0,6017197043849,,1016800237,7482309182651697167,6724909334817542542,,1,是
C14276,直属九江庐山风景区店,江西公司,九江战区,江西二区,九江办,正常营业,专卖店,直营,交通枢纽,27976932,529735722,,6017240424849,,970738502,7505226560752846884,3005073101226938707,2025111911077000000113736579|xiniu_xgc_bgc,1,是
C14277,直属河南郑州二七万达店,陕西公司,郑州战区,河南省区,郑州办,正常营业,专卖店,直营,综合体,27798146,528745377,16383954.0,6017215816849,,1751299229,7495638977823803442,3005850972626200613,2025111911077000000113728599|xiniu_xgc_bgc,1,是
C14278,长沙南好得易成连锁专柜店,江西公司,长沙战区,湖南省区,长沙办,关店,专柜店,加盟,高势能,,,,,,,,,,1,是
C14279,长沙南好得易成连锁专柜二店,江西公司,长沙战区,湖南省区,长沙办,关店,专柜店,加盟,高势能,,,,,,,,,,1,是
C14280,长沙南好得易成连锁专柜三店,江西公司,长沙战区,湖南省区,长沙办,关店,专柜店,加盟,高势能,,,,,,,,,,1,是
C14281,长沙南好得易成连锁专柜四店,江西公司,长沙战区,湖南省区,长沙办,关店,专柜店,加盟,高势能,,,,,,,,,,1,是
C14282,长沙南好得易成连锁专柜五店,江西公司,长沙战区,湖南省区,长沙办,关店,专柜店,加盟,高势能,,,,,,,,,,1,是
C14284,加盟独椒戏松岗潭头店,其他,深圳宝安区,其他,独椒戏(深圳),正常营业,,加盟,,,,,,,,,,,1,
C14285,福田新城市广场专卖店,广东公司,深圳战区,广东省区,龙岗办,关店,专卖店,加盟,综合体,27974461,528925321,17082658.0,6017235363849,,544433041,7500409910341945363,3005857407192148231,2026031311077000000115353277|xiniu_xgc_bgc,1,是
C14286,直属南山龙海家园专卖店,创新专项部,创新专项部,广东省区,宝安办,关店,专卖店,直营,街铺,26897585,519265679,16016524.0,6016949853849,,675885521,7386963674394527778,,,1,是
C14287,重庆北碚东阳服务区南区店,重庆公司,重庆战区,川渝省区,重庆办,待开业,专卖店,加盟,交通枢纽,,,,,,,,,,1,
C14288,东莞西平顶之选专柜店,广东公司,东莞战区,广东省区,东莞办,关店,专柜店,加盟,商超,,,,,,,,,,1,是
C14289,象湖银湖中路店,江西公司,南昌一战区,江西二区,南昌四办,正常营业,专卖店,加盟,街铺,,,,6017236569849,,832617211,7504195040487409705,,2025112011077000000113621955|xiniu_xgc_bgc,1,是
C14290,沈阳高铁站二楼店,陕西公司,沈阳战区,辽吉省区,辽吉外阜办,暂停营业,专卖店,加盟,高势能,,,,,,,,,,1,是
C14291,鲅鱼圈高铁站店,陕西公司,沈阳战区,辽吉省区,辽吉外阜办,暂停营业,专卖店,加盟,高势能,,,,,,,,,,1,是
C14293,沈阳南站店,陕西公司,沈阳战区,辽吉省区,沈阳办,暂停营业,专卖店,加盟,高势能,,,,,,,,,,1,是
C14295,河南尉氏建兴广场店,陕西公司,郑州战区,河南省区,河南外阜办,关店,专柜店,加盟,综合体,,,,,,,,,,1,是
C14296,四平东站站店,陕西公司,沈阳战区,辽吉省区,长春办,关店,专卖店,加盟,高势能,,,,,,,,,,1,是
C14297,厦门集美北站,江西公司,厦门战区,福建省区,闽南办,正常营业,专卖店,加盟,高势能,27350232,525067813,15861061.0,6017219116849,,782881272,6601144013313542151,3004104363426878546,,1,是
C14298,宁德霞浦百花新村店,江西公司,福州战区,福建省区,浙南办,正常营业,专卖店,加盟,街铺,27218461,1273560407,,6017200513849,,562565484,6601157583468251149,6724909544064041317,,1,是
C14299,杭州临安人民广场店,浙江公司,杭州战区,浙江省区,杭州办,正常营业,专卖店,加盟,综合体,27248731,527056533,23540939.0,6017214356849,,1718493168,7490090297160435763,,2025112011077000000113759198|xiniu_xgc_bgc,1,是
C14300,厦门湖里安兜专柜,江西公司,厦门战区,福建省区,闽南办,关店,专柜店,加盟,街铺,,,,,,,7487413897960359970,,,1,是
C14301,南康塔坳农贸市场店,江西公司,赣州战区,江西一区,赣州办,关店,专柜店,加盟,商超,,,,,,,,,,1,是
C14302,南康鸿泰安置点店,江西公司,赣州战区,江西一区,赣州办,关店,专卖店,加盟,街铺,28838952,1284593374,16638024.0,6017234702849,,1094104876,7498555725442975780,3005834023058412605,,1,是
C14303,东莞石碣嘉荣渠道店,广东公司,东莞战区,广东省区,东莞办,关店,渠道店,加盟,特殊渠道,,,,,,,,,,1,
C14304,徐妈拌粉丁公路新店,其他,,其他,徐妈,正常营业,,加盟,,,,,,,,,,,1,
C14305,北京永辉鸿坤店,陕西公司,北京战区,京津冀省区,北京办,关店,渠道店,直营,特殊渠道,,,,,,,,,,1,
C14306,北京物美学清路店,陕西公司,北京战区,京津冀省区,北京办,关店,渠道店,加盟,特殊渠道,,,,,,,,,,1,
C14307,肇庆鼎湖敏敏捷广场店,广东公司,广州战区,广东省区,广佛办,正常营业,专卖店,加盟,街铺,28361345,529641025,17552628.0,6017254112849,,523443716,7325567591869581362,,2025111911077000000113637703|xiniu_xgc_bgc,1,是
C14308,福州福清万达永辉店,江西公司,福州战区,福建省区,福州办,正常营业,经销,加盟,特殊渠道,,,,,,,,,,1,
C14309,东莞厚街万达永辉店,广东公司,东莞战区,广东省区,东莞办,关店,经销,加盟,特殊渠道,,,,,,,,,,1,
C14310,广州白云站亿鑫三和企业管理有限公司,广东公司,广州战区,广东省区,广佛办,正常营业,经销,加盟,高势能,,,,,,,,,,1,是
C14311,赣州宝能城店,江西公司,赣州战区,江西一区,赣州办,关店,专卖店,加盟,街铺,27467317,526746705,16914058.0,,,1274023516,7491554700106401828,,,1,是
C14312,直属南山区前海路沃尔玛渠道店,广东公司,深圳战区,广东省区,宝安办,关店,渠道店,直营,商超,,,,,,,,,,1,
C14314,济南泉城路专柜店,浙江公司,青岛战区,山东省区,济南办,关店,专柜店,加盟,商超,,,,,,,,,,1,是
C14315,甘肃兰州永辉金城中心店,陕西公司,西安战区,陕西省区,兰州办,正常营业,经销,加盟,商超,,,,,,,,,,1,
C14316,直属杭州金沙龙湖天街店,浙江公司,杭州战区,浙江省区,杭州办,关店,专卖店,直营,综合体,,,,,,,,,,1,
C14317,长沙岳麓区岳麓山店,江西公司,长沙战区,湖南省区,长沙办,关店,专卖店,加盟,街铺,27467204,1282677064,16130636.0,6017226405849,,1997003685,7490377619423103026,3005762960741640202,,1,是
C14318,泉州晋江阳光天地店,江西公司,厦门战区,福建省区,闽南办,正常营业,专卖店,加盟,综合体,27711946,1282158196,16189148.0,6017225196849,,851943457,7482600316504901684,3005771684542982206,2025111911077000000113683634|xiniu_xgc_bgc,1,是
C14319,上海闵行浦江万达永辉店,浙江公司,上海战区,上海省区,上海一办,正常营业,经销,加盟,商超,,,,,,,,,,1,
C14321,海口万达旺佳旺店,广东公司,海口战区,海南办,海南办,关店,专卖店,加盟,商超,27798143,528900349,16638093.0,,,855216159,7498559383392290851,3005848670617245015,,1,是
C14322,直属深圳沃尔玛店,广东公司,深圳战区,广东省区,深圳办,正常营业,经销,直营,商超,,,,,,,,,,1,
C14323,直属东莞沙田沃尔玛店,广东公司,东莞战区,广东省区,东莞办,正常营业,经销,直营,商超,,,,,,,,,,1,
C14326,温州数安港店,浙江公司,杭州战区,福建省区,浙南办,关店,专柜店,加盟,街铺,27132554,521507703,16134280.0,6014012992849,179241,41230131,6601195663646525453,6724909544061906926,2026031311077000000115276424|xiniu_xgc_bgc,1,是
C14327,陕西荣协实业有限公司杭州东站一店,浙江公司,杭州战区,浙江省区,杭州办,关店,渠道店,加盟,高势能,,,,,,,,,,1,是
C14328,山西太原永辉并州路店,陕西公司,西安战区,山西办,山西办,关店,渠道店,加盟,商超,,,,,,,,,,1,
C14329,昆明海乐世界永辉渠道店,重庆公司,贵阳战区,云贵省区,昆明办,关店,渠道店,加盟,特殊渠道,,,,,,,,,,1,
C14336,章丘东方冷库东山专柜店,浙江公司,青岛战区,山东省区,济南办,关店,专柜店,加盟,商超,,,,,,,,,,1,
C14337,吉首步步高许昌品鲜店,江西公司,长沙战区,湖南省区,长沙办,正常营业,经销,加盟,综合体,,,,,,,,,,1,
C14338,邵阳南站步步高许昌品鲜店,江西公司,长沙战区,湖南省区,长沙办,暂停营业,经销,加盟,综合体,,,,,,,,,,1,
C14339,郴州永兴步步高许昌品鲜店,江西公司,长沙战区,湖南省区,长沙办,正常营业,经销,加盟,综合体,,,,,,,,,,1,
C14340,张家界十字街步步高许昌品鲜店,江西公司,长沙战区,湖南省区,长沙办,正常营业,经销,加盟,综合体,,,,,,,,,,1,
C14341,长春欧亚新生活店,陕西公司,沈阳战区,辽吉省区,长春办,关店,专卖店,加盟,商超,28189697,528776237,17450640.0,6017248614849,,1519587790,7511598757490722854,3005924552571168051,,1,是
C14342,永州舜德步步高许昌品鲜店,江西公司,长沙战区,湖南省区,长沙办,正常营业,经销,加盟,综合体,,,,,,,,,,1,
C14343,岳阳金鄂步步高许昌品鲜店,江西公司,长沙战区,湖南省区,长沙办,正常营业,经销,加盟,商超,,,,,,,,,,1,
C14345,直属万寿宫象山路店,创新专项部,运营一组,江西名片战,江西名片战,正常营业,专卖店,直营,交通枢纽,28189645,528821227,17552629.0,6017233519849,,671857777,7502369543717652480,,2025111911077000000113752168|xiniu_xgc_bgc,1,是
C14346,广州天河永旺天河城渠道店,广东公司,广州战区,广东省区,广佛办,关店,渠道店,加盟,商超,,,,,,,,,,1,
C14347,泉州安溪宝龙观光夜市店,江西公司,厦门战区,福建省区,闽南办,正常营业,专卖店,加盟,街铺,27798154,528915360,16130475.0,6017227787849,,1585930948,7494470672769353769,,2025112011077000000113703842|xiniu_xgc_bgc,1,是
C14348,陕西渭南信达广场店,陕西公司,西安战区,陕西省区,陕西外阜办,关店,专卖店,加盟,综合体,27798259,528775337,16638042.0,,,1489902111,7498565130905471028,,,1,是
C14349,杭州来福士店,浙江公司,杭州战区,浙江省区,杭州办,正常营业,专卖店,加盟,综合体,28552152,1289396847,17904388.0,6017269877849,,1787352046,7518211278901348387,,2025112011077000000113653783|xiniu_xgc_bgc,1,是
C14350,景德镇陶望家园超市店（辰译优）,江西公司,九江战区,江西二区,景德镇办,正常营业,专卖店,加盟,商超,,,,,,,,,,1,是
C14351,直属河南郑州东站店,陕西公司,郑州战区,河南省区,郑州办,关店,专卖店,直营,高势能,,,,,,,,,,1,
C14352,贵阳新世界永辉渠道店,重庆公司,贵阳战区,云贵省区,贵阳办,关店,渠道店,加盟,特殊渠道,,,,,,,,,,1,
C14353,北京永辉大兴天宫院店,陕西公司,北京战区,京津冀省区,北京办,关店,渠道店,直营,特殊渠道,,,,,,,,,,1,
C14355,北京永辉卧龙悦购店,陕西公司,北京战区,京津冀省区,北京办,关店,渠道店,直营,特殊渠道,,,,,,,,,,1,
C14356,（闭店)南昌远凌彩农业科技有限公司,江西公司,南昌一战区,江西一区,南昌一办,关店,渠道店,加盟,商超,,,,,,,,,,1,
C14357,冷水江市信和广场悦购佳精品超市店,江西公司,长沙战区,湖南省区,株洲办,关店,专柜店,加盟,综合体,,,,,,,,,,1,是
C14358,龙岗坪地创城专卖店,广东公司,深圳战区,广东省区,龙岗办,关店,专卖店,加盟,街铺,27798140,529315253,16914057.0,6017235329849,,1184124915,7496052639294851126,3005860147066710356,2025112011077000000113748415|xiniu_xgc_bgc,1,是
C14359,慈溪服务区南区,浙江公司,杭州战区,浙江省区,宁波办,正常营业,专卖店,加盟,交通枢纽,,,,,,,,,,1,是
C14360,慈溪服务区北区,浙江公司,杭州战区,浙江省区,宁波办,正常营业,专卖店,加盟,交通枢纽,,,,,,,,,,1,是
C14361,镇江句容苏果超市华阳东路店,浙江公司,苏州战区,江苏省区,南京办,正常营业,经销,加盟,商超,,,,,,,,,,1,
C14362,成都汇融广场永辉渠道店,重庆公司,重庆战区,川渝省区,重庆办,关店,渠道店,加盟,商超,,,,,,,,,,1,
C14367,宝安西乡西城上筑专卖店,广东公司,深圳战区,广东省区,宝安办,关店,专柜店,加盟,街铺,28552153,529886324,18001873.0,,,1390426410,7506516724145981449,,,1,是
C14368,东莞厚街兴隆路店,广东公司,东莞战区,广东省区,东莞办,正常营业,专卖店,加盟,综合体,28027015,1289429538,17279852.0,6017242738849,,1597432782,7508695117570508827,3005908582827397421,2025112011077000000113759199|xiniu_xgc_bgc,1,是
C14369,福田新城市广场永辉渠道店,广东公司,深圳战区,广东省区,宝安办,关店,渠道店,加盟,商超,,,,,,,,,,1,
C14370,罗湖翠竹益田永辉渠道店,广东公司,深圳战区,广东省区,龙岗办,关店,渠道店,加盟,商超,,,,,,,,,,1,
C14371,雅佳乐三店,浙江公司,苏州战区,江苏省区,苏州办,关店,渠道店,加盟,商超,,,,,,,,,,1,
C14372,遵义吾悦广场永辉渠道店,重庆公司,贵阳战区,云贵省区,遵义办,关店,渠道店,加盟,特殊渠道,,,,,,,,,,1,
C14373,西安西咸吾悦广场永辉店,陕西公司,西安战区,陕西省区,陕西外阜办,正常营业,经销,加盟,综合体,,,,,,,,,,1,
C14375,广州南沙万顷沙服务区店,广东公司,广州战区,广东省区,广佛办,正常营业,专卖店,加盟,交通枢纽,,,,,,,,,,1,
C14376,广州永旺购销渠道店,广东公司,广州战区,广东省区,广佛办,关店,渠道店,加盟,商超,,,,,,,,,,1,
C14377,四川泸州高铁站店,重庆公司,重庆战区,川渝省区,重庆办,正常营业,专卖店,加盟,高势能,,,,,,,,,,1,是
C14378,四川内江北站店,重庆公司,重庆战区,川渝省区,重庆办,关店,专柜店,加盟,高势能,,,,,,,,,,1,是
C14379,直属上海光启城店,浙江公司,上海战区,上海省区,上海一办,关店,专卖店,直营,综合体,,,,,,,,,,1,
C14380,滨州惠民信誉楼店,浙江公司,青岛战区,山东省区,济南办,关店,专卖店,加盟,综合体,,,,,,,7498921331644188724,,,1,是
C14381,河南郑州祥和居店,陕西公司,郑州战区,河南省区,河南外阜办,正常营业,专卖店,加盟,街铺,27900231,528855454,17335901.0,,,1913337490,7504205845647853587,,2026031311077000000115369362|xiniu_xgc_bgc,1,是
C14382,长沙好润佳超市开福店,江西公司,长沙战区,湖南省区,长沙办,正常营业,经销,加盟,商超,,,,,,,,,,1,
C14383,昆明五华昆明老街店,重庆公司,贵阳战区,云贵省区,昆明办,关店,专卖店,加盟,街铺,,,,,,,,,,1,是
C14384,娄底娄星区汽车站店,江西公司,长沙战区,湖南省区,株洲办,关店,专卖店,加盟,街铺,27900235,528935377,17082653.0,6017236973849,,795759684,7502688787374278710,3005854965094978826,,1,是
C14386,南平市兴华路永辉店,江西公司,福州战区,福建省区,福州办,关店,渠道店,直营,特殊渠道,,,,,,,,,,1,
C14387,广州白云亿达方圆荟专柜店,广东公司,广州战区,广东省区,广佛办,关店,专柜店,加盟,综合体,,,,,,,,,,1,是
C14388,温州吾悦广场永辉店,浙江公司,杭州战区,福建省区,浙南办,关店,专柜店,直营,综合体,,,,,,,,,,1,
C14389,不使用,浙江公司,苏州战区,江苏省区,苏州办,待开业,,加盟,,,,,,,,,,,1,
C14390,苏州科技城星悦里店,浙江公司,苏州战区,江苏省区,苏州办,正常营业,专卖店,加盟,商超,28091976,1287926537,17279853.0,6017236497849,,538915611,7501189177984157750,3005828914989705310,2025111911077000000113726628|xiniu_xgc_bgc,1,是
C14391,长沙悦邻多超市店(望城店),江西公司,长沙战区,湖南省区,长沙办,关店,专柜店,加盟,商超,,,,,,,,,,1,
C14392,岳阳悦邻多恒大店,江西公司,长沙战区,湖南省区,长沙办,关店,专柜店,加盟,综合体,,,,,,,,,,1,
C14393,长沙悦邻多超市梅溪湖店,江西公司,长沙战区,湖南省区,长沙办,关店,专柜店,加盟,综合体,,,,,,,,,,1,
C14394,长沙银盆岭悦邻多贸易有限公司,江西公司,长沙战区,湖南省区,长沙办,关店,专柜店,加盟,商超,,,,,,,,,,1,是
C14395,悦邻多保利广场店,江西公司,长沙战区,湖南省区,长沙办,关店,专柜店,加盟,综合体,,,,,,,,,,1,
C14396,东莞虎门天虹购物中心渠道店,广东公司,东莞战区,广东省区,东莞办,关店,渠道店,加盟,特殊渠道,,,,,,,,,,1,
C14397,曹路永辉店,浙江公司,上海战区,上海省区,上海一办,正常营业,经销,加盟,综合体,,,,,,,,,,1,
C14398,赣州万达宏昌店,江西公司,赣州战区,江西一区,赣州办,关店,经销,加盟,商超,,,,,,,,,,1,
C14399,温州吾悦永辉店江西公司临时账号,江西公司,南昌一战区,江西二区,南昌三办,关店,渠道店,加盟,特殊渠道,,,,,,,,,,1,
C14400,淄博恒太城专柜店（烟台港银商贸有限公司）,浙江公司,青岛战区,山东省区,济南办,关店,专柜店,加盟,综合体,28742725,1289437634,18378367.0,6017282088849,,1800421363,7522466902841509942,,,1,是
C14402,龙岗布吉天虹渠道店,广东公司,深圳战区,广东省区,龙岗办,关店,渠道店,加盟,商超,,,,,,,,,,1,
C14405,漳州吾悦专柜店,江西公司,厦门战区,福建省区,闽南办,关店,专柜店,加盟,综合体,,,,,,,,,,1,是
C14406,江西省博谦贸易有限公司（独椒戏）,其他,南昌区域,独椒戏,独椒戏(南昌),正常营业,,直营,,,,,,,,,,,1,
C14408,西塘古镇店,浙江公司,杭州战区,浙江省区,杭州办,关店,专卖店,加盟,交通枢纽,28189694,1289225707,17390513.0,6017244707849,,807564397,7511585146299795483,,,1,是
C14409,龙岗坂田雪象新村店,广东公司,深圳战区,广东省区,龙岗办,正常营业,专卖店,加盟,街铺,28189691,528831213,17450639.0,6017246490849,,1524051943,7500857827682945058,,2026031311077000000115245364|xiniu_xgc_bgc,1,是
C14410,上海浦东唐镇阳光城永辉店,浙江公司,上海战区,上海省区,上海一办,关店,渠道店,加盟,综合体,,,,,,,,,,1,
C14411,河南新乡小胖店,陕西公司,郑州战区,河南省区,河南外阜办,正常营业,经销,加盟,商超,,,,,,,,,,1,
C14421,大连三八广场店,陕西公司,沈阳战区,辽吉省区,大连办,关店,专卖店,加盟,综合体,,,,,,,,,,1,是
C14423,温州泰顺专柜店,浙江公司,杭州战区,福建省区,浙南办,关店,专柜店,加盟,街铺,27900233,1284695121,17146730.0,,,1804731986,,,,1,是
C14425,太仓上海东路永辉渠道店,浙江公司,苏州战区,江苏省区,苏州办,关店,渠道店,加盟,特殊渠道,,,,,,,,,,1,
C14430,廊坊明珠超市店,陕西公司,北京战区,京津冀省区,北京办,关店,渠道店,加盟,特殊渠道,,,,,,,,,,1,
C14431,九江庐山风景区店（名产商业）,江西公司,九江战区,江西二区,九江办,正常营业,经销,加盟,交通枢纽,,,,,,,,,,1,
C14432,莆田仙游海宏永辉专柜店,江西公司,福州战区,福建省区,福州办,关店,专柜店,加盟,综合体,,,,,,,,,,1,
C14433,泉州晋江并创旅游广场专卖店,江西公司,厦门战区,福建省区,闽南办,关店,专卖店,加盟,综合体,10299099,529860686,17210594.0,6017241615849,,951918699,7505236744216774693,,2026030311077000000115136636|xiniu_xgc_bgc,1,是
C14435,上饶江光农贸市场店,江西公司,抚州战区,江西二区,上饶办,关店,专卖店,加盟,街铺,28458850,1290225572,17775710.0,6017244520849,,1808080389,7503743060019251200,3005916513218728989,,1,是
C14436,萍乡芦溪中润联华店,江西公司,宜春战区,江西二区,宜春办,暂停营业,专卖店,加盟,街铺,28394211,528881635,17679466.0,6017256148849,,1545749453,7512548635985315903,3005947622040245594,2025111911077000000113747521|xiniu_xgc_bgc,1,是
C14438,上海青浦宝龙永辉店,浙江公司,上海战区,上海省区,上海一办,关店,渠道店,加盟,综合体,,,,,,,,,,1,
C14439,漳州万达永辉,江西公司,厦门战区,福建省区,闽南办,关店,渠道店,直营,综合体,,,,,,,,,,1,
C14440,济南印象城专柜店,浙江公司,青岛战区,山东省区,济南办,关店,专柜店,加盟,商超,,,,,,,,,,1,
C14441,厦门集美新源路专柜,江西公司,厦门战区,福建省区,闽南办,关店,专柜店,加盟,综合体,28461624,1293669625,17783282.0,6017269976849,,764754465,7510884642489108534,,,1,是
C14442,昆山苏杭时代樾河店,浙江公司,苏州战区,上海省区,上海一办,关店,渠道店,加盟,商超,,,,,,,,,,1,
C14443,杭州临安城中街钱王财富广场永辉店,浙江公司,杭州战区,浙江省区,杭州办,正常营业,经销,加盟,商超,,,,,,,,,,1,
C14445,大连荣盛街店,陕西公司,沈阳战区,辽吉省区,大连办,关店,专柜店,加盟,街铺,,,,,,,,,,1,是
C14446,直属杭州西溪龙湖天街,浙江公司,杭州战区,浙江省区,杭州办,关店,专卖店,直营,综合体,28189652,1289310670,17450636.0,6017247054849,,1270673933,7512799881304475688,,2025112011077000000113653782|xiniu_xgc_bgc,1,是
C14447,青岛战区直属四海来嗨快闪地推店,浙江公司,青岛战区,山东省区,青岛办,关店,专柜店,直营,交通枢纽,,,,,,,,,,1,
C14452,鹰抚上顿渡诺贝尔国际店,江西公司,抚州战区,江西一区,鹰抚办,正常营业,专卖店,加盟,街铺,28249970,1290177331,17552626.0,6017251324849,,1341693759,7510502239039916032,3005967082871858465,2025111911077000000113721588|xiniu_xgc_bgc,1,是
C14453,光明区马田南庄合众店,广东公司,深圳战区,广东省区,龙岗办,关店,专卖店,加盟,街铺,28742718,1297799885,18378368.0,6017282385849,,734273278,,3006029930584713524,2025111911077000000113766045|xiniu_xgc_bgc,1,是
C14456,长沙县东方樾店,江西公司,长沙战区,湖南省区,长沙办,正常营业,团购账户（购销）,加盟,街铺,,,,,,,,,,1,
C14457,天水秦州万达永辉店,陕西公司,西安战区,陕西省区,兰州办,正常营业,经销,加盟,综合体,,,,,,,,,,1,
C14459,泉州美食街专柜,江西公司,厦门战区,福建省区,闽南办,关店,专柜店,加盟,街铺,,,,,,,,,,1,
C14461,加盟独椒戏安义店,其他,南昌区域,独椒戏,独椒戏(南昌),关店,专卖店,加盟,综合体,,,,,,,,,,1,
C14462,宝安新沙天虹店,广东公司,深圳战区,广东省区,宝安办,正常营业,经销,加盟,特殊渠道,,,,,,,,,,1,
C14463,宜春鼓楼西路店,江西公司,宜春战区,江西二区,宜春办,暂停营业,专卖店,加盟,街铺,29587281,534565008,,,,,7548664482114619442,,,1,是
C14464,海口盐灶店,广东公司,海口战区,海南办,海南办,关店,专卖店,加盟,街铺,28404724,1290735947,17727227.0,6017258132849,,767396087,7517101023521933347,3005964756950362376,2025112011077000000113728703|xiniu_xgc_bgc,1,是
C14465,河源东站博美专柜店,广东公司,东莞战区,广东省区,惠汕办,关店,专柜店,加盟,高势能,,,,,,,,,,1,是
C14466,佛山顺德永旺万象汇渠道店,广东公司,广州战区,广东省区,广佛办,关店,渠道店,加盟,商超,,,,,,,,,,1,
C14468,龙岗仁恒永旺超市店,广东公司,广州战区,广东省区,广佛办,正常营业,经销,加盟,特殊渠道,,,,,,,,,,1,
C14469,罗湖东湖永旺超市渠道店,广东公司,广州战区,广东省区,广佛办,关店,渠道店,加盟,特殊渠道,,,,,,,,,,1,
C14470,东莞第一国际店,广东公司,东莞战区,广东省区,广佛办,正常营业,经销,加盟,特殊渠道,,,,,,,,,,1,
C14471,汕头高铁站专卖二店,广东公司,东莞战区,广东省区,惠汕办,关店,专柜店,加盟,高势能,,,,,,,,,,1,是
C14472,长沙南珊珊便利店专柜,江西公司,长沙战区,湖南省区,长沙办,关店,专柜店,加盟,高势能,,,,,,,,,,1,
C14473,山西太原城北社区店,陕西公司,西安战区,山西办,山西办,关店,专柜店,加盟,商超,,,,,,,,,,1,
C14475,大连西安路百盛店,陕西公司,沈阳战区,辽吉省区,大连办,关店,专柜店,加盟,综合体,,,,,,,,,,1,是
C14476,夏商超市官任店专柜,江西公司,厦门战区,福建省区,闽南办,关店,专柜店,加盟,商超,,,,,,,,,,1,是
C14477,怀化爱零优鲜佳惠新嘉坡店,江西公司,长沙战区,湖南省区,衡邵办,关店,专柜店,加盟,商超,,,,,,,,,,1,是
C14478,济南北辰龙湖天街永辉店,浙江公司,青岛战区,山东省区,济南办,正常营业,经销,加盟,综合体,,,,,,,,,,1,
C14479,宜春惠万家购物广场店,江西公司,宜春战区,江西二区,宜春办,正常营业,专卖店,加盟,商超,,,,6017258324849,,1074066437,7185104465920264250,,2025111911077000000113706688|xiniu_xgc_bgc,1,是
C14480,南山南油东滨路专柜店,广东公司,深圳战区,广东省区,宝安办,关店,专柜店,加盟,街铺,30907980,,17552627.0,,,1170216096,6896223483257161742,3002304558722387978,,1,是
C14481,南昌新建城西红柿集店,江西公司,南昌一战区,江西一区,南昌二办,暂停营业,专卖店,加盟,街铺,31778304,540970704,22659602.0,6017283786849,,1022770626034524,7613700931720316980,3006026938453430272,,1,是
C14482,四川绵阳市乐荟城永辉超市渠道店,重庆公司,重庆战区,川渝省区,重庆办,关店,渠道店,加盟,商超,,,,,,,,,,1,
C14483,南昌县爱和小镇汇仁店,江西公司,南昌一战区,江西一区,南昌一办,正常营业,经销,加盟,特殊渠道,,,,,,,,,,1,
C14485,珠海斗门招商花园城店,广东公司,广州战区,广东省区,中珠办,正常营业,专卖店,加盟,综合体,28404726,1293649504,17727229.0,6017258050849,,590876378,7525711651291531318,,2025111911077000000113654632|xiniu_xgc_bgc,1,是
C14486,衡阳香江百货万达渠道店,江西公司,长沙战区,湖南省区,衡邵办,关店,渠道店,加盟,商超,,,,,,,,,,1,
C14487,衡阳香江百货渠道红湘店,江西公司,长沙战区,湖南省区,衡邵办,关店,渠道店,加盟,商超,,,,,,,,,,1,
C14488,衡阳香江百货渠道延安店,江西公司,长沙战区,湖南省区,衡邵办,关店,渠道店,加盟,商超,,,,,,,,,,1,
C14489,直属大士院店,创新专项部,运营一组,江西名片战,江西名片战,正常营业,专卖店,直营,交通枢纽,28879897,531430112,18648820.0,,,1197048675,7150539454644488229,,2025111911077000000113720584|xiniu_xgc_bgc,1,是
C14490,北京物美黄村店,陕西公司,北京战区,京津冀省区,北京办,关店,渠道店,加盟,特殊渠道,,,,,,,,,,1,
C14491,衡阳香江百货渠道采霞店,江西公司,长沙战区,湖南省区,衡邵办,关店,渠道店,加盟,商超,,,,,,,,,,1,
C14492,陕西西安高铁上车渠道店,陕西公司,西安战区,陕西省区,西安办,关店,渠道店,加盟,高势能,,,,,,,,,,1,
C14493,江西公司团购专属,江西公司,南昌一战区,江西省区,南昌直营办,正常营业,,直营,,,,,,,,,,,1,
C14495,广东公司团购专属,广东公司,东莞战区,广东省区,东莞办,正常营业,,直营,,,,,,,,,,,1,
C14496,陕西公司团购专属,陕西公司,西安战区,陕西省区,西安办,正常营业,,直营,,,,,,,,,,,1,
C14497,辽宁公司团购专属（北京）,陕西公司,北京战区,辽宁省区,北京办,正常营业,,直营,,,,,,,,,,,1,
C14498,辽宁公司团购专属（辽宁）,陕西公司,沈阳战区,辽宁省区,沈阳办,正常营业,,直营,,,,,,,,,,,1,
C14499,重庆公司团购专属,重庆公司,重庆战区,其他,重庆办,正常营业,,直营,,,,,,,,,,,1,
C14500,福建公司团购专属,江西公司,福州战区,其他,福州办,正常营业,,直营,,,,,,,,,,,1,
C14501,浙江公司团购专属,浙江公司,上海战区,其他,上海办,正常营业,,直营,,,,,,,,,,,1,
C14502,创新专项部团购专属,创新专项部,创新专项部,江西名片战,江西名片战,正常营业,,直营,,,,,,,,,,,1,
C14503,衡阳香江百货渠道阳光店,江西公司,长沙战区,湖南省区,衡邵办,关店,渠道店,加盟,商超,,,,,,,,,,1,
C14505,衡阳香江百货渠道创景店,江西公司,长沙战区,湖南省区,衡邵办,关店,渠道店,加盟,商超,,,,,,,,,,1,
C14506,衡阳香江百货渠道长丰店,江西公司,长沙战区,湖南省区,衡邵办,关店,渠道店,加盟,商超,,,,,,,,,,1,
C14507,衡阳香江百货渠道皓嘉店,江西公司,长沙战区,湖南省区,衡邵办,关店,渠道店,加盟,商超,,,,,,,,,,1,
C14508,衡阳香江百货渠道湘江店,江西公司,长沙战区,湖南省区,衡邵办,关店,渠道店,加盟,商超,,,,,,,,,,1,
C14509,衡阳香江百货渠道光辉店,江西公司,长沙战区,湖南省区,衡邵办,关店,渠道店,加盟,商超,,,,,,,,,,1,
C14510,衡阳香江百货渠道建设店,江西公司,长沙战区,湖南省区,衡邵办,关店,渠道店,加盟,商超,,,,,,,,,,1,
C14511,衡阳香江百货渠道海博店,江西公司,长沙战区,湖南省区,衡邵办,关店,渠道店,加盟,商超,,,,,,,,,,1,
C14512,衡阳香江百货渠道祝融店,江西公司,长沙战区,湖南省区,衡邵办,关店,渠道店,加盟,商超,,,,,,,,,,1,
C14513,衡阳香江百货渠道三江店,江西公司,长沙战区,湖南省区,衡邵办,关店,渠道店,加盟,商超,,,,,,,,,,1,
C14515,衡阳香江百货渠道乐城店,江西公司,长沙战区,湖南省区,衡邵办,关店,渠道店,加盟,商超,,,,,,,,,,1,
C14516,衡阳香江百货渠道大雁城店,江西公司,长沙战区,湖南省区,衡邵办,关店,渠道店,加盟,商超,,,,,,,,,,1,
C14517,衡阳香江百货渠道水岸店,江西公司,长沙战区,湖南省区,衡邵办,关店,渠道店,加盟,商超,,,,,,,,,,1,
C14518,衡阳香江百货渠道高兴店,江西公司,长沙战区,湖南省区,衡邵办,关店,渠道店,加盟,商超,,,,,,,,,,1,
C14519,衡阳香江百货渠道滨江店,江西公司,长沙战区,湖南省区,衡邵办,关店,渠道店,加盟,商超,,,,,,,,,,1,
C14520,衡阳香江百货渠道白沙店,江西公司,长沙战区,湖南省区,衡邵办,关店,渠道店,加盟,商超,,,,,,,,,,1,
C14521,衡阳香江百货渠道立新店,江西公司,长沙战区,湖南省区,衡邵办,关店,渠道店,加盟,商超,,,,,,,,,,1,
C14522,衡阳香江百货渠道蒸北店,江西公司,长沙战区,湖南省区,衡邵办,关店,渠道店,加盟,商超,,,,,,,,,,1,
C14523,义乌新城吾悦永辉店,浙江公司,杭州战区,浙江省区,杭州办,正常营业,经销,加盟,综合体,,,,,,,,,,1,
C14525,广州南站2F25店,广东公司,广州战区,广东省区,广佛办,正常营业,经销,加盟,高势能,,,,,,,,,,1,是
C14526,厦门夏商超市官任店专柜,江西公司,厦门战区,福建省区,闽南办,关店,渠道店,加盟,商超,,,,,,,,,,1,
C14527,天津永辉滨海万达店,陕西公司,北京战区,京津冀省区,天津办,关店,渠道店,加盟,特殊渠道,,,,,,,,,,1,
C14528,直属东莞沙田永辉店,广东公司,东莞战区,广东省区,东莞办,正常营业,经销,直营,特殊渠道,,,,,,,,,,1,
C14529,杭州良渚永旺店,浙江公司,杭州战区,浙江省区,杭州办,关店,渠道店,加盟,商超,,,,,,,,,,1,
C14530,东莞道滘万集荟店,广东公司,东莞战区,广东省区,东莞办,正常营业,专卖店,加盟,综合体,30563911,530650226,,,,819612959,7523455370937780287,3006324407171716130,2025112011077000000113760207|xiniu_xgc_bgc,1,是
C14531,直属北京永辉店,陕西公司,北京战区,京津冀省区,北京办,正常营业,团购账户（购销）,直营,特殊渠道,,,,,,,,,,1,
C14532,直属上海永辉仓,浙江公司,上海战区,上海省区,上海一办,正常营业,团购账户（购销）,直营,商超,,,,,,,,,,1,
C14533,直属重庆永辉店,重庆公司,重庆战区,川渝省区,重庆办,正常营业,经销,直营,商超,,,,,,,,,,1,
C14535,直属贵阳永辉店,重庆公司,重庆战区,川渝省区,重庆办,正常营业,经销,直营,商超,,,,,,,,,,1,
C14536,直属浙江永辉杭州仓,浙江公司,杭州战区,浙江省区,杭州办,正常营业,团购账户（购销）,直营,商超,,,,,,,,,,1,
C14537,大同永辉万达广场店,陕西公司,西安战区,山西办,山西办,正常营业,经销,加盟,综合体,,,,,,,,,,1,
C14538,河南郑州乐尚超市店,陕西公司,郑州战区,河南省区,郑州办,正常营业,专卖店,加盟,商超,14513418,506343002,16130481.0,6015539588849,601268,150323785,6601240688052946952,,,1,是
C14539,福州宏路专卖店,江西公司,福州战区,福建省区,福州办,关店,专卖店,加盟,街铺,28603016,529611739,17995611.0,,,503709892,7518678597541595173,3006006695802017071,,1,是
C14540,直属厦门永辉店,江西公司,厦门战区,福建省区,直营组,正常营业,经销,直营,商超,,,,,,,,,,1,
C14541,宁波奉化万达永辉店,浙江公司,杭州战区,浙江省区,杭州办,正常营业,经销,加盟,商超,,,,,,,,,,1,
C14543,直属陕西煌上煌工厂店,陕西公司,西安战区,陕西省区,西安办,正常营业,专卖店,直营,特殊渠道,534295003,534295003,20200810.0,6017296528849,,1339453384,7528687508080330798,3006063911793300500,2025111911077000000113652665|xiniu_xgc_bgc,1,是
C14545,广东速马鲜生渠道店,广东公司,东莞战区,广东省区,东莞办,关店,渠道店,加盟,特殊渠道,,,,,,,,,,1,
C14546,山西太原绿地世纪城店,陕西公司,西安战区,山西办,山西办,暂停营业,专卖店,加盟,街铺,28838943,529971123,18562199.0,,,,7530190170511919154,,2026031311077000000115256410|xiniu_xgc_bgc,1,是
C14547,宁德古田永辉店,江西公司,福州战区,福建省区,闽北办,关店,渠道店,加盟,商超,,,,,,,,,,1,
C14548,厦门五缘湾永辉店,江西公司,厦门战区,福建省区,闽南办,关店,渠道店,加盟,商超,,,,,,,,,,1,
C14549,苏州欧德福一店,浙江公司,苏州战区,江苏省区,苏州办,关店,渠道店,加盟,商超,,,,,,,,,,1,
C14550,鹰潭嘉百乐超市恒大店,江西公司,抚州战区,江西一区,鹰抚办,关店,渠道店,加盟,特殊渠道,,,,,,,,,,1,
C14551,鹰潭嘉百乐超市凯翔店,江西公司,抚州战区,江西一区,鹰抚办,关店,渠道店,加盟,特殊渠道,,,,,,,,,,1,
C14552,鹰潭嘉百乐超市梅园店,江西公司,抚州战区,江西一区,鹰抚办,关店,渠道店,加盟,特殊渠道,,,,,,,,,,1,
C14553,福建永辉生活店,江西公司,福州战区,福建省区,福州办,关店,经销,加盟,商超,,,,,,,,,,1,
C14555,贵州龙宫服务北区店,重庆公司,贵阳战区,云贵省区,贵阳办,正常营业,专卖店,加盟,交通枢纽,,,,,,,,,,1,是
C14556,贵州龙宫服务南区店,重庆公司,贵阳战区,云贵省区,贵阳办,正常营业,专卖店,加盟,交通枢纽,,,,,,,,,,1,是
C14557,福建厦门润璞天虹店,江西公司,厦门战区,福建省区,闽南办,正常营业,经销,加盟,商超,,,,,,,,,,1,
C14558,四川绵阳CBD万达永辉广场店,重庆公司,重庆战区,川渝省区,重庆办,关店,渠道店,加盟,商超,,,,,,,,,,1,
C14559,宁德万和城店,江西公司,福州战区,福建省区,浙南办,正常营业,专卖店,加盟,街铺,29163412,532670007,19553939.0,,,1560993961,7534903121718282279,3006100733088404508,2025111911077000000113740541|xiniu_xgc_bgc,1,是
C14560,九江庐山风景区渠道店（迎面而来）,江西公司,九江战区,江西二区,九江办,关店,渠道店,加盟,交通枢纽,,,,,,,,,,1,
C14561,便民2店樾河店,浙江公司,苏州战区,江苏省区,苏州办,正常营业,经销,加盟,商超,,,,,,,,,,1,
C14566,九江修水国宾府店,江西公司,九江战区,江西二区,九江办,正常营业,专卖店,加盟,街铺,28625930,529436899,,,,839287045,7522065760252856372,3006021520941421650,,1,是
C14568,直属八一广场2店,创新专项部,运营一组,江西名片战,江西名片战,正常营业,专卖店,直营,交通枢纽,29310495,531195886,19748502.0,,,1167834474,7537118301445425152,,2025111911077000000113742558|xiniu_xgc_bgc,1,是
C14569,合浦商业中心店,广东公司,南宁战区,广西省区,南宁办,正常营业,专卖店,加盟,综合体,29102428,532250169,19502196.0,6017302448849,,1927473950,7534555139772794932,,2025112011077000000113703718|xiniu_xgc_bgc,1,是
C14570,义乌青口夜市店,浙江公司,杭州战区,浙江省区,杭州办,关店,专柜店,加盟,街铺,28645225,530270424,18209632.0,,,1116270993,,,,1,是
C14571,河南漯河世纪风超市店,陕西公司,郑州战区,河南省区,郑州办,正常营业,经销,加盟,商超,,,,,,,6873259253663107087,,2026031311077000000115337380|xiniu_xgc_bgc,1,是
C14572,樟树一店,江西公司,南昌二战区,江西一区,丰新办,正常营业,专卖店,加盟,街铺,24834468,2139523061,,6017281204849,601249,684951982,6601135306957654023,3003810034104277122,2025111911077000000113679644|xiniu_xgc_bgc,1,是
C14573,深圳北站全家便利店,广东公司,深圳战区,广东省区,宝安办,正常营业,专卖店,加盟,高势能,,,,,,,,,,1,是
C14577,梁溪万达店,浙江公司,苏州战区,江苏省区,苏州办,关店,专卖店,加盟,综合体,28839115,529736945,18562190.0,6017287975849,,612083774,7525697914606209059,3006034927012391176,,1,是
C14579,四川广安市加德天街店永辉渠道店,重庆公司,重庆战区,川渝省区,重庆办,关店,渠道店,加盟,商超,,,,,,,,,,1,
C14580,贵阳花果园兰花广场专柜店,重庆公司,贵阳战区,云贵省区,贵阳办,关店,专柜店,加盟,街铺,29102469,526910589,19502197.0,6017300597849,,703781792,7534555051973412904,6724909544070207824,,1,是
C14588,河源港盛新天地店,广东公司,东莞战区,广东省区,惠汕办,正常营业,专卖店,加盟,综合体,28933086,1302704661,19203555.0,,,1321069496,7530845107848513545,,2025112011077000000113747603|xiniu_xgc_bgc,1,是
C14590,直属宝安金安路店,广东公司,深圳战区,广东省区,宝安办,正常营业,专卖店,直营,街铺,9614243,501131533,14394333.0,6014176102849,330571,1270318896,6872302308764534799,3002804180867092816,2026031311077000000115253342|xiniu_xgc_bgc,1,是
C14598,厦门旺友永辉专柜店,江西公司,厦门战区,福建省区,闽南办,关店,专柜店,加盟,商超,,,,,,,,,,1,
C14603,河池众辉超市店,广东公司,南宁战区,广西省区,南宁办,正常营业,专卖店,加盟,商超,29427387,533690027,19811043.0,,,859727816,7540614786124351534,3006151558221767963,2025112011077000000113647751|xiniu_xgc_bgc,1,是
C14605,龙岗布吉景华汇专柜店,广东公司,深圳战区,广东省区,龙岗办,关店,专柜店,加盟,街铺,29429471,534110013,19811044.0,6017319662849,,630401213,7537531449898731556,3006157518779552860,2026031311077000000115391197|xiniu_xgc_bgc,1,是
C14606,四川攀枝花万达永辉店,重庆公司,重庆战区,川渝省区,重庆办,关店,渠道店,加盟,商超,,,,,,,,,,1,
C14610,加盟独椒戏永修店,其他,南昌区域,独椒戏,独椒戏(南昌),关店,专卖店,加盟,综合体,,,,,,,,,,1,
C14612,直属万寿宫店,创新专项部,运营一组,江西名片战,江西名片战,正常营业,专卖店,直营,交通枢纽,29675062,1298121351,20368869.0,,,622212062,7485557141856585782,,2025111911077000000113718654|xiniu_xgc_bgc,1,是
C14615,贵州云渡服务区店,重庆公司,贵阳战区,云贵省区,贵阳办,正常营业,专卖店,加盟,交通枢纽,,,,,,,,,,1,是
C14616,玉山玉虹中央公园,江西公司,抚州战区,江西二区,上饶办,正常营业,专卖店,加盟,街铺,29271374,531560937,,6017308877849,,1559267088,7536861892631857188,3006131659463762483,2025111911077000000113758110|xiniu_xgc_bgc,1,是
C14620,海口南亚广场大润发渠道店,广东公司,海口战区,海南办,海南办,关店,渠道店,加盟,商超,,,,,,,,,,1,
C14621,广东樟木头大润发渠道店,广东公司,广州战区,广东省区,中珠办,关店,渠道店,加盟,商超,,,,,,,,,,1,
C14622,中山西区大润发渠道店,广东公司,广州战区,广东省区,中珠办,关店,渠道店,加盟,商超,,,,,,,,,,1,
C14623,珠海斗门大润发渠道店,广东公司,广州战区,广东省区,中珠办,关店,渠道店,加盟,商超,,,,,,,,,,1,
C14627,直属福田福星路店,广东公司,深圳战区,广东省区,龙岗办,正常营业,专卖店,直营,街铺,399585,410317,19748493.0,6014172608849,601215,4542863,6601195362155759620,6724909269431146653,2026031311077000000115247358|xiniu_xgc_bgc,1,是
C14633,贵溪金三角店,江西公司,抚州战区,江西一区,鹰抚办,正常营业,专卖店,加盟,街铺,14245649,305230464,16638038.0,6015146610849,174779,160821210,6601174591794579459,3003714183564469193,,1,是
C14635,温州吾悦永辉超市店,浙江公司,杭州战区,福建省区,浙南办,关店,渠道店,直营,商超,,,,,,,,,,1,
C14640,象湖河下农贸市场店,江西公司,南昌一战区,江西二区,南昌四办,正常营业,专卖店,加盟,街铺,31565412,1304929196,,,,1102385719,7540847131553171483,3006329776869189929,2025111911077000000113668652|xiniu_xgc_bgc,1,是
C14646,莆田大润发店,江西公司,福州战区,福建省区,福州办,关店,专卖店,加盟,综合体,29587277,533880370,20287671.0,,,1108103268,7545716841566472242,,,1,是
C14651,东乡街心花园农贸市场店,江西公司,抚州战区,江西一区,鹰抚办,正常营业,专卖店,加盟,街铺,29801200,171356070,,6015131009849,164776,1732952389,6601140522662758404,3002803824079835265,,1,是
C14652,惠州仲恺北服务区店,广东公司,东莞战区,广东省区,东莞办,关店,专卖店,加盟,交通枢纽,,,,,,,,,,1,
C14658,庄河老庙岭店,陕西公司,沈阳战区,辽吉省区,大连办,关店,专柜店,加盟,街铺,,,,,,,,,,1,是
C14659,福州福清火车站店,江西公司,福州战区,福建省区,福州办,正常营业,专卖店,加盟,高势能,,,,,,,,,,1,是
C14661,直属八一馆店,创新专项部,运营一组,江西名片战,江西名片战,正常营业,专卖店,直营,交通枢纽,30036090,536466974,20617939.0,,,954760208,7553490497558284324,,2025111911077000000113758108|xiniu_xgc_bgc,1,是
C14662,虎门怀丰商业广场店,广东公司,东莞战区,广东省区,东莞办,正常营业,专卖店,加盟,综合体,30235494,537125025,20751271.0,,,1553476611,7556202976629508123,3006307657183958033,2025112011077000000113660793|xiniu_xgc_bgc,1,是
C14665,沧州黄骅信誉楼店,陕西公司,北京战区,京津冀省区,天津办,正常营业,专卖店,加盟,商超,29784324,534990236,20480296.0,,,1672183722,7548668463624456226,3006247925752598855,2025112011077000000113743775|xiniu_xgc_bgc,1,是
C14668,玉林金港湾广场店,广东公司,南宁战区,广西省区,南宁办,正常营业,专卖店,加盟,街铺,30232740,536940485,20751272.0,,,1624822922,7551073868551882778,3006304690322444356,2026031311077000000115267327|xiniu_xgc_bgc,1,是
C14670,昆明大尔多市新迎新城店,重庆公司,贵阳战区,云贵省区,昆明办,关店,经销,加盟,商超,,,,,,,,,,1,
C14673,罗湖口岸美食城专卖店,广东公司,深圳战区,广东省区,龙岗办,关店,专卖店,加盟,综合体,30208079,536926930,,,,895776777,,6724909544136234648,,1,是
C14676,直属昌大南号（八一馆总店）,创新专项部,运营一组,江西名片战,江西名片战,正常营业,专卖店,直营,交通枢纽,,,,,,,,,,1,是
C14677,直属成都文华广场永辉渠道店,重庆公司,重庆战区,川渝省区,重庆办,关店,渠道店,直营,商超,,,,,,,,,,1,
C14678,独椒戏蛤蟆街店,其他,南昌区域,独椒戏,独椒戏(南昌),关店,专卖店,加盟,综合体,,,,,,,,,,1,
C14679,南昌西站八店（通亚贸易有限公司）,江西公司,南昌一战区,江西一区,南昌二办,正常营业,专卖店,加盟,高势能,,,,,,,,,,1,是
C14680,直属南宁万达茂专卖店 ,广东公司,南宁战区,广西省区,南宁办,关店,专卖店,直营,综合体,14499805,1100900633,,6015167538849,601267,629875797,6791487310883014663,3002968397444097118,,1,未知
C14681,直属四川攀枝花万达永辉店,重庆公司,重庆战区,川渝省区,重庆办,关店,渠道店,直营,商超,,,,,,,,,,1,
C14682,直属四川绵阳CBD万达永辉渠道店,重庆公司,重庆战区,川渝省区,重庆办,关店,渠道店,直营,商超,,,,,,,,,,1,
C14685,直属重庆渝北吾悦广场永辉渠道店,重庆公司,重庆战区,川渝省区,重庆办,关店,渠道店,直营,商超,,,,,,,,,,1,
C14688,直属重庆南坪万达永辉渠道店,重庆公司,重庆战区,川渝省区,重庆办,关店,渠道店,直营,商超,,,,,,,,,,1,
C14691,直属成都汇融广场永辉渠道店,重庆公司,重庆战区,川渝省区,重庆办,关店,渠道店,直营,商超,,,,,,,,,,1,
C14692,直属四川绵阳市乐荟城永辉渠道店,重庆公司,重庆战区,川渝省区,重庆办,关店,渠道店,直营,商超,,,,,,,,,,1,
C14695,东莞虎门益惠购物中心专卖店,广东公司,东莞战区,广东省区,东莞办,关店,专卖店,加盟,综合体,,,,,,,,,,1,是
C14696,宜春亿家汇购物广场店,江西公司,宜春战区,江西二区,宜春办,正常营业,专卖店,加盟,综合体,,,,,,850287400,,,2025111911077000000113627713|xiniu_xgc_bgc,1,是
C14698,海口湖城星光汇专柜店,广东公司,海口战区,海南办,海南办,关店,专柜店,加盟,街铺,29926991,536280021,20617933.0,,,927299000,,,,1,是
C14707,南昌东湖区叠山路店,江西公司,南昌一战区,江西二区,南昌三办,正常营业,专卖店,加盟,街铺,9523751,500652596,,6015115755849,,501756174,6601169231528593421,3002803774273463190,,1,是
C14708,西安朗诗未来街区旺邻优选店,陕西公司,西安战区,陕西省区,西安办,正常营业,专卖店,加盟,街铺,29989289,535198158,20617937.0,,,1708140976,7547155845734205479,3006278538214090035,,1,是
C14709,龙岗横岗塘坑地铁店,广东公司,深圳战区,广东省区,龙岗办,正常营业,专卖店,加盟,街铺,30406107,536960445,21492023.0,,,1359397536,7566462785811400756,3006347463238554905,2025112011077000000113748416|xiniu_xgc_bgc,1,是
C14710,嘉兴周王庙服务区东区店,浙江公司,杭州战区,浙江省区,杭州办,正常营业,专卖店,加盟,交通枢纽,,,,,,,,,,1,是
C14712,嘉兴周王庙服务区西区店,浙江公司,杭州战区,浙江省区,杭州办,正常营业,专卖店,加盟,交通枢纽,,,,,,,,,,1,是
C14713,无锡惠山万达永辉店,浙江公司,苏州战区,江苏省区,苏州办,正常营业,经销,加盟,商超,,,,,,,,,,1,
C14715,苏州高铁吾悦永辉店,浙江公司,苏州战区,江苏省区,苏州办,正常营业,经销,加盟,商超,,,,,,,,,,1,
C14717,广州中新服务区东区店,广东公司,广州战区,广东省区,广佛办,正常营业,专卖店,加盟,交通枢纽,,,,,,,,,,1,是
C14718,广州中新服务区西区店,广东公司,广州战区,广东省区,广佛办,正常营业,专卖店,加盟,交通枢纽,,,,,,,,,,1,是
C14719,济南银座新辰天地店,浙江公司,青岛战区,山东省区,济南办,关店,专卖店,加盟,综合体,30423941,1314114705,21492024.0,,,1670120211,7566541266683430963,3006347463231154233,2026031311077000000115353366|xiniu_xgc_bgc,1,是
C14720,赣州锦辉店,江西公司,赣州战区,江西一区,赣州办,关店,专卖店,加盟,综合体,30179765,536495326,,6015165829849,,1862944029,6960656454403491879,,2025112011077000000113755259|xiniu_xgc_bgc,1,是
C14721,长沙望城月亮岛盛母万家超市店,江西公司,长沙战区,湖南省区,长沙办,关店,渠道店,加盟,街铺,,,,,,,,,,1,
C14722,厦门湖里殿前地铁口专柜店,江西公司,厦门战区,福建省区,闽南办,关店,专柜店,加盟,交通枢纽,,,,,,,,,,1,
C14725,上饶玉山汇金广场店,江西公司,抚州战区,江西二区,上饶办,正常营业,专卖店,加盟,街铺,30347033,537055309,,,,1825969160,7560453784040638498,3006338383384946012,,1,是
C14727,永辉拉萨BRAVO万达店,陕西公司,西安战区,陕西省区,西安办,正常营业,经销,加盟,综合体,,,,,,,,,,1,
C14731,福州三盛托斯卡纳二期店,江西公司,福州战区,福建省区,福州办,正常营业,专卖店,加盟,街铺,30347048,536975213,,,,1915846206,7558355755190290483,3006307657186813264,,1,是
C14732,赣州九连山停车区东区店,江西公司,赣州战区,江西一区,赣州办,正常营业,专卖店,加盟,交通枢纽,,,,,,,,,,1,是
C14733,赣州九连山停车区西区店,江西公司,赣州战区,江西一区,赣州办,正常营业,专卖店,加盟,交通枢纽,,,,,,,,,,1,
C14736,四川蓝海长城购物中心店,重庆公司,重庆战区,川渝省区,重庆办,关店,专柜店,加盟,商超,,,,,,,,,,1,
C14737,邵阳新宁宏锦嘉苑商场店,江西公司,长沙战区,湖南省区,长沙办,暂停营业,专卖店,加盟,综合体,30179654,536495325,20751280.0,,,610656834,7560606537287206952,,,1,是
C14738,重庆大足双桥百合商超专柜店,重庆公司,重庆战区,川渝省区,重庆办,关店,专柜店,加盟,商超,,,,,,,,,,1,是
C14739,海口友谊阳光城旺豪超市专柜店,广东公司,海口战区,海南办,海南办,关店,专柜店,加盟,商超,30020070,536506881,20617934.0,,,1912270017,7555405705860089894,,2026031311077000000115391191|xiniu_xgc_bgc,1,是
C14742,岳阳平江长寿店,江西公司,长沙战区,湖南省区,长沙办,暂停营业,专卖店,加盟,街铺,30179655,1312766599,20751269.0,,,1876964219,7556877160323057702,3006299184773178705,2025111911077000000113682680|xiniu_xgc_bgc,1,是
C14746,云南大尔多超市（南湖荟）店,重庆公司,贵阳战区,云贵省区,昆明办,关店,渠道店,加盟,商超,,,,,,,,,,1,
C14747,直属东莞嘉荣店,广东公司,东莞战区,广东省区,东莞办,正常营业,经销,直营,特殊渠道,,,,,,,,,,1,
C14748,济南奥体永辉店,浙江公司,青岛战区,山东省区,济南办,正常营业,经销,加盟,综合体,,,,,,,,,,1,
C14751,苏州玉山紫竹路万客隆店,浙江公司,苏州战区,江苏省区,苏州办,正常营业,经销,加盟,特殊渠道,,,,,,,,,,1,
C14755,广州车陂高地大街专卖店,广东公司,广州战区,广东省区,广佛办,关店,专卖店,加盟,街铺,30406106,537317800,21492022.0,,,560445488,7564271993903433762,3006349746591764531,,1,是
C14756,福州昙石山永辉店,江西公司,福州战区,福建省区,福州办,正常营业,经销,加盟,商超,,,,,,,,,,1,
C14757,厦门杏滨万科永辉店,江西公司,厦门战区,福建省区,福州办,关店,渠道店,加盟,商超,,,,,,,,,,1,
C14758,福州华林永辉店,江西公司,福州战区,福建省区,福州办,关店,渠道店,加盟,商超,,,,,,,,,,1,
C14770,云南曲靖农嘉超总店,重庆公司,贵阳战区,云贵省区,昆明办,正常营业,经销,加盟,商超,,,,,,,,,,1,
C14771,云南曲靖农嘉超渠道（翠峰东路）店,重庆公司,贵阳战区,云贵省区,昆明办,关店,渠道店,加盟,商超,,,,,,,,,,1,
C14772,云南曲靖农嘉超渠道（麒麟北路）店,重庆公司,贵阳战区,云贵省区,昆明办,关店,渠道店,加盟,商超,,,,,,,,,,1,
C14779,宜春大洪御湖城店,江西公司,宜春战区,江西二区,宜春办,正常营业,专卖店,加盟,街铺,30610997,538425032,21492021.0,,,882565777,7569141247719032875,3006378418992386064,,1,是
C14780,云南曲靖农嘉超渠道（麒麟东路）店,重庆公司,贵阳战区,云贵省区,昆明办,关店,渠道店,加盟,商超,,,,,,,,,,1,
C14782,贵州久长服务西区店,重庆公司,贵阳战区,云贵省区,贵阳办,暂停营业,专卖店,加盟,交通枢纽,,,,,,,,,,1,是
C14783,贵州久长服务东区店,重庆公司,贵阳战区,云贵省区,贵阳办,暂停营业,专卖店,加盟,交通枢纽,,,,,,,,,,1,是
C14785,河南洛阳宝龙广场567超市店,陕西公司,郑州战区,河南省区,河南外阜办,关店,渠道店,加盟,商超,,,,,,,,,,1,
C14786,河南洛阳王府井567超市店,陕西公司,郑州战区,河南省区,河南外阜办,关店,渠道店,加盟,商超,,,,,,,,,,1,
C14787,河南洛阳正大广场567超市店,陕西公司,郑州战区,河南省区,河南外阜办,关店,渠道店,加盟,商超,,,,,,,,,,1,
C14788,河南郑州淘小胖渠道店,陕西公司,郑州战区,河南省区,河南外阜办,关店,渠道店,加盟,商超,,,,,,,,,,1,
C14789,菏泽成武亿客隆店,浙江公司,青岛战区,山东省区,济南办,暂停营业,专卖店,加盟,商超,,,,,,,,,,1,是
C14790,杭州临平银泰永辉,浙江公司,杭州战区,浙江省区,杭州办,正常营业,经销,加盟,商超,,,,,,,,,,1,
C14791,北京华联兰州王府井百货店,陕西公司,西安战区,陕西省区,兰州办,正常营业,经销,加盟,综合体,,,,,,,,,,1,
C14792,大连高新邻里中心店,陕西公司,沈阳战区,辽吉省区,大连办,关店,专柜店,加盟,街铺,30589241,538330025,,,,895750889,7569098489218254848,3006366847844591948,2026031311077000000115266398|xiniu_xgc_bgc,1,是
C14793,直属地铁万科广场店,创新专项部,运营二组,江西名片战,江西名片战,正常营业,专卖店,直营,综合体,30986849,538445431,22705662.0,,,1728848536,7576211924510050354,,2026031311077000000115380281|xiniu_xgc_bgc,1,是
C14795,宁夏银川新货百货渠道店,陕西公司,西安战区,陕西省区,西安办,关店,渠道店,加盟,商超,,,,,,,,,,1,
C14796,延吉新外滩店,陕西公司,沈阳战区,辽吉省区,长春办,暂停营业,专卖店,加盟,商超,,,,,,,,,,1,
C14797,福清台湾街专柜店,江西公司,福州战区,福建省区,福州办,关店,专柜店,加盟,街铺,,,,,,,,,,1,是
C14798,绍兴金帝银泰永辉,浙江公司,杭州战区,浙江省区,杭州办,正常营业,经销,加盟,商超,,,,,,,,,,1,
C14799,福建南平建瓯永辉店,江西公司,福州战区,福建省区,闽南办,关店,渠道店,加盟,商超,,,,,,,,,,1,
C14802,长沙尧顺粮油食品永旺店,江西公司,长沙战区,湖南省区,长沙办,关店,渠道店,加盟,综合体,,,,,,,,,,1,
C14803,长沙铁道学院天虹冬影店,江西公司,长沙战区,湖南省区,长沙办,正常营业,专卖店,加盟,综合体,30826021,538430213,,,,1785209414,6601270270994941959,,,1,是
C14805,西安曲江理工大学店,陕西公司,西安战区,陕西省区,陕西外阜办,正常营业,专卖店,加盟,特殊渠道,,,,,,,,,,1,是
C14806,河南驻马店鲜美生活店,陕西公司,郑州战区,河南省区,驻马店办,关店,专柜店,加盟,商超,,,,,,,,,,1,是
C14807,独椒戏王府井,江西公司,南昌一战区,江西二区,南昌三办,关店,渠道店,加盟,综合体,,,,,,,,,,1,
C14808,独椒戏梦时代店,江西公司,南昌一战区,江西二区,南昌三办,关店,渠道店,加盟,综合体,,,,,,,,,,1,
C14809,独椒戏百盛A馆,江西公司,南昌一战区,江西二区,南昌三办,关店,渠道店,加盟,综合体,,,,,,,,,,1,
C14810,独椒戏万达3店,江西公司,南昌一战区,江西二区,南昌三办,关店,渠道店,加盟,综合体,,,,,,,,,,1,
C14811,独椒戏安义店,江西公司,南昌二战区,江西二区,南昌三办,正常营业,,加盟,,,,,,,,,,,1,
C14812,独椒戏永修店,江西公司,九江战区,江西二区,九江办,正常营业,,加盟,,,,,,,,,,,1,
C14813,大润发华东区总部,江西公司,特渠部,其他,其他,正常营业,团购账户（购销）,加盟,商超,,,,,,,,,,1,
C14816,福州南站候车室专卖店,江西公司,福州战区,福建省区,福州办,关店,专卖店,加盟,高势能,,,,,,,,,,1,
C14817,宁德胖小优渠道店,江西公司,福州战区,福建省区,浙南办,关店,渠道店,加盟,商超,,,,,,,,,,1,
C14818,独椒戏壹方天地A店,广东公司,深圳战区,广东省区,宝安办,正常营业,,加盟,,,,,,,,,,,1,
C14819,独椒戏壹方天地D店,广东公司,深圳战区,广东省区,宝安办,正常营业,,加盟,,,,,,,,,,,1,
C14820,独椒戏深圳龙华红山6979,广东公司,深圳战区,广东省区,宝安办,正常营业,专卖店,加盟,,19431669,,,,,,,,,1,
C14821,独椒戏深圳万丰海岸城,广东公司,深圳战区,广东省区,宝安办,正常营业,专卖店,加盟,,24697071,,,,,,,,,1,
C14822,独椒戏深圳光明区万达店,广东公司,深圳战区,广东省区,宝安办,正常营业,专卖店,加盟,,15446150,,,,,,,,,1,
C14823,深圳光明大仟里店,广东公司,深圳战区,广东省区,宝安办,正常营业,专卖店,加盟,,17651012,,,,,,,,,1,
C14825,独椒戏连城新天地店,广东公司,深圳战区,广东省区,宝安办,正常营业,,加盟,,,,,,,,,,,1,
C14826,独椒戏佛山里水嘉洲广场店,广东公司,广州战区,广东省区,宝安办,正常营业,,加盟,,,,,,,,,,,1,
C14827,郑州司晨食品有限公司渠道店,重庆公司,重庆战区,川渝省区,重庆办,关店,渠道店,加盟,商超,,,,,,,,,,1,
C14828,长沙和润极目楚天家园店,江西公司,长沙战区,湖南省区,长沙办,关店,渠道店,加盟,商超,,,,,,,,,,1,是
C14829,贵阳清镇吾悦广场二店,重庆公司,贵阳战区,云贵省区,贵阳办,正常营业,专卖店,加盟,综合体,31108028,1316330100,22590874.0,,,1516080982,7215180594374772771,,2026031311077000000115391291|xiniu_xgc_bgc,1,是
C14830,宁夏银川物美森林公园店,陕西公司,西安战区,陕西省区,西安办,正常营业,经销,加盟,综合体,,,,,,,,,,1,
C14831,莆田天博永辉渠道店,江西公司,福州战区,福建省区,福州办,关店,渠道店,加盟,特殊渠道,,,,,,,,,,1,
C14832,北京永辉万达西铁营店,陕西公司,北京战区,京津冀省区,北京办,关店,渠道店,直营,特殊渠道,,,,,,,,,,1,
C14833,河南新乡胖东来三胖店,陕西公司,郑州战区,河南省区,郑州办,正常营业,经销,加盟,商超,,,,,,,,,,1,
C14837,直属国光超市店,江西公司,赣州战区,江西一区,吉安办,关店,渠道店,直营,商超,,,,,,,,,,1,
C14838,宁波机场T2出发安检外陈香贵店,浙江公司,杭州战区,浙江省区,宁波办,关店,专柜店,加盟,高势能,,,,,,,,,,1,
C14839,深圳光明佳漾邻渠道店,广东公司,深圳战区,广东省区,宝安办,关店,渠道店,加盟,商超,,,,,,,,,,1,
C14840,南宁水晶城丰润家超市店,广东公司,南宁战区,广西省区,南宁办,正常营业,专卖店,加盟,商超,,,,,,,,,,1,
C14842,万客隆昆山印象花园城店,浙江公司,苏州战区,江苏省区,苏州办,关店,渠道店,加盟,商超,,,,,,,,,,1,
C14843,杭州余杭万达永辉超市,浙江公司,杭州战区,浙江省区,杭州办,正常营业,经销,加盟,商超,,,,,,,,,,1,
C14845,银川新百悠悦城店,陕西公司,西安战区,陕西省区,西安办,正常营业,经销,加盟,综合体,,,,,,,,,,1,
C14846,银川新百阅彩城店,陕西公司,西安战区,陕西省区,西安办,正常营业,经销,加盟,综合体,,,,,,,,,,1,
C14847,长沙县爱零优鲜佳惠店,江西公司,长沙战区,湖南省区,长沙办,正常营业,经销,加盟,综合体,,,,,,,,,,1,是
C14848,常德石门爱零优鲜百佳店,江西公司,长沙战区,湖南省区,长沙办,正常营业,团购账户（购销）,加盟,综合体,,,,,,,,,,1,是
C14849,河南鹤壁裕隆超市店,陕西公司,郑州战区,河南省区,郑州办,正常营业,经销,加盟,商超,,,,,,,,,,1,
C14851,直属鹰潭五洲南路店,江西公司,抚州战区,江西一区,鹰抚办,正常营业,专卖店,直营,街铺,19161398,1172616005,,6016496072849,,707771349,7459616558264879141,3004169273972042262,,1,是
C14852,龙华元芬易站便利店,广东公司,深圳战区,广东省区,宝安办,关店,专卖店,加盟,商超,,,,,,,,,,1,
C14853,福田港大医院易站专柜店,广东公司,深圳战区,广东省区,宝安办,关店,专柜店,加盟,商超,,,,,,,,,,1,是
C14855,深圳长圳服务区南区专柜店,广东公司,深圳战区,广东省区,宝安办,关店,专柜店,加盟,交通枢纽,,,,,,,,,,1,
C14856,深圳长圳服务区北区专柜店,广东公司,深圳战区,广东省区,宝安办,关店,专柜店,加盟,交通枢纽,,,,,,,,,,1,
C14857,广州番禺长隆易站专柜店,广东公司,广州战区,广东省区,广州办,关店,专柜店,加盟,商超,,,,,,,,,,1,
C14858,广州华南师范大学易站店,广东公司,广州战区,广东省区,广州办,正常营业,经销,加盟,特殊渠道,,,,,,,,,,1,是
C14859,佛山技师学院易站店,广东公司,广州战区,广东省区,广佛办,正常营业,专卖店,加盟,特殊渠道,,,,,,,,,,1,是
C14860,厦门湖里安福街专柜店,江西公司,厦门战区,福建省区,福州办,关店,专柜店,加盟,街铺,,,,,,,,,,1,是
C14861,南昌朝阳农贸市场,江西公司,南昌一战区,江西二区,南昌三办,暂停营业,专卖店,加盟,街铺,31882495,540955999,22798436.0,,,1023637862386689,7588438604582832169,3006711360304943370,,1,是
C14862,贵州毕节沃尔玛店,重庆公司,贵阳战区,云贵省区,贵阳办,正常营业,专卖店,加盟,商超,31422849,540655125,22590877.0,,,1838622989,6927089645889062919,3002277234075149643,,1,是
C14863,银川新百贺兰中心店,陕西公司,西安战区,陕西省区,西安办,正常营业,经销,加盟,综合体,,,,,,,,,,1,
C14865,福州大往驿佳购一店,江西公司,福州战区,福建省区,福州办,关店,专柜店,加盟,交通枢纽,,,,,,,,,,1,
C14866,福州大往驿佳购二店,江西公司,福州战区,福建省区,福州办,关店,专柜店,加盟,交通枢纽,,,,,,,,,,1,
C14868,重庆合川小马甑选店,重庆公司,重庆战区,川渝省区,重庆办,正常营业,专卖店,加盟,商超,,,,,,,,,,1,是
C14869,宜春万载聚晖超市店,江西公司,宜春战区,江西二区,宜春办,关店,专柜店,加盟,商超,,,,,,,,,,1,是
C14870,河南开封兰考兰美超市店,陕西公司,郑州战区,河南省区,河南外阜办,正常营业,专卖店,加盟,商超,,,,,,,,,,1,是
C14871,南昌昌北机场洪沁物流中心店,江西公司,南昌一战区,江西一区,南昌一办,正常营业,团购账户（购销）,加盟,高势能,,,,,,,,,,1,
C14873, 直属上海嘉定中信泰富万达广场店,浙江公司,上海战区,上海省区,上海一办,关店,专卖店,直营,综合体,13423107,2096047929,15968022.0,6013774259849,600762,1367108645,7020604883552176158,3002281017982325302,,1,是
C14875,中山江门中医药学院店,广东公司,广州战区,广东省区,中珠办,关店,专卖店,加盟,街铺,,,,,,,,,,1,
C14876,兰州发到家京都商业广场店,陕西公司,西安战区,陕西省区,兰州办,关店,渠道店,加盟,综合体,,,,,,,,,,1,
C14877,兰州西太华熙元广场店,陕西公司,西安战区,陕西省区,兰州办,关店,渠道店,加盟,综合体,,,,,,,,,,1,
C14878,赣州龙南万达美宜佳店,江西公司,赣州战区,江西一区,赣州办,正常营业,经销,加盟,街铺,,,,,,,,,,1,
C14879,大连普兰店益万家兴隆店,陕西公司,沈阳战区,辽吉省区,大连办,正常营业,专卖店,加盟,商超,,,,,,,,,,1,是
C14880,龙华红山地铁易站店,广东公司,深圳战区,广东省区,宝安办,正常营业,专卖店,加盟,街铺,,,,,,,,,,1,是
C14881,湘潭东方红步步高许昌品鲜店,江西公司,长沙战区,湖南省区,株洲办,正常营业,经销,加盟,商超,,,,,,,,,,1,
C14882,南昌新建吾悦永辉店,江西公司,南昌一战区,江西一区,南昌一办,正常营业,经销,直营,商超,,,,,,,,,,1,
C14883,南昌莲塘江西鸿品企业管理有限公司,江西公司,南昌一战区,江西二区,南昌四办,正常营业,团购账户（购销）,加盟,特殊渠道,,,,,,,,,,1,
C14885,龙华易站连锁总部店,广东公司,深圳战区,广东省区,宝安办,正常营业,专卖店,加盟,特殊渠道,,,,,,,,,,1,是
C14889,广州从化南方学院易站专柜店,广东公司,广州战区,广东省区,广州办,关店,专柜店,加盟,商超,,,,,,,,,,1,
C14890,深圳三院易站便利店,广东公司,深圳战区,广东省区,宝安办,暂停营业,经销,加盟,商超,,,,,,,,,,1,是
C14891,南昌青山湖区鹏颂商贸公司,江西公司,南昌一战区,江西省区,南昌办,正常营业,团购账户（购销）,加盟,商超,,,,,,,,,,1,
C14892,华润总部,江西公司,南昌一战区,其他,其他,正常营业,团购账户（购销）,直营,商超,,,,,,,,,,1,
C14893,泉州驿坂服务区一店,江西公司,厦门战区,福建省区,闽南办,关店,专柜店,加盟,交通枢纽,,,,,,,,,,1,
C14895,东莞常平东部中心医院易站店,广东公司,东莞战区,广东省区,东莞办,暂停营业,专卖店,加盟,街铺,,,,,,,,,,1,是
C14896,广州幼儿师范高等专科学校易站店,广东公司,广州战区,广东省区,广州办,暂停营业,专卖店,加盟,商超,,,,,,,,,,1,是
C14897,陕西华润万家店,陕西公司,西安战区,陕西省区,西安办,正常营业,经销,直营,特殊渠道,,,,,,,,,,1,
C14898,深圳华润万家店,广东公司,深圳战区,广东省区,深圳办,正常营业,经销,直营,商超,,,,,,,,,,1,
C14899,南昌瑶湖鹏颂赣电东方城店,江西公司,南昌一战区,江西省区,南昌办,正常营业,团购账户（购销）,加盟,商超,,,,,,,,,,1,
C14900,直属天津华润万家店,陕西公司,北京战区,京津冀省区,天津办,正常营业,经销,直营,特殊渠道,,,,,,,,,,1,
C14901,广州华润万家店,广东公司,广州战区,广东省区,广州办,正常营业,经销,直营,特殊渠道,,,,,,,,,,1,
C14902,中山板芙华润万家店,广东公司,广州战区,广东省区,中珠办,正常营业,经销,直营,特殊渠道,,,,,,,,,,1,
C14903,海口新海港客运中心,广东公司,海口战区,海南办,海南办,正常营业,专卖店,加盟,交通枢纽,,,,,,,,,,1,是
C14905,直属广州天河车陂地铁店,广东公司,广州战区,广东省区,广佛办,正常营业,专卖店,直营,交通枢纽,5806434,166991264,16914078.0,6014224760849,,169750383,6626336895833999368,3002352810012349658,,1,是
C14906,直属子固路店,创新专项部,运营二组,其他,其他,正常营业,专卖店,直营,街铺,31977433,540951920,23403463.0,,,1860023534,7615091498245179418,,,1,是
C14907,抚州竹山路农贸市场店（抚州农发投资集团）,江西公司,抚州战区,江西一区,鹰抚办,待开业,专卖店,加盟,街铺,,,,,,,,,,1,
C14908,云南曲靖农嘉超（明珠广场）店,重庆公司,贵阳战区,云贵省区,昆明办,关店,经销,加盟,特殊渠道,,,,,,,,,,1,
C14909,西安小象超市,陕西公司,西安战区,陕西省区,陕西外阜办,待开业,经销,加盟,特殊渠道,,,,,,,,,,1,
C14910,南昌新疆汇嘉时代,江西公司,南昌一战区,江西省区,南昌办,正常营业,团购账户（购销）,加盟,特殊渠道,,,,,,,,,,1,
C14911,湘潭韶山店,江西公司,长沙战区,湖南省区,株洲办,关店,专卖店,加盟,街铺,,,,,,,,,,1,是
C14912,宜春服务区南区店,江西公司,宜春战区,江西二区,宜春办,正常营业,专卖店,加盟,交通枢纽,,,,,,,,,,1,
C14913,宜春服务区北区店,江西公司,宜春战区,江西二区,宜春办,关店,专卖店,加盟,交通枢纽,,,,,,,,,,1,
C14917,南昌象湖聚仁爱和小镇店,江西公司,南昌一战区,江西二区,南昌四办,正常营业,经销,加盟,商超,,,,,,,,,,1,
C14919,北京房山印象城永辉店,陕西公司,北京战区,京津冀省区,北京办,正常营业,经销,加盟,特殊渠道,,,,,,,,,,1,
C14920,北京通州万达永辉店,陕西公司,北京战区,京津冀省区,北京办,正常营业,经销,加盟,特殊渠道,,,,,,,,,,1,
C14921,永辉天津SM店,陕西公司,北京战区,京津冀省区,北京办,正常营业,经销,加盟,特殊渠道,,,,,,,,,,1,
C14922,北京永辉喜隆多店,陕西公司,北京战区,京津冀省区,北京办,正常营业,经销,加盟,特殊渠道,,,,,,,,,,1,
C14923,西安雁塔区丰谷神店,陕西公司,西安战区,陕西省区,陕西外阜办,正常营业,经销,加盟,综合体,,,,,,,,,,1,
C14925,北京海淀物美学清路店,陕西公司,北京战区,京津冀省区,北京办,正常营业,经销,加盟,特殊渠道,,,,,,,,,,1,
C14926,南山南科大医院易站专柜店,广东公司,深圳战区,广东省区,宝安办,关店,专卖店,加盟,商超,,,,,,,,,,1,是
C14927,福建南平光泽新润发店,江西公司,福州战区,福建省区,闽南办,关店,专卖店,加盟,商超,31937398,541805425,22751220.0,,,1022770737958848,7606264068273342516,,,1,是
C14928,文山广飞商贸有限公司保山市隆阳区分公司,重庆公司,贵阳战区,云贵省区,贵阳办,正常营业,专卖店,加盟,高势能,,,,,,,,,,1,是
C14929,赣州南康万客隆店,江西公司,赣州战区,江西一区,赣州办,正常营业,经销,加盟,商超,,,,,,,,,,1,
C14930,福建南平武夷山福喜合超市,江西公司,福州战区,福建省区,闽南办,暂停营业,专卖店,加盟,商超,32107817,541795907,22816257.0,,,1024488378431556,7595030550167947290,3006732390833198420,,1,是
C14931,上饶铅山古街店,江西公司,抚州战区,江西二区,上饶办,暂停营业,专卖店,加盟,街铺,,,,,,,,,,1,是
C14932,福田高铁站候车室店,广东公司,深圳战区,广东省区,宝安办,正常营业,专卖店,加盟,高势能,,,,,,,,,,1,是
C14933,陕西宜路行餐饮管理有限公司,江西公司,特渠部,流通业务,其他,正常营业,经销,加盟,特殊渠道,,,,,,,,,,1,
C14935,银川新百东方红店,陕西公司,西安战区,陕西省区,西安办,正常营业,经销,加盟,综合体,,,,,,,,,,1,
C14936,兰州永辉城关万达广场店,陕西公司,西安战区,陕西省区,兰州办,正常营业,经销,加盟,综合体,,,,,,,,,,1,
C14937,重庆大坪新世纪店,重庆公司,重庆战区,川渝省区,重庆办,正常营业,经销,加盟,商超,,,,,,,,,,1,
C14938,天津物美海光寺店,陕西公司,北京战区,京津冀省区,北京办,待开业,经销,加盟,商超,,,,,,,,,,1,
C14939,北京物美沙河店,陕西公司,北京战区,京津冀省区,北京办,待开业,经销,加盟,商超,,,,,,,,,,1,
C14940,北京物美华贸店,陕西公司,北京战区,京津冀省区,北京办,待开业,经销,加盟,商超,,,,,,,,,,1,
C14941,北京物美玉蜓桥店,陕西公司,北京战区,京津冀省区,北京办,待开业,经销,加盟,商超,,,,,,,,,,1,
C14942,北京物美新街口店,陕西公司,北京战区,京津冀省区,北京办,正常营业,经销,加盟,特殊渠道,,,,,,,,,,1,
C14943,直属沃集鲜北京配送中心店,陕西公司,北京战区,京津冀省区,北京办,正常营业,经销,直营,特殊渠道,,,,,,,,,,1,
C14945,直属沃集鲜沈阳配送中心店,陕西公司,沈阳战区,京津冀省区,北京办,正常营业,经销,直营,特殊渠道,,,,,,,,,,1,
C14946,北京永辉常营龙湖店,陕西公司,北京战区,京津冀省区,北京办,正常营业,经销,加盟,特殊渠道,,,,,,,,,,1,
C14947,北京永辉大兴凯德店,陕西公司,北京战区,京津冀省区,北京办,正常营业,经销,加盟,特殊渠道,,,,,,,,,,1,
C14949,珠海香洲景和店,广东公司,广州战区,广东省区,中珠办,正常营业,专卖店,加盟,街铺,32061644,541775787,,,,1025347589512237,7343495750304991269,,,1,是
C14950,广州南站罗森便利店,广东公司,广州战区,广东省区,广佛办,正常营业,专卖店,加盟,交通枢纽,,,,,,,,,,1,是
C14952,直属沃集鲜长沙配送中心店,江西公司,长沙战区,湖南省区,长沙办,正常营业,经销,直营,商超,,,,,,,,,,1,
C14953,直属沃集鲜武汉配送中心店,江西公司,九江战区,湖北办,湖北办,正常营业,经销,直营,商超,,,,,,,,,,1,
C14955,直属沃集鲜福建配送中心店,江西公司,福州战区,福建省区,闽南办,正常营业,经销,直营,商超,,,,,,,,,,1,
C14957,东莞谢岗时代广场店,广东公司,东莞战区,广东省区,东莞办,正常营业,专卖店,加盟,街铺,32684083,541441951,,,,,7618855910022072346,,,1,是
C14958,银川新百兴庆吾悦广场店,陕西公司,西安战区,陕西省区,西安办,正常营业,经销,加盟,综合体,,,,,,,,,,1,
C14959,直属沃集鲜成都配送中心店,重庆公司,重庆战区,川渝省区,重庆办,正常营业,经销,直营,商超,,,,,,,,,,1,
C14960,南昌莲塘百盛鹏颂店,江西公司,南昌一战区,江西二区,南昌四办,关店,渠道店,加盟,商超,,,,,,,,,,1,
C14961,直属沃集鲜昆明配送中心店,重庆公司,贵阳战区,云贵省区,昆明办,正常营业,经销,直营,特殊渠道,,,,,,,,,,1,
C14962,直属沃集鲜上海配送中心店,浙江公司,上海战区,上海省区,上海一办,正常营业,经销,直营,特殊渠道,,,,,,,,,,1,
C14963,重庆璧山北服务区北区店,重庆公司,重庆战区,川渝省区,重庆办,正常营业,专卖店,加盟,高势能,,,,,,,,,,1,是
C14965,直属广西沃集鲜南宁配送中心,广东公司,南宁战区,广西省区,南宁办,正常营业,经销,直营,特殊渠道,,,,,,,,,,1,
C14966,山西太原徐沟七彩生活购物广场店,陕西公司,西安战区,,,,专柜店,加盟,,31848186,,,,,,,,,,
C14967,直属沃集鲜杭州配送中心店,浙江公司,杭州战区,浙江省区,杭州办,正常营业,经销,直营,特殊渠道,,,,,,,,,,1,
C14968,陕西吴起好又多店,陕西公司,西安战区,陕西省区,西安办,暂停营业,专卖店,加盟,综合体,,,,,,,,,,1,
C14970,贵州六盘水钟山阿点乐店,重庆公司,贵阳战区,云贵省区,贵阳办,正常营业,专卖店,加盟,街铺,32957503,1328087800,23540935.0,,,,,,,1,是
C14971,直属河南郑州沃集鲜配送中心店,陕西公司,郑州战区,河南省区,河南外阜办,正常营业,经销,直营,商超,,,,,,,,,,1,
C14974,爱零优鲜长沙南雅斯吾悦广场店,江西公司,长沙战区,湖南省区,长沙办,正常营业,经销,加盟,综合体,,,,,,,,,,1,
C14975,爱零优鲜雅斯宁乡吾悦广场店,江西公司,长沙战区,湖南省区,长沙办,正常营业,经销,加盟,综合体,,,,,,,,,,1,
C14976,爱零优鲜雅斯松雅湖吾悦广场店,江西公司,长沙战区,湖南省区,长沙办,正常营业,经销,加盟,综合体,,,,,,,,,,1,
C14977,大连瓦房店弘源购物广场店,陕西公司,沈阳战区,辽吉省区,大连办,关店,专卖店,加盟,综合体,,,,,,1024058469631309,,3006732390830380371,,1,是
C14978,福州闽投大厦店,江西公司,福州战区,福建省区,福州办,关店,专卖店,加盟,街铺,32392502,541586815,,,,1026211156129645,7615485192488093739,,,1,是
C14979, 上海虹桥火车站出发层店,浙江公司,上海战区,上海省区,上海一办,关店,专卖店,加盟,高势能,,,,,,,,,,1,
C14980,西安长安大学渭水源校区,陕西公司,西安战区,陕西省区,陕西外阜办,正常营业,专卖店,加盟,特殊渠道,,,,,,,,,,1,是
C14981,西安外事学院南校区,陕西公司,西安战区,陕西省区,陕西外阜办,正常营业,专卖店,加盟,特殊渠道,,,,,,,,,,1,是
C14986,云南昆明南站店,重庆公司,贵阳战区,云贵省区,昆明办,正常营业,专卖店,加盟,高势能,,,,,,,,,,1,是
C14988,南昌火车站彭子江花园店,江西公司,南昌一战区,江西一区,南昌二办,正常营业,专卖店,加盟,交通枢纽,33275100,,,,,1026206822485453,7630708873074051108,,,1,是
C14989,济南天拓商贸旅服店,浙江公司,青岛战区,山东省区,济南办,正常营业,经销,加盟,高势能,,,,,,,,,,1,
C14990,甘肃陇南蓝天莲湖广场店,陕西公司,西安战区,陕西省区,兰州办,正常营业,专卖店,加盟,综合体,33358896,543746015,,,,1029213273890300,7640094496353028142,,,1,是
C14991,南山蛇口工业七路店,广东公司,深圳战区,广东省区,宝安办,正常营业,专卖店,加盟,街铺,32248280,541566552,15160694.0,,,1023204180613233,6601157189069441038,3006743148463953188,,1,是
C14992,长沙好润佳快新食品方圆荟店,江西公司,长沙战区,湖南省区,长沙办,关店,专卖店,加盟,综合体,,,,,,,,,,1,
C14993,长沙温尔登快新食品洋湖天街店,江西公司,长沙战区,湖南省区,长沙办,暂停营业,专卖店,加盟,综合体,,,,,,,,,,1,
C14995,长沙温尔登快新食品观沙岭店,江西公司,长沙战区,湖南省区,长沙办,关店,专卖店,加盟,综合体,,,,,,,,,,1,
C14996,龙华观澜章阁店,广东公司,深圳战区,广东省区,宝安办,正常营业,专卖店,加盟,街铺,32721313,542855199,23104604.0,,,,7624732284561655854,,,1,是
C14998,温州瑞安林贾路店,浙江公司,杭州战区,福建省区,浙南办,正常营业,专卖店,加盟,街铺,32445247,540972624,23540937.0,,,1024922336082186,7621773011650676788,,,1,是
C14999,沈阳十一纬路光辉店,陕西公司,沈阳战区,辽吉省区,其他,关店,专卖店,加盟,街铺,5162924,163220140,15905508.0,6014203114849,269263,170014637,6696809528765204492,6724909544116489856,,1,是
C15001,直属贵阳白云中心地下商场店,重庆公司,贵阳战区,云贵省区,贵阳办,正常营业,专卖店,直营,街铺,32508356,541891976,23046138.0,,,1026210517296914,7625884254173399050,3006802164949131854,,1,是
C15002,直属印象城店,创新专项部,运营二组,江西名片战,江西名片战,正常营业,专卖店,直营,综合体,32571365,1338961689,23403352.0,,,1028783071244982,7625759812826957839,,,1,是
C15003,嘉兴市真真老老食品有限公司,广东公司,东莞战区,广东省区,东莞办,正常营业,经销,直营,特殊渠道,,,,,,,,,,1,
C15005,漳州动车站店,江西公司,厦门战区,福建省区,闽南办,关店,专卖店,加盟,高势能,,,,,,,,,,1,
C15006,北京物美超市大兴小优店,陕西公司,北京战区,京津冀省区,北京办,正常营业,经销,加盟,特殊渠道,,,,,,,,,,1,
C15007,直属郑州绿地360盒马店,陕西公司,郑州战区,河南省区,郑州办,正常营业,专卖店,直营,综合体,,,,,,,,,,1,是
C15008,直属郑州国贸360盒马店,陕西公司,郑州战区,河南省区,郑州办,正常营业,专卖店,直营,综合体,,,,,,,,,,1,是
C15009,直属南山科兴科学园店,创新专项部,运营二组,广东省区,宝安办,正常营业,专卖店,直营,街铺,33102213,543460630,,,,1026639764311739,7638820410410141706,,,1,是
C15010,珠海青茂口岸店,广东公司,广州战区,广东省区,中珠办,正常营业,专卖店,加盟,交通枢纽,32782314,1327932407,,,,1024063410099093,,,,1,是
C15011,绍兴新昌服务区南区,浙江公司,杭州战区,浙江省区,杭州办,关店,专卖店,加盟,交通枢纽,,,,,,,,,,1,是
C15012,直属沃集鲜上海配送店,浙江公司,上海战区,上海省区,上海一办,正常营业,经销,直营,特殊渠道,,,,,,,,,,1,
C15013,绍兴新昌服务区北区,浙江公司,杭州战区,浙江省区,杭州办,关店,专卖店,加盟,交通枢纽,,,,,,,,,,1,是
C15015,厦门湖里厦忠玺悦美宜佳,江西公司,厦门战区,福建省区,福州办,正常营业,专卖店,加盟,街铺,33363160,1337825108,,,,1022775372124247,,,,1,是
C15016,湖北武汉朴朴电子商务,江西公司,九江战区,湖北办,湖北办,正常营业,经销,加盟,特殊渠道,,,,,,,,,,1,
C15017,南山前海卓悦美宜佳店,广东公司,深圳战区,广东省区,宝安办,正常营业,专卖店,加盟,综合体,33527951,543751275,,,,,,,,1,是
C15018,泉州洛江马甲尾岭店,江西公司,厦门战区,福建省区,闽南办,正常营业,专卖店,加盟,街铺,20878676,542900834,15905461.0,,,1025776874616039,7632926414907377698,,,1,是
C15019,直属南山益田假日广场店,创新专项部,运营二组,广东省区,宝安办,正常营业,专卖店,直营,综合体,32957511,541833207,,,,1028783013457908,7622628459205888027,,,1,是
C15025,西安纺织城地铁站店,陕西公司,西安战区,陕西省区,陕西外阜办,正常营业,专卖店,加盟,交通枢纽,,,,,,,6824484619379902471,,,1,是
C15026,泉州水头中骏店,江西公司,厦门战区,福建省区,福州办,暂停营业,专卖店,加盟,综合体,,,,,,,,,,1,是
C15027,煌上煌（宜春润达鹏泰超市店）,江西公司,宜春战区,江西二区,宜春办,正常营业,专卖店,加盟,商超,,,,,,,,,,1,是
C15028,北京大兴物美小优店,陕西公司,北京战区,京津冀省区,北京办,正常营业,经销,加盟,特殊渠道,,,,,,,,,,1,
C15030,陕西科技大学店,陕西公司,西安战区,陕西省区,西安办,正常营业,专卖店,加盟,特殊渠道,,,,,,,,,,1,是
C15031,直属小象超市（川渝）店,重庆公司,重庆战区,川渝省区,重庆办,正常营业,经销,直营,特殊渠道,,,,,,,,,,1,
C15032,廊坊明珠超市永清广场店,陕西公司,北京战区,京津冀省区,北京办,正常营业,经销,加盟,特殊渠道,,,,,,,,,,1,
C15033,北京小优望京华堂店,陕西公司,北京战区,京津冀省区,北京办,待开业,经销,加盟,特殊渠道,,,,,,,,,,1,
C15035,呼市华润万家万达店,陕西公司,北京战区,京津冀省区,北京办,正常营业,经销,加盟,特殊渠道,,,,,,,,,,1,
C15037,直属昌大南号（大士院店）,创新专项部,运营一组,江西名片战,江西名片战,待开业,专卖店,直营,交通枢纽,,,,,,,,,,1,
C15038,廊坊明珠超市新开路店,陕西公司,北京战区,京津冀省区,北京办,正常营业,经销,加盟,特殊渠道,,,,,,,,,,1,
C15039,鹰潭市贵溪天虹店,江西公司,抚州战区,江西一区,鹰抚办,正常营业,专卖店,加盟,综合体,33291522,525300861,,,,1024071498132690,7646240417873070143,,,1,是
C15040,清远鹏润中环超市店,广东公司,广州战区,广东省区,广佛办,正常营业,专卖店,加盟,商超,,,,,,,,,,1,是
C15041,直属福州仓山万达店,江西公司,福州战区,福建省区,福州办,正常营业,专卖店,直营,综合体,3766460,160269559,16020071.0,,,844903075,6601194512993748996,3002660935392663010,2026030311077000000115154637|xiniu_xgc_bgc,1,未知
C15043,苏州平望服务区北区,浙江公司,苏州战区,江苏省区,南京办,正常营业,专卖店,加盟,交通枢纽,,,,,,,,,,1,是
C15045,怀化鹤城区步步高许昌品鲜店,江西公司,长沙战区,湖南省区,长沙办,正常营业,经销,加盟,综合体,,,,,,,,,,1,
C15046,娄底长青街步步高许昌品鲜店,江西公司,长沙战区,湖南省区,长沙办,正常营业,经销,加盟,综合体,,,,,,,,,,1,
C15047,直属广州朴朴电商,广东公司,广州战区,广东省区,广佛办,正常营业,经销,直营,特殊渠道,,,,,,,,,,1,
C15048,乐鲜装永辉天津滨海万达店,陕西公司,北京战区,京津冀省区,北京办,正常营业,经销,加盟,特殊渠道,,,,,,,,,,1,
C15049,乐鲜装永辉北京丰科万达店,陕西公司,北京战区,京津冀省区,北京办,正常营业,经销,加盟,特殊渠道,,,,,,,,,,1,
C15050,乐鲜装唐山新城吾悦店,陕西公司,北京战区,京津冀省区,北京办,正常营业,经销,加盟,特殊渠道,,,,,,,,,,1,
C15051,乐鲜装武清住总大光明中心店,陕西公司,北京战区,京津冀省区,北京办,正常营业,经销,加盟,特殊渠道,,,,,,,,,,1,
C15052,乐鲜装永辉北京朝阳百子湾路店,陕西公司,北京战区,京津冀省区,北京办,正常营业,经销,加盟,特殊渠道,,,,,,,,,,1,
C15053,龙岩市新罗区福家佳百货,江西公司,厦门战区,福建省区,闽南办,关店,专卖店,加盟,商超,,,,,,,,,,1,是
C15055,乐鲜装永辉北京房山印象城店,陕西公司,北京战区,京津冀省区,北京办,正常营业,经销,加盟,特殊渠道,,,,,,,,,,1,
C15056,乐鲜装永辉廊坊燕郊上上城店,陕西公司,北京战区,京津冀省区,北京办,正常营业,经销,加盟,特殊渠道,,,,,,,,,,1,
C15057,乐鲜装秦皇岛永辉茂业店,陕西公司,北京战区,京津冀省区,北京办,正常营业,经销,加盟,特殊渠道,,,,,,,,,,1,
C15058,乐鲜装永辉北京中骏世界城店,陕西公司,北京战区,京津冀省区,北京办,正常营业,经销,加盟,特殊渠道,,,,,,,,,,1,
C15059,乐鲜装永辉北京通州万达店,陕西公司,北京战区,京津冀省区,北京办,正常营业,经销,加盟,特殊渠道,,,,,,,,,,1,
C15060,乐鲜装天津永辉熙悦汇店,陕西公司,北京战区,京津冀省区,北京办,正常营业,经销,加盟,特殊渠道,,,,,,,,,,1,
C15061,乐鲜装永辉北京通州世界村店,陕西公司,北京战区,京津冀省区,北京办,正常营业,经销,加盟,特殊渠道,,,,,,,,,,1,
C15062,乐鲜装永辉北京鲁谷店,陕西公司,北京战区,京津冀省区,北京办,正常营业,经销,加盟,特殊渠道,,,,,,,,,,1,
C15063,乐鲜装永辉北京卧龙悦购店,陕西公司,北京战区,京津冀省区,北京办,正常营业,经销,加盟,特殊渠道,,,,,,,,,,1,
C15065,乐鲜装永辉北京大兴旧宫店,陕西公司,北京战区,京津冀省区,北京办,正常营业,经销,加盟,特殊渠道,,,,,,,,,,1,
C15066,乐鲜装永辉北京昌平温都水城店,陕西公司,北京战区,京津冀省区,北京办,正常营业,经销,加盟,特殊渠道,,,,,,,,,,1,
C15067,乐鲜装天津SM店,陕西公司,北京战区,京津冀省区,北京办,正常营业,经销,加盟,特殊渠道,,,,,,,,,,1,
C15068,乐鲜装秦皇岛永辉万达店,陕西公司,北京战区,京津冀省区,北京办,正常营业,经销,加盟,特殊渠道,,,,,,,,,,1,
C15069,乐鲜装永辉北京西铁营万达店,陕西公司,北京战区,京津冀省区,北京办,正常营业,经销,加盟,特殊渠道,,,,,,,,,,1,
C15070,乐鲜装永辉北京大兴康庄店,陕西公司,北京战区,京津冀省区,北京办,正常营业,经销,加盟,特殊渠道,,,,,,,,,,1,
C15071,乐鲜装永辉北京大兴凯德MALL店,陕西公司,北京战区,京津冀省区,北京办,正常营业,经销,加盟,特殊渠道,,,,,,,,,,1,
C15072,乐鲜装永辉北京喜隆多店,陕西公司,北京战区,京津冀省区,北京办,正常营业,经销,加盟,特殊渠道,,,,,,,,,,1,
C15073,乐鲜装永辉北京通州半壁店,陕西公司,北京战区,京津冀省区,北京办,正常营业,经销,加盟,特殊渠道,,,,,,,,,,1,
C15074,乐鲜装永辉北京槐房万达店,陕西公司,北京战区,京津冀省区,北京办,正常营业,经销,加盟,特殊渠道,,,,,,,,,,1,
C15075,乐鲜装永辉北京大兴瀛海店,陕西公司,北京战区,京津冀省区,北京办,正常营业,经销,加盟,特殊渠道,,,,,,,,,,1,
C15076,直属赣州万象城金街店,江西公司,赣州战区,江西一区,赣州办,正常营业,专卖店,直营,综合体,24420792,521520021,15968039.0,,,738380519,7398837664817874959,,2025112011077000000113707660|xiniu_xgc_bgc,1,未知
C15077,舟山服务区店,浙江公司,杭州战区,浙江省区,宁波办,正常营业,专卖店,加盟,交通枢纽,,,,,,,,,,1,是
C15078,台州温岭站店,浙江公司,杭州战区,浙江省区,宁波办,正常营业,专卖店,加盟,高势能,,,,,,,,,,1,是
C15079,直属深圳朴朴电商,广东公司,深圳战区,广东省区,广佛办,正常营业,经销,直营,特殊渠道,,,,,,,,,,1,
C15080,光明新湖羌下松园美宜佳店,广东公司,深圳战区,广东省区,宝安办,待开业,专卖店,加盟,街铺,,,,,,,,,,1,
C15081,海南儋州乐卖特店,广东公司,海口战区,海南办,海南办,关店,专卖店,加盟,商超,,,,,,,,,,1,
C15092,梧州南站负一楼,广东公司,南宁战区,广西省区,南宁办,正常营业,专卖店,加盟,高势能,,,,,,,,,,1,是
C15093,山东莒县服务区北区店,浙江公司,青岛战区,山东省区,济南办,正常营业,专卖店,加盟,交通枢纽,,,,,,,,,,1,是
C15096,莒县服务区南区店,浙江公司,青岛战区,山东省区,济南办,正常营业,专卖店,加盟,交通枢纽,,,,,,,,,,1,是
C15098,直属贵阳乌当正德家邦店,重庆公司,贵阳战区,云贵省区,贵阳办,关店,专卖店,直营,街铺,,,,,,,,,,1,
C15100,山西河津华兴路店,陕西公司,西安战区,山西办,山西办,正常营业,专卖店,加盟,街铺,1347232906,1347232906,,,,1024071207428364,7647137907332892724,,,1,是
C15101,直属美团买菜（广州）,广东公司,广州战区,广东省区,广佛办,正常营业,经销,直营,特殊渠道,,,,,,,,,,1,
C15102,直属美团买菜（深圳）,广东公司,深圳战区,广东省区,龙岗办,正常营业,经销,直营,特殊渠道,,,,,,,,,,1,
C15103,直属上海叮咚买菜松江涞坊仓,浙江公司,上海战区,上海省区,上海一办,正常营业,经销,直营,特殊渠道,,,,,,,,,,1,
C15105,直属上海叮咚买菜松江叶发仓,浙江公司,上海战区,上海省区,上海一办,正常营业,经销,直营,特殊渠道,,,,,,,,,,1,
C15111,海口江东天地店,广东公司,海口战区,海南办,海南办,待开业,专卖店,加盟,街铺,,,,,,,,,,1,
C15112,深圳罗湖站候车室店,广东公司,深圳战区,广东省区,宝安办,正常营业,专卖店,加盟,高势能,,,,,,,,,,1,是
C15113,福建永辉到家店,江西公司,福州战区,福建省区,福州办,正常营业,经销,加盟,特殊渠道,,,,,,,,,,1,
C15115,直属西安小象店,陕西公司,西安战区,陕西省区,陕西外阜办,正常营业,经销,直营,特殊渠道,,,,,,,,,,1,
C15116,直属北京小象超市店,陕西公司,北京战区,京津冀省区,北京办,正常营业,经销,直营,特殊渠道,,,,,,,,,,1,
C15117,直属株洲株百百货总部店,江西公司,长沙战区,湖南省区,株洲办,正常营业,经销,直营,商超,,,,,,,,,,1,
C15118,直属株洲株百天元店,江西公司,长沙战区,湖南省区,株洲办,正常营业,经销,直营,综合体,,,,,,,,,,1,
C15120,中山火炬服务区南区店,广东公司,广州战区,广东省区,中珠办,正常营业,专卖店,加盟,交通枢纽,,,,,,,,,,1,是
C15121,中山火炬服务区北区店,广东公司,广州战区,广东省区,中珠办,正常营业,专卖店,加盟,交通枢纽,,,,,,,,,,1,是
C15122,叮咚买菜（直属）,广东公司,深圳战区,广东省区,龙岗办,正常营业,经销,直营,特殊渠道,,,,,,,,,,1,
C15123,直属上海小象超市店,浙江公司,上海战区,上海省区,上海一办,正常营业,经销,直营,特殊渠道,,,,,,,,,,1,
C15125,海口荣山寮店,广东公司,海口战区,海南办,海南办,正常营业,专卖店,加盟,特殊渠道,,,,,,,,,,1,是
C15126,南昌经开文体中心,江西公司,南昌一战区,江西二区,南昌四办,暂停营业,专卖店,加盟,商超,,,,,,,,,,1,是
C15128,九江修水江山印店,江西公司,九江战区,江西二区,九江办,正常营业,专卖店,加盟,街铺,,,,,,,,,,1,是
C15129,南昌象湖一附院食堂（浙江灵峰餐饮集团有限公司）,江西公司,南昌一战区,江西二区,南昌四办,正常营业,专卖店,加盟,街铺,,,,,,,,,,1,是
C15130,赣州兴国翡翠广场店,江西公司,赣州战区,江西一区,赣州办,正常营业,专卖店,加盟,综合体,,,,,,,,,,1,是
C15131,上饶广信亿豪星城店,江西公司,抚州战区,江西二区,上饶办,正常营业,专卖店,加盟,街铺,33913090,543742235,,,,1024067809316371,7647848384333613099,,,1,是
C15132,直属河南郑州二七万达盒马店,陕西公司,郑州战区,河南省区,河南外阜办,待开业,专卖店,直营,商超,,,,,,,,,,1,
C15133,鹰抚抚州清华门店,江西公司,抚州战区,江西一区,鹰抚办,正常营业,专卖店,加盟,街铺,33627123,541814448,,,,,7654553127480297487,,,1,是
C15137,直属昌大南号（带子街店）,创新专项部,运营一组,江西名片战,江西名片战,待开业,专卖店,直营,特殊渠道,,,,,,,,,,1,
C15139,直属小象超市长沙RDC生鲜1号仓,江西公司,长沙战区,湖南省区,长沙办,正常营业,经销,直营,特殊渠道,,,,,,,,,,1,
C15157,宝安上南美联购物中心店,广东公司,深圳战区,广东省区,宝安办,正常营业,专卖店,加盟,街铺,,,,,,,,,,1,是
C15158,沈阳六合市场店,陕西公司,沈阳战区,辽吉省区,沈阳办,正常营业,专卖店,加盟,街铺,,,,,,,,,,1,是
C15159,濮阳五一路百姓量贩店,陕西公司,郑州战区,河南省区,河南外阜办,正常营业,专卖店,加盟,商超,34009025,545090110,,,,,,,,1,是
C15162,厦门同安西柯阳光城店,江西公司,厦门战区,福建省区,福州办,正常营业,专卖店,加盟,街铺,,,,,,,,,,1,是
C15163,菏泽佳和城购物超内店,浙江公司,青岛战区,山东省区,济南办,正常营业,专卖店,加盟,商超,,,,,,,,,,1,是
C15166,九江永修云居山镇店,江西公司,九江战区,江西二区,九江办,待开业,专卖店,加盟,街铺,,,,,,,,,,1,
C15171,待建账号,广东公司,深圳战区,广东省区,宝安办,正常营业,,加盟,,,,,,,,,,,1,
C15175,福建立兴食品有限公司,江西公司,厦门战区,福建省区,福州办,正常营业,经销,加盟,特殊渠道,,,,,,,,,,1,
C15178,日照服务区西区店,浙江公司,青岛战区,山东省区,青岛办,待开业,专卖店,加盟,交通枢纽,,,,,,,,,,1,
C15181,厦门思明后江埭路店,江西公司,厦门战区,福建省区,福州办,待开业,专卖店,加盟,街铺,,,,,,,,,,1,
C15182,衢州灵溪服务区西区店,浙江公司,杭州战区,浙江省区,金衢办,待开业,专卖店,加盟,交通枢纽,,,,,,,,,,1,
C15183,衢州灵溪服务区东区店,浙江公司,杭州战区,浙江省区,金衢办,待开业,专卖店,加盟,交通枢纽,,,,,,,,,,1,
C15184,鹰抚余江金怡广场店,江西公司,抚州战区,江西一区,鹰抚办,正常营业,专卖店,加盟,街铺,33738020,,,,,,,,,1,是
